employee_id,employee_name,department,job_level,region,tenure_months,engagement_score,risk_score,risk_band,top_reason
20,Alison Bradshaw,Customer Support,Associate,North America,18.8,79.7,0.214,Low,early tenure
235,Sharon Erickson,Customer Support,Associate,EMEA,6.8,97.7,0.257,Low,early tenure
468,Carlos Reynolds,Customer Support,Associate,EMEA,13.3,81.8,0.1792,Low,early tenure
563,Paul Grant,Customer Support,Associate,APAC,6.0,63.3,0.539,Medium,early tenure
732,Ryan Richardson,Customer Support,Associate,APAC,8.2,87.9,0.5305,Medium,early tenure
806,Leslie Jackson,Customer Support,Associate,North America,5.6,67.8,0.5461,Medium,early tenure
927,Devin Daugherty,Customer Support,Associate,APAC,10.4,73.4,0.5136,Medium,early tenure
1053,Edward Brown,Customer Support,Associate,North America,2.7,51.9,0.4528,Low,early tenure
1141,Dr. Tiffany Odonnell,Customer Support,Associate,Latin America,11.3,89.8,0.2211,Low,early tenure
1179,Sheila Baker,Customer Support,Associate,APAC,23.3,98.0,0.179,Low,paid below market
1238,Julie Rosario,Customer Support,Associate,North America,17.4,71.9,0.2325,Low,early tenure
1386,Robin Arias MD,Customer Support,Associate,North America,8.9,99.8,0.2151,Low,early tenure
1606,Jessica Perez,Customer Support,Associate,North America,23.5,55.4,0.3156,Low,low engagement
1613,Jim Gomez,Customer Support,Associate,North America,22.6,78.3,0.2781,Low,performance rating
1697,Patrick Pratt,Customer Support,Associate,APAC,8.8,74.6,0.5149,Medium,early tenure
1955,John Thompson,Customer Support,Associate,North America,2.7,90.6,0.4726,Medium,early tenure
1997,Alexander Velez,Customer Support,Associate,APAC,6.4,70.0,0.4197,Low,early tenure
2157,Michael Hoffman,Customer Support,Associate,North America,7.9,82.9,0.5941,Medium,early tenure
2280,Mark Green,Customer Support,Associate,APAC,5.5,84.9,0.6407,High,early tenure
2572,Bradley Phillips,Customer Support,Associate,EMEA,17.0,77.6,0.3804,Low,paid below level peers
2575,Dr. Matthew Wilson,Customer Support,Associate,EMEA,15.5,63.6,0.4083,Low,early tenure
163,Jessica Armstrong,Customer Support,Analyst,North America,6.7,82.8,0.4889,Medium,early tenure
180,April Gonzalez,Customer Support,Analyst,APAC,5.2,98.0,0.56,Medium,early tenure
322,Andrea Harris,Customer Support,Analyst,North America,25.4,72.6,0.4707,Medium,overdue for promotion
569,Samantha Williams,Customer Support,Analyst,North America,18.1,81.0,0.3499,Low,early tenure
593,Daniel Wilson,Customer Support,Analyst,North America,31.5,90.2,0.2216,Low,overdue for promotion
597,Devon Roach,Customer Support,Analyst,APAC,20.1,100.0,0.2141,Low,early tenure
620,Teresa Barnes,Customer Support,Analyst,APAC,25.4,73.6,0.2285,Low,region
658,Jason Fisher,Customer Support,Analyst,North America,8.9,89.7,0.375,Low,early tenure
775,Ms. Jennifer Terry,Customer Support,Analyst,EMEA,31.1,68.4,0.1539,Low,performance rating
810,Michael Gallagher,Customer Support,Analyst,North America,7.4,79.4,0.3747,Low,early tenure
859,Jordan Rogers,Customer Support,Analyst,Latin America,11.2,50.7,0.5795,Medium,early tenure
993,Taylor Jackson,Customer Support,Analyst,APAC,6.5,41.3,0.6055,Medium,early tenure
1026,Douglas Johnson,Customer Support,Analyst,Latin America,34.1,38.1,0.253,Low,low engagement
1120,Amber Clark,Customer Support,Analyst,North America,27.9,73.6,0.2609,Low,overdue for promotion
1134,Stephen Salinas,Customer Support,Analyst,North America,35.2,73.9,0.1482,Low,paid below market
1263,Haley Hale,Customer Support,Analyst,EMEA,33.1,67.2,0.3344,Low,overdue for promotion
1332,James Clark,Customer Support,Analyst,North America,28.9,79.5,0.1959,Low,paid below level peers
1366,Stephen Branch,Customer Support,Analyst,EMEA,21.3,76.3,0.2049,Low,early tenure
1418,Brittany Hughes,Customer Support,Analyst,APAC,2.7,94.1,0.3894,Low,early tenure
1473,Donna Shaw,Customer Support,Analyst,APAC,6.1,75.8,0.5204,Medium,early tenure
1504,Ryan Alvarez,Customer Support,Analyst,North America,16.9,54.5,0.5126,Medium,early tenure
1662,Michael Hall,Customer Support,Analyst,North America,22.8,42.2,0.3327,Low,low engagement
2189,Vicki Cook,Customer Support,Analyst,North America,36.8,51.8,0.1967,Low,paid below level peers
2262,Terry Case,Customer Support,Analyst,North America,17.7,81.7,0.579,Medium,paid below level peers
2287,Natalie Gilbert,Customer Support,Analyst,APAC,16.8,53.2,0.4349,Low,paid below market
2322,Lori Little,Customer Support,Analyst,EMEA,11.0,97.6,0.2708,Low,early tenure
2394,Tyler Barrera,Customer Support,Analyst,North America,23.4,74.5,0.2485,Low,paid below market
2441,Samantha Andrews,Customer Support,Analyst,North America,34.1,76.1,0.2382,Low,paid below level peers
2487,Michael Wilson,Customer Support,Analyst,North America,33.7,60.6,0.2906,Low,overdue for promotion
2679,Mrs. Jessica Rice,Customer Support,Analyst,North America,6.8,59.9,0.6276,Medium,early tenure
2716,Carrie Roberts,Customer Support,Analyst,APAC,23.1,70.8,0.4743,Medium,overdue for promotion
27,Corey Porter,Customer Support,Specialist,Latin America,7.3,100.0,0.3504,Low,early tenure
121,Michael Reyes,Customer Support,Senior Analyst,North America,16.5,47.4,0.7122,High,early tenure
173,Michael Howell,Customer Support,Senior Analyst,North America,18.6,96.6,0.2101,Low,early tenure
285,Jamie Butler,Customer Support,Senior Analyst,EMEA,24.1,84.9,0.1878,Low,paid below market
435,Timothy Rodriguez,Customer Support,Senior Analyst,North America,11.5,100.0,0.4363,Low,early tenure
501,Spencer Keith,Customer Support,Senior Analyst,North America,38.3,82.9,0.1427,Low,paid below level peers
512,Shawn Norman,Customer Support,Specialist,EMEA,8.4,56.3,0.6005,Medium,early tenure
562,Sharon Pope,Customer Support,Senior Analyst,APAC,46.6,71.9,0.0958,Low,paid below level peers
581,Joshua Rivera,Customer Support,Senior Analyst,APAC,37.8,97.4,0.2457,Low,paid below level peers
872,Abigail Coffey,Customer Support,Specialist,North America,8.2,89.3,0.4172,Low,early tenure
929,Samuel Brown,Customer Support,Senior Analyst,EMEA,37.5,63.6,0.1499,Low,paid below market
973,Andrea Montgomery,Customer Support,Senior Analyst,APAC,13.3,90.9,0.4448,Low,early tenure
1020,Richard Sanders,Customer Support,Senior Analyst,EMEA,49.1,80.7,0.0944,Low,overdue for promotion
1048,Debbie Contreras,Customer Support,Senior Analyst,North America,34.0,64.2,0.1869,Low,low engagement
1064,Erin Lucas DDS,Customer Support,Senior Analyst,APAC,32.1,74.4,0.1615,Low,paid below market
1071,Samuel Whitehead,Customer Support,Senior Analyst,Latin America,30.7,70.1,0.2353,Low,overdue for promotion
1114,Elizabeth Grant,Customer Support,Specialist,North America,49.6,69.9,0.056,Low,paid below market
1193,Jacob Hall,Customer Support,Specialist,North America,10.7,56.2,0.5536,Medium,early tenure
1393,Gloria Taylor,Customer Support,Specialist,EMEA,19.6,100.0,0.3741,Low,performance rating
1430,William Howard,Customer Support,Senior Analyst,North America,35.0,89.6,0.1286,Low,overdue for promotion
1490,Sarah Smith,Customer Support,Senior Analyst,EMEA,12.9,89.8,0.4239,Low,early tenure
1524,Paula Buck,Customer Support,Specialist,EMEA,49.7,79.4,0.073,Low,paid below level peers
1619,Richard Wyatt,Customer Support,Senior Analyst,North America,33.3,81.1,0.107,Low,paid below market
1784,Amanda Evans,Customer Support,Senior Analyst,APAC,44.8,64.6,0.321,Low,overdue for promotion
1891,Lori Thompson,Customer Support,Specialist,North America,49.4,50.8,0.1574,Low,overdue for promotion
1932,Gary Massey,Customer Support,Specialist,North America,41.6,74.7,0.1142,Low,paid below level peers
1975,Michael Gonzalez,Customer Support,Specialist,APAC,47.2,93.7,0.0721,Low,paid below level peers
2082,Carol Jordan,Customer Support,Specialist,North America,17.7,85.2,0.3964,Low,paid below level peers
2118,Marie Diaz,Customer Support,Senior Analyst,EMEA,40.2,61.6,0.0884,Low,paid below market
2129,Jeremy Black,Customer Support,Senior Analyst,North America,12.0,75.6,0.5464,Medium,early tenure
2145,Ashley Martinez,Customer Support,Senior Analyst,APAC,9.4,70.8,0.6434,High,early tenure
2167,Stephanie Martin,Customer Support,Specialist,EMEA,3.7,75.2,0.4995,Medium,early tenure
2174,Curtis Scott,Customer Support,Specialist,North America,46.1,62.0,0.1488,Low,performance rating
2185,Kyle Frey,Customer Support,Senior Analyst,EMEA,49.4,53.9,0.0655,Low,low engagement
2248,Jason Mcclure,Customer Support,Specialist,APAC,26.1,84.4,0.3441,Low,overdue for promotion
2330,Elizabeth Weaver,Customer Support,Senior Analyst,APAC,38.4,83.2,0.3023,Low,paid below level peers
2369,Marco Allen,Customer Support,Senior Analyst,EMEA,41.3,68.9,0.1245,Low,long commute
2393,Christian Ellis,Customer Support,Specialist,North America,3.7,36.2,0.6846,High,early tenure
2688,Samuel Anderson,Customer Support,Specialist,EMEA,30.5,99.6,0.323,Low,overdue for promotion
2697,Jack Jimenez DVM,Customer Support,Senior Analyst,APAC,24.4,72.1,0.3017,Low,region
2700,Adrienne Johnson,Customer Support,Specialist,APAC,29.3,73.4,0.3286,Low,paid below level peers
2769,David Hayes,Customer Support,Specialist,APAC,27.2,50.1,0.4261,Low,low engagement
2797,Mary Cruz,Customer Support,Specialist,EMEA,45.6,62.0,0.2425,Low,overdue for promotion
601,Michelle Reeves,Customer Support,Senior Specialist,APAC,37.2,82.3,0.3777,Low,overdue for promotion
766,Lori Goodwin,Customer Support,Senior Specialist,North America,19.0,88.2,0.5425,Medium,paid below level peers
964,Sarah Mckee,Customer Support,Senior Specialist,North America,36.3,30.5,0.315,Low,low engagement
990,John Patel,Customer Support,Senior Specialist,North America,5.2,90.2,0.6051,Medium,early tenure
1108,Amy Espinoza,Customer Support,Senior Specialist,APAC,1.0,78.4,0.7644,High,early tenure
1127,Bryan Rodgers,Customer Support,Senior Specialist,Latin America,17.4,73.6,0.2567,Low,early tenure
1190,Carrie Allen,Customer Support,Senior Specialist,APAC,52.2,60.7,0.1265,Low,overdue for promotion
1200,David Garcia,Customer Support,Senior Specialist,APAC,15.0,72.2,0.4887,Medium,early tenure
1374,Caitlin Acosta,Customer Support,Senior Specialist,EMEA,53.7,81.8,0.0402,Low,paid below market
1465,Donna Escobar,Customer Support,Senior Specialist,North America,2.8,95.9,0.4694,Medium,early tenure
1517,Terrence Huerta,Customer Support,Senior Specialist,APAC,11.6,58.5,0.634,Medium,early tenure
1607,Stacey Phillips MD,Customer Support,Senior Specialist,North America,37.9,60.9,0.2913,Low,paid below level peers
1643,Bradley Richmond,Customer Support,Senior Specialist,EMEA,58.7,84.2,0.0191,Low,seniority level
1913,Jessica Navarro,Customer Support,Senior Specialist,North America,3.4,73.7,0.6165,Medium,early tenure
1920,Margaret Moore,Customer Support,Senior Specialist,EMEA,17.8,65.3,0.4831,Medium,early tenure
2046,Samuel Burns,Customer Support,Senior Specialist,APAC,18.4,76.5,0.3303,Low,paid below level peers
2101,Tony Singh,Customer Support,Senior Specialist,North America,55.1,64.0,0.051,Low,seniority level
2165,Theresa Lopez,Customer Support,Senior Specialist,EMEA,46.6,84.6,0.0738,Low,paid below level peers
2299,Mr. Nicholas Diaz,Customer Support,Senior Specialist,North America,26.7,87.1,0.3218,Low,overdue for promotion
2339,Jessica Miller,Customer Support,Senior Specialist,EMEA,45.6,62.6,0.1433,Low,performance rating
2495,Scott Robinson,Customer Support,Senior Specialist,APAC,44.3,97.8,0.0796,Low,region
196,Justin Contreras,Customer Support,Lead,North America,63.7,48.0,0.0764,Low,seniority level
357,Pedro Wilson,Customer Support,Lead,North America,72.8,57.7,0.0486,Low,performance rating
514,Teresa Lopez,Customer Support,Lead,APAC,4.7,47.8,0.7969,High,early tenure
642,Amy Johnson,Customer Support,Lead,APAC,16.3,89.1,0.4838,Medium,early tenure
701,Paul Jefferson,Customer Support,Lead,APAC,32.7,100.0,0.2337,Low,paid below market
833,Stacy Snyder,Customer Support,Lead,EMEA,6.5,72.5,0.6579,High,early tenure
982,Allen Lee,Customer Support,Lead,APAC,40.5,82.9,0.2188,Low,seniority level
1350,Lawrence David,Customer Support,Lead,North America,10.2,100.0,0.4742,Medium,early tenure
1375,Marie West,Customer Support,Lead,North America,1.5,76.7,0.8151,High,early tenure
1414,Christopher Foster,Customer Support,Lead,North America,74.0,55.4,0.0323,Low,seniority level
1419,Bethany Payne,Customer Support,Lead,North America,52.7,84.8,0.0609,Low,paid below market
1545,Richard Hammond,Customer Support,Lead,North America,68.4,97.1,0.012,Low,paid below market
1559,John Thomas,Customer Support,Lead,APAC,38.1,88.6,0.1291,Low,seniority level
2002,Diane Crawford,Customer Support,Lead,North America,8.4,91.5,0.4623,Medium,early tenure
2040,Carrie Ruiz,Customer Support,Lead,North America,72.0,82.8,0.0175,Low,paid below market
2356,Christopher Davis,Customer Support,Lead,North America,56.9,88.4,0.0408,Low,paid below market
2402,Denise Hernandez,Customer Support,Lead,North America,19.8,68.2,0.6049,Medium,paid below level peers
2524,Cynthia James,Customer Support,Lead,APAC,53.6,66.2,0.0772,Low,paid below market
15,James Perry,Customer Support,Manager,North America,48.9,79.7,0.1214,Low,paid below level peers
201,Andrew Davis,Customer Support,Manager,North America,1.9,91.3,0.6411,High,early tenure
406,Cody Sullivan,Customer Support,Manager,APAC,20.4,67.2,0.696,High,seniority level
533,Brandon Cox,Customer Support,Manager,APAC,72.2,45.2,0.0501,Low,seniority level
656,Brandy Juarez,Customer Support,Manager,North America,74.7,65.5,0.0404,Low,seniority level
725,Robin Richardson,Customer Support,Manager,North America,58.4,57.7,0.0795,Low,seniority level
865,Scott Russell,Customer Support,Manager,APAC,39.6,65.4,0.1579,Low,seniority level
1718,Jonathan Gonzalez,Customer Support,Manager,North America,60.8,53.4,0.134,Low,overdue for promotion
1750,Tiffany Gonzalez,Customer Support,Manager,APAC,74.4,74.6,0.0312,Low,paid below level peers
1807,Craig Richardson,Customer Support,Manager,APAC,78.0,74.8,0.035,Low,seniority level
2095,Sarah Byrd,Customer Support,Manager,EMEA,46.6,87.7,0.2452,Low,overdue for promotion
2221,Richard Carter,Customer Support,Manager,EMEA,31.1,46.8,0.4351,Low,seniority level
2405,Mary Scott,Customer Support,Manager,EMEA,27.4,73.9,0.398,Low,paid below level peers
2546,Katherine Johnson,Customer Support,Manager,North America,34.3,90.3,0.2747,Low,seniority level
113,William Hernandez,Customer Support,Senior Manager,North America,12.8,89.6,0.577,Medium,early tenure
186,David Leonard,Customer Support,Senior Manager,APAC,41.0,47.0,0.2687,Low,seniority level
887,Brian Morgan,Customer Support,Senior Manager,APAC,33.8,70.6,0.414,Low,seniority level
901,Robert Johnson,Customer Support,Senior Manager,North America,17.0,60.4,0.6664,High,seniority level
1106,Peter Stafford,Customer Support,Senior Manager,APAC,89.5,94.9,0.0079,Low,seniority level
1390,Alyssa Pugh,Customer Support,Senior Manager,North America,36.2,79.7,0.3128,Low,seniority level
1987,Heather Schmitt,Customer Support,Senior Manager,EMEA,36.8,51.3,0.4236,Low,seniority level
2006,Julia Ingram,Customer Support,Senior Manager,Latin America,75.8,54.7,0.0401,Low,seniority level
2282,Lisa Clark,Customer Support,Senior Manager,APAC,16.5,91.4,0.5536,Medium,seniority level
2696,James Munoz MD,Customer Support,Senior Manager,North America,52.4,68.3,0.0991,Low,seniority level
1449,Shaun Compton,Customer Support,Director,North America,45.6,85.1,0.1417,Low,seniority level
7,Ricky Hart,Data & Analytics,Associate,EMEA,16.2,65.2,0.2506,Low,early tenure
258,Kathleen Brown,Data & Analytics,Associate,APAC,10.2,74.7,0.4814,Medium,early tenure
383,Paula Smith,Data & Analytics,Associate,Latin America,4.4,82.2,0.4271,Low,early tenure
485,Jonathan Taylor,Data & Analytics,Associate,APAC,4.5,63.4,0.6312,Medium,early tenure
634,Matthew Rios,Data & Analytics,Associate,North America,13.7,64.2,0.4225,Low,early tenure
783,Chad Castro,Data & Analytics,Associate,EMEA,19.3,89.0,0.2996,Low,early tenure
1055,Steven Anderson,Data & Analytics,Associate,APAC,2.4,85.3,0.3905,Low,early tenure
1121,Peter Bryan,Data & Analytics,Associate,North America,10.3,81.4,0.5076,Medium,early tenure
1265,Joanne Evans,Data & Analytics,Associate,EMEA,5.3,61.7,0.4888,Medium,early tenure
1278,Christopher Schmidt,Data & Analytics,Associate,APAC,21.2,66.3,0.4126,Low,paid below market
1598,Nathan Coleman,Data & Analytics,Associate,APAC,21.7,76.4,0.2605,Low,paid below level peers
1664,Donna Richard,Data & Analytics,Associate,North America,16.3,77.5,0.4394,Low,early tenure
1727,Penny Travis,Data & Analytics,Associate,EMEA,18.2,63.3,0.4469,Low,early tenure
1839,Ian Robbins,Data & Analytics,Associate,Latin America,19.3,83.5,0.3589,Low,early tenure
1861,Ellen Watson,Data & Analytics,Associate,APAC,4.0,67.1,0.6928,High,early tenure
1886,Kimberly Lyons,Data & Analytics,Associate,APAC,19.3,64.9,0.2402,Low,paid below market
2220,Jessica Griffith,Data & Analytics,Associate,North America,11.0,60.2,0.4833,Medium,early tenure
2435,Connie Smith,Data & Analytics,Associate,APAC,3.8,91.1,0.3608,Low,early tenure
2448,Christopher Brock,Data & Analytics,Associate,Latin America,12.2,71.4,0.3054,Low,early tenure
2600,Jennifer Walsh,Data & Analytics,Associate,North America,6.1,92.1,0.4799,Medium,early tenure
2664,Kim Moyer,Data & Analytics,Associate,North America,10.3,63.4,0.4413,Low,early tenure
56,Matthew Moss,Data & Analytics,Analyst,North America,6.9,88.6,0.5102,Medium,early tenure
158,Devin Schultz,Data & Analytics,Analyst,Latin America,32.2,67.9,0.2008,Low,performance rating
205,William Bean,Data & Analytics,Analyst,APAC,13.8,71.2,0.7408,High,early tenure
239,Tiffany Brown,Data & Analytics,Analyst,APAC,27.7,56.3,0.2319,Low,region
248,Joel Williams,Data & Analytics,Analyst,Latin America,6.7,71.3,0.5979,Medium,early tenure
344,Antonio Romero,Data & Analytics,Analyst,APAC,5.0,69.1,0.6688,High,early tenure
491,Randy Schmitt,Data & Analytics,Analyst,EMEA,35.5,76.5,0.0534,Low,paid below market
497,Joe Franklin,Data & Analytics,Analyst,APAC,23.8,56.5,0.4186,Low,region
767,David Graham,Data & Analytics,Analyst,North America,8.8,48.0,0.71,High,early tenure
836,Terry Moore,Data & Analytics,Analyst,APAC,24.9,48.5,0.5765,Medium,paid below level peers
909,Austin Miller,Data & Analytics,Analyst,North America,29.9,83.1,0.1923,Low,high overtime
1070,Ricardo Carpenter,Data & Analytics,Analyst,APAC,21.0,44.1,0.5186,Medium,long commute
1094,Stephanie Wilson,Data & Analytics,Analyst,APAC,5.4,66.0,0.5721,Medium,early tenure
1153,Lisa Gates,Data & Analytics,Analyst,APAC,18.4,80.6,0.5027,Medium,early tenure
1240,Darryl Peterson,Data & Analytics,Analyst,EMEA,24.4,58.6,0.3353,Low,paid below level peers
1256,Jonathan Ray,Data & Analytics,Analyst,North America,32.7,81.8,0.3272,Low,overdue for promotion
1526,Ryan Sandoval,Data & Analytics,Analyst,APAC,18.5,70.3,0.4577,Low,early tenure
1543,Mr. Joshua Brown,Data & Analytics,Analyst,North America,13.6,67.8,0.601,Medium,early tenure
1624,Vanessa Conley,Data & Analytics,Analyst,APAC,1.0,74.6,0.6247,Medium,early tenure
1637,Rebecca Moore,Data & Analytics,Analyst,APAC,21.0,41.2,0.6612,High,low engagement
1666,Juan Becker,Data & Analytics,Analyst,APAC,6.3,81.9,0.5459,Medium,early tenure
1776,Haley Delgado,Data & Analytics,Analyst,North America,25.3,83.6,0.1612,Low,paid below market
1797,Eric Kemp,Data & Analytics,Analyst,APAC,29.4,78.0,0.3038,Low,paid below level peers
1896,Kristine Kelly,Data & Analytics,Analyst,North America,32.9,65.1,0.229,Low,paid below level peers
1905,Leonard Martin,Data & Analytics,Analyst,APAC,15.4,87.3,0.5438,Medium,early tenure
1979,Kevin Scott MD,Data & Analytics,Analyst,APAC,2.4,70.2,0.5781,Medium,early tenure
2007,Lisa Casey,Data & Analytics,Analyst,North America,10.3,88.5,0.5473,Medium,paid below level peers
2034,Betty Serrano,Data & Analytics,Analyst,APAC,20.1,89.0,0.2571,Low,paid below market
2069,Cassandra Orr,Data & Analytics,Analyst,EMEA,7.5,48.8,0.5462,Medium,early tenure
2072,Jill Wallace,Data & Analytics,Analyst,APAC,14.4,64.6,0.6519,High,early tenure
2290,Antonio Ross,Data & Analytics,Analyst,EMEA,31.5,57.8,0.2726,Low,performance rating
2348,Sandra Cowan,Data & Analytics,Analyst,APAC,11.1,95.3,0.5641,Medium,early tenure
2355,Adam Kim,Data & Analytics,Analyst,EMEA,32.9,61.3,0.2728,Low,overdue for promotion
2792,David Alexander,Data & Analytics,Analyst,North America,14.0,52.3,0.6647,High,early tenure
177,James Greene,Data & Analytics,Senior Analyst,EMEA,21.2,97.4,0.448,Low,performance rating
210,Zachary Thomas,Data & Analytics,Senior Analyst,APAC,13.7,100.0,0.4537,Low,early tenure
217,Mary Mckinney,Data & Analytics,Senior Analyst,APAC,19.8,100.0,0.4058,Low,performance rating
247,Sarah Page,Data & Analytics,Senior Analyst,North America,34.8,80.9,0.1598,Low,paid below market
261,Joanne Wheeler,Data & Analytics,Specialist,APAC,47.6,75.5,0.1224,Low,paid below level peers
522,Ashley Harrison,Data & Analytics,Specialist,North America,25.7,71.0,0.5,Medium,overdue for promotion
614,Andrea Skinner,Data & Analytics,Specialist,North America,49.6,50.3,0.0979,Low,paid below market
651,Sarah Weeks,Data & Analytics,Specialist,EMEA,29.5,72.9,0.2041,Low,paid below level peers
664,Joseph Anderson,Data & Analytics,Specialist,North America,22.5,55.7,0.4552,Low,low engagement
704,Casey Caldwell,Data & Analytics,Senior Analyst,North America,10.2,54.6,0.599,Medium,early tenure
741,Ashley Little,Data & Analytics,Specialist,EMEA,39.5,79.4,0.1384,Low,paid below market
759,Danny Turner,Data & Analytics,Senior Analyst,North America,26.6,73.5,0.5227,Medium,paid below level peers
989,Justin Moore,Data & Analytics,Specialist,North America,18.0,90.9,0.6038,Medium,early tenure
1014,Jason Allen,Data & Analytics,Senior Analyst,North America,41.3,64.9,0.2082,Low,paid below market
1034,Julie Cox,Data & Analytics,Senior Analyst,North America,18.7,65.4,0.3861,Low,early tenure
1089,Herbert Spencer,Data & Analytics,Senior Analyst,APAC,42.4,52.1,0.238,Low,region
1205,Joshua Walker,Data & Analytics,Senior Analyst,North America,32.4,76.6,0.2683,Low,overdue for promotion
1206,Kelly Fitzgerald,Data & Analytics,Senior Analyst,North America,15.1,62.7,0.5445,Medium,early tenure
1258,Anthony Shea,Data & Analytics,Specialist,Latin America,1.6,65.2,0.7331,High,early tenure
1467,Emily Martinez,Data & Analytics,Specialist,North America,44.2,82.6,0.1165,Low,paid below level peers
1541,Elizabeth Perez,Data & Analytics,Specialist,EMEA,21.6,70.7,0.3167,Low,paid below market
1602,Austin Cook,Data & Analytics,Specialist,APAC,37.8,98.0,0.1225,Low,region
1609,Darrell Williamson,Data & Analytics,Senior Analyst,APAC,49.2,63.7,0.0978,Low,overdue for promotion
1705,Patrick Harvey,Data & Analytics,Specialist,North America,40.6,82.7,0.0623,Low,paid below market
1717,Willie Walls,Data & Analytics,Specialist,APAC,42.0,87.9,0.2172,Low,overdue for promotion
1731,Andrew Mckinney,Data & Analytics,Senior Analyst,North America,35.2,69.1,0.2653,Low,paid below level peers
1756,Jamie Scott,Data & Analytics,Specialist,APAC,35.4,70.8,0.2995,Low,overdue for promotion
1842,Andrew Willis,Data & Analytics,Specialist,North America,8.7,63.4,0.561,Medium,early tenure
1922,Jason Morrow,Data & Analytics,Senior Analyst,North America,31.8,80.5,0.3316,Low,overdue for promotion
1946,Jeanette Collins,Data & Analytics,Senior Analyst,APAC,12.4,66.3,0.5184,Medium,early tenure
2014,Tanya Love,Data & Analytics,Specialist,EMEA,32.1,71.2,0.1969,Low,overdue for promotion
2015,Isaiah Rowland II,Data & Analytics,Specialist,APAC,48.4,74.5,0.1558,Low,performance rating
2021,Jacob Bennett,Data & Analytics,Senior Analyst,APAC,9.9,36.6,0.7811,High,early tenure
2035,David Mills,Data & Analytics,Specialist,North America,37.8,58.3,0.1895,Low,low engagement
2036,Nancy Woods,Data & Analytics,Senior Analyst,APAC,20.0,79.9,0.5424,Medium,early tenure
2065,Timothy Green,Data & Analytics,Senior Analyst,EMEA,46.8,67.5,0.0841,Low,paid below market
2110,Michael Farley,Data & Analytics,Specialist,APAC,18.1,87.6,0.4701,Medium,early tenure
2121,Suzanne Lane,Data & Analytics,Senior Analyst,EMEA,44.9,78.7,0.0549,Low,paid below level peers
2125,Latasha Powell,Data & Analytics,Senior Analyst,APAC,21.8,59.5,0.4684,Medium,paid below level peers
2188,Jessica Nguyen,Data & Analytics,Senior Analyst,North America,44.7,100.0,0.1585,Low,overdue for promotion
2417,Judy Lloyd,Data & Analytics,Senior Analyst,APAC,19.2,57.7,0.458,Low,early tenure
2428,Jesse Berry,Data & Analytics,Senior Analyst,North America,47.5,83.1,0.0446,Low,paid below market
2612,James Wilkins,Data & Analytics,Specialist,APAC,22.4,71.5,0.4679,Medium,performance rating
2683,Deborah Mcintosh,Data & Analytics,Senior Analyst,APAC,37.1,54.4,0.2765,Low,overdue for promotion
2762,Christopher Andrews,Data & Analytics,Senior Analyst,EMEA,34.7,70.6,0.2008,Low,overdue for promotion
2764,Hailey Green,Data & Analytics,Specialist,North America,35.0,50.5,0.4199,Low,paid below level peers
2790,Caitlin Nichols,Data & Analytics,Senior Analyst,North America,35.6,76.1,0.1353,Low,paid below market
64,Daniel Wallace,Data & Analytics,Senior Specialist,North America,4.7,76.3,0.7419,High,early tenure
102,Timothy Lawson,Data & Analytics,Senior Specialist,North America,6.2,81.5,0.686,High,early tenure
369,Kenneth Wilkerson,Data & Analytics,Senior Specialist,North America,14.4,67.8,0.6105,Medium,early tenure
778,Betty Gregory,Data & Analytics,Senior Specialist,North America,51.6,31.3,0.1832,Low,low engagement
851,Todd Foster,Data & Analytics,Senior Specialist,APAC,39.6,49.5,0.2553,Low,low engagement
853,Robert Stephens,Data & Analytics,Senior Specialist,APAC,26.4,73.9,0.3531,Low,paid below level peers
1028,Diane Carter,Data & Analytics,Senior Specialist,North America,60.4,86.0,0.047,Low,paid below level peers
1207,Sarah Orr,Data & Analytics,Senior Specialist,APAC,54.2,60.6,0.092,Low,overdue for promotion
1527,John Stephenson,Data & Analytics,Senior Specialist,APAC,20.0,79.0,0.4977,Medium,early tenure
1767,John Flowers,Data & Analytics,Senior Specialist,APAC,41.2,57.6,0.4224,Low,overdue for promotion
1815,Joe Sullivan,Data & Analytics,Senior Specialist,North America,26.9,74.3,0.3132,Low,seniority level
1909,Karen Bowman,Data & Analytics,Senior Specialist,EMEA,40.4,100.0,0.1402,Low,performance rating
1941,David Klein,Data & Analytics,Senior Specialist,APAC,13.5,88.1,0.4829,Medium,early tenure
2068,Brittany Garcia,Data & Analytics,Senior Specialist,APAC,5.7,81.8,0.7046,High,early tenure
2116,Christina Owens,Data & Analytics,Senior Specialist,North America,11.6,60.1,0.7738,High,early tenure
2291,Joseph Manning,Data & Analytics,Senior Specialist,North America,30.1,73.1,0.3078,Low,paid below market
2474,Wendy Warren,Data & Analytics,Senior Specialist,EMEA,51.5,47.9,0.1876,Low,performance rating
2484,Kristen Munoz,Data & Analytics,Senior Specialist,North America,43.3,68.1,0.2071,Low,performance rating
2504,Chad Anderson,Data & Analytics,Senior Specialist,North America,13.9,79.9,0.7244,High,paid below level peers
2540,Ashley Raymond,Data & Analytics,Senior Specialist,North America,45.5,43.0,0.1914,Low,paid below market
2670,Gail Patrick,Data & Analytics,Senior Specialist,Latin America,9.2,63.7,0.7352,High,early tenure
2713,Dylan Welch,Data & Analytics,Senior Specialist,APAC,39.9,53.9,0.3049,Low,region
2,Jordan Cooper,Data & Analytics,Lead,APAC,71.7,66.3,0.0396,Low,paid below level peers
244,Yvonne Ramos,Data & Analytics,Lead,North America,47.8,50.7,0.3784,Low,performance rating
460,Johnny Bell,Data & Analytics,Lead,APAC,59.4,84.3,0.1062,Low,seniority level
950,Michael Wagner,Data & Analytics,Lead,North America,15.8,84.7,0.5862,Medium,early tenure
1033,Dana Lopez,Data & Analytics,Lead,APAC,60.4,85.6,0.0493,Low,seniority level
1151,Nicholas Young,Data & Analytics,Lead,North America,46.7,47.8,0.3497,Low,paid below level peers
1180,James Williams,Data & Analytics,Lead,North America,30.9,81.8,0.2637,Low,overdue for promotion
1474,Matthew Holmes,Data & Analytics,Lead,North America,31.2,91.1,0.1421,Low,paid below market
1636,Sarah Bowen,Data & Analytics,Lead,North America,56.5,60.2,0.1049,Low,overdue for promotion
1684,Ashley Watkins,Data & Analytics,Lead,APAC,57.6,75.6,0.0632,Low,seniority level
1699,Valerie Smith,Data & Analytics,Lead,North America,14.1,61.4,0.6604,High,early tenure
1778,Michelle Washington,Data & Analytics,Lead,APAC,11.1,63.3,0.6882,High,early tenure
1819,Deanna Potts,Data & Analytics,Lead,North America,64.9,71.5,0.1674,Low,overdue for promotion
2066,Tyler Johnson,Data & Analytics,Lead,North America,25.0,69.4,0.5672,Medium,paid below market
2190,Martha Rodriguez,Data & Analytics,Lead,North America,56.3,56.8,0.1507,Low,seniority level
2238,Jason Jacobson,Data & Analytics,Lead,North America,52.7,64.6,0.1541,Low,overdue for promotion
2491,Robert Rich,Data & Analytics,Lead,North America,26.0,64.9,0.5221,Medium,overdue for promotion
116,David Smith,Data & Analytics,Manager,EMEA,45.8,50.9,0.191,Low,seniority level
327,Angela Walker,Data & Analytics,Manager,EMEA,51.7,85.1,0.1106,Low,seniority level
359,Penny Gonzales,Data & Analytics,Manager,North America,16.5,78.3,0.4795,Medium,paid below market
392,Gregory Cochran,Data & Analytics,Manager,APAC,23.8,92.8,0.5566,Medium,seniority level
439,Rachel Griffin,Data & Analytics,Manager,North America,5.9,53.3,0.8707,High,early tenure
443,Susan Perez,Data & Analytics,Manager,EMEA,50.0,61.1,0.3093,Low,performance rating
798,Michael Stone,Data & Analytics,Manager,APAC,36.6,85.0,0.3253,Low,seniority level
935,Michele Johnson,Data & Analytics,Manager,Latin America,41.6,67.0,0.3531,Low,seniority level
1429,Michelle Smith,Data & Analytics,Manager,North America,44.9,61.3,0.1776,Low,seniority level
1432,Jillian Holmes,Data & Analytics,Manager,North America,53.1,45.0,0.1232,Low,seniority level
1803,Anthony Ray,Data & Analytics,Manager,APAC,87.1,78.5,0.0298,Low,overdue for promotion
2279,Jonathan Hughes,Data & Analytics,Manager,North America,4.3,70.4,0.7313,High,early tenure
2358,Tonya Hinton,Data & Analytics,Manager,EMEA,6.7,77.3,0.7217,High,early tenure
2368,Matthew Martinez,Data & Analytics,Manager,North America,21.5,90.6,0.4098,Low,paid below market
2534,Andrew Rhodes,Data & Analytics,Manager,North America,83.2,62.0,0.0216,Low,seniority level
2578,Tara Gomez,Data & Analytics,Manager,EMEA,83.6,66.0,0.0144,Low,seniority level
2596,David Potter,Data & Analytics,Manager,North America,22.3,71.5,0.4432,Low,seniority level
427,Nancy Knight,Data & Analytics,Senior Manager,North America,10.2,58.4,0.71,High,early tenure
996,Mark Bailey,Data & Analytics,Senior Manager,North America,79.9,80.5,0.0189,Low,seniority level
1394,Michael Franklin,Data & Analytics,Senior Manager,APAC,7.0,67.1,0.8219,High,early tenure
1460,Peggy Armstrong,Data & Analytics,Senior Manager,North America,66.6,73.5,0.0511,Low,seniority level
1499,Debra Shannon,Data & Analytics,Senior Manager,APAC,87.4,69.0,0.0518,Low,overdue for promotion
2176,Chad Duarte,Data & Analytics,Senior Manager,APAC,19.0,51.7,0.8554,High,seniority level
2195,Timothy Pierce,Data & Analytics,Senior Manager,APAC,81.6,66.2,0.0287,Low,seniority level
2694,Nicholas Campbell,Data & Analytics,Senior Manager,North America,66.5,88.1,0.031,Low,seniority level
575,Nancy Lawson,Data & Analytics,Director,Latin America,72.7,61.3,0.0442,Low,seniority level
1243,Mark Boyle,Data & Analytics,Director,North America,64.1,68.3,0.0841,Low,seniority level
1928,James Shepard,Data & Analytics,Director,APAC,66.3,71.3,0.065,Low,seniority level
2551,Sandra Stout,Data & Analytics,Director,APAC,40.6,68.0,0.6492,High,seniority level
152,Tina Elliott,Field Sales,Associate,APAC,5.5,76.1,0.7055,High,early tenure
155,Vincent Joyce,Field Sales,Associate,North America,23.8,67.8,0.323,Low,paid below market
331,Robert Gregory,Field Sales,Associate,APAC,5.6,91.1,0.4881,Medium,early tenure
580,Nathaniel Costa,Field Sales,Associate,EMEA,2.1,69.9,0.5237,Medium,early tenure
786,Jennifer Collins,Field Sales,Associate,North America,10.9,67.7,0.5004,Medium,early tenure
891,Samantha Kennedy,Field Sales,Associate,North America,17.8,49.7,0.3665,Low,early tenure
985,Christina Smith DVM,Field Sales,Associate,North America,5.7,40.1,0.7398,High,early tenure
1368,Tamara Davis,Field Sales,Associate,EMEA,20.3,79.1,0.2078,Low,early tenure
1456,Darren Santos,Field Sales,Associate,APAC,16.3,79.8,0.4029,Low,early tenure
1529,Jeffrey Waters,Field Sales,Associate,APAC,7.6,100.0,0.4584,Low,early tenure
1608,Shannon Logan,Field Sales,Associate,EMEA,15.1,47.7,0.3928,Low,early tenure
1737,Eric Knight,Field Sales,Associate,APAC,2.2,40.8,0.7093,High,early tenure
1748,Scott Edwards,Field Sales,Associate,North America,12.0,57.3,0.5272,Medium,early tenure
1773,William Rocha,Field Sales,Associate,North America,22.7,44.0,0.3654,Low,low engagement
1814,Thomas Rowland,Field Sales,Associate,APAC,2.1,49.6,0.6971,High,early tenure
1989,Darryl Klein,Field Sales,Associate,APAC,12.8,100.0,0.3347,Low,early tenure
2045,Joshua Curtis,Field Sales,Associate,North America,23.3,96.7,0.1856,Low,early tenure
2267,Debbie Smith,Field Sales,Associate,APAC,21.3,85.1,0.3336,Low,early tenure
2359,Angela Butler,Field Sales,Associate,North America,15.6,71.0,0.3309,Low,early tenure
2460,Raymond Parker,Field Sales,Associate,EMEA,11.3,57.7,0.4509,Low,early tenure
2479,Adam Reyes,Field Sales,Associate,Latin America,7.9,81.4,0.6228,Medium,early tenure
2710,Kimberly Griffin,Field Sales,Associate,North America,2.8,56.5,0.526,Medium,early tenure
60,Becky Horton,Field Sales,Analyst,North America,8.6,64.5,0.5673,Medium,early tenure
86,Alexa Baker,Field Sales,Analyst,APAC,17.2,80.8,0.4959,Medium,early tenure
120,Eric Howard,Field Sales,Analyst,North America,9.8,73.4,0.593,Medium,early tenure
206,Kelsey Wilkerson,Field Sales,Analyst,North America,36.3,89.7,0.0981,Low,paid below market
307,Nathan Ramirez,Field Sales,Analyst,North America,1.4,66.7,0.7229,High,early tenure
478,Austin Green,Field Sales,Analyst,North America,21.2,55.6,0.5616,Medium,performance rating
486,Brenda Walton,Field Sales,Analyst,EMEA,6.3,84.2,0.4608,Low,early tenure
578,Dana Mays,Field Sales,Analyst,North America,32.5,98.9,0.0919,Low,paid below level peers
727,Ryan Perez,Field Sales,Analyst,APAC,19.1,48.6,0.407,Low,paid below market
745,Thomas Alvarez,Field Sales,Analyst,APAC,13.7,66.4,0.5924,Medium,early tenure
746,Thomas Cabrera,Field Sales,Analyst,APAC,8.1,86.3,0.3693,Low,early tenure
769,Dennis Gonzalez,Field Sales,Analyst,EMEA,4.9,69.7,0.4762,Medium,early tenure
821,Rachel Lopez,Field Sales,Analyst,EMEA,14.9,66.1,0.4729,Medium,early tenure
837,Christopher Stewart,Field Sales,Analyst,North America,18.6,79.1,0.2702,Low,early tenure
878,Elizabeth Torres,Field Sales,Analyst,EMEA,21.4,65.5,0.5378,Medium,performance rating
1011,Rebekah Jenkins,Field Sales,Analyst,North America,17.4,93.4,0.2975,Low,early tenure
1103,Jose Weaver,Field Sales,Analyst,North America,15.5,76.3,0.2991,Low,early tenure
1305,Steven Vega,Field Sales,Analyst,North America,30.4,71.5,0.156,Low,paid below market
1308,Timothy Goodman,Field Sales,Analyst,EMEA,27.8,90.5,0.2557,Low,paid below level peers
1319,Trevor Green,Field Sales,Analyst,North America,3.1,85.4,0.4774,Medium,early tenure
1344,Mark Lopez,Field Sales,Analyst,EMEA,7.4,68.7,0.5994,Medium,early tenure
1357,Scott Smith,Field Sales,Analyst,EMEA,33.1,87.3,0.0896,Low,paid below market
1410,Michael Nelson,Field Sales,Analyst,North America,11.6,59.1,0.6962,High,early tenure
1478,Nicole Ray,Field Sales,Analyst,APAC,3.2,49.8,0.7466,High,early tenure
1629,Jessica Harrington,Field Sales,Analyst,North America,25.9,72.6,0.2323,Low,paid below market
1752,William Lee,Field Sales,Analyst,North America,25.9,72.3,0.3276,Low,overdue for promotion
1765,Kenneth Arnold,Field Sales,Analyst,Latin America,1.4,42.0,0.7794,High,early tenure
1992,Daniel Reeves,Field Sales,Analyst,APAC,16.0,59.6,0.5642,Medium,early tenure
2148,Kenneth Miller,Field Sales,Analyst,North America,27.6,87.7,0.2287,Low,overdue for promotion
2183,Natalie Davis,Field Sales,Analyst,North America,18.4,80.2,0.2353,Low,early tenure
2313,Emily Bruce,Field Sales,Analyst,EMEA,30.5,72.7,0.1916,Low,high overtime
6,Christopher Hamilton,Field Sales,Senior Analyst,North America,32.6,92.6,0.2107,Low,paid below market
40,David Morse,Field Sales,Senior Analyst,North America,41.7,65.6,0.2226,Low,paid below level peers
48,Jacob Meyers,Field Sales,Specialist,EMEA,20.4,72.2,0.4102,Low,early tenure
49,Daniel Walsh,Field Sales,Senior Analyst,North America,35.5,100.0,0.1338,Low,high overtime
73,Michele Day,Field Sales,Specialist,APAC,3.9,70.4,0.6889,High,early tenure
101,David Holloway,Field Sales,Senior Analyst,APAC,12.3,53.1,0.7501,High,early tenure
144,Michelle Blankenship,Field Sales,Senior Analyst,North America,37.4,75.1,0.0794,Low,paid below level peers
218,Nicole Bryan,Field Sales,Senior Analyst,Latin America,42.7,99.2,0.082,Low,paid below level peers
229,Katherine Proctor,Field Sales,Senior Analyst,North America,18.2,67.1,0.6955,High,paid below level peers
253,Steven Cummings,Field Sales,Specialist,North America,27.6,63.4,0.2939,Low,paid below market
341,Stephen Villanueva,Field Sales,Senior Analyst,EMEA,43.5,72.9,0.0909,Low,paid below market
448,Miguel Kemp,Field Sales,Senior Analyst,APAC,6.5,84.7,0.6774,High,early tenure
662,Jacqueline Howard,Field Sales,Senior Analyst,North America,5.8,78.8,0.5465,Medium,early tenure
697,Heather Mitchell DVM,Field Sales,Specialist,North America,32.2,55.2,0.3077,Low,paid below level peers
707,Tammy Hall,Field Sales,Specialist,APAC,16.6,56.6,0.6397,Medium,early tenure
770,Matthew Robertson,Field Sales,Specialist,North America,21.1,54.9,0.5707,Medium,paid below market
829,Kristina Aguirre,Field Sales,Specialist,North America,10.2,59.0,0.6429,High,early tenure
885,Julia Thomas,Field Sales,Specialist,North America,3.1,57.7,0.7233,High,early tenure
987,Katie Miller,Field Sales,Specialist,North America,9.0,80.6,0.5347,Medium,early tenure
1077,Michelle Rowe,Field Sales,Senior Analyst,APAC,28.3,87.6,0.2613,Low,paid below market
1208,Jennifer Carpenter,Field Sales,Senior Analyst,North America,48.4,77.3,0.0836,Low,paid below level peers
1209,Julia Snyder,Field Sales,Specialist,APAC,49.3,66.2,0.1674,Low,paid below level peers
1245,Nicholas Walker,Field Sales,Senior Analyst,North America,39.4,58.3,0.2395,Low,low engagement
1270,Wayne Davis,Field Sales,Senior Analyst,North America,48.5,27.9,0.3546,Low,paid below level peers
1342,Annette Smith,Field Sales,Specialist,EMEA,47.1,68.8,0.1553,Low,paid below market
1371,Felicia Mack,Field Sales,Senior Analyst,EMEA,33.8,64.3,0.459,Low,performance rating
1401,Joshua Williams,Field Sales,Specialist,APAC,2.4,96.9,0.4079,Low,early tenure
1509,Aaron Walker,Field Sales,Senior Analyst,EMEA,39.1,83.2,0.1199,Low,paid below level peers
1574,Angela Martin,Field Sales,Senior Analyst,APAC,44.0,71.1,0.1229,Low,paid below market
1594,Rachel Gonzalez,Field Sales,Senior Analyst,North America,48.6,56.6,0.127,Low,low engagement
1630,Brandon Barber,Field Sales,Specialist,North America,20.2,72.5,0.4248,Low,early tenure
1631,Edward Harris,Field Sales,Senior Analyst,EMEA,17.2,82.4,0.5601,Medium,early tenure
1669,Johnny Reyes,Field Sales,Senior Analyst,Latin America,21.3,75.3,0.5288,Medium,paid below level peers
1869,Jimmy Flowers,Field Sales,Senior Analyst,APAC,13.1,70.9,0.6617,High,early tenure
1873,Andrea Perez,Field Sales,Senior Analyst,North America,16.4,77.5,0.4627,Medium,early tenure
1911,Tina Lutz,Field Sales,Senior Analyst,APAC,21.4,69.4,0.4064,Low,high overtime
1988,Xavier Ochoa,Field Sales,Senior Analyst,North America,8.9,58.9,0.7408,High,early tenure
2088,Dr. Wendy Rogers MD,Field Sales,Specialist,APAC,46.2,57.8,0.1107,Low,region
2115,Alexis Wilson,Field Sales,Specialist,North America,16.3,59.8,0.6482,High,early tenure
2146,Daniel Hunter,Field Sales,Senior Analyst,APAC,12.2,61.4,0.8005,High,early tenure
2154,Seth Craig,Field Sales,Senior Analyst,North America,44.2,78.7,0.3817,Low,overdue for promotion
2242,Nicole Sanford,Field Sales,Specialist,North America,34.9,51.4,0.3971,Low,performance rating
2253,Crystal Glass,Field Sales,Senior Analyst,APAC,20.6,42.3,0.52,Medium,paid below level peers
2364,Dominique Murphy,Field Sales,Senior Analyst,North America,34.8,66.8,0.2225,Low,paid below level peers
2376,Deborah Bowen,Field Sales,Specialist,North America,29.4,46.3,0.1776,Low,low engagement
2461,Melissa Mendoza,Field Sales,Senior Analyst,North America,3.8,57.0,0.7212,High,early tenure
2553,Mr. George Brown,Field Sales,Specialist,North America,2.2,76.4,0.6127,Medium,early tenure
2587,Jeff Molina,Field Sales,Specialist,APAC,29.9,66.1,0.4104,Low,paid below level peers
2657,Lucas Strong,Field Sales,Specialist,APAC,38.4,83.6,0.2033,Low,region
2711,Destiny Joseph,Field Sales,Specialist,APAC,18.0,100.0,0.4536,Low,paid below level peers
2723,Diana Avila,Field Sales,Senior Analyst,APAC,9.6,77.3,0.6531,High,early tenure
2744,Garrett Martin,Field Sales,Specialist,North America,16.8,44.0,0.4536,Low,early tenure
2757,Ashley Sawyer,Field Sales,Senior Analyst,North America,27.1,92.3,0.2603,Low,paid below level peers
2780,Sarah Aguirre,Field Sales,Specialist,North America,41.7,61.3,0.3044,Low,paid below level peers
95,Ashley Duffy,Field Sales,Senior Specialist,North America,14.6,71.0,0.6296,Medium,early tenure
349,Joseph Pugh,Field Sales,Senior Specialist,EMEA,15.6,83.8,0.5285,Medium,early tenure
425,Clifford Ross,Field Sales,Senior Specialist,North America,59.1,87.9,0.074,Low,paid below level peers
428,William Wilkinson,Field Sales,Senior Specialist,APAC,12.4,87.7,0.5318,Medium,early tenure
586,Annette Stanley,Field Sales,Senior Specialist,North America,2.5,100.0,0.4009,Low,early tenure
800,Bob Owen,Field Sales,Senior Specialist,APAC,27.6,62.1,0.3636,Low,paid below market
873,Debra Miller,Field Sales,Senior Specialist,APAC,19.6,54.0,0.7512,High,paid below level peers
907,Dawn Carter,Field Sales,Senior Specialist,EMEA,22.3,94.5,0.43,Low,paid below market
988,Charles Curtis,Field Sales,Senior Specialist,North America,47.0,75.1,0.1838,Low,performance rating
1101,Dennis Valdez,Field Sales,Senior Specialist,North America,20.7,87.2,0.3021,Low,paid below market
1138,Brandon Duffy,Field Sales,Senior Specialist,North America,3.9,81.4,0.7873,High,early tenure
1156,Mark Salinas,Field Sales,Senior Specialist,APAC,52.5,75.4,0.0856,Low,paid below market
1169,Shirley Gibson MD,Field Sales,Senior Specialist,Latin America,20.7,70.2,0.3933,Low,early tenure
1411,Brian Atkinson,Field Sales,Senior Specialist,EMEA,12.4,76.8,0.718,High,early tenure
1564,Brett Richardson,Field Sales,Senior Specialist,North America,35.7,76.4,0.1827,Low,seniority level
1706,Tanya Sloan,Field Sales,Senior Specialist,APAC,26.9,39.9,0.6157,Medium,low engagement
1745,Patrick Glover,Field Sales,Senior Specialist,North America,4.6,82.8,0.7028,High,early tenure
1822,Ryan Stone,Field Sales,Senior Specialist,North America,55.7,55.7,0.1355,Low,paid below level peers
1876,Shelly Brooks,Field Sales,Senior Specialist,APAC,16.6,67.8,0.7148,High,early tenure
1926,Miss Kelsey Ramirez,Field Sales,Senior Specialist,APAC,36.1,70.6,0.3955,Low,paid below level peers
2074,Maurice Lucas Jr.,Field Sales,Senior Specialist,North America,26.2,40.8,0.6696,High,overdue for promotion
2172,Denise Wheeler,Field Sales,Senior Specialist,EMEA,52.3,54.9,0.1088,Low,paid below level peers
2266,William Woods,Field Sales,Senior Specialist,North America,4.2,100.0,0.4086,Low,early tenure
2289,Michelle Lopez,Field Sales,Senior Specialist,North America,47.5,100.0,0.0617,Low,paid below market
2469,Daniel Green,Field Sales,Senior Specialist,North America,32.7,81.7,0.154,Low,seniority level
2500,Jose Diaz,Field Sales,Senior Specialist,North America,46.3,75.1,0.1684,Low,performance rating
2761,Keith Ramirez,Field Sales,Senior Specialist,EMEA,3.8,84.5,0.6022,Medium,early tenure
273,Jessica Warren MD,Field Sales,Lead,EMEA,0.7,61.0,0.7199,High,early tenure
395,Brian Vaughn,Field Sales,Lead,APAC,38.2,66.8,0.2428,Low,paid below market
566,Todd Ingram,Field Sales,Lead,North America,57.9,67.3,0.0971,Low,paid below level peers
655,James Campbell,Field Sales,Lead,APAC,46.7,71.4,0.1554,Low,paid below market
720,Jasmine Green,Field Sales,Lead,EMEA,44.1,73.1,0.2552,Low,overdue for promotion
915,Shannon Warner,Field Sales,Lead,EMEA,53.1,76.1,0.0944,Low,paid below level peers
1161,Lori Johnson,Field Sales,Lead,EMEA,68.1,52.1,0.0664,Low,overdue for promotion
1381,Christopher Richardson,Field Sales,Lead,North America,2.6,85.3,0.7769,High,early tenure
1841,Randy Allen,Field Sales,Lead,APAC,16.7,55.8,0.6308,Medium,early tenure
2177,Kristina Griffin,Field Sales,Lead,North America,2.4,51.7,0.8544,High,early tenure
2327,Justin Young,Field Sales,Lead,EMEA,60.8,87.8,0.0975,Low,performance rating
2396,Tammy Williams,Field Sales,Lead,North America,63.8,81.1,0.0222,Low,paid below market
2485,Jason Bell,Field Sales,Lead,North America,12.9,100.0,0.6713,High,early tenure
387,Victor Clark,Field Sales,Manager,APAC,5.5,79.7,0.7547,High,early tenure
508,Jeffrey Espinoza,Field Sales,Manager,North America,13.4,76.4,0.6653,High,early tenure
556,Nathaniel Barnett,Field Sales,Manager,North America,73.1,65.9,0.0621,Low,seniority level
613,Jane Contreras,Field Sales,Manager,North America,40.3,57.0,0.567,Medium,overdue for promotion
805,Tammy Khan,Field Sales,Manager,North America,47.8,69.2,0.3908,Low,overdue for promotion
1061,Tara Brock,Field Sales,Manager,APAC,42.4,84.3,0.2845,Low,seniority level
1083,Scott Gaines,Field Sales,Manager,EMEA,78.6,61.1,0.0386,Low,seniority level
1091,Jerry Hernandez,Field Sales,Manager,North America,76.2,85.5,0.0203,Low,seniority level
1194,Nicholas Warren,Field Sales,Manager,APAC,70.7,88.2,0.076,Low,seniority level
1781,Anthony Henderson,Field Sales,Manager,APAC,53.6,37.6,0.3137,Low,seniority level
1990,Keith Sanchez,Field Sales,Manager,North America,39.8,54.2,0.6231,Medium,overdue for promotion
2063,Dalton Pacheco,Field Sales,Manager,EMEA,85.1,74.4,0.0076,Low,seniority level
2305,Jessica Blanchard,Field Sales,Manager,North America,77.1,75.5,0.025,Low,seniority level
2374,Mary Lynch,Field Sales,Manager,EMEA,18.9,87.6,0.5115,Medium,seniority level
324,Amber Cruz,Field Sales,Senior Manager,North America,15.6,67.3,0.8394,High,seniority level
236,Christina Morales,Field Sales,Director,North America,97.1,80.9,0.0171,Low,seniority level
311,Daniel Garcia,Field Sales,Director,APAC,69.9,82.7,0.2137,Low,seniority level
450,Jill Wallace,Field Sales,Director,APAC,30.2,83.3,0.5156,Medium,seniority level
517,Lori Holt,Field Sales,Director,North America,52.2,77.6,0.0839,Low,seniority level
1324,Marie Smith,Field Sales,Director,North America,87.7,76.3,0.0433,Low,overdue for promotion
2142,Elizabeth Parker MD,Field Sales,Director,North America,88.4,70.0,0.0296,Low,seniority level
2579,Jason Day,Field Sales,Director,North America,76.2,100.0,0.1058,Low,overdue for promotion
52,Veronica Jones,Finance & Accounting,Associate,North America,18.4,84.9,0.2751,Low,paid below level peers
80,Aaron Shea,Finance & Accounting,Associate,North America,8.3,62.2,0.5603,Medium,early tenure
228,Timothy Knight,Finance & Accounting,Associate,North America,19.9,74.5,0.3376,Low,early tenure
618,Jason Brennan,Finance & Accounting,Associate,North America,20.6,66.3,0.3365,Low,paid below level peers
633,Ryan Mitchell,Finance & Accounting,Associate,North America,14.4,82.8,0.3156,Low,early tenure
695,Derek Adams,Finance & Accounting,Associate,EMEA,2.8,65.1,0.5614,Medium,early tenure
722,Meagan Duke,Finance & Accounting,Associate,APAC,19.1,69.7,0.3811,Low,early tenure
797,Dr. Brian Summers,Finance & Accounting,Associate,EMEA,1.7,69.4,0.3585,Low,early tenure
1002,Theresa Martinez,Finance & Accounting,Associate,EMEA,19.7,70.3,0.3116,Low,paid below market
1082,Miguel Webb,Finance & Accounting,Associate,Latin America,20.1,50.3,0.5996,Medium,high overtime
1359,Kathryn Smith,Finance & Accounting,Associate,North America,2.6,82.0,0.4674,Medium,early tenure
1397,Tammy Martin,Finance & Accounting,Associate,APAC,12.1,79.4,0.5407,Medium,early tenure
1628,Christina Anderson,Finance & Accounting,Associate,EMEA,19.4,75.0,0.246,Low,early tenure
1892,Austin Howard,Finance & Accounting,Associate,North America,5.9,81.2,0.4084,Low,early tenure
2184,Andrew Beard,Finance & Accounting,Associate,North America,9.3,90.8,0.537,Medium,early tenure
2229,David Mcmillan,Finance & Accounting,Associate,North America,3.3,49.4,0.6169,Medium,early tenure
2272,Michael Simon,Finance & Accounting,Associate,North America,18.8,53.2,0.5767,Medium,paid below level peers
2533,Katherine Ramirez,Finance & Accounting,Associate,North America,21.5,62.3,0.4054,Low,early tenure
2673,Candice Moore,Finance & Accounting,Associate,EMEA,5.7,76.1,0.5378,Medium,early tenure
2795,Jeremy Hill,Finance & Accounting,Associate,EMEA,6.8,86.1,0.5114,Medium,early tenure
100,Briana Anderson,Finance & Accounting,Analyst,North America,24.6,100.0,0.455,Low,paid below level peers
188,Sean Williams,Finance & Accounting,Analyst,APAC,34.7,87.2,0.1731,Low,paid below market
483,Amber Russell,Finance & Accounting,Analyst,North America,29.7,87.8,0.2967,Low,paid below level peers
510,Deborah Yoder,Finance & Accounting,Analyst,North America,9.2,77.4,0.5643,Medium,early tenure
564,Riley Molina,Finance & Accounting,Analyst,North America,4.7,78.4,0.608,Medium,early tenure
668,Brandon Mitchell,Finance & Accounting,Analyst,EMEA,21.6,66.4,0.4754,Medium,paid below level peers
820,Timothy Stewart,Finance & Accounting,Analyst,APAC,11.4,100.0,0.2873,Low,early tenure
823,Karen Mitchell,Finance & Accounting,Analyst,APAC,36.4,84.6,0.0946,Low,region
850,Erin Guerrero,Finance & Accounting,Analyst,North America,31.9,76.5,0.2361,Low,paid below level peers
860,Justin Lawson,Finance & Accounting,Analyst,North America,6.8,63.8,0.6112,Medium,early tenure
890,Sandra Hernandez,Finance & Accounting,Analyst,North America,27.3,52.1,0.223,Low,low engagement
1029,James White,Finance & Accounting,Analyst,North America,12.9,68.0,0.5628,Medium,early tenure
1218,Gary Johnson,Finance & Accounting,Analyst,EMEA,36.6,81.8,0.2767,Low,paid below level peers
1416,David Reed,Finance & Accounting,Analyst,EMEA,30.7,51.0,0.2292,Low,low engagement
1423,Alexis Mccormick,Finance & Accounting,Analyst,EMEA,20.0,44.4,0.4697,Medium,paid below level peers
1453,Lee Maxwell,Finance & Accounting,Analyst,North America,34.2,66.6,0.1773,Low,overdue for promotion
1462,Jennifer Potter,Finance & Accounting,Analyst,APAC,4.2,65.0,0.7112,High,early tenure
1493,Lisa Chen,Finance & Accounting,Analyst,EMEA,24.3,82.0,0.1017,Low,paid below market
1518,William Horton,Finance & Accounting,Analyst,APAC,9.4,80.7,0.4367,Low,early tenure
1571,Christine Osborne,Finance & Accounting,Analyst,North America,9.7,75.4,0.6762,High,early tenure
1845,Kevin Powell,Finance & Accounting,Analyst,North America,19.6,57.7,0.5834,Medium,performance rating
1944,Taylor Nguyen,Finance & Accounting,Analyst,EMEA,13.1,86.7,0.3194,Low,early tenure
2012,Diane Lee,Finance & Accounting,Analyst,North America,11.1,65.2,0.5695,Medium,early tenure
2182,Teresa Blackwell,Finance & Accounting,Analyst,EMEA,12.9,65.3,0.3966,Low,early tenure
2211,Mary Vincent,Finance & Accounting,Analyst,APAC,25.0,78.9,0.4058,Low,performance rating
2230,Andrew Guerrero,Finance & Accounting,Analyst,APAC,12.1,74.9,0.3403,Low,early tenure
2379,Rebecca Andrews,Finance & Accounting,Analyst,EMEA,33.7,72.4,0.0755,Low,paid below market
2444,Eric Smith,Finance & Accounting,Analyst,North America,32.8,87.9,0.1373,Low,paid below market
2630,Jacob Delacruz,Finance & Accounting,Analyst,EMEA,18.2,65.9,0.5021,Medium,performance rating
2720,Jordan Walker,Finance & Accounting,Analyst,North America,24.8,66.2,0.2453,Low,paid below market
2766,Michael Morris,Finance & Accounting,Analyst,North America,14.0,65.0,0.5026,Medium,early tenure
16,Julie Mcconnell,Finance & Accounting,Specialist,EMEA,42.0,83.4,0.2543,Low,overdue for promotion
69,Michelle Sanchez,Finance & Accounting,Senior Analyst,EMEA,38.4,75.2,0.0948,Low,paid below market
104,Philip Weaver,Finance & Accounting,Specialist,EMEA,43.2,90.6,0.0267,Low,paid below market
147,Cheryl Dorsey,Finance & Accounting,Senior Analyst,North America,22.7,90.7,0.2208,Low,paid below level peers
175,Donald Klein,Finance & Accounting,Senior Analyst,North America,17.2,45.9,0.6006,Medium,early tenure
195,Jeffrey Burnett,Finance & Accounting,Specialist,North America,31.6,57.9,0.5398,Medium,overdue for promotion
198,Amy Bautista,Finance & Accounting,Senior Analyst,North America,21.9,60.0,0.3206,Low,paid below market
238,Christopher Cherry,Finance & Accounting,Senior Analyst,EMEA,3.2,71.5,0.6764,High,early tenure
260,Kimberly Chavez,Finance & Accounting,Senior Analyst,EMEA,34.8,92.6,0.1955,Low,overdue for promotion
271,Mr. William Martinez MD,Finance & Accounting,Senior Analyst,APAC,15.2,75.2,0.5979,Medium,early tenure
353,Mark Cline,Finance & Accounting,Specialist,North America,13.3,46.8,0.7832,High,early tenure
376,Billy Clark,Finance & Accounting,Specialist,North America,23.7,57.9,0.2777,Low,paid below market
379,Alicia Barajas,Finance & Accounting,Specialist,APAC,9.1,62.8,0.6686,High,early tenure
408,Anna Wolfe,Finance & Accounting,Senior Analyst,North America,11.7,80.2,0.4363,Low,early tenure
412,Stephanie Simmons,Finance & Accounting,Senior Analyst,Latin America,29.4,81.0,0.1134,Low,paid below level peers
545,Lindsey Davis,Finance & Accounting,Senior Analyst,EMEA,47.0,100.0,0.1019,Low,overdue for promotion
560,Stephanie Alexander,Finance & Accounting,Specialist,Latin America,14.6,57.5,0.52,Medium,early tenure
565,Aaron Smith,Finance & Accounting,Senior Analyst,North America,47.0,76.1,0.1165,Low,performance rating
595,Dr. Sheila Fisher,Finance & Accounting,Specialist,North America,13.5,83.6,0.4719,Medium,early tenure
622,Michael Grant,Finance & Accounting,Senior Analyst,North America,13.0,95.2,0.467,Medium,early tenure
635,Randy Martin,Finance & Accounting,Senior Analyst,APAC,28.0,54.7,0.2295,Low,paid below market
827,Kelly Parker,Finance & Accounting,Specialist,APAC,20.1,97.3,0.4209,Low,paid below level peers
898,Connie Santos,Finance & Accounting,Specialist,APAC,22.4,63.6,0.5055,Medium,paid below market
913,Mark Roman,Finance & Accounting,Specialist,North America,20.4,79.7,0.4874,Medium,paid below level peers
943,Amanda Cooper,Finance & Accounting,Specialist,EMEA,30.6,83.2,0.2876,Low,overdue for promotion
970,Travis Wilson,Finance & Accounting,Senior Analyst,North America,46.5,47.4,0.3068,Low,paid below level peers
1001,Rose Hughes,Finance & Accounting,Senior Analyst,North America,40.6,93.6,0.0657,Low,paid below market
1092,Tracie Gibson,Finance & Accounting,Senior Analyst,APAC,24.7,68.2,0.6111,Medium,overdue for promotion
1257,Erica Atkins,Finance & Accounting,Specialist,APAC,3.3,84.5,0.708,High,early tenure
1309,Dylan Torres,Finance & Accounting,Senior Analyst,APAC,43.9,66.7,0.3158,Low,overdue for promotion
1420,Devin Blankenship,Finance & Accounting,Senior Analyst,APAC,12.5,72.9,0.6688,High,early tenure
1489,Kim Fox,Finance & Accounting,Senior Analyst,APAC,20.8,71.4,0.5617,Medium,early tenure
1519,Shannon Rodriguez,Finance & Accounting,Senior Analyst,North America,4.6,85.9,0.711,High,early tenure
1521,Anne Brown,Finance & Accounting,Senior Analyst,EMEA,38.3,54.1,0.242,Low,performance rating
1550,David Donovan,Finance & Accounting,Senior Analyst,APAC,14.4,58.9,0.4773,Medium,early tenure
1561,Christine Calderon,Finance & Accounting,Specialist,North America,39.3,60.7,0.3743,Low,paid below level peers
1632,Renee Castro,Finance & Accounting,Specialist,North America,9.9,74.2,0.6416,High,early tenure
1652,Garrett Becker,Finance & Accounting,Senior Analyst,North America,17.3,57.8,0.7012,High,paid below level peers
1704,Emily Frank,Finance & Accounting,Senior Analyst,North America,26.0,60.4,0.2896,Low,paid below market
1753,Robert Hall,Finance & Accounting,Senior Analyst,APAC,10.7,75.0,0.5401,Medium,early tenure
2011,Andrew Guerrero,Finance & Accounting,Specialist,North America,46.7,65.3,0.1448,Low,performance rating
2075,Benjamin Short,Finance & Accounting,Senior Analyst,North America,39.5,23.9,0.3947,Low,paid below level peers
2117,Crystal Dixon,Finance & Accounting,Senior Analyst,EMEA,21.7,81.3,0.2236,Low,early tenure
2180,John Davis,Finance & Accounting,Senior Analyst,North America,4.4,57.0,0.8224,High,early tenure
2217,John Doyle,Finance & Accounting,Specialist,North America,15.8,100.0,0.3164,Low,early tenure
2246,Jennifer Williamson,Finance & Accounting,Senior Analyst,North America,5.9,55.2,0.7636,High,early tenure
2337,Thomas Anderson,Finance & Accounting,Senior Analyst,North America,5.9,87.3,0.7762,High,early tenure
2414,Ryan Morgan,Finance & Accounting,Specialist,North America,36.0,76.0,0.0691,Low,paid below market
2424,Paul Wallace,Finance & Accounting,Specialist,North America,20.0,85.0,0.2277,Low,paid below level peers
2490,Sherri Wallace,Finance & Accounting,Specialist,North America,43.7,77.7,0.0673,Low,paid below market
2521,Ryan Porter,Finance & Accounting,Senior Analyst,North America,17.8,90.6,0.2823,Low,early tenure
2529,Angie Sanchez,Finance & Accounting,Senior Analyst,North America,10.4,76.1,0.757,High,early tenure
2545,Anita Gomez,Finance & Accounting,Senior Analyst,EMEA,45.2,80.3,0.1326,Low,overdue for promotion
2580,Robert Meza,Finance & Accounting,Senior Analyst,North America,30.4,42.3,0.506,Medium,paid below market
2626,Renee Pace,Finance & Accounting,Senior Analyst,North America,19.2,66.1,0.505,Medium,early tenure
2674,Alice Herrera,Finance & Accounting,Specialist,North America,44.4,51.2,0.3205,Low,performance rating
2737,Juan Weeks,Finance & Accounting,Specialist,North America,19.4,56.5,0.3724,Low,early tenure
85,Matthew Miller,Finance & Accounting,Senior Specialist,APAC,38.6,85.5,0.1582,Low,paid below level peers
165,Henry Perry,Finance & Accounting,Senior Specialist,APAC,8.3,69.1,0.6777,High,early tenure
190,Denise Henderson,Finance & Accounting,Senior Specialist,North America,8.0,87.3,0.5974,Medium,early tenure
270,Isaiah Malone,Finance & Accounting,Senior Specialist,North America,46.3,61.4,0.1364,Low,overdue for promotion
524,Veronica Edwards,Finance & Accounting,Senior Specialist,APAC,5.5,65.4,0.661,High,early tenure
670,Rebecca Mays,Finance & Accounting,Senior Specialist,APAC,10.1,55.3,0.6181,Medium,early tenure
978,Laura Vazquez,Finance & Accounting,Senior Specialist,North America,21.6,69.7,0.4269,Low,overdue for promotion
983,Andre Gonzalez,Finance & Accounting,Senior Specialist,APAC,31.8,38.5,0.5655,Medium,paid below level peers
1111,Jason Miller,Finance & Accounting,Senior Specialist,EMEA,23.8,68.1,0.4442,Low,paid below level peers
1284,Kristine Hopkins,Finance & Accounting,Senior Specialist,APAC,58.9,67.5,0.0917,Low,performance rating
1625,Paul Mcgee,Finance & Accounting,Senior Specialist,North America,37.1,92.2,0.3999,Low,overdue for promotion
1676,Shannon Edwards,Finance & Accounting,Senior Specialist,APAC,43.1,71.0,0.1782,Low,region
1694,Natalie Anderson,Finance & Accounting,Senior Specialist,North America,57.0,79.3,0.0826,Low,performance rating
1964,Rodney Patterson,Finance & Accounting,Senior Specialist,North America,9.5,71.0,0.6199,Medium,early tenure
2168,Elizabeth Berry,Finance & Accounting,Senior Specialist,North America,27.9,73.0,0.2977,Low,overdue for promotion
2194,Edwin Clark,Finance & Accounting,Senior Specialist,EMEA,57.4,67.6,0.0325,Low,paid below market
2319,Kaylee Wallace DVM,Finance & Accounting,Senior Specialist,APAC,54.1,87.8,0.0615,Low,paid below market
2329,Shannon Stone,Finance & Accounting,Senior Specialist,North America,28.1,69.4,0.3835,Low,paid below level peers
2569,Zachary Chan,Finance & Accounting,Senior Specialist,North America,23.1,61.4,0.3795,Low,seniority level
2739,Brittany Nelson,Finance & Accounting,Senior Specialist,North America,30.3,76.5,0.2111,Low,seniority level
2786,Connor Flores,Finance & Accounting,Senior Specialist,EMEA,11.4,64.9,0.6612,High,paid below level peers
33,Emily Jennings,Finance & Accounting,Lead,EMEA,37.2,74.3,0.1763,Low,seniority level
70,Kara Torres,Finance & Accounting,Lead,APAC,53.7,71.5,0.1149,Low,seniority level
245,Sarah Davenport,Finance & Accounting,Lead,EMEA,49.8,50.6,0.1698,Low,seniority level
262,Steven Smith,Finance & Accounting,Lead,APAC,49.4,71.7,0.1534,Low,seniority level
320,Kim Harris,Finance & Accounting,Lead,Latin America,66.8,99.7,0.038,Low,paid below level peers
336,Gerald Torres,Finance & Accounting,Lead,North America,56.5,53.9,0.0815,Low,seniority level
390,Derrick Hanson,Finance & Accounting,Lead,North America,31.9,78.7,0.4817,Medium,overdue for promotion
394,Joshua Payne,Finance & Accounting,Lead,APAC,54.2,69.0,0.1388,Low,performance rating
404,Angela Parker,Finance & Accounting,Lead,APAC,49.4,55.4,0.1412,Low,seniority level
617,Todd Hall,Finance & Accounting,Lead,North America,36.8,80.3,0.1345,Low,paid below level peers
793,Peter Lutz,Finance & Accounting,Lead,EMEA,44.7,69.4,0.2577,Low,seniority level
1191,Christopher Leach,Finance & Accounting,Lead,EMEA,48.1,99.4,0.2232,Low,overdue for promotion
1810,Jeffrey Mcdonald,Finance & Accounting,Lead,North America,30.3,81.0,0.6081,Medium,paid below level peers
1957,Martin Harrington,Finance & Accounting,Lead,North America,17.0,53.7,0.7517,High,early tenure
2050,Kristin Cohen,Finance & Accounting,Lead,North America,70.1,75.7,0.0337,Low,seniority level
2062,Jeffrey Garcia,Finance & Accounting,Lead,APAC,34.9,49.1,0.4546,Low,performance rating
2150,Kenneth Hawkins,Finance & Accounting,Lead,North America,21.4,43.3,0.583,Medium,seniority level
2162,Vincent Becker,Finance & Accounting,Lead,North America,38.5,61.5,0.4608,Low,overdue for promotion
2399,Jasmine Kim,Finance & Accounting,Lead,North America,3.8,68.5,0.7128,High,early tenure
2406,Omar Oconnell,Finance & Accounting,Lead,APAC,50.8,71.1,0.1124,Low,seniority level
2439,Mr. Kevin Hill,Finance & Accounting,Lead,EMEA,39.8,79.3,0.2584,Low,paid below level peers
2665,Nicole Campbell,Finance & Accounting,Lead,North America,47.8,77.7,0.1287,Low,performance rating
75,Robert Rodriguez,Finance & Accounting,Manager,APAC,47.4,89.3,0.1547,Low,paid below market
157,Michael Fletcher,Finance & Accounting,Manager,North America,8.2,47.0,0.8456,High,early tenure
440,Kristin Stevens,Finance & Accounting,Manager,North America,41.0,65.3,0.2019,Low,seniority level
625,Melissa Williams,Finance & Accounting,Manager,North America,32.7,60.2,0.7362,High,paid below level peers
645,Dr. Kevin Miller,Finance & Accounting,Manager,APAC,40.7,57.9,0.4998,Medium,seniority level
928,James Rodriguez,Finance & Accounting,Manager,North America,19.3,46.1,0.7739,High,seniority level
1081,Krystal Allen,Finance & Accounting,Manager,North America,59.0,75.6,0.2187,Low,overdue for promotion
1123,Joshua Moore,Finance & Accounting,Manager,EMEA,66.2,58.3,0.0461,Low,seniority level
1364,Laura Petersen,Finance & Accounting,Manager,EMEA,55.9,97.8,0.0667,Low,paid below level peers
1551,David Harper,Finance & Accounting,Manager,North America,13.5,63.9,0.5793,Medium,early tenure
1569,Sydney Martin,Finance & Accounting,Manager,APAC,1.8,63.2,0.8988,High,early tenure
1603,Brenda Turner,Finance & Accounting,Manager,APAC,49.4,65.1,0.33,Low,paid below level peers
1618,Michael Haynes,Finance & Accounting,Manager,APAC,13.9,69.6,0.8073,High,paid below level peers
1653,Brian Smith,Finance & Accounting,Manager,APAC,34.8,49.7,0.5589,Medium,seniority level
1742,Elizabeth Smith,Finance & Accounting,Manager,EMEA,37.9,39.0,0.4393,Low,seniority level
1826,Kayla Lynch,Finance & Accounting,Manager,EMEA,60.8,100.0,0.0432,Low,seniority level
1836,Christopher Ruiz,Finance & Accounting,Manager,APAC,29.3,51.6,0.7621,High,overdue for promotion
1881,Bridget Rhodes,Finance & Accounting,Manager,APAC,73.3,78.4,0.0823,Low,overdue for promotion
2149,Daniel Fisher,Finance & Accounting,Manager,Latin America,65.7,60.7,0.04,Low,seniority level
2527,William Cannon,Finance & Accounting,Manager,EMEA,76.4,61.0,0.0237,Low,seniority level
2561,Mrs. Amy Harrison,Finance & Accounting,Manager,APAC,61.1,80.3,0.0474,Low,seniority level
2565,Renee Gonzalez,Finance & Accounting,Manager,Latin America,85.2,81.4,0.0131,Low,paid below level peers
2593,Thomas Bell,Finance & Accounting,Manager,EMEA,10.0,66.6,0.6533,High,early tenure
2714,David Stewart,Finance & Accounting,Manager,North America,86.2,43.5,0.0202,Low,seniority level
2736,Stacy Perry,Finance & Accounting,Manager,Latin America,29.8,40.1,0.6837,High,overdue for promotion
884,Alexis Adams,Finance & Accounting,Senior Manager,Latin America,30.0,43.7,0.6711,High,seniority level
1402,Connie Bryant,Finance & Accounting,Senior Manager,EMEA,69.3,93.1,0.0301,Low,seniority level
1500,Jeffrey Diaz,Finance & Accounting,Senior Manager,North America,43.5,75.2,0.2714,Low,seniority level
1553,Jeffery Romero,Finance & Accounting,Senior Manager,North America,11.4,100.0,0.4501,Low,early tenure
1687,Dr. Crystal Acosta,Finance & Accounting,Senior Manager,APAC,57.3,82.9,0.1331,Low,seniority level
2139,Richard Miller,Finance & Accounting,Senior Manager,North America,27.8,76.9,0.5381,Medium,seniority level
2147,Kelly Lee,Finance & Accounting,Senior Manager,APAC,64.3,78.0,0.167,Low,seniority level
2344,Joyce Sanchez,Finance & Accounting,Senior Manager,North America,93.8,73.6,0.0228,Low,seniority level
2345,Mr. Aaron Graham DVM,Finance & Accounting,Senior Manager,North America,41.8,57.2,0.7622,High,overdue for promotion
2489,Susan Stevenson,Finance & Accounting,Senior Manager,APAC,57.3,85.2,0.172,Low,seniority level
2618,Colleen Harris MD,Finance & Accounting,Senior Manager,North America,6.0,89.7,0.8434,High,early tenure
515,Linda White,Finance & Accounting,Director,APAC,38.6,83.7,0.354,Low,seniority level
1155,Dwayne White,Finance & Accounting,Director,APAC,21.7,62.5,0.8257,High,seniority level
1383,Meghan Dawson,Finance & Accounting,Director,APAC,98.1,94.4,0.0144,Low,seniority level
1762,Curtis Williams,Finance & Accounting,Director,EMEA,87.5,76.9,0.0083,Low,seniority level
2047,Cassandra Jackson,Finance & Accounting,Director,APAC,23.9,64.1,0.7277,High,seniority level
79,Allison Hicks,Human Resources,Associate,North America,10.2,63.7,0.737,High,early tenure
373,Angela Gomez,Human Resources,Associate,APAC,18.5,63.8,0.6448,High,performance rating
612,Johnny Rodgers,Human Resources,Associate,APAC,3.3,77.9,0.677,High,early tenure
676,Michael Robertson,Human Resources,Associate,North America,16.8,59.5,0.518,Medium,early tenure
682,Lisa Burton,Human Resources,Associate,APAC,6.7,75.9,0.6458,High,early tenure
847,Kathy Swanson,Human Resources,Associate,North America,1.6,55.4,0.6709,High,early tenure
948,Dr. Bryan Taylor,Human Resources,Associate,North America,11.0,84.2,0.4046,Low,early tenure
1085,Ronald Weber,Human Resources,Associate,North America,11.7,44.0,0.5406,Medium,early tenure
1126,Michael Young,Human Resources,Associate,Latin America,0.8,58.1,0.6967,High,early tenure
1133,Ronald Jordan,Human Resources,Associate,APAC,14.2,51.9,0.6156,Medium,early tenure
1176,Stephen Arnold,Human Resources,Associate,North America,23.8,66.4,0.5186,Medium,performance rating
1246,Kimberly Kaiser,Human Resources,Associate,North America,19.8,71.5,0.5418,Medium,performance rating
1315,Latoya Whitney,Human Resources,Associate,North America,4.4,62.5,0.6883,High,early tenure
1440,Jared Cannon,Human Resources,Associate,APAC,4.7,53.2,0.7187,High,early tenure
1444,Sarah Harris,Human Resources,Associate,North America,17.5,33.0,0.6449,High,early tenure
1560,Jesse Colon,Human Resources,Associate,EMEA,6.6,55.7,0.61,Medium,early tenure
1588,Harold Robles,Human Resources,Associate,EMEA,9.2,85.7,0.4261,Low,early tenure
1590,Miguel Thompson,Human Resources,Associate,North America,1.6,56.4,0.6655,High,early tenure
1805,Jeffrey Johnson,Human Resources,Associate,North America,7.4,83.4,0.3308,Low,early tenure
1846,Alicia Washington,Human Resources,Associate,North America,7.9,88.8,0.3595,Low,early tenure
1961,Anthony French,Human Resources,Associate,APAC,17.0,73.5,0.7251,High,paid below level peers
1968,April Smith,Human Resources,Associate,North America,7.5,54.7,0.5069,Medium,early tenure
2136,Brianna Moreno,Human Resources,Associate,APAC,17.6,63.0,0.6594,High,early tenure
2140,Steven Farrell,Human Resources,Associate,North America,22.3,100.0,0.4166,Low,paid below level peers
2335,Mrs. Kelly Baker,Human Resources,Associate,North America,8.0,74.0,0.5663,Medium,early tenure
2352,Alicia Short,Human Resources,Associate,APAC,22.8,82.2,0.4354,Low,region
2442,Allen Ballard,Human Resources,Associate,APAC,11.6,64.9,0.6547,High,early tenure
2505,Kimberly Duarte,Human Resources,Associate,APAC,6.8,83.6,0.4765,Medium,early tenure
2512,Jon Pearson,Human Resources,Associate,APAC,18.0,63.6,0.5569,Medium,early tenure
2597,Logan Torres,Human Resources,Associate,APAC,19.2,88.2,0.4259,Low,paid below level peers
2685,Nicole Medina,Human Resources,Associate,North America,12.6,85.3,0.5183,Medium,early tenure
81,Michele Carrillo,Human Resources,Analyst,North America,31.9,79.8,0.162,Low,paid below market
82,Lisa Beck,Human Resources,Analyst,APAC,21.1,78.9,0.3209,Low,paid below market
142,Carl Hughes,Human Resources,Analyst,EMEA,3.4,99.1,0.5081,Medium,early tenure
257,Jason Ferguson,Human Resources,Analyst,APAC,30.7,100.0,0.2129,Low,region
281,Joshua Decker,Human Resources,Analyst,APAC,32.3,68.5,0.1877,Low,paid below market
386,Nathan Nelson,Human Resources,Analyst,North America,19.0,64.2,0.4727,Medium,paid below level peers
407,Jeffrey Livingston,Human Resources,Analyst,EMEA,31.8,37.2,0.5029,Medium,low engagement
462,Renee Martin,Human Resources,Analyst,EMEA,30.9,53.9,0.1499,Low,low engagement
529,Scott Zamora,Human Resources,Analyst,Latin America,26.7,65.2,0.5952,Medium,paid below level peers
669,Jason Carter,Human Resources,Analyst,APAC,17.6,84.2,0.5233,Medium,early tenure
718,Patricia Harris,Human Resources,Analyst,EMEA,27.4,70.3,0.2955,Low,high overtime
761,Bonnie Harrington,Human Resources,Analyst,North America,2.6,56.5,0.6297,Medium,early tenure
799,Samantha Brown,Human Resources,Analyst,APAC,6.1,80.9,0.6543,High,early tenure
942,David Castro,Human Resources,Analyst,North America,0.6,81.7,0.5722,Medium,early tenure
1039,Julia Leach,Human Resources,Analyst,APAC,6.5,45.3,0.8225,High,early tenure
1125,Cindy Gordon,Human Resources,Analyst,North America,27.0,100.0,0.1341,Low,paid below market
1292,Steven Miller,Human Resources,Analyst,North America,22.9,71.4,0.1926,Low,paid below market
1495,Michael Woods,Human Resources,Analyst,EMEA,34.6,64.1,0.2156,Low,performance rating
1646,Kevin Mendoza,Human Resources,Analyst,North America,17.0,55.1,0.6146,Medium,early tenure
1953,Jacqueline Wilson,Human Resources,Analyst,North America,27.0,70.5,0.5547,Medium,overdue for promotion
1969,Allison Meyer,Human Resources,Analyst,EMEA,2.8,67.1,0.6236,Medium,early tenure
1981,Joshua Russell,Human Resources,Analyst,Latin America,24.3,91.3,0.1616,Low,paid below market
2056,Marc Anderson,Human Resources,Analyst,EMEA,17.8,67.7,0.2587,Low,early tenure
2111,Angela Campbell,Human Resources,Analyst,EMEA,4.3,69.0,0.4541,Low,early tenure
2178,Christopher Flores,Human Resources,Analyst,North America,3.3,70.8,0.6014,Medium,early tenure
2244,Kevin Williams,Human Resources,Analyst,North America,34.0,60.8,0.2152,Low,paid below market
2261,Justin Riley,Human Resources,Analyst,EMEA,20.2,76.7,0.2863,Low,paid below level peers
2340,Heather Jones,Human Resources,Analyst,EMEA,19.9,43.7,0.4686,Medium,early tenure
2342,William Cole,Human Resources,Analyst,APAC,27.4,59.0,0.5401,Medium,overdue for promotion
2423,Julie Fuller,Human Resources,Analyst,APAC,27.8,76.1,0.3739,Low,paid below level peers
2446,Steven Brooks,Human Resources,Analyst,North America,10.2,27.7,0.6649,High,early tenure
2502,Elizabeth Brown,Human Resources,Analyst,North America,2.0,73.1,0.7562,High,early tenure
2556,Lisa Brooks,Human Resources,Analyst,North America,12.4,74.7,0.5474,Medium,early tenure
2760,Jeffery Moore,Human Resources,Analyst,North America,20.4,67.8,0.3989,Low,paid below level peers
57,Brian Shepherd,Human Resources,Specialist,EMEA,30.7,82.7,0.1904,Low,performance rating
62,Alan Hall,Human Resources,Senior Analyst,North America,22.7,54.3,0.4872,Medium,performance rating
78,Joel Rodriguez,Human Resources,Specialist,North America,34.6,61.3,0.5072,Medium,paid below level peers
118,William Salazar,Human Resources,Senior Analyst,APAC,47.7,67.0,0.2179,Low,performance rating
202,Lauren Johnson,Human Resources,Senior Analyst,North America,38.6,64.4,0.3234,Low,overdue for promotion
266,Alicia Diaz,Human Resources,Senior Analyst,North America,6.4,48.0,0.7747,High,early tenure
332,Kathryn Burke,Human Resources,Specialist,North America,37.0,60.6,0.2673,Low,paid below level peers
388,Roy Adams,Human Resources,Senior Analyst,APAC,28.0,49.7,0.7244,High,paid below level peers
458,Troy Brown,Human Resources,Specialist,North America,30.4,57.4,0.5245,Medium,performance rating
476,Erica Diaz,Human Resources,Specialist,APAC,1.2,88.1,0.6728,High,early tenure
534,Melissa Sampson,Human Resources,Senior Analyst,APAC,29.5,67.8,0.3094,Low,paid below market
548,Matthew Clark,Human Resources,Senior Analyst,EMEA,42.3,40.3,0.4176,Low,paid below level peers
679,Alexis Guerra DVM,Human Resources,Specialist,EMEA,10.2,77.6,0.5122,Medium,early tenure
706,Christopher Adkins,Human Resources,Specialist,Latin America,21.1,66.0,0.5891,Medium,overdue for promotion
748,Diana Moore,Human Resources,Senior Analyst,APAC,47.1,69.7,0.1787,Low,paid below level peers
854,Micheal Boone,Human Resources,Senior Analyst,APAC,32.5,53.9,0.5033,Medium,high overtime
1003,Debbie Cobb,Human Resources,Specialist,North America,42.4,64.2,0.2329,Low,long commute
1024,Lawrence Clark,Human Resources,Senior Analyst,EMEA,43.9,92.8,0.1061,Low,long commute
1050,Tyler Johnston,Human Resources,Senior Analyst,Latin America,23.6,92.4,0.388,Low,paid below level peers
1079,Keith Sawyer,Human Resources,Specialist,APAC,48.8,71.9,0.1496,Low,region
1117,William Collins,Human Resources,Senior Analyst,APAC,10.6,68.7,0.6287,Medium,early tenure
1250,Katherine Hendrix,Human Resources,Senior Analyst,North America,46.5,47.9,0.4411,Low,overdue for promotion
1294,Christina Johnson,Human Resources,Specialist,APAC,13.6,79.0,0.6575,High,early tenure
1415,Elizabeth Mooney,Human Resources,Senior Analyst,North America,34.6,96.5,0.2482,Low,performance rating
1515,Anna Weber,Human Resources,Senior Analyst,North America,3.2,65.9,0.7091,High,early tenure
1579,Adrian Scott,Human Resources,Specialist,North America,39.3,69.4,0.1544,Low,paid below market
1715,William Wright,Human Resources,Specialist,North America,19.8,77.0,0.6973,High,performance rating
1801,Tiffany Patton,Human Resources,Specialist,APAC,12.3,82.1,0.6384,Medium,early tenure
1838,Nicole Johnson,Human Resources,Specialist,APAC,39.0,66.0,0.2786,Low,paid below level peers
1999,Christy Tucker,Human Resources,Specialist,North America,25.2,47.6,0.5112,Medium,low engagement
2008,Michael Steele,Human Resources,Senior Analyst,APAC,13.3,81.5,0.6338,Medium,early tenure
2038,Maria Steele,Human Resources,Senior Analyst,APAC,26.3,77.1,0.5434,Medium,paid below level peers
2130,Lindsay Lawrence,Human Resources,Specialist,APAC,24.4,69.1,0.4749,Medium,paid below market
2257,Elizabeth Smith,Human Resources,Specialist,North America,11.7,74.0,0.6398,Medium,early tenure
2326,Joshua Mercado,Human Resources,Specialist,North America,38.7,76.0,0.2107,Low,performance rating
2383,James Berry,Human Resources,Senior Analyst,APAC,21.1,92.8,0.6225,Medium,paid below level peers
2403,Jeremy Garcia,Human Resources,Senior Analyst,North America,29.8,36.3,0.6054,Medium,paid below level peers
2522,Andrew Chaney,Human Resources,Specialist,EMEA,25.8,65.1,0.2707,Low,paid below market
2525,Barbara Bailey,Human Resources,Specialist,EMEA,3.0,70.6,0.6348,Medium,early tenure
2570,Kimberly Bridges,Human Resources,Specialist,North America,45.4,37.6,0.3686,Low,overdue for promotion
2628,Mr. Carlos Graham Jr.,Human Resources,Senior Analyst,EMEA,21.5,59.6,0.2759,Low,paid below market
2668,Joseph Marshall,Human Resources,Senior Analyst,North America,30.9,90.2,0.1422,Low,paid below level peers
112,Debra Morris MD,Human Resources,Senior Specialist,EMEA,60.1,50.8,0.1734,Low,overdue for promotion
200,Tara Ford,Human Resources,Senior Specialist,Latin America,21.1,53.4,0.7182,High,performance rating
313,Brittany Pacheco,Human Resources,Senior Specialist,EMEA,53.8,73.4,0.0816,Low,performance rating
380,Tammy Estes,Human Resources,Senior Specialist,APAC,46.5,78.2,0.2431,Low,overdue for promotion
590,Steven Henson,Human Resources,Senior Specialist,Latin America,20.2,71.4,0.4881,Medium,early tenure
623,Andrew Smith,Human Resources,Senior Specialist,North America,26.1,84.3,0.5268,Medium,overdue for promotion
716,Lisa Mejia,Human Resources,Senior Specialist,EMEA,52.7,75.5,0.1083,Low,overdue for promotion
1052,Brianna Kelley,Human Resources,Senior Specialist,North America,27.2,58.2,0.463,Medium,paid below level peers
1157,Shawn Bautista,Human Resources,Senior Specialist,APAC,58.6,71.5,0.2697,Low,performance rating
1227,Jo Mann,Human Resources,Senior Specialist,North America,55.4,57.9,0.0944,Low,paid below market
1321,Karen Alexander,Human Resources,Senior Specialist,EMEA,58.1,70.1,0.0526,Low,high overtime
1322,Lindsey Fisher,Human Resources,Senior Specialist,EMEA,53.0,67.5,0.1154,Low,overdue for promotion
1369,Michael Freeman,Human Resources,Senior Specialist,EMEA,45.6,56.7,0.1935,Low,paid below level peers
1712,Stephanie Deleon,Human Resources,Senior Specialist,Latin America,22.2,89.0,0.3089,Low,paid below market
2032,Anthony Bailey,Human Resources,Senior Specialist,North America,37.5,77.2,0.2997,Low,paid below level peers
2064,Christy Manning,Human Resources,Senior Specialist,North America,32.8,58.6,0.3361,Low,paid below level peers
2143,Stephanie Phillips,Human Resources,Senior Specialist,North America,41.9,91.8,0.1927,Low,performance rating
2346,Gary Alvarado,Human Resources,Senior Specialist,APAC,50.4,70.2,0.1014,Low,paid below market
2493,Laura Fitzgerald,Human Resources,Senior Specialist,APAC,17.4,32.5,0.776,High,early tenure
2497,Melanie Montoya,Human Resources,Senior Specialist,Latin America,40.3,68.9,0.1278,Low,paid below market
2528,Daniel Molina,Human Resources,Senior Specialist,North America,26.0,68.5,0.3189,Low,seniority level
2794,Charlotte Mueller,Human Resources,Senior Specialist,APAC,42.1,75.0,0.2786,Low,overdue for promotion
126,Gabriel Swanson,Human Resources,Lead,Latin America,35.2,72.3,0.1664,Low,seniority level
212,Joy Kelley,Human Resources,Lead,North America,66.0,54.6,0.0788,Low,seniority level
263,Christine Ryan,Human Resources,Lead,EMEA,69.9,71.6,0.0419,Low,seniority level
276,Christopher Green,Human Resources,Lead,EMEA,52.1,98.2,0.0963,Low,performance rating
303,Johnny Johnson,Human Resources,Lead,APAC,65.9,64.1,0.0946,Low,paid below level peers
384,Gregory Ballard,Human Resources,Lead,North America,54.3,71.1,0.0946,Low,seniority level
430,Matthew Daugherty,Human Resources,Lead,North America,36.8,62.6,0.4007,Low,paid below level peers
431,Maria Bradford,Human Resources,Lead,North America,46.8,95.3,0.133,Low,seniority level
574,Robert Allison,Human Resources,Lead,EMEA,38.3,51.7,0.3886,Low,overdue for promotion
606,Teresa Gentry,Human Resources,Lead,North America,16.1,72.9,0.5965,Medium,early tenure
667,Christian Black,Human Resources,Lead,North America,28.7,59.9,0.5608,Medium,performance rating
1042,Kyle Rose,Human Resources,Lead,North America,51.1,79.9,0.1897,Low,performance rating
1072,Robert Lara,Human Resources,Lead,EMEA,24.4,82.6,0.3225,Low,seniority level
1090,Eric Holmes,Human Resources,Lead,APAC,32.0,49.3,0.4509,Low,seniority level
1289,James Fisher,Human Resources,Lead,APAC,16.3,79.8,0.6501,High,early tenure
1539,Brian Gonzalez,Human Resources,Lead,Latin America,40.5,85.5,0.2908,Low,overdue for promotion
1617,Mr. Sean Lopez MD,Human Resources,Lead,North America,48.6,82.0,0.1064,Low,seniority level
1741,Dr. Sarah Hanson,Human Resources,Lead,North America,52.3,91.5,0.0643,Low,paid below market
1848,Teresa Meyer,Human Resources,Lead,APAC,37.6,76.5,0.1879,Low,seniority level
1856,Jennifer Butler,Human Resources,Lead,APAC,19.5,77.3,0.8408,High,paid below level peers
1863,Haley Perkins,Human Resources,Lead,North America,2.3,62.9,0.7762,High,early tenure
1914,Kevin Martinez,Human Resources,Lead,EMEA,51.1,82.7,0.1065,Low,seniority level
2303,Jasmine Ramos,Human Resources,Lead,North America,56.7,71.7,0.0535,Low,paid below market
2475,Shawn Williams,Human Resources,Lead,Latin America,31.3,63.5,0.328,Low,paid below market
2513,Philip Bryant,Human Resources,Lead,EMEA,2.5,55.3,0.7141,High,early tenure
2581,Mary Escobar MD,Human Resources,Lead,North America,39.9,67.2,0.4077,Low,overdue for promotion
2635,Oscar Smith,Human Resources,Lead,North America,5.8,57.1,0.8263,High,early tenure
2734,Jacqueline Ruiz,Human Resources,Lead,North America,34.1,95.5,0.1996,Low,paid below level peers
749,Bailey Haynes,Human Resources,Manager,North America,54.0,58.3,0.1708,Low,paid below market
917,Brittany Lee,Human Resources,Manager,North America,34.9,95.7,0.2978,Low,seniority level
1019,Brandon Blake,Human Resources,Manager,North America,86.2,68.1,0.0116,Low,seniority level
1225,Sarah Mcdonald,Human Resources,Manager,North America,10.8,96.3,0.6064,Medium,early tenure
1363,Chad Oconnor,Human Resources,Manager,EMEA,60.1,82.3,0.0877,Low,paid below level peers
1483,Benjamin Smith,Human Resources,Manager,North America,24.1,94.5,0.4755,Medium,seniority level
1549,Monica Hernandez,Human Resources,Manager,North America,47.9,80.2,0.124,Low,paid below level peers
1639,George Stanley,Human Resources,Manager,Latin America,79.2,73.1,0.0136,Low,seniority level
1755,Kelly Castillo,Human Resources,Manager,North America,60.9,62.4,0.0686,Low,seniority level
1777,Rachel Johnson,Human Resources,Manager,EMEA,60.6,100.0,0.0344,Low,seniority level
2450,Michael Farmer,Human Resources,Manager,APAC,38.1,51.5,0.4522,Low,seniority level
2632,Stephanie Dunn,Human Resources,Manager,APAC,84.9,70.6,0.0574,Low,seniority level
2728,Ann Perry,Human Resources,Manager,Latin America,15.9,91.9,0.6798,High,early tenure
2729,Rachel Dixon,Human Resources,Manager,North America,74.0,54.9,0.093,Low,seniority level
528,Katherine Gonzalez,Human Resources,Senior Manager,North America,7.3,81.5,0.8346,High,early tenure
1177,Anne Beck,Human Resources,Senior Manager,EMEA,33.6,36.6,0.674,High,seniority level
1337,Anthony Harmon,Human Resources,Senior Manager,North America,55.4,67.9,0.2066,Low,seniority level
1843,Francisco Allen MD,Human Resources,Senior Manager,North America,78.1,85.1,0.0403,Low,seniority level
2684,Belinda Taylor,Human Resources,Senior Manager,APAC,75.4,74.0,0.1975,Low,seniority level
334,Stephen Irwin,Human Resources,Director,North America,30.1,58.7,0.6746,High,seniority level
473,Lori Leonard,Human Resources,Director,APAC,28.1,85.4,0.6953,High,seniority level
1874,Annette Clark MD,Human Resources,Director,Latin America,68.6,57.7,0.0659,Low,seniority level
1934,Tara Suarez,Human Resources,Director,North America,63.2,73.7,0.108,Low,seniority level
2159,Hector Mata,Human Resources,Director,North America,96.4,73.1,0.0139,Low,seniority level
2310,Tyler Odonnell,Human Resources,Director,APAC,40.8,69.4,0.242,Low,seniority level
67,Edward Harrell,IT Operations,Associate,North America,22.6,91.2,0.1963,Low,early tenure
76,Elizabeth Jackson,IT Operations,Associate,APAC,21.3,62.9,0.5382,Medium,performance rating
110,Michael Griffin,IT Operations,Associate,Latin America,19.5,76.3,0.2823,Low,early tenure
351,Brian Jackson,IT Operations,Associate,APAC,5.8,86.7,0.5231,Medium,early tenure
480,Terrence Banks,IT Operations,Associate,North America,11.6,71.3,0.462,Medium,early tenure
796,Wendy Lara,IT Operations,Associate,APAC,7.1,88.3,0.4736,Medium,early tenure
939,Phillip Simmons,IT Operations,Associate,APAC,6.9,70.7,0.581,Medium,early tenure
1025,Edward Haynes,IT Operations,Associate,APAC,0.7,79.9,0.6311,Medium,early tenure
1095,Robert Williamson,IT Operations,Associate,North America,3.2,79.8,0.6922,High,early tenure
1224,Brittany Estrada,IT Operations,Associate,APAC,8.6,65.9,0.6245,Medium,early tenure
1233,Tracy Hull,IT Operations,Associate,North America,5.1,78.4,0.4114,Low,early tenure
1286,Sharon Vincent,IT Operations,Associate,EMEA,12.7,76.5,0.3336,Low,early tenure
1296,Grace Jackson,IT Operations,Associate,North America,4.4,76.2,0.5857,Medium,early tenure
1380,Briana Roberts,IT Operations,Associate,North America,11.5,71.3,0.4161,Low,early tenure
1433,Timothy Schroeder,IT Operations,Associate,North America,14.8,40.9,0.5213,Medium,early tenure
1568,Lori Adams,IT Operations,Associate,EMEA,18.3,55.8,0.3742,Low,early tenure
1604,Raymond Chavez,IT Operations,Associate,EMEA,1.0,79.9,0.522,Medium,early tenure
1764,Taylor Alexander,IT Operations,Associate,EMEA,12.4,67.1,0.642,High,early tenure
1912,Mrs. Cynthia White DDS,IT Operations,Associate,North America,2.5,80.3,0.4874,Medium,early tenure
1994,Erica Hernandez,IT Operations,Associate,North America,10.6,87.3,0.4113,Low,early tenure
2087,Patrick Smith,IT Operations,Associate,EMEA,5.5,59.3,0.4558,Low,early tenure
2186,James Barron,IT Operations,Associate,North America,9.9,75.4,0.4264,Low,early tenure
2284,Christine Shannon,IT Operations,Associate,APAC,18.6,90.7,0.3312,Low,paid below level peers
2548,Kelsey Butler,IT Operations,Associate,North America,21.7,65.1,0.2273,Low,paid below market
2554,Richard Montgomery,IT Operations,Associate,North America,6.5,88.4,0.3686,Low,early tenure
2771,Steven Williams,IT Operations,Associate,North America,9.7,67.3,0.5619,Medium,early tenure
2800,Timothy Figueroa,IT Operations,Associate,North America,7.3,65.9,0.5204,Medium,early tenure
192,Matthew Myers,IT Operations,Analyst,APAC,5.7,87.0,0.5278,Medium,early tenure
222,Christine Miles,IT Operations,Analyst,North America,35.0,58.6,0.3096,Low,paid below level peers
329,Jennifer Rivera,IT Operations,Analyst,North America,12.7,63.9,0.301,Low,paid below market
405,Megan Robinson,IT Operations,Analyst,APAC,21.9,92.0,0.2493,Low,region
423,Jason Sanchez,IT Operations,Analyst,North America,33.7,77.9,0.2491,Low,performance rating
464,Shawn Yoder,IT Operations,Analyst,North America,9.3,79.9,0.6674,High,early tenure
526,James Flores,IT Operations,Analyst,North America,4.3,79.0,0.4012,Low,early tenure
536,Heather Sanders,IT Operations,Analyst,Latin America,20.2,89.3,0.3397,Low,early tenure
681,Christina Rodgers,IT Operations,Analyst,North America,29.5,49.0,0.2995,Low,paid below level peers
760,Stephanie Hanson,IT Operations,Analyst,EMEA,3.3,84.5,0.4474,Low,early tenure
789,Ashley Barnes,IT Operations,Analyst,APAC,35.3,83.4,0.157,Low,region
908,Miguel Barnes,IT Operations,Analyst,APAC,15.1,49.9,0.7729,High,early tenure
960,Elizabeth Walker,IT Operations,Analyst,APAC,18.5,62.5,0.6323,Medium,early tenure
1018,Natasha Morris,IT Operations,Analyst,APAC,24.1,77.9,0.2256,Low,region
1102,Cheryl Buckley,IT Operations,Analyst,Latin America,18.7,55.4,0.4621,Medium,paid below market
1113,Stephanie Munoz,IT Operations,Analyst,North America,19.5,62.3,0.4254,Low,early tenure
1171,Alex Brown,IT Operations,Analyst,North America,6.7,92.6,0.3939,Low,early tenure
1303,Kenneth Ramirez,IT Operations,Analyst,North America,9.5,78.1,0.6005,Medium,early tenure
1333,Matthew Stewart,IT Operations,Analyst,APAC,32.0,71.3,0.1688,Low,region
1355,Jennifer Roman,IT Operations,Analyst,North America,24.5,70.8,0.1882,Low,high overtime
1454,Karen Dawson,IT Operations,Analyst,APAC,31.1,49.1,0.3587,Low,paid below level peers
1611,Rachel Johns,IT Operations,Analyst,North America,16.2,36.9,0.5265,Medium,early tenure
1615,Jason Frederick,IT Operations,Analyst,EMEA,20.0,72.2,0.38,Low,paid below level peers
1623,Christopher Harris,IT Operations,Analyst,North America,21.0,69.1,0.3314,Low,early tenure
1725,Brandi Bennett,IT Operations,Analyst,North America,9.0,95.2,0.5144,Medium,early tenure
1739,Martin Boone,IT Operations,Analyst,North America,12.5,69.4,0.4116,Low,early tenure
2042,Steven Perez,IT Operations,Analyst,EMEA,29.2,59.3,0.2514,Low,paid below level peers
2109,Adam Kramer,IT Operations,Analyst,APAC,30.8,64.3,0.2808,Low,region
2193,James Price,IT Operations,Analyst,APAC,30.5,90.1,0.2452,Low,paid below level peers
2210,Taylor Martinez,IT Operations,Analyst,North America,20.0,78.2,0.1687,Low,paid below market
2304,Lisa Russo,IT Operations,Analyst,APAC,22.9,55.6,0.2632,Low,paid below market
2434,Linda Smith,IT Operations,Analyst,EMEA,7.3,79.8,0.3472,Low,early tenure
94,Kyle Levine,IT Operations,Senior Analyst,North America,38.5,58.8,0.2209,Low,low engagement
123,Stacy Pierce,IT Operations,Senior Analyst,North America,27.7,76.0,0.6576,High,high overtime
127,Tamara Cole,IT Operations,Specialist,APAC,18.2,76.1,0.3806,Low,early tenure
154,Natasha Walton,IT Operations,Specialist,North America,0.9,76.5,0.6256,Medium,early tenure
168,Ashley Collins,IT Operations,Senior Analyst,APAC,35.2,74.5,0.2106,Low,overdue for promotion
170,Bobby Montgomery,IT Operations,Senior Analyst,North America,38.9,90.4,0.1245,Low,paid below market
251,Samantha Wilson,IT Operations,Senior Analyst,APAC,10.3,65.0,0.6728,High,early tenure
358,Yvonne White,IT Operations,Senior Analyst,EMEA,40.6,80.4,0.1044,Low,paid below level peers
558,Jeffrey Boyle,IT Operations,Senior Analyst,APAC,27.9,70.4,0.5558,Medium,overdue for promotion
671,Kelsey Castillo,IT Operations,Specialist,APAC,11.3,78.6,0.4014,Low,early tenure
764,Peggy Parker,IT Operations,Senior Analyst,APAC,27.7,79.3,0.3931,Low,overdue for promotion
811,Mark Hawkins,IT Operations,Senior Analyst,EMEA,10.8,76.4,0.7735,High,early tenure
812,Eric Atkinson,IT Operations,Specialist,Latin America,35.7,69.8,0.1598,Low,paid below level peers
893,Juan Gibson,IT Operations,Senior Analyst,North America,17.0,82.1,0.619,Medium,paid below level peers
895,Loretta Hobbs,IT Operations,Specialist,APAC,39.1,59.3,0.1732,Low,paid below level peers
997,Michael Robinson MD,IT Operations,Senior Analyst,North America,46.4,76.4,0.0813,Low,paid below market
1038,Veronica Reid,IT Operations,Specialist,North America,13.1,89.8,0.5985,Medium,early tenure
1105,Brian Gutierrez,IT Operations,Senior Analyst,APAC,10.7,76.5,0.5518,Medium,early tenure
1147,Aaron Mcknight,IT Operations,Senior Analyst,EMEA,42.1,99.9,0.1108,Low,overdue for promotion
1168,Amber Lawson,IT Operations,Specialist,APAC,13.5,61.3,0.7858,High,early tenure
1268,Frank Glass,IT Operations,Specialist,North America,11.6,48.6,0.8066,High,early tenure
1290,Sarah Salinas,IT Operations,Senior Analyst,APAC,5.2,54.7,0.7396,High,early tenure
1425,Lisa Green,IT Operations,Specialist,APAC,48.2,77.0,0.1778,Low,high overtime
1435,Sean Arellano,IT Operations,Specialist,EMEA,28.3,63.9,0.519,Medium,paid below level peers
1466,Katherine Tyler,IT Operations,Senior Analyst,North America,21.3,72.9,0.439,Low,overdue for promotion
1513,Dr. Brooke Taylor,IT Operations,Senior Analyst,North America,16.5,100.0,0.4526,Low,early tenure
1540,Brittany Smith,IT Operations,Senior Analyst,APAC,47.2,71.1,0.1742,Low,paid below level peers
1563,Megan Johnson,IT Operations,Senior Analyst,EMEA,21.9,59.6,0.4869,Medium,early tenure
1573,Christopher Morris,IT Operations,Specialist,APAC,8.4,69.9,0.6346,Medium,early tenure
1634,Brent Hensley,IT Operations,Senior Analyst,APAC,10.1,71.4,0.6272,Medium,early tenure
1640,Adam Stuart,IT Operations,Specialist,EMEA,12.1,78.0,0.349,Low,early tenure
1691,Anthony Wilson,IT Operations,Specialist,EMEA,46.7,64.9,0.2644,Low,overdue for promotion
1698,Shannon Bridges,IT Operations,Senior Analyst,APAC,39.9,64.2,0.234,Low,region
1851,Jessica Pena,IT Operations,Specialist,APAC,45.1,83.7,0.0937,Low,paid below market
1885,James Good,IT Operations,Senior Analyst,North America,21.0,68.9,0.4237,Low,early tenure
1898,Phillip Coleman,IT Operations,Specialist,APAC,46.0,75.2,0.1189,Low,region
1923,Justin Roberson,IT Operations,Senior Analyst,North America,39.3,65.6,0.0943,Low,paid below market
1983,Paula Waller,IT Operations,Specialist,APAC,21.0,66.0,0.6151,Medium,paid below level peers
1995,Shaun Aguilar,IT Operations,Senior Analyst,North America,46.2,48.4,0.3049,Low,paid below level peers
2028,Michael Huynh,IT Operations,Senior Analyst,APAC,13.9,90.4,0.5145,Medium,early tenure
2122,Jordan Frey,IT Operations,Senior Analyst,Latin America,42.3,90.5,0.2196,Low,overdue for promotion
2347,Michael Miller,IT Operations,Senior Analyst,North America,11.3,76.9,0.5376,Medium,early tenure
2350,Mckenzie Santana,IT Operations,Specialist,North America,9.7,64.2,0.5977,Medium,early tenure
2472,Michelle Parker,IT Operations,Specialist,North America,30.2,50.1,0.3094,Low,low engagement
2501,Jeremy Morgan,IT Operations,Specialist,North America,49.1,66.0,0.0448,Low,paid below market
2573,Corey Sloan,IT Operations,Specialist,APAC,11.7,92.2,0.3995,Low,early tenure
2590,Michael Roberson,IT Operations,Senior Analyst,APAC,40.2,68.6,0.2321,Low,paid below level peers
2616,Michael Hicks,IT Operations,Senior Analyst,Latin America,33.0,59.2,0.2703,Low,overdue for promotion
2620,Justin Thompson,IT Operations,Senior Analyst,APAC,39.6,73.7,0.1861,Low,region
2746,Michelle Smith,IT Operations,Specialist,APAC,9.7,34.4,0.6678,High,early tenure
2749,Leslie Knight,IT Operations,Senior Analyst,EMEA,32.7,67.5,0.2555,Low,performance rating
2767,Daniel Coleman,IT Operations,Senior Analyst,APAC,19.1,80.6,0.4551,Low,early tenure
2799,Shawn Roberts,IT Operations,Senior Analyst,EMEA,22.3,63.6,0.2494,Low,paid below market
241,Jeffrey Henry,IT Operations,Senior Specialist,North America,30.0,91.1,0.4873,Medium,overdue for promotion
627,Judy Gutierrez,IT Operations,Senior Specialist,North America,43.7,77.9,0.1041,Low,paid below market
863,Eric Williams,IT Operations,Senior Specialist,APAC,56.0,72.4,0.1624,Low,paid below level peers
1351,Jordan Lopez MD,IT Operations,Senior Specialist,EMEA,55.0,86.8,0.0779,Low,performance rating
1512,Kaitlin Weaver,IT Operations,Senior Specialist,EMEA,29.0,49.8,0.5639,Medium,overdue for promotion
1614,Ronald Johnson,IT Operations,Senior Specialist,North America,4.7,80.6,0.5647,Medium,early tenure
1677,Regina Taylor,IT Operations,Senior Specialist,APAC,2.9,57.3,0.8293,High,early tenure
1804,Denise Harrison,IT Operations,Senior Specialist,EMEA,50.5,79.2,0.0748,Low,overdue for promotion
1833,Adam Mcpherson,IT Operations,Senior Specialist,Latin America,58.1,78.3,0.1211,Low,performance rating
2321,Anthony Taylor,IT Operations,Senior Specialist,APAC,45.3,80.4,0.2607,Low,performance rating
2336,Christopher Rogers,IT Operations,Senior Specialist,North America,53.2,70.8,0.1424,Low,performance rating
2473,Christy Ponce,IT Operations,Senior Specialist,North America,61.9,65.5,0.0536,Low,seniority level
2539,Dr. Brenda Long,IT Operations,Senior Specialist,EMEA,23.1,92.0,0.3459,Low,seniority level
28,Brian Martin,IT Operations,Lead,APAC,21.3,71.9,0.6747,High,seniority level
111,Ronnie Bonilla MD,IT Operations,Lead,APAC,13.0,85.0,0.7199,High,early tenure
187,Mark Clark,IT Operations,Lead,EMEA,16.6,53.8,0.5712,Medium,early tenure
214,Eugene Mullins,IT Operations,Lead,APAC,53.1,65.0,0.1761,Low,performance rating
361,Erica Herman,IT Operations,Lead,EMEA,18.5,64.7,0.7628,High,early tenure
366,Mary Scott,IT Operations,Lead,North America,74.9,79.1,0.0186,Low,seniority level
551,Marissa Bush,IT Operations,Lead,APAC,56.8,100.0,0.0825,Low,paid below level peers
616,Roger Short,IT Operations,Lead,APAC,62.4,77.6,0.0567,Low,seniority level
736,Shelly Ward,IT Operations,Lead,North America,41.3,51.6,0.1597,Low,seniority level
974,Connor Jones,IT Operations,Lead,EMEA,17.5,61.5,0.624,Medium,paid below level peers
1058,Brady Paul,IT Operations,Lead,North America,20.7,82.0,0.5726,Medium,seniority level
1232,Brianna Carter,IT Operations,Lead,EMEA,37.6,56.9,0.2944,Low,seniority level
1261,Melinda Jones,IT Operations,Lead,APAC,40.2,76.4,0.2335,Low,seniority level
1266,Joanna Mitchell,IT Operations,Lead,North America,48.5,89.1,0.14,Low,overdue for promotion
1567,Lisa Estes,IT Operations,Lead,EMEA,51.3,44.9,0.2298,Low,paid below level peers
1610,Daniel Giles,IT Operations,Lead,APAC,32.8,59.9,0.5044,Medium,overdue for promotion
1710,Virginia Taylor,IT Operations,Lead,EMEA,40.2,80.6,0.3316,Low,overdue for promotion
1823,Thomas Williams,IT Operations,Lead,North America,46.6,83.7,0.2184,Low,overdue for promotion
1866,Cesar Stephenson,IT Operations,Lead,EMEA,74.8,54.3,0.0131,Low,paid below market
2093,Robert Martinez,IT Operations,Lead,EMEA,41.9,78.4,0.3099,Low,overdue for promotion
2209,Luke Gallagher,IT Operations,Lead,North America,73.0,68.4,0.0278,Low,seniority level
2228,Philip Duarte,IT Operations,Lead,APAC,26.9,69.3,0.442,Low,seniority level
2292,Jason Browning,IT Operations,Lead,APAC,53.0,52.5,0.2933,Low,paid below level peers
2531,Rachel Alvarez,IT Operations,Lead,North America,55.4,90.6,0.0793,Low,seniority level
2577,Nicole Carter,IT Operations,Lead,APAC,75.0,86.1,0.0155,Low,seniority level
2589,Karen Sharp,IT Operations,Lead,EMEA,65.1,53.1,0.0873,Low,paid below level peers
59,Matthew Richardson,IT Operations,Manager,North America,84.9,86.9,0.0284,Low,performance rating
279,Kimberly Jackson,IT Operations,Manager,EMEA,36.7,100.0,0.1142,Low,seniority level
282,Cheyenne King,IT Operations,Manager,North America,51.2,92.1,0.112,Low,seniority level
550,Michael Rodriguez,IT Operations,Manager,APAC,20.9,75.5,0.6185,Medium,seniority level
592,Jennifer Robertson,IT Operations,Manager,APAC,41.3,67.0,0.3008,Low,seniority level
1040,Brandon Tyler,IT Operations,Manager,North America,8.7,100.0,0.6228,Medium,early tenure
1112,Louis Robinson MD,IT Operations,Manager,APAC,12.5,90.9,0.5381,Medium,early tenure
1235,Susan Johnson,IT Operations,Manager,APAC,78.2,69.7,0.0349,Low,seniority level
1338,Kristina Bright,IT Operations,Manager,North America,38.3,57.1,0.4827,Medium,seniority level
1893,Emily Rhodes,IT Operations,Manager,APAC,46.7,66.5,0.2671,Low,seniority level
2308,Jocelyn Parks,IT Operations,Manager,EMEA,68.0,66.6,0.0934,Low,seniority level
2607,Elizabeth Evans,IT Operations,Manager,North America,54.8,85.8,0.1384,Low,seniority level
2650,Jennifer Mccormick,IT Operations,Manager,EMEA,1.6,61.0,0.7519,High,early tenure
2712,Danielle Brewer,IT Operations,Manager,North America,24.6,56.7,0.5182,Medium,seniority level
47,David Buckley,IT Operations,Senior Manager,Latin America,34.2,85.2,0.5215,Medium,seniority level
506,Daisy Ho,IT Operations,Senior Manager,North America,30.9,59.3,0.7098,High,seniority level
743,Caitlin Chavez,IT Operations,Senior Manager,Latin America,23.8,53.3,0.7137,High,seniority level
774,Jessica Ellison,IT Operations,Senior Manager,Latin America,15.1,56.2,0.6181,Medium,seniority level
1008,Anthony Conrad,IT Operations,Senior Manager,North America,100.1,83.3,0.0089,Low,seniority level
1228,Victoria Cardenas,IT Operations,Senior Manager,APAC,26.4,43.3,0.817,High,seniority level
1341,Cody Lyons,IT Operations,Senior Manager,APAC,31.5,53.7,0.815,High,seniority level
1708,Paul Lopez,IT Operations,Senior Manager,APAC,25.0,75.3,0.8912,High,seniority level
1771,Rebecca Frank,IT Operations,Senior Manager,EMEA,73.2,100.0,0.0179,Low,seniority level
2105,George Sharp,IT Operations,Senior Manager,North America,55.2,55.0,0.1116,Low,seniority level
2363,Emma Gordon,IT Operations,Senior Manager,North America,9.7,96.0,0.7428,High,early tenure
2427,Debra Patel,IT Operations,Senior Manager,North America,52.5,100.0,0.0521,Low,seniority level
350,Matthew Carroll,IT Operations,Director,North America,21.6,43.7,0.736,High,seniority level
975,Matthew Poole,IT Operations,Director,North America,61.5,66.5,0.1044,Low,seniority level
3,William Garcia,Inside Sales,Associate,EMEA,8.5,63.9,0.485,Medium,early tenure
21,Brandy Hernandez,Inside Sales,Associate,EMEA,18.0,69.4,0.3517,Low,paid below market
114,Michelle Carr,Inside Sales,Associate,APAC,8.2,70.6,0.6435,High,early tenure
354,Carl Parks,Inside Sales,Associate,EMEA,7.5,75.8,0.3428,Low,early tenure
360,Edwin Johnson,Inside Sales,Associate,APAC,11.2,63.8,0.6572,High,early tenure
410,Edwin White,Inside Sales,Associate,North America,17.1,73.4,0.423,Low,early tenure
415,Angela Thomas,Inside Sales,Associate,EMEA,22.6,57.0,0.4676,Medium,paid below level peers
441,Scott Rose,Inside Sales,Associate,APAC,20.4,80.6,0.5418,Medium,performance rating
494,Daniel Mora,Inside Sales,Associate,EMEA,20.8,64.9,0.3448,Low,early tenure
591,Monica Brady,Inside Sales,Associate,North America,23.9,42.6,0.4206,Low,low engagement
603,Michael Logan,Inside Sales,Associate,North America,12.5,71.3,0.4034,Low,early tenure
641,Joel Burnett,Inside Sales,Associate,North America,21.9,61.1,0.4138,Low,early tenure
936,Marc Rodriguez,Inside Sales,Associate,North America,23.2,74.2,0.2911,Low,paid below market
946,Susan Brown,Inside Sales,Associate,North America,20.9,66.1,0.3038,Low,paid below level peers
1054,Kendra Washington,Inside Sales,Associate,EMEA,17.4,71.0,0.4547,Low,early tenure
1056,John Fritz,Inside Sales,Associate,North America,17.8,51.7,0.5284,Medium,early tenure
1057,Brianna Paul,Inside Sales,Associate,North America,0.6,76.9,0.5546,Medium,early tenure
1197,Richard Patterson,Inside Sales,Associate,North America,22.8,85.2,0.3549,Low,long commute
1434,Anthony Miller,Inside Sales,Associate,EMEA,21.7,76.3,0.4292,Low,performance rating
1516,Kiara Miller,Inside Sales,Associate,North America,19.3,75.6,0.3704,Low,early tenure
1542,Christopher Garza,Inside Sales,Associate,EMEA,15.0,74.5,0.2714,Low,early tenure
1645,Robert Wheeler,Inside Sales,Associate,Latin America,10.6,64.4,0.5131,Medium,early tenure
1759,Zachary Miller,Inside Sales,Associate,APAC,8.4,66.6,0.6462,High,early tenure
1959,Scott Coleman,Inside Sales,Associate,North America,14.3,81.4,0.405,Low,early tenure
2009,Sonia Hull,Inside Sales,Associate,North America,8.2,56.2,0.5794,Medium,early tenure
2020,Travis Ball,Inside Sales,Associate,North America,22.9,54.0,0.4264,Low,performance rating
2187,Karen Castillo,Inside Sales,Associate,North America,14.6,51.7,0.5825,Medium,early tenure
2206,Barbara Barker,Inside Sales,Associate,North America,6.7,38.4,0.7273,High,early tenure
2278,Tammy Page,Inside Sales,Associate,North America,8.6,100.0,0.4925,Medium,early tenure
2381,Robert Camacho,Inside Sales,Associate,North America,2.9,57.3,0.6985,High,early tenure
2637,Karen Shelton,Inside Sales,Associate,North America,11.9,50.0,0.5139,Medium,early tenure
2748,Robert Duke,Inside Sales,Associate,APAC,23.9,71.1,0.4306,Low,overdue for promotion
58,Renee Newton,Inside Sales,Analyst,APAC,14.2,93.6,0.524,Medium,early tenure
150,Christine Brown,Inside Sales,Analyst,North America,30.0,72.3,0.3611,Low,performance rating
232,Katrina Garcia,Inside Sales,Analyst,EMEA,20.6,50.4,0.6507,High,performance rating
463,George Vargas,Inside Sales,Analyst,APAC,19.2,92.5,0.5177,Medium,early tenure
467,Angela Suarez DDS,Inside Sales,Analyst,APAC,24.7,51.6,0.4019,Low,paid below level peers
496,Steven Ferguson,Inside Sales,Analyst,North America,30.3,100.0,0.1802,Low,overdue for promotion
521,Beth Young,Inside Sales,Analyst,APAC,34.7,71.7,0.2129,Low,paid below market
561,Sheila Walker,Inside Sales,Analyst,North America,17.0,77.6,0.7142,High,paid below level peers
647,Alexis White,Inside Sales,Analyst,North America,32.1,85.9,0.2788,Low,overdue for promotion
750,John White,Inside Sales,Analyst,EMEA,13.2,62.7,0.7197,High,early tenure
930,David Lopez,Inside Sales,Analyst,North America,30.7,80.1,0.3194,Low,overdue for promotion
1067,Brooke Graham,Inside Sales,Analyst,EMEA,6.9,48.0,0.6279,Medium,early tenure
1576,Christina Haley,Inside Sales,Analyst,EMEA,2.4,47.2,0.7541,High,early tenure
1597,Laura Herman,Inside Sales,Analyst,North America,17.2,79.3,0.482,Medium,early tenure
1635,Natalie Barrera,Inside Sales,Analyst,APAC,18.1,84.1,0.4364,Low,early tenure
1721,Martin Mahoney,Inside Sales,Analyst,APAC,7.7,73.8,0.6874,High,early tenure
1747,Bradley Brown,Inside Sales,Analyst,North America,23.2,74.2,0.3978,Low,performance rating
1770,Ashley Mccarthy,Inside Sales,Analyst,APAC,16.0,43.4,0.7593,High,early tenure
1795,Dalton Harris,Inside Sales,Analyst,North America,31.9,66.5,0.2337,Low,paid below level peers
1828,Michele Meyer,Inside Sales,Analyst,APAC,27.9,70.2,0.4612,Medium,paid below level peers
1935,Michael Morris,Inside Sales,Analyst,APAC,13.9,100.0,0.4514,Low,early tenure
1936,Luis Fuller,Inside Sales,Analyst,APAC,33.0,70.0,0.256,Low,paid below market
1986,Joseph Sullivan,Inside Sales,Analyst,APAC,16.5,78.0,0.5709,Medium,early tenure
2003,Victoria Burke DVM,Inside Sales,Analyst,EMEA,15.3,98.0,0.2474,Low,early tenure
2027,William Parks,Inside Sales,Analyst,APAC,22.2,91.2,0.3799,Low,paid below level peers
2033,Christy Woodward,Inside Sales,Analyst,APAC,2.4,70.7,0.6279,Medium,early tenure
2085,Stephanie Sherman,Inside Sales,Analyst,North America,27.2,96.0,0.223,Low,paid below level peers
2097,Hannah Long,Inside Sales,Analyst,APAC,33.6,86.8,0.1438,Low,paid below market
2252,Megan Schmidt,Inside Sales,Analyst,North America,24.0,56.4,0.3656,Low,paid below market
2275,Lori Blake,Inside Sales,Analyst,North America,29.1,68.8,0.3927,Low,paid below level peers
2331,Brittany Richardson,Inside Sales,Analyst,APAC,35.6,94.1,0.3108,Low,paid below level peers
2377,Rebecca Perry,Inside Sales,Analyst,APAC,11.1,68.4,0.6758,High,early tenure
2419,Jacqueline Edwards MD,Inside Sales,Analyst,EMEA,27.9,78.9,0.1449,Low,department
2431,Steven Castillo,Inside Sales,Analyst,APAC,3.6,71.7,0.841,High,early tenure
2541,Robin Jackson,Inside Sales,Analyst,APAC,19.7,79.9,0.5734,Medium,paid below level peers
2591,Carl Moody,Inside Sales,Analyst,EMEA,23.7,71.7,0.3085,Low,paid below level peers
2640,Jamie Jones,Inside Sales,Analyst,North America,19.5,100.0,0.2087,Low,early tenure
2706,Monica Barnes,Inside Sales,Analyst,North America,25.5,84.6,0.2516,Low,paid below market
2707,Wendy Miles,Inside Sales,Analyst,North America,11.9,78.7,0.6765,High,paid below level peers
2732,Lisa Morales,Inside Sales,Analyst,APAC,34.8,74.5,0.3038,Low,paid below level peers
171,Angela Walker,Inside Sales,Specialist,EMEA,19.6,59.0,0.6263,Medium,performance rating
208,Charlotte Davis,Inside Sales,Senior Analyst,North America,38.6,100.0,0.1258,Low,overdue for promotion
233,Shannon Mueller,Inside Sales,Specialist,APAC,29.0,71.2,0.503,Medium,overdue for promotion
254,Gabriel Maynard,Inside Sales,Specialist,APAC,35.5,68.6,0.2527,Low,paid below market
256,Christopher Campbell,Inside Sales,Specialist,APAC,41.0,70.4,0.2823,Low,performance rating
278,Stephanie Miller,Inside Sales,Senior Analyst,EMEA,14.9,97.3,0.369,Low,early tenure
304,Timothy Dillon,Inside Sales,Senior Analyst,APAC,18.1,68.3,0.5351,Medium,early tenure
337,Craig Doyle,Inside Sales,Senior Analyst,North America,37.0,64.1,0.2767,Low,overdue for promotion
393,Alec Giles,Inside Sales,Specialist,North America,19.8,70.3,0.5918,Medium,paid below level peers
424,Jennifer Klein,Inside Sales,Specialist,EMEA,19.9,100.0,0.382,Low,performance rating
554,Marvin Curry,Inside Sales,Specialist,APAC,49.0,53.7,0.4155,Low,overdue for promotion
628,Joseph Bowen,Inside Sales,Senior Analyst,North America,34.4,83.9,0.1883,Low,department
632,Jared Graham,Inside Sales,Specialist,North America,43.5,82.1,0.2546,Low,performance rating
674,Gregory Harvey,Inside Sales,Senior Analyst,North America,34.9,54.3,0.1933,Low,paid below market
680,Amanda Phillips,Inside Sales,Specialist,APAC,16.7,81.5,0.4934,Medium,early tenure
733,Jermaine Shaw,Inside Sales,Specialist,North America,17.5,44.8,0.6314,Medium,early tenure
790,John Bullock,Inside Sales,Senior Analyst,EMEA,21.1,65.5,0.3888,Low,paid below market
794,Kristen Cowan,Inside Sales,Senior Analyst,North America,17.7,48.8,0.7318,High,early tenure
945,Rachel Robinson,Inside Sales,Specialist,North America,43.6,51.0,0.3311,Low,overdue for promotion
1192,Kirsten Woods,Inside Sales,Specialist,North America,33.8,89.0,0.3311,Low,performance rating
1307,James Simpson,Inside Sales,Senior Analyst,APAC,40.5,100.0,0.1401,Low,paid below level peers
1318,Susan Webb,Inside Sales,Senior Analyst,EMEA,46.5,49.7,0.0987,Low,paid below market
1327,Kelsey Rogers,Inside Sales,Senior Analyst,EMEA,44.6,73.2,0.1994,Low,paid below level peers
1329,Bradley Wagner,Inside Sales,Specialist,EMEA,39.8,61.2,0.1835,Low,paid below market
1340,Melissa Colon,Inside Sales,Specialist,North America,8.4,80.0,0.8001,High,early tenure
1345,Andres Ramos,Inside Sales,Senior Analyst,North America,9.6,55.3,0.7938,High,early tenure
1388,Joshua Ferguson,Inside Sales,Specialist,EMEA,46.8,68.2,0.076,Low,paid below market
1399,Destiny Clements,Inside Sales,Senior Analyst,North America,29.6,54.5,0.7113,High,performance rating
1450,Cristian Cole,Inside Sales,Senior Analyst,North America,36.2,70.9,0.136,Low,paid below market
1522,Mary Brown,Inside Sales,Specialist,North America,14.2,73.2,0.4845,Medium,early tenure
1620,Bob Robles,Inside Sales,Specialist,North America,42.4,62.3,0.2988,Low,performance rating
1654,Robert Murphy,Inside Sales,Senior Analyst,APAC,35.7,54.7,0.4393,Low,high overtime
1661,Daniel Moore,Inside Sales,Senior Analyst,Latin America,34.8,66.8,0.0923,Low,paid below market
1693,Cindy Hernandez,Inside Sales,Senior Analyst,EMEA,24.0,71.8,0.5275,Medium,paid below level peers
1949,Kenneth Jackson,Inside Sales,Senior Analyst,APAC,14.5,70.9,0.634,Medium,early tenure
1984,Nicholas Rodriguez,Inside Sales,Specialist,Latin America,18.6,65.9,0.4752,Medium,paid below level peers
1991,Melissa Williams,Inside Sales,Senior Analyst,North America,23.7,80.3,0.4534,Low,overdue for promotion
2023,Carlos Clark,Inside Sales,Specialist,APAC,41.9,70.1,0.1018,Low,paid below market
2052,James Graham,Inside Sales,Senior Analyst,North America,8.4,53.9,0.784,High,early tenure
2086,Holly Ellis,Inside Sales,Senior Analyst,North America,10.5,53.7,0.7291,High,early tenure
2156,Anna Duncan,Inside Sales,Senior Analyst,EMEA,23.3,39.0,0.7377,High,overdue for promotion
2166,Brittany Watson,Inside Sales,Specialist,EMEA,33.4,80.3,0.1452,Low,paid below market
2171,Todd Davis,Inside Sales,Senior Analyst,APAC,36.4,55.1,0.5927,Medium,overdue for promotion
2192,Rebekah Campbell,Inside Sales,Senior Analyst,North America,40.3,75.0,0.4104,Low,overdue for promotion
2401,Christopher Lee,Inside Sales,Specialist,North America,14.9,69.0,0.5936,Medium,paid below level peers
2445,Thomas Thomas,Inside Sales,Senior Analyst,EMEA,39.9,59.0,0.1907,Low,paid below level peers
2498,Daniel Webb,Inside Sales,Specialist,APAC,12.7,59.4,0.6474,High,early tenure
2542,Dennis Norris,Inside Sales,Senior Analyst,EMEA,48.3,82.4,0.1068,Low,department
2662,Alisha Hendrix,Inside Sales,Senior Analyst,APAC,28.2,92.0,0.1782,Low,region
2698,Robert Rubio,Inside Sales,Senior Analyst,North America,1.2,59.9,0.7244,High,early tenure
2721,Perry Murphy,Inside Sales,Senior Analyst,EMEA,17.3,58.4,0.5523,Medium,early tenure
9,Colleen Jenkins,Inside Sales,Senior Specialist,EMEA,45.5,73.5,0.1639,Low,long commute
381,Kristen Noble,Inside Sales,Senior Specialist,APAC,7.8,97.1,0.6933,High,early tenure
498,Thomas Smith,Inside Sales,Senior Specialist,EMEA,7.2,81.0,0.6594,High,early tenure
523,Kristine Campbell,Inside Sales,Senior Specialist,North America,18.2,62.5,0.5854,Medium,early tenure
588,Mary Carey,Inside Sales,Senior Specialist,North America,42.4,74.3,0.2705,Low,performance rating
700,Christopher Sanchez,Inside Sales,Senior Specialist,North America,49.8,82.9,0.3089,Low,performance rating
862,Brenda Espinoza,Inside Sales,Senior Specialist,North America,49.9,81.2,0.185,Low,overdue for promotion
876,Crystal Ramirez,Inside Sales,Senior Specialist,APAC,8.6,60.0,0.8928,High,early tenure
1491,Melissa Lee,Inside Sales,Senior Specialist,North America,39.8,66.8,0.5617,Medium,overdue for promotion
1538,Jennifer Hall,Inside Sales,Senior Specialist,EMEA,1.0,79.5,0.5716,Medium,early tenure
1583,Judith Donovan,Inside Sales,Senior Specialist,EMEA,44.2,95.3,0.2811,Low,overdue for promotion
1627,Thomas Rowe,Inside Sales,Senior Specialist,North America,9.3,95.3,0.5816,Medium,early tenure
1775,Melanie Washington,Inside Sales,Senior Specialist,APAC,27.5,48.6,0.4415,Low,paid below market
2265,Dennis Koch,Inside Sales,Senior Specialist,North America,47.9,79.8,0.223,Low,overdue for promotion
2410,Jennifer Davis,Inside Sales,Senior Specialist,EMEA,24.7,68.6,0.3779,Low,paid below market
2416,Robin Walker,Inside Sales,Senior Specialist,EMEA,9.5,58.5,0.5393,Medium,early tenure
2526,Nicholas Farley,Inside Sales,Senior Specialist,APAC,21.5,38.8,0.5817,Medium,low engagement
2759,Kayla Marshall,Inside Sales,Senior Specialist,North America,27.6,75.2,0.1826,Low,paid below market
18,Tracy Navarro,Inside Sales,Lead,North America,30.2,81.6,0.4899,Medium,overdue for promotion
63,Patricia Mccarthy,Inside Sales,Lead,EMEA,39.8,61.5,0.3273,Low,overdue for promotion
145,Wanda Walton,Inside Sales,Lead,North America,35.7,79.4,0.1946,Low,seniority level
672,Peter Castillo,Inside Sales,Lead,Latin America,15.2,100.0,0.4776,Medium,early tenure
714,Susan Wilson,Inside Sales,Lead,APAC,27.6,56.2,0.5449,Medium,seniority level
740,Eugene Smith,Inside Sales,Lead,APAC,39.9,39.2,0.5113,Medium,low engagement
752,Christopher Mitchell,Inside Sales,Lead,North America,33.5,88.2,0.2452,Low,paid below level peers
852,Bianca White,Inside Sales,Lead,North America,69.4,88.8,0.0478,Low,paid below level peers
1065,Jaclyn Crawford,Inside Sales,Lead,North America,27.2,84.8,0.3556,Low,paid below level peers
1578,Sandra Bailey,Inside Sales,Lead,North America,67.1,71.5,0.0307,Low,paid below market
1612,Brittany Johnson,Inside Sales,Lead,North America,72.3,79.6,0.0481,Low,overdue for promotion
1880,Ronald Conrad,Inside Sales,Lead,APAC,51.3,56.8,0.3459,Low,performance rating
1906,Rebecca Meyer,Inside Sales,Lead,EMEA,38.1,60.7,0.3299,Low,paid below level peers
2432,Kevin Acosta,Inside Sales,Lead,North America,54.3,82.0,0.1251,Low,overdue for promotion
2503,Jennifer Gibson,Inside Sales,Lead,North America,39.9,81.5,0.2249,Low,paid below market
2745,Diane Ferguson,Inside Sales,Lead,North America,38.2,53.7,0.4093,Low,paid below level peers
2763,Jeremy Santiago,Inside Sales,Lead,APAC,15.7,72.8,0.7861,High,early tenure
272,Jessica Stevenson,Inside Sales,Manager,EMEA,41.9,61.9,0.2181,Low,seniority level
713,Tammy Garcia,Inside Sales,Manager,North America,41.9,46.7,0.5648,Medium,overdue for promotion
886,Elijah Allen,Inside Sales,Manager,EMEA,60.2,87.5,0.0468,Low,seniority level
1285,David Hines,Inside Sales,Manager,APAC,39.5,69.9,0.6398,Medium,overdue for promotion
1650,Mary Braun,Inside Sales,Manager,EMEA,51.9,49.6,0.3034,Low,paid below level peers
1899,Michael Payne,Inside Sales,Manager,North America,39.0,64.3,0.4789,Medium,seniority level
2158,Matthew Watson,Inside Sales,Manager,EMEA,56.9,53.9,0.1427,Low,seniority level
2447,Shawn Brown,Inside Sales,Manager,North America,7.9,42.5,0.84,High,early tenure
2462,Bryan Carpenter,Inside Sales,Manager,APAC,2.7,68.8,0.7752,High,early tenure
2695,Sara Gray,Inside Sales,Manager,APAC,47.9,77.7,0.2134,Low,paid below level peers
2751,Margaret Kim,Inside Sales,Manager,North America,86.4,94.4,0.0349,Low,paid below level peers
219,Larry Powell,Inside Sales,Senior Manager,North America,67.9,73.3,0.0908,Low,overdue for promotion
268,Joshua Beard,Inside Sales,Senior Manager,North America,19.2,82.3,0.7324,High,seniority level
305,Krystal Pratt,Inside Sales,Senior Manager,EMEA,19.3,75.1,0.5654,Medium,seniority level
609,Harold Taylor,Inside Sales,Senior Manager,North America,63.5,78.7,0.1333,Low,overdue for promotion
916,Wendy Marquez,Inside Sales,Senior Manager,Latin America,37.0,55.1,0.5376,Medium,seniority level
941,Melissa Escobar PhD,Inside Sales,Senior Manager,APAC,14.9,100.0,0.7099,High,seniority level
949,Randy Mitchell,Inside Sales,Senior Manager,North America,48.8,65.3,0.2953,Low,seniority level
1078,Matthew Miller,Inside Sales,Senior Manager,APAC,59.7,88.3,0.2996,Low,overdue for promotion
1216,Raymond Smith,Inside Sales,Senior Manager,North America,31.0,76.3,0.4562,Low,seniority level
1236,Cheryl Martin,Inside Sales,Senior Manager,North America,85.0,94.3,0.0187,Low,seniority level
1733,Don Johnson,Inside Sales,Senior Manager,APAC,39.2,38.7,0.8121,High,paid below level peers
2437,Eric Thompson,Inside Sales,Senior Manager,APAC,9.6,55.8,0.8991,High,early tenure
77,Sophia Stewart,Inside Sales,Director,North America,88.8,59.2,0.0316,Low,seniority level
998,Patricia Christensen,Inside Sales,Director,North America,96.2,90.2,0.0269,Low,overdue for promotion
1966,Kristin Phillips,Inside Sales,Director,North America,69.6,74.8,0.0695,Low,seniority level
22,Tina Kane,Manufacturing,Associate,EMEA,5.7,57.9,0.5821,Medium,early tenure
391,Valerie Delacruz MD,Manufacturing,Associate,APAC,18.3,72.6,0.4107,Low,early tenure
429,Judy Lowe,Manufacturing,Associate,APAC,5.4,61.5,0.6589,High,early tenure
754,Marisa Harris,Manufacturing,Associate,North America,13.6,78.6,0.397,Low,early tenure
788,Nicole Robertson,Manufacturing,Associate,APAC,18.1,93.9,0.3897,Low,paid below level peers
819,Sandra Cox,Manufacturing,Associate,North America,12.2,56.1,0.5491,Medium,early tenure
843,Donna Torres,Manufacturing,Associate,APAC,13.0,66.9,0.593,Medium,early tenure
910,Emily Hodges,Manufacturing,Associate,Latin America,14.6,80.9,0.4016,Low,early tenure
938,Jeremy Henry,Manufacturing,Associate,North America,3.8,84.3,0.4563,Low,early tenure
1000,Julie Lopez,Manufacturing,Associate,North America,22.6,81.3,0.4201,Low,performance rating
1198,Rita Jones,Manufacturing,Associate,APAC,8.4,72.0,0.3682,Low,early tenure
1356,Mary Walker,Manufacturing,Associate,North America,4.5,44.4,0.7109,High,early tenure
1379,Margaret Blankenship,Manufacturing,Associate,North America,3.3,67.6,0.5111,Medium,early tenure
1395,Elizabeth Krueger,Manufacturing,Associate,North America,8.0,69.5,0.419,Low,early tenure
1587,Andres Patel,Manufacturing,Associate,North America,8.4,66.6,0.4502,Low,early tenure
1599,Donna Anderson,Manufacturing,Associate,APAC,3.8,53.4,0.54,Medium,early tenure
1811,Melissa Blanchard,Manufacturing,Associate,North America,9.4,67.2,0.532,Medium,early tenure
1824,Angela Weeks,Manufacturing,Associate,APAC,20.6,72.4,0.5018,Medium,paid below level peers
1860,Brendan Newman,Manufacturing,Associate,APAC,1.2,82.7,0.5084,Medium,early tenure
1887,Justin Miller,Manufacturing,Associate,EMEA,13.7,81.7,0.3228,Low,early tenure
1902,James Smith,Manufacturing,Associate,North America,6.1,51.7,0.6525,High,early tenure
2288,Dennis Fleming,Manufacturing,Associate,North America,7.4,64.2,0.5209,Medium,early tenure
2421,Lucas Gonzalez,Manufacturing,Associate,North America,18.5,49.3,0.425,Low,early tenure
2518,Xavier Roberts,Manufacturing,Associate,North America,3.0,79.7,0.6298,Medium,early tenure
2571,Ashley Love,Manufacturing,Associate,Latin America,12.9,51.5,0.642,High,early tenure
2655,Tristan Miller,Manufacturing,Associate,APAC,3.6,95.6,0.4909,Medium,early tenure
2676,Alisha Riley,Manufacturing,Associate,Latin America,5.5,53.8,0.5005,Medium,early tenure
2741,David Montgomery,Manufacturing,Associate,North America,1.3,49.5,0.5682,Medium,early tenure
50,George Myers,Manufacturing,Analyst,North America,9.5,56.8,0.4269,Low,early tenure
213,Rachael Hill,Manufacturing,Analyst,EMEA,34.8,67.4,0.3049,Low,paid below level peers
418,Douglas Nash,Manufacturing,Analyst,EMEA,21.1,73.9,0.2529,Low,overdue for promotion
436,Kimberly Murphy,Manufacturing,Analyst,North America,23.9,63.0,0.1899,Low,paid below market
447,Shelby Scott,Manufacturing,Analyst,North America,26.8,52.5,0.421,Low,paid below level peers
639,Lisa White,Manufacturing,Analyst,North America,13.1,80.2,0.288,Low,early tenure
660,Jessica Brown,Manufacturing,Analyst,North America,23.5,64.6,0.3862,Low,paid below level peers
698,Keith Lewis,Manufacturing,Analyst,APAC,6.6,69.4,0.6234,Medium,early tenure
728,Lauren Peters,Manufacturing,Analyst,APAC,21.2,81.7,0.4545,Low,performance rating
739,Renee Fisher,Manufacturing,Analyst,North America,27.3,62.6,0.2745,Low,paid below market
744,Jeffrey Pacheco,Manufacturing,Analyst,Latin America,29.8,38.5,0.4455,Low,overdue for promotion
795,Emily Greer,Manufacturing,Analyst,North America,30.9,72.7,0.122,Low,paid below market
877,James Mooney,Manufacturing,Analyst,APAC,34.2,78.2,0.2598,Low,paid below market
1044,Jessica Rogers,Manufacturing,Analyst,APAC,20.7,82.4,0.3509,Low,overdue for promotion
1066,Krista Nichols,Manufacturing,Analyst,Latin America,8.2,56.6,0.6164,Medium,early tenure
1170,Kaitlyn Lopez,Manufacturing,Analyst,EMEA,1.1,47.8,0.7479,High,early tenure
1259,Taylor Banks,Manufacturing,Analyst,APAC,18.5,59.4,0.5631,Medium,early tenure
1302,John Salazar,Manufacturing,Analyst,EMEA,13.5,56.4,0.2377,Low,early tenure
1400,Stuart Reeves,Manufacturing,Analyst,APAC,7.1,55.7,0.8547,High,early tenure
1409,Todd Gates,Manufacturing,Analyst,North America,24.9,81.6,0.2615,Low,paid below level peers
1422,Stacey Castillo,Manufacturing,Analyst,APAC,27.9,61.3,0.3129,Low,paid below market
1442,Brenda Morgan,Manufacturing,Analyst,North America,36.3,89.5,0.0807,Low,paid below level peers
1446,Karen Rice,Manufacturing,Analyst,EMEA,16.3,84.3,0.2931,Low,early tenure
1471,Morgan Nguyen,Manufacturing,Analyst,APAC,5.7,38.3,0.5958,Medium,early tenure
1552,Robert Grant,Manufacturing,Analyst,APAC,34.6,74.0,0.3879,Low,overdue for promotion
1709,Whitney Myers,Manufacturing,Analyst,EMEA,32.3,71.3,0.2973,Low,paid below level peers
1916,Victor Castillo,Manufacturing,Analyst,Latin America,6.7,64.8,0.4964,Medium,early tenure
2083,Michele Morrison,Manufacturing,Analyst,North America,9.7,81.3,0.4229,Low,early tenure
2102,Victor James,Manufacturing,Analyst,North America,30.5,65.4,0.3683,Low,paid below level peers
2108,Lori French,Manufacturing,Analyst,APAC,13.3,73.1,0.5249,Medium,early tenure
2243,Alicia Gutierrez,Manufacturing,Analyst,APAC,26.1,63.2,0.4012,Low,region
2314,Michelle Lowery,Manufacturing,Analyst,APAC,2.6,88.2,0.6664,High,early tenure
2318,Timothy Brown,Manufacturing,Analyst,APAC,20.0,54.9,0.5752,Medium,paid below level peers
2360,Denise Garcia,Manufacturing,Analyst,North America,3.7,95.6,0.3294,Low,early tenure
2466,Teresa Clark,Manufacturing,Analyst,Latin America,36.3,44.7,0.2429,Low,performance rating
2506,Jordan Brown,Manufacturing,Analyst,North America,28.5,76.2,0.1907,Low,paid below level peers
2543,Mark Johnson,Manufacturing,Analyst,North America,13.3,63.9,0.7233,High,early tenure
2603,Barry Carson,Manufacturing,Analyst,North America,25.4,51.2,0.4562,Low,overdue for promotion
2726,Samuel Lopez,Manufacturing,Analyst,North America,10.4,56.8,0.5728,Medium,early tenure
5,Mrs. Lisa Barnes PhD,Manufacturing,Senior Analyst,North America,27.2,84.8,0.3194,Low,overdue for promotion
184,Maxwell Ward,Manufacturing,Senior Analyst,North America,39.8,77.5,0.087,Low,paid below level peers
242,Jeffery Houston,Manufacturing,Specialist,North America,42.6,71.4,0.1962,Low,overdue for promotion
243,Jesse Porter,Manufacturing,Senior Analyst,APAC,2.2,66.1,0.6085,Medium,early tenure
335,Gabrielle Barber,Manufacturing,Senior Analyst,North America,6.3,49.4,0.7085,High,early tenure
348,Tyler Hall,Manufacturing,Senior Analyst,North America,19.9,59.8,0.4595,Low,paid below level peers
437,David Walter,Manufacturing,Senior Analyst,North America,9.3,79.5,0.5707,Medium,early tenure
445,Christine Miller,Manufacturing,Senior Analyst,Latin America,36.9,61.4,0.2288,Low,overdue for promotion
474,Kenneth Clark,Manufacturing,Senior Analyst,EMEA,3.4,80.2,0.5835,Medium,early tenure
513,Peter Adams,Manufacturing,Specialist,North America,23.9,78.9,0.1681,Low,paid below market
516,Kathleen Gray,Manufacturing,Specialist,North America,23.2,57.0,0.528,Medium,overdue for promotion
531,Zachary Dixon,Manufacturing,Senior Analyst,North America,22.8,87.1,0.2882,Low,paid below level peers
816,Sabrina Atkins,Manufacturing,Specialist,North America,11.8,86.9,0.5228,Medium,early tenure
959,Vanessa Patterson DDS,Manufacturing,Specialist,APAC,8.5,88.6,0.6874,High,early tenure
1036,Debbie Collins,Manufacturing,Senior Analyst,North America,5.0,73.5,0.5693,Medium,early tenure
1049,Jack Wyatt,Manufacturing,Senior Analyst,Latin America,3.0,59.2,0.7262,High,early tenure
1159,Teresa Thomas,Manufacturing,Senior Analyst,North America,44.8,41.6,0.1,Low,paid below market
1223,Austin Howard,Manufacturing,Senior Analyst,North America,45.0,100.0,0.1509,Low,overdue for promotion
1264,Jermaine Jenkins,Manufacturing,Specialist,North America,17.3,55.5,0.5632,Medium,paid below level peers
1362,Linda Mendoza,Manufacturing,Senior Analyst,North America,30.6,64.8,0.354,Low,overdue for promotion
1448,Evelyn Lindsey,Manufacturing,Senior Analyst,APAC,12.4,90.6,0.5903,Medium,early tenure
1451,Rebecca Mcgee,Manufacturing,Senior Analyst,APAC,23.4,66.5,0.5509,Medium,overdue for promotion
1452,Frederick Snow,Manufacturing,Specialist,EMEA,13.2,69.3,0.5586,Medium,early tenure
1475,Gregory Johnson,Manufacturing,Senior Analyst,EMEA,44.3,60.7,0.116,Low,overdue for promotion
1492,Mark King,Manufacturing,Senior Analyst,APAC,13.3,86.7,0.5356,Medium,early tenure
1525,Alexander Yoder,Manufacturing,Senior Analyst,Latin America,10.4,73.5,0.5826,Medium,early tenure
1555,Gary Griffin,Manufacturing,Senior Analyst,EMEA,16.7,68.5,0.4203,Low,early tenure
1570,Gary Snow,Manufacturing,Senior Analyst,Latin America,22.1,59.1,0.4488,Low,performance rating
1591,Tiffany Hill,Manufacturing,Senior Analyst,North America,3.3,88.3,0.4581,Low,early tenure
1663,Lauren Parks,Manufacturing,Specialist,APAC,9.2,60.3,0.7399,High,early tenure
1743,Margaret Moore,Manufacturing,Senior Analyst,APAC,15.3,94.1,0.4708,Medium,early tenure
1774,Sean Gomez DDS,Manufacturing,Specialist,APAC,8.5,64.8,0.7488,High,early tenure
1918,Ashley Thompson,Manufacturing,Specialist,North America,16.9,82.6,0.4668,Medium,early tenure
1947,Amanda Erickson,Manufacturing,Senior Analyst,North America,13.8,80.2,0.3479,Low,early tenure
1950,Michelle Wilson,Manufacturing,Specialist,EMEA,8.7,82.3,0.5581,Medium,early tenure
1985,Cameron Adkins,Manufacturing,Senior Analyst,APAC,47.0,57.5,0.2405,Low,performance rating
2024,Courtney Hunter,Manufacturing,Senior Analyst,APAC,49.6,87.2,0.0587,Low,paid below market
2043,Bruce Harrison,Manufacturing,Senior Analyst,North America,29.7,71.1,0.4161,Low,overdue for promotion
2098,Ricardo Wilson,Manufacturing,Specialist,EMEA,23.5,83.5,0.234,Low,paid below market
2179,Jessica Pena,Manufacturing,Senior Analyst,North America,21.9,41.2,0.3776,Low,paid below level peers
2294,Terri Knight,Manufacturing,Specialist,EMEA,39.3,85.8,0.2131,Low,overdue for promotion
2371,David Rivera,Manufacturing,Senior Analyst,North America,19.0,53.0,0.5466,Medium,early tenure
2373,Vincent Miranda,Manufacturing,Senior Analyst,North America,24.6,76.9,0.5581,Medium,paid below level peers
2514,Matthew Black,Manufacturing,Specialist,North America,16.3,77.1,0.488,Medium,paid below level peers
2515,Amanda Anderson,Manufacturing,Specialist,North America,25.6,77.5,0.6413,High,performance rating
2516,Michael Rojas,Manufacturing,Specialist,APAC,39.2,54.6,0.2743,Low,performance rating
2549,Christian Hale,Manufacturing,Senior Analyst,North America,44.6,51.1,0.1912,Low,paid below market
2605,Heather Mendez,Manufacturing,Senior Analyst,APAC,15.4,68.5,0.5312,Medium,early tenure
2647,John Edwards,Manufacturing,Specialist,APAC,24.2,70.4,0.2782,Low,region
2671,Brandon Taylor,Manufacturing,Senior Analyst,Latin America,32.9,63.4,0.2861,Low,paid below level peers
2687,Richard Beck,Manufacturing,Specialist,EMEA,34.7,72.3,0.2662,Low,paid below level peers
4,Danny Bailey,Manufacturing,Senior Specialist,APAC,30.0,63.9,0.5983,Medium,performance rating
34,Amy Morris,Manufacturing,Senior Specialist,North America,15.2,61.2,0.5551,Medium,paid below level peers
275,Cynthia Dean,Manufacturing,Senior Specialist,North America,23.4,68.4,0.3792,Low,seniority level
493,Donald Mann,Manufacturing,Senior Specialist,North America,14.9,55.6,0.4959,Medium,early tenure
549,Jared Flores,Manufacturing,Senior Specialist,APAC,7.1,84.0,0.6219,Medium,early tenure
602,Samuel Banks,Manufacturing,Senior Specialist,North America,13.5,67.0,0.5466,Medium,early tenure
765,Laura Griffin,Manufacturing,Senior Specialist,APAC,29.6,42.1,0.558,Medium,paid below level peers
1219,Nicole Johnson,Manufacturing,Senior Specialist,Latin America,29.2,92.9,0.1686,Low,paid below market
1809,Brandon Malone,Manufacturing,Senior Specialist,North America,57.5,41.7,0.1796,Low,overdue for promotion
1862,Daniel Miller,Manufacturing,Senior Specialist,North America,31.1,79.5,0.2595,Low,paid below level peers
1901,Kendra Long,Manufacturing,Senior Specialist,APAC,52.5,100.0,0.0649,Low,paid below market
2236,Gary Jones,Manufacturing,Senior Specialist,APAC,34.7,85.5,0.3853,Low,paid below level peers
2259,Sheri Peterson,Manufacturing,Senior Specialist,North America,33.3,39.4,0.2397,Low,low engagement
2263,Michelle Richardson,Manufacturing,Senior Specialist,APAC,60.5,64.4,0.0457,Low,paid below market
2458,Charles Terrell,Manufacturing,Senior Specialist,APAC,41.6,80.5,0.1987,Low,region
2641,Tracy Rios,Manufacturing,Senior Specialist,APAC,41.3,68.2,0.202,Low,paid below market
340,Lori Mcfarland,Manufacturing,Lead,North America,2.4,74.9,0.7534,High,early tenure
1010,Ryan Conner,Manufacturing,Lead,North America,44.7,92.5,0.1513,Low,seniority level
1188,Annette Weber,Manufacturing,Lead,EMEA,27.7,69.0,0.349,Low,paid below market
1195,Heather Daugherty,Manufacturing,Lead,Latin America,73.0,93.3,0.0253,Low,performance rating
1300,Rhonda Allison,Manufacturing,Lead,EMEA,7.8,70.3,0.7128,High,early tenure
1659,Kyle Burton,Manufacturing,Lead,APAC,59.7,66.6,0.3266,Low,overdue for promotion
1827,Adam Wilkinson,Manufacturing,Lead,North America,23.1,88.8,0.4486,Low,seniority level
1903,Kimberly Fernandez,Manufacturing,Lead,APAC,12.5,53.5,0.8233,High,early tenure
2119,Joshua Hill,Manufacturing,Lead,EMEA,34.9,96.4,0.1454,Low,paid below level peers
2231,Valerie Harper,Manufacturing,Lead,EMEA,38.4,74.5,0.2668,Low,paid below level peers
2283,Kenneth Benson,Manufacturing,Lead,North America,57.9,64.2,0.0622,Low,paid below level peers
2391,Monique Tran,Manufacturing,Lead,North America,16.8,96.9,0.3871,Low,early tenure
2477,Brian Fisher,Manufacturing,Lead,APAC,0.8,73.1,0.8438,High,early tenure
2625,David Wells,Manufacturing,Lead,North America,5.3,98.3,0.649,High,early tenure
2727,Theresa Johnson,Manufacturing,Lead,EMEA,5.4,48.0,0.7483,High,early tenure
298,Eric Baker,Manufacturing,Manager,North America,62.4,62.7,0.0709,Low,seniority level
378,Wendy Montoya,Manufacturing,Manager,APAC,74.7,79.0,0.0458,Low,paid below level peers
694,Martin Zhang,Manufacturing,Manager,North America,28.2,73.6,0.4115,Low,paid below level peers
747,Patrick Diaz,Manufacturing,Manager,EMEA,78.3,66.4,0.0139,Low,paid below market
835,Kathy Perry,Manufacturing,Manager,APAC,84.2,47.0,0.0299,Low,paid below market
1196,Jennifer Mclean,Manufacturing,Manager,APAC,82.8,47.7,0.0911,Low,overdue for promotion
1217,John Blackburn,Manufacturing,Manager,North America,68.9,81.4,0.0496,Low,seniority level
1605,Jill Yang,Manufacturing,Manager,North America,9.5,57.1,0.731,High,early tenure
1655,Alicia Hernandez,Manufacturing,Manager,APAC,3.3,82.6,0.7333,High,early tenure
1821,Sara Joseph,Manufacturing,Manager,APAC,85.3,72.4,0.0136,Low,paid below level peers
2708,Justin Perkins,Manufacturing,Manager,North America,9.8,79.2,0.7367,High,early tenure
74,Kenneth Jones,Manufacturing,Senior Manager,APAC,57.6,74.7,0.1795,Low,seniority level
143,Kelli Smith,Manufacturing,Senior Manager,North America,97.0,68.1,0.0092,Low,seniority level
1203,Kathryn Freeman,Manufacturing,Senior Manager,APAC,8.5,49.5,0.8734,High,early tenure
1213,Krista Green,Manufacturing,Senior Manager,EMEA,74.1,56.5,0.0343,Low,seniority level
1689,Victoria Bentley,Manufacturing,Senior Manager,North America,63.9,44.8,0.1185,Low,seniority level
1878,Juan Leach,Manufacturing,Senior Manager,EMEA,38.4,90.1,0.181,Low,seniority level
1907,Brian Beard,Manufacturing,Senior Manager,APAC,40.2,52.0,0.3744,Low,seniority level
2343,Christopher Gentry,Manufacturing,Senior Manager,APAC,52.1,62.8,0.3888,Low,seniority level
2681,Kathryn Crosby,Manufacturing,Senior Manager,Latin America,23.8,50.8,0.8334,High,seniority level
2798,Joseph Levy,Manufacturing,Senior Manager,North America,28.6,76.9,0.3453,Low,seniority level
1480,Michael Miller,Manufacturing,Director,North America,96.9,65.0,0.0093,Low,seniority level
11,Laurie Brewer,Marketing,Associate,Latin America,14.8,87.7,0.3037,Low,early tenure
151,Kimberly Brown,Marketing,Associate,APAC,13.5,79.4,0.7004,High,early tenure
295,Miguel Wagner,Marketing,Associate,North America,3.1,58.9,0.4529,Low,early tenure
636,Dr. Philip Morales,Marketing,Associate,EMEA,11.6,63.5,0.4185,Low,early tenure
855,Janet Reed,Marketing,Associate,North America,6.9,57.8,0.5738,Medium,early tenure
958,Mark Adams,Marketing,Associate,APAC,16.7,86.3,0.3122,Low,early tenure
968,Eric Morris,Marketing,Associate,North America,21.3,69.2,0.1531,Low,paid below market
1140,Craig Oneill,Marketing,Associate,North America,2.2,52.5,0.5301,Medium,early tenure
1249,Jason Miller,Marketing,Associate,APAC,20.3,87.6,0.3793,Low,early tenure
1253,Krystal Smith,Marketing,Associate,APAC,15.6,76.8,0.3522,Low,early tenure
1301,Daniel Miller,Marketing,Associate,APAC,5.1,71.4,0.4533,Low,early tenure
1311,Dr. Lindsay Dunn MD,Marketing,Associate,EMEA,14.6,71.4,0.378,Low,early tenure
1312,Daniel Deleon,Marketing,Associate,North America,20.9,47.1,0.3178,Low,paid below market
1382,Sarah Marshall,Marketing,Associate,North America,17.6,70.6,0.2084,Low,early tenure
1404,Brian Taylor,Marketing,Associate,Latin America,24.1,72.0,0.2999,Low,overdue for promotion
1531,David Williams,Marketing,Associate,North America,6.1,47.4,0.6467,High,early tenure
1546,Todd Aguilar,Marketing,Associate,APAC,22.1,59.2,0.2755,Low,region
1688,Barry Powell,Marketing,Associate,North America,23.8,80.1,0.4368,Low,overdue for promotion
1837,Dennis Brown,Marketing,Associate,APAC,12.6,82.2,0.3849,Low,early tenure
1853,Angela Parker,Marketing,Associate,EMEA,14.7,76.4,0.2718,Low,paid below market
1870,David Bailey,Marketing,Associate,APAC,18.3,70.6,0.5079,Medium,paid below level peers
1915,Danny Anderson,Marketing,Associate,North America,22.2,59.0,0.1795,Low,paid below market
2096,Keith Johnson,Marketing,Associate,APAC,2.3,75.4,0.4647,Medium,early tenure
2124,Dr. Matthew Hall,Marketing,Associate,North America,2.2,95.3,0.5591,Medium,early tenure
2199,Eric Harper,Marketing,Associate,North America,24.0,64.8,0.2971,Low,performance rating
2235,Christopher Hurst,Marketing,Associate,North America,9.7,94.5,0.35,Low,early tenure
2237,Sierra Wilson,Marketing,Associate,North America,10.8,71.6,0.5576,Medium,early tenure
2306,Jaime Perkins,Marketing,Associate,EMEA,17.6,78.9,0.2249,Low,early tenure
2443,Carlos Tran,Marketing,Associate,APAC,3.0,60.8,0.6099,Medium,early tenure
2544,Derek Johnson,Marketing,Associate,North America,11.1,76.0,0.4485,Low,early tenure
2634,Janet Massey,Marketing,Associate,North America,1.2,41.6,0.6773,High,early tenure
2740,Melinda Meyer,Marketing,Associate,North America,20.3,73.3,0.329,Low,early tenure
2785,Christina Todd,Marketing,Associate,APAC,18.0,63.5,0.5026,Medium,paid below level peers
24,Mark Khan,Marketing,Analyst,APAC,21.0,72.7,0.4037,Low,paid below market
30,Mark Walter,Marketing,Analyst,North America,29.4,88.1,0.1171,Low,overdue for promotion
54,Courtney Anderson,Marketing,Analyst,APAC,19.8,65.7,0.6477,High,performance rating
89,Ian Yates,Marketing,Analyst,EMEA,6.8,84.7,0.4042,Low,early tenure
93,Melissa Young,Marketing,Analyst,APAC,8.0,58.1,0.5532,Medium,early tenure
226,Vicki Thomas,Marketing,Analyst,Latin America,6.7,80.1,0.393,Low,early tenure
234,Tamara Flores,Marketing,Analyst,North America,6.0,59.6,0.6985,High,early tenure
352,Richard Taylor,Marketing,Analyst,APAC,22.1,59.8,0.5036,Medium,performance rating
367,Charles Hatfield,Marketing,Analyst,APAC,22.7,75.9,0.3323,Low,region
372,Mitchell Price,Marketing,Analyst,North America,29.4,80.0,0.2328,Low,performance rating
374,Carolyn Norton,Marketing,Analyst,APAC,32.3,68.0,0.2905,Low,paid below market
649,Thomas Davis,Marketing,Analyst,North America,26.8,79.1,0.2215,Low,paid below level peers
712,Kathleen Mays MD,Marketing,Analyst,North America,5.9,41.7,0.7759,High,early tenure
753,Benjamin Boyd,Marketing,Analyst,EMEA,35.8,85.4,0.2124,Low,performance rating
900,Sandra Johnson,Marketing,Analyst,North America,6.9,37.6,0.6496,High,early tenure
977,April Williams,Marketing,Analyst,North America,16.7,55.6,0.5209,Medium,paid below level peers
999,Shirley Moran,Marketing,Analyst,North America,27.8,89.7,0.2237,Low,overdue for promotion
1149,Andrew Schwartz,Marketing,Analyst,Latin America,26.4,85.1,0.3622,Low,overdue for promotion
1173,Brandon Rice,Marketing,Analyst,APAC,32.8,84.1,0.1662,Low,paid below market
1251,Lisa Lopez,Marketing,Analyst,North America,11.0,85.3,0.5581,Medium,early tenure
1431,Steven Li,Marketing,Analyst,APAC,20.8,89.6,0.4778,Medium,high overtime
1479,Cynthia Santos,Marketing,Analyst,North America,17.9,71.1,0.4686,Medium,early tenure
1534,Evelyn Sanchez,Marketing,Analyst,North America,32.8,77.0,0.1419,Low,paid below level peers
1547,Kimberly Horne,Marketing,Analyst,North America,10.2,58.8,0.6299,Medium,early tenure
1557,Robert Molina,Marketing,Analyst,North America,29.0,52.6,0.1862,Low,paid below market
1584,Thomas Cross,Marketing,Analyst,EMEA,22.1,87.7,0.1597,Low,early tenure
1796,Marcus Smith,Marketing,Analyst,APAC,31.4,58.3,0.322,Low,paid below level peers
1921,Michael Mitchell,Marketing,Analyst,North America,37.1,59.5,0.1164,Low,overdue for promotion
1929,Deborah Jones,Marketing,Analyst,North America,13.0,78.1,0.4227,Low,early tenure
2059,Timothy Ward,Marketing,Analyst,Latin America,22.8,88.8,0.2926,Low,paid below level peers
2151,William Davis,Marketing,Analyst,North America,12.0,81.3,0.4844,Medium,early tenure
2302,Jennifer Holmes,Marketing,Analyst,North America,29.8,97.7,0.1447,Low,paid below level peers
2375,Jesus Parker,Marketing,Analyst,APAC,18.1,70.4,0.4885,Medium,early tenure
2459,Gabriel Cole,Marketing,Analyst,EMEA,4.4,70.8,0.5349,Medium,early tenure
2702,Nathan Arnold,Marketing,Analyst,North America,26.7,77.2,0.2435,Low,paid below market
68,Jonathan Golden,Marketing,Senior Analyst,APAC,30.4,77.7,0.1721,Low,paid below market
161,Phillip Thomas,Marketing,Specialist,North America,23.9,89.2,0.1759,Low,paid below market
162,Laura Mercado,Marketing,Specialist,North America,47.6,78.5,0.0598,Low,paid below market
174,Nancy Green,Marketing,Specialist,North America,8.3,90.6,0.5012,Medium,early tenure
293,Rachel Martinez,Marketing,Senior Analyst,North America,45.3,79.8,0.0803,Low,paid below level peers
365,Antonio White,Marketing,Specialist,North America,27.3,95.4,0.3717,Low,overdue for promotion
422,Christopher Valencia,Marketing,Specialist,EMEA,6.7,68.6,0.5023,Medium,early tenure
451,Jennifer Phillips,Marketing,Specialist,EMEA,17.4,94.6,0.3215,Low,paid below level peers
459,Corey Summers,Marketing,Senior Analyst,APAC,17.8,73.5,0.5427,Medium,early tenure
505,Stephanie Andrews,Marketing,Specialist,Latin America,11.6,64.2,0.4596,Low,early tenure
659,Jennifer Olson,Marketing,Specialist,North America,42.4,62.0,0.1297,Low,paid below market
719,Brian Mendez,Marketing,Senior Analyst,North America,48.5,59.7,0.1506,Low,paid below level peers
757,Amy Morton,Marketing,Specialist,APAC,26.7,72.1,0.477,Medium,overdue for promotion
814,Ronald Boyle,Marketing,Senior Analyst,North America,12.7,69.9,0.511,Medium,early tenure
848,Julia Henry,Marketing,Senior Analyst,EMEA,34.5,76.2,0.248,Low,overdue for promotion
856,Timothy Bowman,Marketing,Senior Analyst,APAC,46.4,80.3,0.2486,Low,performance rating
881,Alan Leach,Marketing,Senior Analyst,North America,43.3,57.2,0.1165,Low,overdue for promotion
883,Amanda Butler,Marketing,Specialist,North America,3.8,67.5,0.5649,Medium,early tenure
931,Robyn Mcpherson,Marketing,Senior Analyst,North America,48.0,55.2,0.1104,Low,overdue for promotion
966,Laura Cross,Marketing,Senior Analyst,APAC,43.5,74.6,0.1243,Low,region
1086,Steven Livingston,Marketing,Specialist,North America,30.4,57.5,0.3355,Low,paid below level peers
1097,Christopher Scott,Marketing,Senior Analyst,North America,5.3,66.0,0.5786,Medium,early tenure
1377,Robert Lee,Marketing,Senior Analyst,North America,14.7,58.1,0.4403,Low,early tenure
1507,Andrew Jones,Marketing,Specialist,EMEA,7.4,76.9,0.5461,Medium,early tenure
1641,Thomas Davis,Marketing,Senior Analyst,North America,6.3,46.8,0.6608,High,early tenure
1830,Michele Johnson,Marketing,Senior Analyst,North America,7.2,61.3,0.5653,Medium,early tenure
1939,Linda Cook,Marketing,Senior Analyst,APAC,25.1,74.0,0.5173,Medium,performance rating
1963,Monique Brooks,Marketing,Senior Analyst,APAC,14.9,84.6,0.603,Medium,early tenure
1972,Eric Hicks,Marketing,Specialist,North America,26.5,83.0,0.2688,Low,paid below level peers
2112,Christopher Stevens,Marketing,Senior Analyst,North America,28.9,74.2,0.3128,Low,overdue for promotion
2241,William Higgins,Marketing,Senior Analyst,North America,8.6,60.7,0.6223,Medium,early tenure
2312,Mr. Steven Martinez PhD,Marketing,Specialist,North America,34.7,60.9,0.2684,Low,overdue for promotion
2388,Timothy Woods,Marketing,Senior Analyst,North America,43.5,63.3,0.3046,Low,overdue for promotion
2415,Katherine Quinn,Marketing,Senior Analyst,North America,43.1,74.6,0.2599,Low,overdue for promotion
2499,David Sutton,Marketing,Senior Analyst,North America,45.0,87.7,0.0508,Low,paid below level peers
2559,Michael Malone,Marketing,Specialist,North America,16.2,71.6,0.4561,Low,early tenure
2594,Ann Young,Marketing,Specialist,North America,9.2,87.0,0.4646,Medium,early tenure
2622,Andrew Vega PhD,Marketing,Senior Analyst,APAC,7.2,95.6,0.6497,High,early tenure
2660,Justin Cole,Marketing,Specialist,North America,47.7,62.2,0.0953,Low,paid below market
2680,Craig Hicks,Marketing,Senior Analyst,North America,28.1,67.4,0.4575,Low,performance rating
2689,Michael Clark,Marketing,Specialist,APAC,25.9,57.4,0.4832,Medium,performance rating
2705,Michael Thompson,Marketing,Specialist,APAC,10.8,100.0,0.4927,Medium,early tenure
2784,Kyle Long,Marketing,Specialist,APAC,48.2,75.3,0.2078,Low,paid below level peers
2793,Jaclyn Patterson,Marketing,Senior Analyst,North America,36.1,69.7,0.2171,Low,paid below level peers
10,Kelli Goodwin,Marketing,Senior Specialist,North America,52.1,53.0,0.0899,Low,low engagement
71,Megan English,Marketing,Senior Specialist,North America,38.4,62.4,0.2077,Low,paid below market
148,Nicole Benson,Marketing,Senior Specialist,EMEA,3.3,80.5,0.7074,High,early tenure
338,Mary Johnson,Marketing,Senior Specialist,APAC,49.4,73.5,0.0773,Low,paid below market
555,Tara Hancock,Marketing,Senior Specialist,North America,54.3,56.0,0.1099,Low,overdue for promotion
710,Jamie Brown,Marketing,Senior Specialist,APAC,44.1,55.7,0.426,Low,overdue for promotion
730,Dakota Everett,Marketing,Senior Specialist,North America,50.5,81.3,0.0933,Low,overdue for promotion
870,Carlos Martinez,Marketing,Senior Specialist,North America,60.0,80.0,0.0772,Low,performance rating
961,James Phillips,Marketing,Senior Specialist,EMEA,7.1,95.4,0.4123,Low,early tenure
1012,Donna Padilla,Marketing,Senior Specialist,North America,29.1,68.5,0.3659,Low,paid below level peers
1143,Cynthia Lopez,Marketing,Senior Specialist,EMEA,32.5,64.1,0.2417,Low,paid below level peers
1274,Mark Morgan,Marketing,Senior Specialist,North America,40.3,75.8,0.1483,Low,paid below market
1702,Ashley Howard,Marketing,Senior Specialist,North America,26.9,74.7,0.6023,Medium,paid below level peers
1859,David Nelson,Marketing,Senior Specialist,EMEA,1.4,32.0,0.6518,High,early tenure
2163,Joshua Russell,Marketing,Senior Specialist,North America,35.9,58.3,0.3561,Low,paid below level peers
2382,Sandra Wagner,Marketing,Senior Specialist,EMEA,21.9,87.9,0.2005,Low,paid below market
2470,Brenda Sawyer,Marketing,Senior Specialist,APAC,3.5,51.5,0.8336,High,early tenure
2511,Nicholas Taylor DVM,Marketing,Senior Specialist,APAC,43.6,48.3,0.5657,Medium,overdue for promotion
39,Mrs. Teresa Bartlett MD,Marketing,Lead,North America,71.1,55.9,0.0817,Low,overdue for promotion
44,Eric Rodriguez,Marketing,Lead,APAC,9.7,70.7,0.744,High,early tenure
90,Frank Campbell,Marketing,Lead,EMEA,34.7,81.5,0.1954,Low,paid below market
159,John Adams,Marketing,Lead,North America,55.9,65.4,0.0609,Low,paid below market
167,Patrick Smith,Marketing,Lead,North America,36.7,66.0,0.2492,Low,seniority level
882,Krista Velasquez,Marketing,Lead,APAC,45.9,88.6,0.1191,Low,paid below level peers
906,Felicia Sandoval,Marketing,Lead,EMEA,30.3,62.5,0.2553,Low,seniority level
921,Amanda Massey,Marketing,Lead,EMEA,25.9,77.1,0.3652,Low,paid below market
1027,Lisa Velez,Marketing,Lead,North America,12.5,47.3,0.5834,Medium,early tenure
1110,Elizabeth Decker,Marketing,Lead,North America,30.9,51.1,0.5927,Medium,overdue for promotion
1271,Eric Reed,Marketing,Lead,North America,47.1,68.5,0.2038,Low,seniority level
1592,Maria Vega,Marketing,Lead,APAC,56.8,100.0,0.0397,Low,paid below level peers
1785,Marcus Ball,Marketing,Lead,Latin America,61.3,71.2,0.0479,Low,seniority level
1864,Audrey Hoffman,Marketing,Lead,APAC,35.4,48.0,0.4852,Medium,seniority level
2044,Jessica Huffman,Marketing,Lead,APAC,42.1,89.1,0.31,Low,overdue for promotion
2080,Kathleen Chaney,Marketing,Lead,North America,70.6,87.3,0.0494,Low,performance rating
2196,Ms. Chelsea Thornton,Marketing,Lead,APAC,18.4,59.1,0.7679,High,early tenure
2205,Leonard Bernard,Marketing,Lead,North America,47.3,100.0,0.0688,Low,paid below level peers
2429,Jennifer Lewis,Marketing,Lead,APAC,16.7,59.0,0.716,High,early tenure
2433,Shirley Banks,Marketing,Lead,APAC,16.2,99.5,0.3109,Low,early tenure
2537,Christopher Fuentes,Marketing,Lead,North America,24.0,88.0,0.4232,Low,seniority level
2574,Heather Collins,Marketing,Lead,North America,36.8,71.4,0.52,Medium,performance rating
553,Lisa Oneal,Marketing,Manager,North America,26.4,49.7,0.3911,Low,seniority level
937,Timothy Schultz MD,Marketing,Manager,APAC,31.7,100.0,0.2891,Low,seniority level
1163,Rhonda Mendez,Marketing,Manager,North America,85.7,52.6,0.0305,Low,seniority level
1314,Justin Harris,Marketing,Manager,APAC,13.1,66.8,0.7228,High,early tenure
1391,Blake Shelton,Marketing,Manager,North America,14.1,78.8,0.5918,Medium,early tenure
1486,Eric Smith,Marketing,Manager,EMEA,74.9,53.7,0.0634,Low,seniority level
1904,Kelly Smith,Marketing,Manager,North America,59.4,70.3,0.0875,Low,seniority level
1930,Kelsey Strong,Marketing,Manager,North America,15.7,77.0,0.6498,High,early tenure
1933,Jose Abbott,Marketing,Manager,APAC,9.7,48.7,0.8638,High,early tenure
2060,Jonathan Gillespie,Marketing,Manager,North America,46.3,61.0,0.388,Low,paid below level peers
2173,Denise Underwood,Marketing,Manager,North America,28.5,64.0,0.5308,Medium,seniority level
289,Amber Knapp,Marketing,Senior Manager,Latin America,21.8,83.2,0.6176,Medium,seniority level
328,John Harris,Marketing,Senior Manager,APAC,34.1,74.9,0.5607,Medium,seniority level
1586,Angela Smith,Marketing,Senior Manager,North America,75.4,75.6,0.0323,Low,seniority level
1703,Eileen Clark,Marketing,Senior Manager,North America,98.9,68.7,0.0042,Low,seniority level
1711,Kevin Chambers,Marketing,Senior Manager,North America,21.6,70.7,0.6477,High,seniority level
1783,Peter Jones,Marketing,Senior Manager,North America,82.5,34.7,0.039,Low,seniority level
1942,Philip Sanchez,Marketing,Senior Manager,North America,30.4,48.7,0.7111,High,paid below level peers
2090,Sharon Jimenez,Marketing,Senior Manager,APAC,38.4,71.8,0.4566,Low,seniority level
2141,Brandon Cameron,Marketing,Senior Manager,North America,81.9,86.4,0.0128,Low,seniority level
2271,Sarah Weber,Marketing,Senior Manager,APAC,87.7,69.1,0.0118,Low,seniority level
2483,Mathew Mitchell,Marketing,Senior Manager,APAC,42.6,79.6,0.2713,Low,seniority level
2558,Dean Roberson,Marketing,Senior Manager,EMEA,5.7,79.6,0.705,High,early tenure
572,Diane Ball,Marketing,Director,North America,57.4,87.7,0.1027,Low,seniority level
1384,Ronald Patel,Marketing,Director,APAC,82.8,68.2,0.0645,Low,seniority level
2071,Emily Anderson DDS,Marketing,Director,North America,91.5,61.4,0.0295,Low,seniority level
2438,Breanna Williams,Marketing,Director,EMEA,81.1,45.6,0.1533,Low,seniority level
310,Keith Dixon,Product Management,Associate,EMEA,24.4,66.4,0.1813,Low,paid below level peers
314,Patrick Richards,Product Management,Associate,APAC,18.7,36.3,0.7008,High,paid below market
315,Lisa Carpenter,Product Management,Associate,APAC,18.2,50.3,0.6485,High,early tenure
414,Jay Rios,Product Management,Associate,North America,17.8,88.3,0.5928,Medium,performance rating
461,Paula Humphrey,Product Management,Associate,APAC,14.6,75.6,0.5722,Medium,early tenure
503,Karina Holmes,Product Management,Associate,North America,11.8,98.3,0.3616,Low,early tenure
630,Kenneth Patrick,Product Management,Associate,North America,12.0,66.8,0.4505,Low,early tenure
768,Christopher Carrillo,Product Management,Associate,North America,20.1,45.2,0.6221,Medium,performance rating
838,Vincent Key,Product Management,Associate,APAC,18.5,45.6,0.5506,Medium,paid below level peers
846,Stephanie Smith,Product Management,Associate,APAC,18.5,55.4,0.4323,Low,paid below market
889,Michael Hartman,Product Management,Associate,APAC,22.4,56.5,0.6008,Medium,paid below level peers
926,Joseph Davidson,Product Management,Associate,APAC,12.9,94.8,0.3882,Low,early tenure
972,Martin Williamson,Product Management,Associate,APAC,14.8,46.8,0.5699,Medium,early tenure
1210,Ashlee Goodwin,Product Management,Associate,Latin America,16.5,39.0,0.428,Low,early tenure
1212,John Bender,Product Management,Associate,EMEA,9.7,74.0,0.5592,Medium,early tenure
1241,Erik Lewis,Product Management,Associate,APAC,17.7,77.7,0.2702,Low,early tenure
1437,Mr. Frank Skinner,Product Management,Associate,APAC,16.1,75.0,0.4436,Low,early tenure
1464,Vincent Carter,Product Management,Associate,Latin America,7.3,80.3,0.4753,Medium,early tenure
1589,Hannah York,Product Management,Associate,North America,1.9,79.2,0.4547,Low,early tenure
1621,John Randolph,Product Management,Associate,APAC,7.6,69.4,0.5859,Medium,early tenure
1685,Amy Estrada,Product Management,Associate,North America,9.5,66.1,0.665,High,early tenure
1820,Austin Smith,Product Management,Associate,North America,17.8,76.2,0.299,Low,early tenure
2026,Sheryl Gonzalez,Product Management,Associate,EMEA,22.9,55.3,0.5327,Medium,paid below level peers
2039,Luis Wilson,Product Management,Associate,APAC,15.0,59.7,0.7143,High,early tenure
2067,Chelsea Neal,Product Management,Associate,North America,7.4,88.4,0.2603,Low,early tenure
2123,Ashley Davis,Product Management,Associate,APAC,4.0,66.9,0.6615,High,early tenure
2224,Carrie Glass,Product Management,Associate,APAC,18.8,81.7,0.4702,Medium,paid below market
2234,Carla Miller,Product Management,Associate,North America,22.5,64.9,0.2664,Low,paid below market
2254,Brandy Williams,Product Management,Associate,EMEA,9.9,100.0,0.3105,Low,early tenure
2276,Linda Whitehead,Product Management,Associate,EMEA,0.9,59.8,0.4381,Low,early tenure
2560,Robert Adkins,Product Management,Associate,EMEA,20.5,33.8,0.5465,Medium,low engagement
2631,Jennifer Rodriguez,Product Management,Associate,North America,21.0,51.2,0.5737,Medium,paid below level peers
2659,Damon Watkins,Product Management,Associate,North America,12.7,44.2,0.5125,Medium,early tenure
17,Erica Golden,Product Management,Analyst,EMEA,12.9,92.3,0.4062,Low,paid below level peers
84,Nancy Lucas,Product Management,Analyst,North America,4.8,83.0,0.4554,Low,early tenure
119,Mrs. Gina Duarte,Product Management,Analyst,EMEA,1.4,59.4,0.4812,Medium,early tenure
124,Walter Mitchell,Product Management,Analyst,EMEA,30.6,68.5,0.1659,Low,paid below level peers
133,Julie Sanchez,Product Management,Analyst,APAC,23.3,46.1,0.4836,Medium,paid below level peers
146,Patricia Mcmahon,Product Management,Analyst,North America,0.8,70.8,0.6944,High,early tenure
225,Keith Cohen,Product Management,Analyst,APAC,11.5,61.3,0.544,Medium,early tenure
237,Paul Chan,Product Management,Analyst,North America,36.8,69.1,0.2425,Low,performance rating
249,Anthony Castillo,Product Management,Analyst,APAC,21.8,66.0,0.4437,Low,paid below market
286,Joshua Livingston,Product Management,Analyst,North America,14.5,79.2,0.4032,Low,early tenure
300,Joseph Copeland,Product Management,Analyst,Latin America,27.3,57.0,0.3053,Low,overdue for promotion
317,Andrew Strickland,Product Management,Analyst,North America,3.0,77.2,0.5941,Medium,early tenure
319,Lauren Hayes,Product Management,Analyst,Latin America,10.5,58.9,0.5875,Medium,early tenure
413,Brittany Travis,Product Management,Analyst,EMEA,13.7,76.7,0.4626,Medium,early tenure
629,Stacey Jones,Product Management,Analyst,EMEA,34.4,78.7,0.1738,Low,paid below level peers
652,Wendy Kelly,Product Management,Analyst,APAC,13.1,61.3,0.6773,High,early tenure
729,Brittany Adams,Product Management,Analyst,APAC,24.0,50.1,0.5848,Medium,overdue for promotion
874,Julia Douglas,Product Management,Analyst,APAC,9.3,46.9,0.5593,Medium,early tenure
919,Andrew Castillo,Product Management,Analyst,APAC,24.8,53.6,0.5698,Medium,paid below level peers
1017,Austin Scott,Product Management,Analyst,North America,19.0,42.2,0.6295,Medium,early tenure
1084,Jeremy Rodriguez,Product Management,Analyst,North America,20.6,48.2,0.4681,Medium,paid below level peers
1237,Scott Welch,Product Management,Analyst,EMEA,32.8,87.8,0.1605,Low,overdue for promotion
1421,Holly Harrison,Product Management,Analyst,North America,16.8,57.8,0.5649,Medium,paid below market
1494,Derek Moore,Product Management,Analyst,EMEA,20.0,66.2,0.4313,Low,paid below level peers
1501,Mike Pierce,Product Management,Analyst,North America,36.7,61.2,0.1997,Low,paid below level peers
1532,Ronald Smith,Product Management,Analyst,APAC,25.5,68.4,0.4123,Low,paid below level peers
1572,Ashley Jordan,Product Management,Analyst,Latin America,21.8,59.4,0.3006,Low,paid below market
1651,Michelle Taylor,Product Management,Analyst,North America,2.9,86.5,0.5657,Medium,early tenure
1656,Robert Reyes,Product Management,Analyst,APAC,8.6,78.5,0.5838,Medium,early tenure
1760,Melissa Sanchez,Product Management,Analyst,APAC,20.1,77.2,0.4993,Medium,paid below level peers
1780,Gina Spencer,Product Management,Analyst,EMEA,4.2,78.3,0.4376,Low,early tenure
1910,Tonya Ward,Product Management,Analyst,North America,27.7,72.7,0.4,Low,paid below level peers
1931,Robert Banks,Product Management,Analyst,APAC,30.9,67.4,0.252,Low,region
2019,Frank Walker,Product Management,Analyst,North America,3.5,37.8,0.7008,High,early tenure
2155,Stacey Santos,Product Management,Analyst,EMEA,27.6,74.9,0.374,Low,paid below level peers
2204,Amy Kirby,Product Management,Analyst,APAC,28.4,49.9,0.4702,Medium,paid below market
2215,Jeffrey Curtis,Product Management,Analyst,APAC,14.1,82.7,0.5285,Medium,early tenure
2239,Rhonda Rivera,Product Management,Analyst,North America,10.8,65.8,0.6216,Medium,early tenure
2247,Cindy Smith,Product Management,Analyst,APAC,21.9,91.7,0.5274,Medium,paid below level peers
2264,Kelly Porter,Product Management,Analyst,North America,3.4,100.0,0.6262,Medium,early tenure
2311,Corey Perry,Product Management,Analyst,North America,9.1,75.2,0.5589,Medium,early tenure
2636,Breanna King,Product Management,Analyst,North America,32.6,74.9,0.373,Low,performance rating
26,Jerry Hall,Product Management,Senior Analyst,EMEA,5.0,54.5,0.7774,High,early tenure
185,Ricardo Barber,Product Management,Senior Analyst,APAC,18.4,59.9,0.6077,Medium,early tenure
211,Phillip Avila,Product Management,Senior Analyst,North America,22.2,82.4,0.4156,Low,paid below market
250,Matthew Taylor,Product Management,Senior Analyst,EMEA,18.7,74.1,0.445,Low,early tenure
375,Dr. Pam Brown,Product Management,Senior Analyst,North America,10.1,58.3,0.6066,Medium,early tenure
416,Amy Giles,Product Management,Senior Analyst,APAC,4.9,65.3,0.7449,High,early tenure
433,Michelle Young,Product Management,Specialist,EMEA,22.8,60.0,0.3801,Low,paid below level peers
442,Michael Medina,Product Management,Specialist,North America,43.9,68.7,0.164,Low,paid below level peers
444,Scott Hall,Product Management,Senior Analyst,APAC,6.1,65.7,0.7458,High,early tenure
475,Ryan Holt Jr.,Product Management,Specialist,North America,7.5,43.4,0.6921,High,early tenure
481,Benjamin Tucker,Product Management,Senior Analyst,APAC,36.7,71.3,0.295,Low,paid below level peers
495,Erica Wright,Product Management,Senior Analyst,APAC,48.9,52.9,0.2747,Low,overdue for promotion
499,Alexis Reid,Product Management,Senior Analyst,EMEA,28.4,82.7,0.2916,Low,performance rating
502,Sarah Barron,Product Management,Senior Analyst,APAC,29.8,60.5,0.6693,High,overdue for promotion
532,Joseph Medina,Product Management,Specialist,North America,31.4,70.0,0.2968,Low,paid below market
654,Lauren Howard,Product Management,Specialist,EMEA,24.8,56.2,0.4647,Medium,paid below level peers
688,Daniel Campos,Product Management,Senior Analyst,North America,34.4,72.1,0.5635,Medium,paid below level peers
792,Andrea Powell,Product Management,Senior Analyst,APAC,24.1,55.4,0.4776,Medium,region
868,George Humphrey,Product Management,Senior Analyst,North America,46.7,57.8,0.1522,Low,paid below level peers
924,Angela Manning,Product Management,Specialist,North America,5.2,73.4,0.5954,Medium,early tenure
925,Marc Cruz,Product Management,Senior Analyst,North America,21.2,64.6,0.5387,Medium,high overtime
976,Jennifer Myers,Product Management,Specialist,North America,48.9,96.7,0.0312,Low,paid below market
986,Lori Roth,Product Management,Senior Analyst,APAC,1.1,68.6,0.6438,High,early tenure
995,Michael Carpenter,Product Management,Specialist,APAC,10.7,66.5,0.6756,High,early tenure
1239,Maria Hogan,Product Management,Specialist,APAC,8.2,75.9,0.6846,High,paid below level peers
1252,Jennifer Harvey,Product Management,Specialist,North America,1.3,56.9,0.7589,High,early tenure
1262,Katherine Maldonado,Product Management,Specialist,North America,16.4,74.3,0.6074,Medium,early tenure
1272,Michael Morgan,Product Management,Specialist,North America,6.9,88.5,0.7368,High,early tenure
1280,Ronald Jones,Product Management,Specialist,EMEA,31.0,90.0,0.2267,Low,paid below level peers
1438,Scott Barrera,Product Management,Senior Analyst,EMEA,9.3,51.4,0.8238,High,early tenure
1470,Brian Daugherty,Product Management,Specialist,APAC,5.6,64.7,0.7438,High,early tenure
1533,Ashley Baker MD,Product Management,Senior Analyst,APAC,31.0,64.8,0.3912,Low,paid below level peers
1671,Jeremiah Walker,Product Management,Specialist,EMEA,31.7,64.8,0.2026,Low,paid below market
1719,Helen Diaz,Product Management,Specialist,North America,25.8,72.9,0.1854,Low,paid below market
1788,Colleen Nixon,Product Management,Specialist,APAC,12.5,40.9,0.8113,High,early tenure
1806,Dana Hill,Product Management,Senior Analyst,North America,23.0,55.6,0.6469,High,overdue for promotion
1888,Jason Daniels,Product Management,Senior Analyst,North America,46.7,45.3,0.1642,Low,low engagement
1937,Connor Young,Product Management,Senior Analyst,North America,14.0,84.6,0.3987,Low,early tenure
2013,Alan Jackson,Product Management,Senior Analyst,North America,40.4,73.6,0.1661,Low,department
2017,Chelsea Garcia,Product Management,Senior Analyst,North America,18.0,74.0,0.5082,Medium,early tenure
2049,Brad Galloway,Product Management,Senior Analyst,North America,47.2,61.9,0.1234,Low,paid below level peers
2079,Jessica Harrison,Product Management,Senior Analyst,EMEA,34.9,75.6,0.2795,Low,overdue for promotion
2089,Steven Bowen,Product Management,Senior Analyst,EMEA,20.6,50.2,0.5967,Medium,early tenure
2127,Amber Hart,Product Management,Specialist,APAC,24.8,67.9,0.5242,Medium,paid below market
2137,Veronica Carrillo,Product Management,Specialist,APAC,46.7,97.9,0.3213,Low,overdue for promotion
2161,Robert Stewart,Product Management,Specialist,North America,31.6,45.4,0.5146,Medium,overdue for promotion
2214,Sherry Henderson MD,Product Management,Senior Analyst,North America,36.1,67.3,0.2892,Low,performance rating
2297,Cody Anderson,Product Management,Senior Analyst,North America,44.8,49.3,0.2471,Low,paid below market
2309,Alexandra Jefferson,Product Management,Senior Analyst,North America,13.7,71.7,0.6466,High,early tenure
2332,Sarah Wells,Product Management,Specialist,APAC,34.6,73.6,0.2901,Low,region
2395,Derek Jones,Product Management,Senior Analyst,APAC,38.2,89.7,0.1902,Low,high overtime
2418,Maria Taylor,Product Management,Specialist,North America,1.4,67.0,0.7274,High,early tenure
2508,Debbie Rojas,Product Management,Senior Analyst,North America,26.4,76.6,0.4016,Low,paid below level peers
2562,Joseph Johnson,Product Management,Specialist,APAC,39.8,100.0,0.1156,Low,paid below level peers
2682,Michael Pierce,Product Management,Senior Analyst,APAC,15.7,76.7,0.5612,Medium,paid below level peers
2699,Kristin Little DVM,Product Management,Senior Analyst,APAC,26.1,81.5,0.3751,Low,performance rating
2752,Cynthia Ruiz,Product Management,Senior Analyst,EMEA,33.0,69.9,0.3006,Low,overdue for promotion
138,Samantha Bradley,Product Management,Senior Specialist,Latin America,52.7,67.9,0.1503,Low,overdue for promotion
207,Christopher Farmer,Product Management,Senior Specialist,North America,24.3,48.1,0.5974,Medium,low engagement
292,Nancy Morris,Product Management,Senior Specialist,North America,14.0,81.8,0.5795,Medium,paid below level peers
343,Justin Hoffman,Product Management,Senior Specialist,North America,55.8,62.8,0.0887,Low,overdue for promotion
546,Teresa Lawson,Product Management,Senior Specialist,North America,35.6,49.5,0.3156,Low,low engagement
619,Melissa Doyle,Product Management,Senior Specialist,North America,60.8,48.4,0.2311,Low,performance rating
866,Trevor Greene,Product Management,Senior Specialist,North America,1.4,53.8,0.7954,High,early tenure
1202,Scott Atkins,Product Management,Senior Specialist,EMEA,42.1,81.7,0.2415,Low,paid below level peers
1231,Christopher Bennett,Product Management,Senior Specialist,EMEA,28.4,74.6,0.3085,Low,high overtime
1306,Haley Robinson,Product Management,Senior Specialist,EMEA,46.1,77.8,0.0943,Low,high overtime
1361,Thomas Smith,Product Management,Senior Specialist,APAC,25.4,97.8,0.2133,Low,region
1472,Mark Zavala,Product Management,Senior Specialist,North America,11.1,80.5,0.5906,Medium,early tenure
1596,Brian Larsen,Product Management,Senior Specialist,EMEA,60.4,85.7,0.0448,Low,paid below market
1772,Holly Walters,Product Management,Senior Specialist,EMEA,4.5,65.1,0.6796,High,early tenure
1798,Melissa Taylor,Product Management,Senior Specialist,APAC,22.0,69.9,0.2954,Low,paid below market
1978,Justin Riley,Product Management,Senior Specialist,North America,3.0,47.8,0.6878,High,early tenure
2001,Elizabeth Andrews,Product Management,Senior Specialist,EMEA,32.3,71.4,0.4809,Medium,overdue for promotion
2218,Lisa Adams,Product Management,Senior Specialist,North America,58.0,83.8,0.1729,Low,overdue for promotion
2602,Joshua Pruitt,Product Management,Senior Specialist,EMEA,25.0,71.7,0.4788,Medium,overdue for promotion
2639,Richard Thompson,Product Management,Senior Specialist,APAC,20.0,70.0,0.7102,High,early tenure
2715,Howard Martinez,Product Management,Senior Specialist,North America,17.3,62.2,0.6221,Medium,early tenure
2719,Melissa Johnson,Product Management,Senior Specialist,North America,20.9,96.1,0.2119,Low,early tenure
36,Jessica Gray,Product Management,Lead,APAC,57.4,65.0,0.1535,Low,paid below level peers
179,Alyssa Lee,Product Management,Lead,North America,43.7,84.8,0.1501,Low,seniority level
869,Michael Cortez,Product Management,Lead,North America,73.3,80.5,0.0347,Low,paid below level peers
1122,Stephanie Newton,Product Management,Lead,North America,3.4,56.3,0.7978,High,early tenure
1427,Brian Atkinson,Product Management,Lead,North America,55.4,29.1,0.1652,Low,paid below level peers
2323,Amber Price,Product Management,Lead,North America,27.7,85.9,0.5355,Medium,paid below level peers
2550,Beth Carter,Product Management,Lead,APAC,60.4,88.7,0.1105,Low,overdue for promotion
2644,Beth Nelson,Product Management,Lead,North America,21.7,83.8,0.5856,Medium,paid below market
115,Dr. Alexander Huynh,Product Management,Manager,APAC,37.9,96.5,0.2235,Low,seniority level
216,Tyler Rivera,Product Management,Manager,APAC,34.3,68.0,0.5565,Medium,seniority level
288,Jesse Diaz,Product Management,Manager,North America,23.9,78.9,0.4474,Low,seniority level
488,Amanda Bryant,Product Management,Manager,APAC,86.2,83.9,0.0176,Low,seniority level
723,Andrew Crane,Product Management,Manager,North America,17.0,47.7,0.6669,High,seniority level
1506,Andrew Goodwin,Product Management,Manager,Latin America,32.8,65.2,0.4629,Medium,overdue for promotion
1692,Joshua Martinez,Product Management,Manager,North America,28.5,77.9,0.3266,Low,seniority level
1734,Scott Campos,Product Management,Manager,North America,46.2,71.6,0.1934,Low,seniority level
1818,Meagan Bell,Product Management,Manager,North America,46.3,72.7,0.1501,Low,seniority level
1948,Thomas Quinn,Product Management,Manager,APAC,19.7,79.4,0.732,High,paid below level peers
1971,Monica Smith,Product Management,Manager,North America,47.1,77.9,0.1491,Low,seniority level
2492,Russell Wagner,Product Management,Manager,North America,42.1,83.0,0.2438,Low,seniority level
2606,Daniel Love,Product Management,Manager,North America,7.3,83.6,0.7463,High,early tenure
2666,Gina Mendez,Product Management,Manager,EMEA,67.6,78.1,0.0298,Low,seniority level
2693,Vanessa Lucero,Product Management,Manager,EMEA,74.7,46.3,0.0412,Low,paid below level peers
2750,Sarah Greene,Product Management,Manager,EMEA,83.2,78.2,0.077,Low,overdue for promotion
2770,Stacie Vega,Product Management,Manager,North America,14.5,74.3,0.739,High,early tenure
382,Robert Paul,Product Management,Senior Manager,EMEA,15.9,69.3,0.6711,High,paid below level peers
594,Karla Nolan,Product Management,Senior Manager,North America,95.0,58.6,0.0073,Low,seniority level
841,Paula Lopez,Product Management,Senior Manager,North America,93.6,71.5,0.0153,Low,seniority level
1100,Geoffrey Murray,Product Management,Senior Manager,North America,46.3,29.8,0.2714,Low,seniority level
1172,Kelli Rodriguez,Product Management,Senior Manager,North America,85.6,70.9,0.0182,Low,seniority level
1713,Jennifer Parker,Product Management,Senior Manager,North America,24.5,51.6,0.6377,Medium,seniority level
1786,Jennifer Gates,Product Management,Senior Manager,North America,46.7,87.6,0.2161,Low,seniority level
2128,Christine Sweeney,Product Management,Senior Manager,North America,44.5,50.8,0.369,Low,seniority level
2133,Amanda Lewis,Product Management,Senior Manager,North America,0.8,45.3,0.9121,High,early tenure
136,Stacey Smith,Product Management,Director,North America,7.5,47.7,0.8669,High,early tenure
2653,Sarah Roth,Product Management,Director,APAC,13.1,87.7,0.7103,High,seniority level
103,Deanna Black,Software Engineering,Associate,North America,3.9,84.6,0.6713,High,early tenure
128,Julie Scott,Software Engineering,Associate,North America,20.0,59.5,0.3418,Low,early tenure
325,Matthew Cox,Software Engineering,Associate,North America,2.8,97.6,0.2742,Low,early tenure
663,Brittany Reyes,Software Engineering,Associate,EMEA,21.0,66.1,0.2907,Low,early tenure
709,Denise Mcguire,Software Engineering,Associate,APAC,5.8,47.2,0.4517,Low,early tenure
715,Brian Holloway,Software Engineering,Associate,Latin America,8.9,88.4,0.2416,Low,early tenure
731,Manuel Frazier,Software Engineering,Associate,North America,9.8,67.7,0.5502,Medium,early tenure
758,Christine Perkins,Software Engineering,Associate,EMEA,0.7,61.3,0.4731,Medium,early tenure
822,Sandra Butler,Software Engineering,Associate,APAC,16.6,83.7,0.4283,Low,early tenure
1004,Daniel Wallace,Software Engineering,Associate,APAC,5.5,56.9,0.5985,Medium,early tenure
1007,Jeffery Boyd,Software Engineering,Associate,APAC,10.7,73.9,0.5228,Medium,early tenure
1015,Tammy Hill,Software Engineering,Associate,APAC,18.8,70.7,0.4687,Medium,early tenure
1043,Kirsten Smith MD,Software Engineering,Associate,APAC,21.0,61.7,0.4529,Low,early tenure
1060,Vanessa Johnson,Software Engineering,Associate,North America,7.5,85.5,0.56,Medium,early tenure
1093,Linda Wiggins,Software Engineering,Associate,North America,23.2,70.0,0.2068,Low,paid below level peers
1158,Emily Hoffman,Software Engineering,Associate,North America,21.2,65.4,0.2668,Low,early tenure
1186,Danny Holland,Software Engineering,Associate,APAC,15.5,45.7,0.3657,Low,early tenure
1406,Priscilla Carroll,Software Engineering,Associate,North America,22.0,44.7,0.4214,Low,paid below level peers
1455,Tara Hernandez,Software Engineering,Associate,APAC,22.6,92.8,0.1551,Low,region
1537,Robert Ramsey,Software Engineering,Associate,North America,24.5,55.7,0.5319,Medium,paid below level peers
1554,Tyler Taylor,Software Engineering,Associate,North America,12.8,90.3,0.4916,Medium,early tenure
1825,Michael Thomas,Software Engineering,Associate,North America,23.0,57.5,0.4629,Medium,paid below level peers
1883,Scott Miller,Software Engineering,Associate,North America,1.7,65.2,0.4655,Medium,early tenure
2061,Michelle Stewart,Software Engineering,Associate,APAC,6.5,81.7,0.467,Medium,early tenure
2138,Kelly Hernandez,Software Engineering,Associate,EMEA,7.1,87.7,0.5925,Medium,early tenure
2203,Robin Cabrera,Software Engineering,Associate,North America,21.0,81.7,0.1895,Low,paid below market
2440,Brenda Russell,Software Engineering,Associate,North America,11.5,84.9,0.2904,Low,early tenure
2566,Benjamin Barton,Software Engineering,Associate,North America,15.6,81.2,0.3186,Low,early tenure
2675,Cheryl Haley,Software Engineering,Associate,EMEA,20.7,86.6,0.2546,Low,overdue for promotion
2718,Jonathan Ramirez MD,Software Engineering,Associate,APAC,12.4,84.8,0.3493,Low,early tenure
88,Neil Clark,Software Engineering,Analyst,North America,19.1,80.2,0.2027,Low,early tenure
117,Alyssa Gallegos,Software Engineering,Analyst,North America,23.9,57.6,0.4937,Medium,paid below level peers
160,Robert Johns,Software Engineering,Analyst,EMEA,18.2,86.0,0.2381,Low,early tenure
466,Richard Johnson,Software Engineering,Analyst,APAC,35.4,87.0,0.1999,Low,overdue for promotion
577,Patrick Turner,Software Engineering,Analyst,APAC,3.7,57.3,0.6375,Medium,early tenure
690,Krystal Howard,Software Engineering,Analyst,APAC,10.8,91.0,0.6113,Medium,early tenure
724,Dr. Phillip Avila DDS,Software Engineering,Analyst,North America,16.4,60.1,0.4695,Medium,paid below level peers
817,Jerry Porter,Software Engineering,Analyst,APAC,10.0,94.6,0.4952,Medium,early tenure
971,Jonathan Parker,Software Engineering,Analyst,EMEA,8.6,66.5,0.4107,Low,early tenure
1032,Lauren Marks,Software Engineering,Analyst,EMEA,13.1,84.4,0.4031,Low,early tenure
1088,Angela Bowers,Software Engineering,Analyst,APAC,36.8,59.9,0.2711,Low,paid below level peers
1115,Dr. Erica Morgan,Software Engineering,Analyst,North America,17.9,72.3,0.2276,Low,early tenure
1139,Anna Lynch,Software Engineering,Analyst,North America,20.0,81.1,0.3835,Low,performance rating
1185,Thomas Mason,Software Engineering,Analyst,EMEA,13.2,70.5,0.401,Low,early tenure
1330,Victoria Short,Software Engineering,Analyst,North America,5.2,67.8,0.556,Medium,early tenure
1367,Rachel Welch,Software Engineering,Analyst,APAC,12.5,50.4,0.7208,High,early tenure
1387,Elizabeth Phelps,Software Engineering,Analyst,North America,8.3,51.5,0.7896,High,early tenure
1392,Mr. Timothy Coleman,Software Engineering,Analyst,APAC,3.4,94.6,0.5513,Medium,early tenure
1459,Jeffrey Gardner,Software Engineering,Analyst,APAC,8.2,73.7,0.6323,Medium,early tenure
1680,Rhonda Smith,Software Engineering,Analyst,North America,1.9,100.0,0.4697,Medium,early tenure
1744,Angela Whitehead,Software Engineering,Analyst,North America,23.2,82.5,0.1781,Low,paid below level peers
2076,Elizabeth Simon,Software Engineering,Analyst,Latin America,11.2,61.9,0.4353,Low,early tenure
2135,Katie Jenkins,Software Engineering,Analyst,EMEA,18.3,76.8,0.2829,Low,early tenure
2256,Anthony Dunlap,Software Engineering,Analyst,APAC,10.7,32.7,0.7644,High,early tenure
2270,Daniel Smith,Software Engineering,Analyst,North America,32.7,61.2,0.5392,Medium,overdue for promotion
2277,Carla Dougherty,Software Engineering,Analyst,North America,20.2,81.4,0.3072,Low,early tenure
2362,Jeffrey Wise,Software Engineering,Analyst,North America,16.6,72.8,0.4547,Low,early tenure
2398,Kyle Chen,Software Engineering,Analyst,North America,6.7,61.1,0.6398,Medium,early tenure
2404,Jason Stewart,Software Engineering,Analyst,North America,21.0,88.2,0.1627,Low,paid below market
2463,Christopher Moreno,Software Engineering,Analyst,North America,7.2,80.3,0.5179,Medium,paid below level peers
2467,James Castaneda,Software Engineering,Analyst,Latin America,3.0,100.0,0.4018,Low,early tenure
2530,Charles Manning,Software Engineering,Analyst,North America,2.2,47.2,0.6382,Medium,early tenure
2535,Melissa Donaldson,Software Engineering,Analyst,North America,8.0,73.5,0.5675,Medium,early tenure
2722,Kristen Thompson,Software Engineering,Analyst,APAC,25.1,65.1,0.165,Low,paid below market
2725,Nicole Thompson,Software Engineering,Analyst,North America,4.6,84.1,0.4857,Medium,early tenure
13,Timothy Richardson,Software Engineering,Senior Analyst,APAC,29.0,78.8,0.3596,Low,paid below level peers
96,Courtney Gonzalez,Software Engineering,Specialist,APAC,4.1,55.8,0.688,High,early tenure
109,James Pugh,Software Engineering,Specialist,North America,27.3,49.3,0.4601,Low,performance rating
164,Linda Newton,Software Engineering,Senior Analyst,North America,23.2,73.6,0.3994,Low,overdue for promotion
181,Jesse Morrison,Software Engineering,Senior Analyst,APAC,28.4,77.2,0.3722,Low,overdue for promotion
194,John Burton,Software Engineering,Senior Analyst,North America,34.5,68.9,0.3342,Low,overdue for promotion
197,Elaine Love,Software Engineering,Senior Analyst,North America,41.6,100.0,0.0576,Low,paid below level peers
368,Angelica Fowler,Software Engineering,Senior Analyst,APAC,42.8,74.6,0.1385,Low,performance rating
389,Angela Brown,Software Engineering,Specialist,North America,49.8,59.7,0.0834,Low,high overtime
432,Ricky Ashley,Software Engineering,Senior Analyst,North America,18.4,80.3,0.2974,Low,early tenure
471,Cheyenne Rios,Software Engineering,Specialist,North America,46.7,67.1,0.187,Low,overdue for promotion
541,David Barnes,Software Engineering,Specialist,EMEA,46.0,61.2,0.0668,Low,paid below level peers
552,Nicholas Leblanc,Software Engineering,Specialist,North America,11.3,64.7,0.6375,Medium,early tenure
573,Ashley Robinson,Software Engineering,Senior Analyst,North America,30.2,49.7,0.5404,Medium,paid below level peers
608,Colleen Terry,Software Engineering,Specialist,APAC,22.6,75.5,0.3843,Low,high overtime
631,Jesse Kramer,Software Engineering,Specialist,North America,37.5,76.0,0.1051,Low,paid below level peers
638,Lucas White,Software Engineering,Specialist,APAC,16.1,70.7,0.5114,Medium,early tenure
643,Mark Thompson,Software Engineering,Specialist,North America,46.4,58.0,0.1526,Low,performance rating
650,Erica Becker,Software Engineering,Senior Analyst,Latin America,18.7,75.1,0.5438,Medium,paid below level peers
685,Gina Thomas,Software Engineering,Senior Analyst,APAC,30.9,58.6,0.2573,Low,paid below level peers
756,Aaron Lewis,Software Engineering,Senior Analyst,North America,43.0,53.8,0.2252,Low,paid below level peers
763,Carly Lewis,Software Engineering,Specialist,North America,4.8,64.3,0.4845,Medium,early tenure
940,Courtney Mitchell,Software Engineering,Senior Analyst,North America,4.5,59.4,0.8083,High,early tenure
944,Lance Johnson,Software Engineering,Senior Analyst,North America,46.1,67.4,0.1086,Low,paid below level peers
994,Stephanie Logan,Software Engineering,Senior Analyst,North America,28.0,65.5,0.4813,Medium,overdue for promotion
1030,Lisa Collins,Software Engineering,Senior Analyst,APAC,44.5,95.3,0.1273,Low,paid below level peers
1099,Anna Blackburn,Software Engineering,Specialist,North America,26.6,75.5,0.3534,Low,long commute
1165,Sheila Daugherty,Software Engineering,Senior Analyst,North America,7.2,82.4,0.5002,Medium,early tenure
1166,Nicole Hughes,Software Engineering,Specialist,Latin America,45.8,51.5,0.3374,Low,overdue for promotion
1214,Brittany Cruz,Software Engineering,Specialist,North America,18.5,82.2,0.4205,Low,paid below level peers
1221,Michael Key,Software Engineering,Specialist,EMEA,44.7,47.9,0.2406,Low,overdue for promotion
1234,Zachary Whitaker,Software Engineering,Senior Analyst,North America,10.2,84.2,0.5612,Medium,early tenure
1681,Evan Romero,Software Engineering,Senior Analyst,APAC,32.5,70.5,0.3231,Low,performance rating
1730,Jennifer Delacruz,Software Engineering,Senior Analyst,APAC,13.2,80.1,0.4294,Low,early tenure
1766,David Doyle,Software Engineering,Senior Analyst,North America,31.3,50.5,0.408,Low,overdue for promotion
1769,Brandon Gaines,Software Engineering,Specialist,EMEA,23.6,62.1,0.5073,Medium,high overtime
1791,Mark Swanson,Software Engineering,Specialist,APAC,44.3,65.8,0.1597,Low,region
1812,Megan Hughes,Software Engineering,Specialist,North America,18.6,53.2,0.6127,Medium,early tenure
1816,George Sanchez,Software Engineering,Senior Analyst,EMEA,17.7,71.7,0.3712,Low,early tenure
1829,Kimberly Rosales,Software Engineering,Senior Analyst,North America,18.7,68.7,0.3766,Low,early tenure
1852,Steven Guzman,Software Engineering,Senior Analyst,APAC,10.6,77.0,0.5206,Medium,early tenure
1900,Brittany Mann,Software Engineering,Senior Analyst,North America,6.9,78.4,0.5275,Medium,early tenure
1917,Mr. Edwin Long Jr.,Software Engineering,Senior Analyst,APAC,10.3,60.2,0.7113,High,early tenure
2018,Ana Hickman,Software Engineering,Senior Analyst,APAC,32.6,76.3,0.3358,Low,overdue for promotion
2022,Rebecca Smith,Software Engineering,Specialist,APAC,26.1,82.9,0.4124,Low,overdue for promotion
2031,Chad Gutierrez,Software Engineering,Specialist,North America,45.5,48.9,0.2362,Low,overdue for promotion
2131,Mikayla Morales,Software Engineering,Senior Analyst,North America,42.6,79.7,0.0875,Low,paid below level peers
2198,Sara Diaz,Software Engineering,Senior Analyst,North America,13.5,56.9,0.4752,Medium,early tenure
2219,John Gomez,Software Engineering,Specialist,North America,26.1,72.6,0.2104,Low,paid below market
2333,Melissa Quinn,Software Engineering,Specialist,North America,24.9,61.3,0.5463,Medium,paid below level peers
2520,Kaitlin Rodriguez,Software Engineering,Senior Analyst,North America,30.9,55.1,0.2236,Low,low engagement
2564,Christopher Weaver,Software Engineering,Senior Analyst,APAC,37.0,59.4,0.4179,Low,paid below level peers
2582,James Jones,Software Engineering,Senior Analyst,North America,17.8,81.5,0.4441,Low,early tenure
2588,John Hill,Software Engineering,Senior Analyst,North America,2.7,47.3,0.7231,High,early tenure
2686,Leslie Harris,Software Engineering,Senior Analyst,APAC,43.1,87.2,0.1374,Low,overdue for promotion
2724,Julie Barnes,Software Engineering,Specialist,North America,38.3,82.5,0.2,Low,performance rating
97,Diane Collins,Software Engineering,Senior Specialist,North America,30.2,80.4,0.1991,Low,overdue for promotion
221,Michael Avery,Software Engineering,Senior Specialist,APAC,38.9,68.5,0.2951,Low,region
421,Robin James,Software Engineering,Senior Specialist,North America,6.9,43.5,0.8022,High,early tenure
457,Mark Miller,Software Engineering,Senior Specialist,North America,57.5,83.4,0.0359,Low,paid below level peers
544,Christopher Randall,Software Engineering,Senior Specialist,North America,51.5,57.4,0.1342,Low,overdue for promotion
615,Robert Sims,Software Engineering,Senior Specialist,EMEA,23.5,86.3,0.4231,Low,overdue for promotion
640,Daniel Walters,Software Engineering,Senior Specialist,North America,19.5,80.6,0.2898,Low,paid below level peers
687,Terry Austin,Software Engineering,Senior Specialist,EMEA,10.6,84.4,0.5857,Medium,early tenure
808,William Mercer,Software Engineering,Senior Specialist,APAC,48.3,90.6,0.0744,Low,paid below market
809,Christopher Nelson,Software Engineering,Senior Specialist,North America,47.9,96.7,0.0916,Low,paid below level peers
871,Matthew Davis,Software Engineering,Senior Specialist,North America,29.0,82.3,0.2408,Low,overdue for promotion
1199,Daniel Cole,Software Engineering,Senior Specialist,APAC,11.8,66.0,0.609,Medium,early tenure
1287,Evelyn Kennedy,Software Engineering,Senior Specialist,EMEA,38.7,67.4,0.2314,Low,paid below level peers
1347,Matthew Patel,Software Engineering,Senior Specialist,APAC,43.2,82.0,0.1372,Low,performance rating
1385,Joshua Figueroa,Software Engineering,Senior Specialist,North America,28.7,65.8,0.2969,Low,overdue for promotion
1458,Andrew Lewis,Software Engineering,Senior Specialist,APAC,28.4,75.2,0.3741,Low,paid below market
1648,Craig Jones,Software Engineering,Senior Specialist,North America,26.2,66.8,0.3154,Low,paid below market
1714,William Lee,Software Engineering,Senior Specialist,APAC,51.8,51.8,0.1084,Low,overdue for promotion
2465,Matthew Abbott,Software Engineering,Senior Specialist,North America,13.3,45.6,0.5819,Medium,early tenure
2576,Sierra Martin,Software Engineering,Senior Specialist,EMEA,42.5,64.3,0.0601,Low,seniority level
2627,Frederick King,Software Engineering,Senior Specialist,North America,38.9,73.0,0.0979,Low,paid below market
2755,Jason Cuevas,Software Engineering,Senior Specialist,APAC,32.7,68.5,0.182,Low,paid below market
2777,Sean Cervantes,Software Engineering,Senior Specialist,North America,10.4,85.5,0.6056,Medium,early tenure
122,Gary Bennett,Software Engineering,Lead,North America,34.4,64.4,0.427,Low,paid below level peers
489,Cynthia Best,Software Engineering,Lead,Latin America,20.5,87.7,0.3742,Low,paid below market
626,Roy Robinson,Software Engineering,Lead,North America,4.4,56.1,0.7785,High,early tenure
693,Jeremy Hayes,Software Engineering,Lead,North America,6.6,62.2,0.7405,High,early tenure
831,Christina Harris,Software Engineering,Lead,North America,14.7,84.4,0.5729,Medium,early tenure
911,Mckenzie Johnson,Software Engineering,Lead,APAC,55.1,71.6,0.0403,Low,seniority level
1131,Alexander Collier,Software Engineering,Lead,APAC,2.2,31.9,0.8918,High,early tenure
1142,Matthew Cooley,Software Engineering,Lead,North America,0.8,72.9,0.7544,High,early tenure
1484,Rita Smith,Software Engineering,Lead,North America,39.5,83.7,0.2987,Low,overdue for promotion
1503,Seth Hall,Software Engineering,Lead,EMEA,35.4,56.2,0.198,Low,seniority level
1751,Julia Reed,Software Engineering,Lead,North America,64.2,67.1,0.0349,Low,seniority level
1763,Mrs. Jessica Wright,Software Engineering,Lead,North America,36.3,67.2,0.2504,Low,seniority level
1787,Susan Soto,Software Engineering,Lead,North America,66.5,80.0,0.0876,Low,overdue for promotion
2232,Latoya Rose,Software Engineering,Lead,Latin America,30.4,87.6,0.3049,Low,paid below level peers
2260,Justin Brown,Software Engineering,Lead,North America,4.9,74.6,0.6802,High,early tenure
2268,Jason Smith,Software Engineering,Lead,North America,69.1,63.6,0.0214,Low,seniority level
2615,Deanna Long,Software Engineering,Lead,North America,34.1,85.7,0.2885,Low,paid below level peers
106,Kevin Key,Software Engineering,Manager,North America,71.4,80.1,0.032,Low,seniority level
107,Faith Reed,Software Engineering,Manager,North America,80.7,70.1,0.0316,Low,seniority level
204,Melissa Garcia,Software Engineering,Manager,North America,32.0,85.0,0.4407,Low,seniority level
284,Craig Baker,Software Engineering,Manager,North America,42.0,83.2,0.1282,Low,seniority level
557,Dr. Marie Davis,Software Engineering,Manager,North America,47.6,82.5,0.2772,Low,overdue for promotion
589,Laura White,Software Engineering,Manager,EMEA,25.7,66.6,0.5717,Medium,seniority level
842,Andrew Nelson,Software Engineering,Manager,APAC,25.4,63.8,0.5661,Medium,seniority level
1447,Donald Harris,Software Engineering,Manager,EMEA,53.1,73.6,0.1706,Low,seniority level
1670,Shannon Phillips,Software Engineering,Manager,North America,63.1,75.4,0.0859,Low,seniority level
12,Luke Waters,Software Engineering,Senior Manager,North America,60.1,72.9,0.0777,Low,seniority level
87,Sheila Sandoval,Software Engineering,Senior Manager,North America,7.9,94.4,0.6404,High,early tenure
252,Judith Villegas,Software Engineering,Senior Manager,APAC,54.4,65.6,0.1393,Low,seniority level
449,Joshua Mann,Software Engineering,Senior Manager,North America,59.6,68.6,0.2455,Low,seniority level
587,Ronald Lopez,Software Engineering,Senior Manager,EMEA,30.0,81.3,0.3876,Low,seniority level
611,Shannon Moore,Software Engineering,Senior Manager,North America,36.7,49.5,0.4587,Low,seniority level
708,Michael Nelson,Software Engineering,Senior Manager,EMEA,97.5,71.7,0.0095,Low,seniority level
933,Patricia Gill,Software Engineering,Senior Manager,EMEA,30.9,83.1,0.2679,Low,seniority level
1952,Julie Cruz,Software Engineering,Senior Manager,APAC,68.4,64.3,0.0723,Low,seniority level
2054,Dana Bryant,Software Engineering,Senior Manager,APAC,51.7,64.1,0.3594,Low,paid below level peers
2208,April White,Software Engineering,Senior Manager,North America,48.5,75.7,0.1766,Low,seniority level
2233,Jordan Pitts,Software Engineering,Senior Manager,North America,53.8,91.1,0.0583,Low,seniority level
2298,David Blake,Software Engineering,Senior Manager,North America,77.6,67.9,0.043,Low,seniority level
2583,Lance Kramer,Software Engineering,Senior Manager,APAC,42.6,75.6,0.3456,Low,seniority level
2754,Melody Johnson,Software Engineering,Senior Manager,North America,21.3,92.4,0.3716,Low,seniority level
149,Joseph Johnson,Software Engineering,Director,EMEA,64.3,68.2,0.1545,Low,seniority level
299,Steven Griffin,Software Engineering,Director,EMEA,77.8,66.7,0.0128,Low,seniority level
330,Monica Anderson MD,Software Engineering,Director,EMEA,16.0,73.4,0.74,High,seniority level
2100,Thomas Adams,Software Engineering,Director,APAC,61.6,96.1,0.2262,Low,seniority level
23,Olivia Parker,Supply Chain,Associate,North America,21.8,85.5,0.3765,Low,overdue for promotion
46,Lindsey Robbins,Supply Chain,Associate,North America,4.0,62.9,0.4979,Medium,early tenure
199,Crystal Harris,Supply Chain,Associate,EMEA,19.9,66.7,0.4445,Low,performance rating
277,Amber Floyd,Supply Chain,Associate,APAC,13.8,64.6,0.4046,Low,early tenure
280,Adam Garner,Supply Chain,Associate,EMEA,12.9,78.6,0.4091,Low,early tenure
455,Andrew Phillips,Supply Chain,Associate,North America,1.6,73.8,0.5649,Medium,early tenure
525,Tina Smith,Supply Chain,Associate,Latin America,19.6,60.6,0.3772,Low,early tenure
691,Ashley Simpson,Supply Chain,Associate,North America,10.9,84.5,0.3991,Low,early tenure
726,Mallory Mayo,Supply Chain,Associate,APAC,4.8,77.4,0.6629,High,early tenure
1051,Michael Ellis,Supply Chain,Associate,APAC,21.1,80.5,0.5621,Medium,performance rating
1059,Craig Cain,Supply Chain,Associate,APAC,7.9,76.5,0.5256,Medium,early tenure
1119,Shane Diaz,Supply Chain,Associate,EMEA,12.1,99.1,0.3926,Low,early tenure
1187,Heather Walton,Supply Chain,Associate,APAC,8.2,73.0,0.5687,Medium,early tenure
1279,Colleen Gray,Supply Chain,Associate,North America,5.7,73.8,0.6987,High,early tenure
1304,Edward Patterson,Supply Chain,Associate,North America,22.6,47.8,0.4078,Low,overdue for promotion
1354,Debbie Taylor,Supply Chain,Associate,APAC,21.2,68.1,0.415,Low,early tenure
1505,Amber Martinez,Supply Chain,Associate,APAC,5.4,66.4,0.554,Medium,early tenure
1558,Sheri Munoz,Supply Chain,Associate,EMEA,22.5,43.8,0.3563,Low,paid below market
1565,Maria Levy,Supply Chain,Associate,North America,4.2,54.1,0.5331,Medium,early tenure
1575,Rachel Reilly,Supply Chain,Associate,North America,5.1,69.0,0.5128,Medium,early tenure
1581,Michael Bowman,Supply Chain,Associate,EMEA,21.6,85.1,0.2338,Low,paid below level peers
1600,Kimberly Bush,Supply Chain,Associate,North America,18.8,60.0,0.5099,Medium,early tenure
1660,April Smith,Supply Chain,Associate,EMEA,21.9,69.3,0.382,Low,paid below level peers
1724,Dr. Ann Vang MD,Supply Chain,Associate,North America,6.3,61.8,0.6195,Medium,early tenure
1793,Jamie Banks,Supply Chain,Associate,North America,9.7,62.9,0.4688,Medium,early tenure
1980,Raven Murphy,Supply Chain,Associate,EMEA,7.8,44.8,0.543,Medium,early tenure
1998,Charles Williams,Supply Chain,Associate,North America,20.2,55.0,0.3696,Low,early tenure
2000,Amanda French,Supply Chain,Associate,EMEA,9.3,70.3,0.3528,Low,early tenure
2411,Jennifer Fox,Supply Chain,Associate,Latin America,4.1,52.2,0.6705,High,early tenure
2658,Logan Booker,Supply Chain,Associate,APAC,2.5,77.3,0.6257,Medium,early tenure
296,Kelsey Hansen,Supply Chain,Analyst,APAC,9.5,54.4,0.7123,High,early tenure
312,Charles Rogers,Supply Chain,Analyst,North America,24.5,66.4,0.3157,Low,paid below level peers
356,Michael Bean,Supply Chain,Analyst,APAC,2.3,83.5,0.638,Medium,early tenure
370,Dana Montoya,Supply Chain,Analyst,North America,24.9,65.8,0.5646,Medium,overdue for promotion
446,Dale Rogers,Supply Chain,Analyst,APAC,24.8,79.0,0.2998,Low,paid below market
547,Eric Yoder,Supply Chain,Analyst,EMEA,33.1,66.6,0.2567,Low,overdue for promotion
684,Brian Bush,Supply Chain,Analyst,Latin America,27.5,78.4,0.3142,Low,overdue for promotion
705,Denise Sanders,Supply Chain,Analyst,North America,16.4,88.7,0.2107,Low,early tenure
773,Jessica Underwood,Supply Chain,Analyst,North America,5.2,70.2,0.5838,Medium,early tenure
1068,Douglas Howard,Supply Chain,Analyst,APAC,7.6,61.9,0.8165,High,early tenure
1128,Calvin Obrien,Supply Chain,Analyst,North America,19.7,68.1,0.2585,Low,early tenure
1182,Spencer Barber,Supply Chain,Analyst,APAC,6.5,85.1,0.517,Medium,early tenure
1365,Michelle Burton,Supply Chain,Analyst,North America,9.3,47.5,0.8279,High,early tenure
1424,Jose Wallace,Supply Chain,Analyst,APAC,32.9,79.4,0.2483,Low,performance rating
1481,Michael Thompson,Supply Chain,Analyst,North America,18.7,83.8,0.2739,Low,early tenure
1520,Joel Hernandez,Supply Chain,Analyst,EMEA,3.8,76.5,0.6398,Medium,early tenure
1536,Mike Becker,Supply Chain,Analyst,APAC,31.8,77.2,0.3457,Low,paid below level peers
1566,Amanda Martin,Supply Chain,Analyst,North America,0.8,73.8,0.6222,Medium,early tenure
1582,Melissa Morris,Supply Chain,Analyst,North America,5.5,66.5,0.6327,Medium,early tenure
1740,Ashley Smith,Supply Chain,Analyst,APAC,35.0,81.9,0.2538,Low,overdue for promotion
1802,Robert Calhoun,Supply Chain,Analyst,Latin America,17.0,71.0,0.5716,Medium,paid below level peers
1844,Melissa Marshall,Supply Chain,Analyst,APAC,5.3,94.2,0.5487,Medium,early tenure
1879,Gary Joyce,Supply Chain,Analyst,North America,28.1,50.5,0.4553,Low,high overtime
1908,Brandon Chase,Supply Chain,Analyst,EMEA,28.0,74.6,0.1632,Low,paid below level peers
1954,Kyle Flynn,Supply Chain,Analyst,North America,35.8,67.0,0.1716,Low,paid below market
2029,Tina Moss,Supply Chain,Analyst,APAC,35.8,95.7,0.1978,Low,high overtime
2055,Benjamin Scott,Supply Chain,Analyst,North America,29.0,68.4,0.2521,Low,paid below level peers
2078,Jerry Tyler,Supply Chain,Analyst,North America,18.4,81.3,0.6455,High,performance rating
2255,Tara Sanchez,Supply Chain,Analyst,APAC,24.1,93.5,0.4011,Low,high overtime
2392,Dennis Lawrence,Supply Chain,Analyst,North America,30.2,60.5,0.3197,Low,paid below level peers
2413,Leslie Cooley,Supply Chain,Analyst,North America,21.5,56.3,0.1727,Low,paid below market
2481,Lauren Gonzalez,Supply Chain,Analyst,APAC,25.2,97.4,0.3239,Low,overdue for promotion
2557,Melissa Turner,Supply Chain,Analyst,Latin America,16.9,57.6,0.7519,High,performance rating
2608,Christopher Mitchell,Supply Chain,Analyst,APAC,25.1,89.7,0.4022,Low,overdue for promotion
2638,Brenda Washington,Supply Chain,Analyst,EMEA,22.8,86.2,0.1844,Low,paid below market
2691,Devin Wright,Supply Chain,Analyst,North America,31.7,71.8,0.3787,Low,overdue for promotion
8,Michael Evans,Supply Chain,Specialist,North America,2.5,74.3,0.4666,Medium,early tenure
37,Dr. Matthew Price Jr.,Supply Chain,Senior Analyst,APAC,14.3,59.3,0.5813,Medium,early tenure
42,Andre Little,Supply Chain,Senior Analyst,North America,1.6,68.7,0.7996,High,early tenure
91,Daniel Cruz,Supply Chain,Senior Analyst,APAC,34.9,45.3,0.2963,Low,paid below level peers
189,David Proctor,Supply Chain,Specialist,APAC,36.0,47.7,0.4287,Low,paid below level peers
309,Alexis Jimenez,Supply Chain,Senior Analyst,APAC,43.0,47.3,0.394,Low,paid below level peers
426,Julie Ortiz,Supply Chain,Senior Analyst,APAC,37.4,90.2,0.1602,Low,paid below level peers
477,Lisa Evans,Supply Chain,Senior Analyst,North America,41.6,65.7,0.104,Low,department
646,Patricia Webb,Supply Chain,Specialist,EMEA,27.3,83.4,0.2155,Low,paid below market
692,Suzanne Brewer,Supply Chain,Specialist,North America,47.2,63.7,0.1331,Low,paid below market
711,Christine Juarez,Supply Chain,Specialist,EMEA,13.3,64.2,0.6749,High,early tenure
738,Rebecca Villanueva,Supply Chain,Specialist,APAC,36.3,69.9,0.1552,Low,paid below market
777,Dennis Tran,Supply Chain,Specialist,Latin America,6.5,88.6,0.4594,Low,early tenure
956,Heather Wilson,Supply Chain,Specialist,North America,25.9,69.4,0.1856,Low,paid below market
1124,Jason Jacobs,Supply Chain,Senior Analyst,North America,45.0,48.4,0.1924,Low,low engagement
1181,Lori Guerra,Supply Chain,Specialist,EMEA,19.0,72.4,0.4115,Low,early tenure
1226,David Robinson,Supply Chain,Senior Analyst,EMEA,18.8,86.6,0.4466,Low,early tenure
1313,Jennifer Johnson,Supply Chain,Senior Analyst,North America,24.1,46.3,0.556,Medium,overdue for promotion
1485,Jack Guerrero,Supply Chain,Senior Analyst,EMEA,2.0,52.5,0.7494,High,early tenure
1622,Thomas Miller,Supply Chain,Specialist,APAC,12.4,82.2,0.6047,Medium,early tenure
1633,Kathryn Herrera,Supply Chain,Specialist,Latin America,38.9,73.7,0.1167,Low,department
1644,John Lowe,Supply Chain,Senior Analyst,EMEA,9.2,86.8,0.4921,Medium,early tenure
1667,Justin Brooks,Supply Chain,Senior Analyst,North America,40.2,71.5,0.3147,Low,overdue for promotion
1700,Alec King,Supply Chain,Specialist,North America,21.3,73.4,0.4895,Medium,early tenure
1794,Carolyn Rodriguez,Supply Chain,Specialist,North America,5.5,62.5,0.7228,High,early tenure
1993,Michael Herring,Supply Chain,Senior Analyst,North America,32.3,54.2,0.4281,Low,performance rating
2010,Roger Fitzpatrick,Supply Chain,Senior Analyst,Latin America,29.3,43.2,0.5953,Medium,overdue for promotion
2051,Kimberly Shaw,Supply Chain,Specialist,North America,19.6,84.6,0.4359,Low,early tenure
2092,Charles Hanson,Supply Chain,Senior Analyst,North America,47.9,61.7,0.1184,Low,paid below level peers
2114,Vanessa Perry,Supply Chain,Senior Analyst,North America,10.6,50.6,0.5908,Medium,early tenure
2126,Brittany Lee,Supply Chain,Specialist,APAC,34.3,71.9,0.2493,Low,region
2207,Christina Patrick,Supply Chain,Specialist,North America,48.2,87.6,0.1428,Low,performance rating
2212,Teresa Hansen,Supply Chain,Senior Analyst,EMEA,25.6,84.2,0.5295,Medium,overdue for promotion
2223,Kayla Russell,Supply Chain,Specialist,APAC,29.3,75.2,0.3347,Low,performance rating
2286,Carol Adams,Supply Chain,Specialist,Latin America,9.1,83.1,0.5387,Medium,early tenure
2387,John Walker,Supply Chain,Specialist,North America,16.9,61.5,0.5733,Medium,early tenure
2407,Megan Garcia,Supply Chain,Specialist,APAC,13.9,60.4,0.4825,Medium,early tenure
2584,Sydney Torres,Supply Chain,Specialist,North America,47.5,72.8,0.2028,Low,paid below level peers
2586,Stephanie Dunn,Supply Chain,Senior Analyst,Latin America,9.2,89.6,0.3361,Low,early tenure
2598,Matthew Griffin Jr.,Supply Chain,Senior Analyst,EMEA,44.8,67.1,0.1628,Low,performance rating
2599,Derek Anderson,Supply Chain,Senior Analyst,APAC,10.2,68.4,0.6439,High,early tenure
2611,Elizabeth Lucas,Supply Chain,Senior Analyst,EMEA,20.0,47.4,0.5033,Medium,early tenure
2621,Courtney Ponce,Supply Chain,Senior Analyst,APAC,39.9,53.2,0.418,Low,paid below level peers
2701,Jon Lambert,Supply Chain,Specialist,APAC,37.5,54.9,0.2978,Low,region
2773,John Young,Supply Chain,Senior Analyst,North America,32.7,60.5,0.215,Low,paid below level peers
2788,Alyssa Johnson,Supply Chain,Senior Analyst,North America,31.5,75.3,0.2572,Low,paid below market
176,Johnathan Hernandez,Supply Chain,Senior Specialist,EMEA,32.5,91.1,0.3392,Low,overdue for promotion
364,Henry Cameron,Supply Chain,Senior Specialist,North America,5.3,62.6,0.6989,High,early tenure
610,Jeremy Jackson,Supply Chain,Senior Specialist,North America,18.6,100.0,0.3554,Low,early tenure
665,Brooke Johnson,Supply Chain,Senior Specialist,APAC,16.4,57.2,0.681,High,early tenure
969,Katherine Jones,Supply Chain,Senior Specialist,North America,56.8,48.2,0.0831,Low,paid below level peers
1184,Tamara Gonzalez,Supply Chain,Senior Specialist,North America,46.8,60.7,0.2427,Low,overdue for promotion
1201,Alicia Hanson,Supply Chain,Senior Specialist,North America,12.4,74.4,0.5473,Medium,early tenure
1204,Erik Smith,Supply Chain,Senior Specialist,EMEA,31.6,70.1,0.3657,Low,performance rating
1220,Aimee Williams,Supply Chain,Senior Specialist,APAC,3.4,79.7,0.746,High,early tenure
1276,Sharon Torres,Supply Chain,Senior Specialist,EMEA,13.1,61.1,0.6477,High,early tenure
1281,Melissa Palmer,Supply Chain,Senior Specialist,North America,10.3,82.5,0.6487,High,early tenure
1293,Michelle Franklin,Supply Chain,Senior Specialist,APAC,16.0,82.4,0.5372,Medium,early tenure
1360,Katherine Casey,Supply Chain,Senior Specialist,North America,53.9,45.1,0.1196,Low,paid below market
1378,Jennifer Smith,Supply Chain,Senior Specialist,North America,39.8,48.2,0.2555,Low,low engagement
1407,David Williams,Supply Chain,Senior Specialist,APAC,17.8,86.3,0.4741,Medium,early tenure
1779,Nancy Lopez,Supply Chain,Senior Specialist,APAC,37.3,91.6,0.1667,Low,paid below level peers
2081,Misty Rodriguez,Supply Chain,Senior Specialist,Latin America,6.3,75.4,0.6997,High,early tenure
2094,Hannah Alvarez,Supply Chain,Senior Specialist,APAC,17.5,82.4,0.5069,Medium,early tenure
2152,Jason Hendrix,Supply Chain,Senior Specialist,North America,58.1,74.7,0.0514,Low,seniority level
2354,Ethan Jones,Supply Chain,Senior Specialist,APAC,22.5,74.3,0.4912,Medium,paid below level peers
2378,Tammy Rodriguez,Supply Chain,Senior Specialist,North America,55.3,43.8,0.3231,Low,paid below level peers
2663,Aaron Ponce,Supply Chain,Senior Specialist,APAC,21.7,79.1,0.3967,Low,region
105,Eric Smith,Supply Chain,Lead,EMEA,11.8,56.7,0.5549,Medium,early tenure
306,Melanie Cruz,Supply Chain,Lead,North America,40.1,61.6,0.4452,Low,seniority level
308,Blake Page,Supply Chain,Lead,APAC,12.1,90.1,0.712,High,early tenure
576,Regina Martin,Supply Chain,Lead,North America,48.9,79.2,0.0913,Low,seniority level
673,Jack Velasquez,Supply Chain,Lead,APAC,38.0,74.9,0.3673,Low,seniority level
683,Jeffery Gomez,Supply Chain,Lead,North America,10.8,81.1,0.708,High,early tenure
686,Lisa Ingram,Supply Chain,Lead,EMEA,70.3,78.3,0.0282,Low,paid below market
875,Angela Peterson,Supply Chain,Lead,EMEA,70.9,78.2,0.0558,Low,paid below level peers
1046,Jason Olson,Supply Chain,Lead,North America,27.1,74.1,0.368,Low,seniority level
1129,Shawna Harris,Supply Chain,Lead,APAC,9.6,88.4,0.7576,High,early tenure
1189,Carolyn Wilson,Supply Chain,Lead,EMEA,67.6,68.3,0.0362,Low,seniority level
1229,Barbara Brooks,Supply Chain,Lead,North America,21.9,73.8,0.6999,High,paid below level peers
1244,Alice Anderson,Supply Chain,Lead,North America,72.0,100.0,0.0258,Low,seniority level
1254,Kevin Campbell,Supply Chain,Lead,EMEA,2.4,82.1,0.7317,High,early tenure
1358,Michael Robertson,Supply Chain,Lead,North America,12.4,51.2,0.6634,High,early tenure
1496,Lawrence Rodriguez,Supply Chain,Lead,EMEA,52.9,84.8,0.134,Low,performance rating
1497,Ryan Evans,Supply Chain,Lead,North America,8.1,87.7,0.5386,Medium,early tenure
1723,Jasmine Martinez,Supply Chain,Lead,EMEA,50.2,73.0,0.1368,Low,paid below level peers
1736,Destiny Vargas,Supply Chain,Lead,North America,22.7,65.5,0.7576,High,paid below level peers
1749,Jennifer Tucker,Supply Chain,Lead,APAC,50.7,82.2,0.1456,Low,performance rating
1854,Tim Baker,Supply Chain,Lead,EMEA,19.2,73.2,0.4786,Medium,early tenure
1868,Mrs. Stacey Ferrell,Supply Chain,Lead,North America,39.7,73.2,0.2064,Low,seniority level
1970,Charles Lopez,Supply Chain,Lead,APAC,36.5,59.8,0.329,Low,seniority level
1982,Danielle Reyes,Supply Chain,Lead,APAC,32.9,65.8,0.4814,Medium,performance rating
2005,Kevin Gray,Supply Chain,Lead,North America,23.3,32.6,0.8339,High,paid below level peers
2058,Charlotte Crosby,Supply Chain,Lead,EMEA,55.0,59.1,0.0727,Low,paid below market
2226,Erik Smith,Supply Chain,Lead,Latin America,32.1,70.2,0.5632,Medium,overdue for promotion
2258,Christine White,Supply Chain,Lead,APAC,12.5,89.3,0.542,Medium,early tenure
2269,Aimee Burke,Supply Chain,Lead,North America,53.1,76.3,0.0598,Low,paid below market
2296,Brian Moss,Supply Chain,Lead,APAC,44.3,70.9,0.1545,Low,seniority level
2592,Barbara Vasquez,Supply Chain,Lead,North America,52.4,52.5,0.2154,Low,paid below level peers
1,Haley Kirk,Supply Chain,Manager,North America,47.8,83.2,0.1042,Low,seniority level
402,Emily Sanders,Supply Chain,Manager,North America,35.3,87.2,0.1241,Low,seniority level
661,Andrea Hinton,Supply Chain,Manager,Latin America,79.2,48.7,0.0222,Low,seniority level
834,Shannon Moore,Supply Chain,Manager,North America,76.5,89.0,0.0405,Low,seniority level
981,Alec Smith,Supply Chain,Manager,APAC,36.7,66.1,0.4836,Medium,seniority level
1746,Christina Burke,Supply Chain,Manager,EMEA,58.4,54.3,0.1565,Low,seniority level
1996,Stephanie Moore,Supply Chain,Manager,North America,10.6,77.6,0.706,High,early tenure
2134,Michelle Wallace,Supply Chain,Manager,North America,8.3,83.3,0.763,High,early tenure
2325,Tina Rivera,Supply Chain,Manager,Latin America,75.1,76.6,0.0228,Low,seniority level
2667,Paul Brown,Supply Chain,Manager,North America,19.8,67.1,0.6188,Medium,seniority level
108,Katherine Conner,Supply Chain,Senior Manager,North America,40.1,67.0,0.3124,Low,seniority level
135,Patricia Bird,Supply Chain,Senior Manager,EMEA,62.4,49.6,0.1713,Low,seniority level
456,Andrea Gallagher,Supply Chain,Senior Manager,North America,26.7,61.5,0.6378,Medium,seniority level
484,Virginia Cain,Supply Chain,Senior Manager,North America,95.3,78.1,0.0065,Low,seniority level
815,Sandra Johnson,Supply Chain,Senior Manager,EMEA,28.1,71.6,0.5094,Medium,seniority level
1175,Sarah Dougherty,Supply Chain,Senior Manager,North America,44.4,50.0,0.3483,Low,seniority level
1316,Ashley Benson,Supply Chain,Senior Manager,EMEA,16.6,53.7,0.8064,High,seniority level
2037,Arthur Miller,Supply Chain,Senior Manager,North America,71.8,88.0,0.0331,Low,seniority level
2057,Jean Murphy,Supply Chain,Senior Manager,North America,94.3,67.3,0.012,Low,seniority level
231,Jesus Carroll,Supply Chain,Director,EMEA,100.5,91.2,0.0036,Low,seniority level
579,Amy Tran MD,Supply Chain,Director,APAC,70.5,88.3,0.0485,Low,seniority level
2144,Taylor Hoover,Supply Chain,Director,Latin America,55.4,67.7,0.2323,Low,seniority level
