employee_id,department,division,job_level,level_rank,region,gender,ethnicity_group,age_band,is_active,left_flag,tenure_months,compa_ratio,performance_rating,engagement_score,overtime_hours,commute_km,months_since_promotion,engagement_vs_dept,comp_gap_vs_level
20,Customer Support,Operations,Associate,1,North America,Male,Group C,35-44,1,0,18.8,1.0903,4,79.7,2.7,5.6,18.8,6.83,0.0941
53,Customer Support,Operations,Associate,1,APAC,Male,Group A,<25,0,1,1.7,1.0043,3,92.0,3.3,16.6,8.0,19.13,0.0081
72,Customer Support,Operations,Associate,1,North America,Female,Group D,<25,0,1,15.0,0.9423,2,77.6,1.6,0.0,7.9,4.73,-0.0539
235,Customer Support,Operations,Associate,1,EMEA,Non-binary,Group E,25-34,1,0,6.8,1.0953,3,97.7,4.5,9.4,6.8,24.83,0.0991
302,Customer Support,Operations,Associate,1,APAC,Female,Group D,35-44,0,1,15.3,0.9046,2,53.7,21.6,22.5,23.4,-19.17,-0.0916
468,Customer Support,Operations,Associate,1,EMEA,Female,Group A,<25,1,0,13.3,0.9908,5,81.8,12.3,14.4,3.0,8.93,-0.0054
563,Customer Support,Operations,Associate,1,APAC,Male,Group E,45-54,1,0,6.0,1.0013,4,63.3,10.0,15.5,6.0,-9.57,0.0051
732,Customer Support,Operations,Associate,1,APAC,Female,Group E,25-34,1,0,8.2,1.008,1,87.9,5.2,4.7,1.2,15.03,0.0118
806,Customer Support,Operations,Associate,1,North America,Non-binary,Group E,25-34,1,0,5.6,1.0291,3,67.8,5.8,43.7,5.6,-5.07,0.0329
839,Customer Support,Operations,Associate,1,North America,Male,Group A,55+,0,1,7.8,0.8382,3,72.4,13.0,2.8,9.8,-0.47,-0.158
927,Customer Support,Operations,Associate,1,APAC,Female,Group C,35-44,1,0,10.4,0.8618,4,73.4,5.0,17.5,10.4,0.53,-0.1344
1053,Customer Support,Operations,Associate,1,North America,Male,Group B,25-34,1,0,2.7,0.9851,5,51.9,8.3,0.0,2.7,-20.97,-0.0111
1073,Customer Support,Operations,Associate,1,North America,Male,Group D,25-34,0,1,12.8,0.9309,3,58.4,2.0,6.3,12.9,-14.47,-0.0653
1141,Customer Support,Operations,Associate,1,Latin America,Female,Group A,45-54,1,0,11.3,1.0084,4,89.8,7.9,2.5,5.8,16.93,0.0122
1179,Customer Support,Operations,Associate,1,APAC,Male,Group B,25-34,1,0,23.3,1.1207,4,98.0,7.2,7.5,23.3,25.13,0.1245
1222,Customer Support,Operations,Associate,1,North America,Male,Group A,25-34,0,1,7.4,0.9239,3,86.1,13.5,8.7,6.1,13.23,-0.0723
1238,Customer Support,Operations,Associate,1,North America,Male,Group E,25-34,1,0,17.4,1.0655,4,71.9,2.3,0.0,14.4,-0.97,0.0693
1267,Customer Support,Operations,Associate,1,APAC,Female,Group D,35-44,0,1,0.7,0.9814,3,67.4,0.9,14.1,2.2,-5.47,-0.0148
1386,Customer Support,Operations,Associate,1,North America,Male,Group C,25-34,1,0,8.9,1.042,4,99.8,8.7,0.0,4.9,26.93,0.0458
1606,Customer Support,Operations,Associate,1,North America,Female,Group B,35-44,1,0,23.5,1.0283,3,55.4,6.4,0.0,14.7,-17.47,0.0321
1613,Customer Support,Operations,Associate,1,North America,Male,Group B,45-54,1,0,22.6,1.0519,2,78.3,4.4,24.9,9.6,5.43,0.0557
1697,Customer Support,Operations,Associate,1,APAC,Male,Group D,45-54,1,0,8.8,1.0013,3,74.6,3.1,22.8,8.8,1.73,0.0051
1729,Customer Support,Operations,Associate,1,EMEA,Female,Group A,35-44,0,1,4.7,0.8522,2,96.3,22.9,26.2,16.9,23.43,-0.144
1955,Customer Support,Operations,Associate,1,North America,Female,Group C,35-44,1,0,2.7,1.0365,2,90.6,5.8,7.4,2.7,17.73,0.0403
1997,Customer Support,Operations,Associate,1,APAC,Male,Group A,45-54,1,0,6.4,0.9549,5,70.0,4.4,15.8,6.4,-2.87,-0.0413
2157,Customer Support,Operations,Associate,1,North America,Female,Group C,25-34,1,0,7.9,0.9804,2,82.9,20.4,14.5,7.9,10.03,-0.0158
2280,Customer Support,Operations,Associate,1,APAC,Female,Group D,35-44,1,0,5.5,0.8952,3,84.9,15.6,33.0,5.5,12.03,-0.101
2572,Customer Support,Operations,Associate,1,EMEA,Male,Group A,25-34,1,0,17.0,0.8458,4,77.6,8.9,28.6,17.0,4.73,-0.1504
2575,Customer Support,Operations,Associate,1,EMEA,Male,Group E,25-34,1,0,15.5,0.9615,3,63.6,3.0,11.4,15.5,-9.27,-0.0347
163,Customer Support,Operations,Analyst,2,North America,Female,Group C,35-44,1,0,6.7,0.9365,3,82.8,2.8,13.6,6.7,9.93,-0.05
180,Customer Support,Operations,Analyst,2,APAC,Male,Group C,25-34,1,0,5.2,0.8255,3,98.0,7.4,0.0,5.2,25.13,-0.161
322,Customer Support,Operations,Analyst,2,North America,Male,Group E,35-44,1,0,25.4,0.9604,2,72.6,8.1,14.5,24.4,-0.27,-0.0261
569,Customer Support,Operations,Analyst,2,North America,Male,Group E,45-54,1,0,18.1,0.9733,3,81.0,2.5,0.0,17.1,8.13,-0.0132
593,Customer Support,Operations,Analyst,2,North America,Male,Group A,25-34,1,0,31.5,0.9924,3,90.2,19.7,0.0,21.0,17.33,0.0059
597,Customer Support,Operations,Analyst,2,APAC,Male,Group B,45-54,1,0,20.1,0.9457,4,100.0,5.2,3.4,10.3,27.13,-0.0408
620,Customer Support,Operations,Analyst,2,APAC,Female,Group C,55+,1,0,25.4,0.9822,5,73.6,6.8,19.9,15.8,0.73,-0.0043
658,Customer Support,Operations,Analyst,2,North America,Female,Group D,35-44,1,0,8.9,1.0697,3,89.7,6.8,11.1,8.9,16.83,0.0832
775,Customer Support,Operations,Analyst,2,EMEA,Male,Group B,45-54,1,0,31.1,0.9783,3,68.4,7.5,15.1,4.8,-4.47,-0.0082
810,Customer Support,Operations,Analyst,2,North America,Male,Group B,35-44,1,0,7.4,1.1149,3,79.4,7.8,0.0,4.9,6.53,0.1284
859,Customer Support,Operations,Analyst,2,Latin America,Male,Group A,35-44,1,0,11.2,1.0717,2,50.7,3.2,12.3,11.2,-22.17,0.0852
955,Customer Support,Operations,Analyst,2,EMEA,Male,Group A,45-54,0,1,3.2,0.8824,2,66.8,32.0,12.5,3.1,-6.07,-0.1041
993,Customer Support,Operations,Analyst,2,APAC,Male,Group A,25-34,1,0,6.5,0.9513,5,41.3,14.1,18.6,0.8,-31.57,-0.0352
1026,Customer Support,Operations,Analyst,2,Latin America,Male,Group A,25-34,1,0,34.1,1.0495,3,38.1,7.2,0.0,17.0,-34.77,0.063
1063,Customer Support,Operations,Analyst,2,APAC,Male,Group B,55+,0,1,11.4,0.8621,3,99.5,10.2,0.0,13.0,26.63,-0.1244
1120,Customer Support,Operations,Analyst,2,North America,Male,Group A,25-34,1,0,27.9,1.072,3,73.6,1.1,0.0,27.9,0.73,0.0855
1134,Customer Support,Operations,Analyst,2,North America,Female,Group C,<25,1,0,35.2,1.0167,3,73.9,12.0,4.8,11.1,1.03,0.0302
1263,Customer Support,Operations,Analyst,2,EMEA,Male,Group A,<25,1,0,33.1,0.9566,2,67.2,5.2,0.0,30.0,-5.67,-0.0299
1332,Customer Support,Operations,Analyst,2,North America,Male,Group B,35-44,1,0,28.9,0.9505,3,79.5,8.6,11.6,7.6,6.63,-0.036
1366,Customer Support,Operations,Analyst,2,EMEA,Male,Group B,45-54,1,0,21.3,0.9964,3,76.3,2.6,0.0,7.0,3.43,0.0099
1418,Customer Support,Operations,Analyst,2,APAC,Male,Group A,55+,1,0,2.7,1.0397,4,94.1,5.8,5.4,2.7,21.23,0.0532
1473,Customer Support,Operations,Analyst,2,APAC,Male,Group B,55+,1,0,6.1,1.1336,3,75.8,6.4,31.2,6.1,2.93,0.1471
1504,Customer Support,Operations,Analyst,2,North America,Female,Group D,25-34,1,0,16.9,0.9567,3,54.5,3.8,0.0,16.9,-18.37,-0.0298
1662,Customer Support,Operations,Analyst,2,North America,Non-binary,Group E,35-44,1,0,22.8,0.9833,4,42.2,3.7,11.9,9.5,-30.67,-0.0032
1962,Customer Support,Operations,Analyst,2,North America,Male,Group D,25-34,0,1,18.6,0.9606,5,70.6,14.2,17.3,16.2,-2.27,-0.0259
2189,Customer Support,Operations,Analyst,2,North America,Female,Group C,<25,1,0,36.8,0.8667,3,51.8,6.9,16.7,2.2,-21.07,-0.1198
2262,Customer Support,Operations,Analyst,2,North America,Female,Group B,<25,1,0,17.7,0.8284,3,81.7,29.0,7.8,14.9,8.83,-0.1581
2287,Customer Support,Operations,Analyst,2,APAC,Male,Group E,45-54,1,0,16.8,1.1279,4,53.2,7.3,11.0,16.8,-19.67,0.1414
2322,Customer Support,Operations,Analyst,2,EMEA,Female,Group E,35-44,1,0,11.0,1.0116,4,97.6,12.1,10.9,11.0,24.73,0.0251
2328,Customer Support,Operations,Analyst,2,North America,Female,Group E,35-44,0,1,0.6,0.9758,3,100.0,2.0,11.8,1.2,27.13,-0.0107
2361,Customer Support,Operations,Analyst,2,EMEA,Female,Group B,45-54,0,1,16.3,0.9656,3,40.7,3.3,14.0,5.6,-32.17,-0.0209
2394,Customer Support,Operations,Analyst,2,North America,Male,Group A,25-34,1,0,23.4,1.0542,3,74.5,6.9,42.9,4.9,1.63,0.0677
2441,Customer Support,Operations,Analyst,2,North America,Female,Group A,45-54,1,0,34.1,0.8888,3,76.1,10.5,9.6,17.7,3.23,-0.0977
2487,Customer Support,Operations,Analyst,2,North America,Female,Group A,35-44,1,0,33.7,1.072,3,60.6,12.3,8.8,27.5,-12.27,0.0855
2679,Customer Support,Operations,Analyst,2,North America,Female,Group A,25-34,1,0,6.8,0.9457,3,59.9,7.7,29.6,4.6,-12.97,-0.0408
2716,Customer Support,Operations,Analyst,2,APAC,Male,Group A,35-44,1,0,23.1,1.0606,3,70.8,17.4,11.2,23.1,-2.07,0.0741
27,Customer Support,Operations,Specialist,3,Latin America,Male,Group C,35-44,1,0,7.3,1.0767,3,100.0,3.6,8.8,7.3,27.13,0.0838
121,Customer Support,Operations,Senior Analyst,3,North America,Female,Group A,35-44,1,0,16.5,0.9192,3,47.4,22.6,38.9,7.2,-25.47,-0.0737
173,Customer Support,Operations,Senior Analyst,3,North America,Female,Group A,35-44,1,0,18.6,0.986,4,96.6,12.3,2.8,3.2,23.73,-0.0069
285,Customer Support,Operations,Senior Analyst,3,EMEA,Female,Group C,35-44,1,0,24.1,1.0048,4,84.9,4.1,16.6,12.5,12.03,0.0119
434,Customer Support,Operations,Senior Analyst,3,APAC,Male,Group C,45-54,0,1,1.9,1.0343,2,51.2,2.0,24.0,8.5,-21.67,0.0414
435,Customer Support,Operations,Senior Analyst,3,North America,Female,Group D,35-44,1,0,11.5,0.8891,3,100.0,3.2,0.0,11.5,27.13,-0.1038
501,Customer Support,Operations,Senior Analyst,3,North America,Male,Group A,25-34,1,0,38.3,0.9274,4,82.9,7.6,10.6,18.2,10.03,-0.0655
512,Customer Support,Operations,Specialist,3,EMEA,Male,Group B,45-54,1,0,8.4,0.9797,3,56.3,5.7,11.2,7.7,-16.57,-0.0132
562,Customer Support,Operations,Senior Analyst,3,APAC,Female,Group A,25-34,1,0,46.6,0.9336,4,71.9,18.6,4.7,3.4,-0.97,-0.0593
581,Customer Support,Operations,Senior Analyst,3,APAC,Female,Group A,45-54,1,0,37.8,0.8808,2,97.4,5.1,51.7,9.3,24.53,-0.1121
742,Customer Support,Operations,Specialist,3,APAC,Male,Group B,<25,0,1,28.1,0.9378,3,98.2,27.3,9.1,23.5,25.33,-0.0551
772,Customer Support,Operations,Senior Analyst,3,North America,Female,Group A,35-44,0,1,0.5,1.0151,3,58.6,7.2,15.8,0.6,-14.27,0.0222
872,Customer Support,Operations,Specialist,3,North America,Male,Group A,25-34,1,0,8.2,1.0926,3,89.3,3.1,15.1,8.2,16.43,0.0997
929,Customer Support,Operations,Senior Analyst,3,EMEA,Male,Group B,25-34,1,0,37.5,1.143,3,63.6,11.4,5.1,17.3,-9.27,0.1501
973,Customer Support,Operations,Senior Analyst,3,APAC,Female,Group A,25-34,1,0,13.3,1.0303,3,90.9,3.1,2.0,13.3,18.03,0.0374
1020,Customer Support,Operations,Senior Analyst,3,EMEA,Female,Group E,45-54,1,0,49.1,1.026,2,80.7,1.5,6.4,23.4,7.83,0.0331
1048,Customer Support,Operations,Senior Analyst,3,North America,Male,Group B,55+,1,0,34.0,1.0016,3,64.2,3.8,5.9,7.9,-8.67,0.0087
1064,Customer Support,Operations,Senior Analyst,3,APAC,Male,Group A,25-34,1,0,32.1,1.1985,4,74.4,10.6,0.0,17.3,1.53,0.2056
1071,Customer Support,Operations,Senior Analyst,3,Latin America,Female,Group E,25-34,1,0,30.7,0.9994,4,70.1,2.1,24.9,22.2,-2.77,0.0065
1114,Customer Support,Operations,Specialist,3,North America,Male,Group C,25-34,1,0,49.6,1.0584,3,69.9,2.1,2.9,9.1,-2.97,0.0655
1152,Customer Support,Operations,Senior Analyst,3,North America,Female,Group A,45-54,0,1,19.8,1.0671,3,55.8,12.9,24.2,2.3,-17.07,0.0742
1193,Customer Support,Operations,Specialist,3,North America,Male,Group A,<25,1,0,10.7,0.9215,4,56.2,1.5,22.2,7.1,-16.67,-0.0714
1325,Customer Support,Operations,Senior Analyst,3,North America,Male,Group A,<25,0,1,17.1,1.0044,3,87.5,1.7,0.0,18.9,14.63,0.0115
1393,Customer Support,Operations,Specialist,3,EMEA,Male,Group E,25-34,1,0,19.6,1.0583,1,100.0,8.0,5.5,14.7,27.13,0.0654
1430,Customer Support,Operations,Senior Analyst,3,North America,Non-binary,Group E,35-44,1,0,35.0,1.008,4,89.6,3.3,19.2,18.7,16.73,0.0151
1488,Customer Support,Operations,Senior Analyst,3,EMEA,Female,Group B,35-44,0,1,3.2,0.9725,2,63.2,11.7,9.5,3.4,-9.67,-0.0204
1490,Customer Support,Operations,Senior Analyst,3,EMEA,Male,Group C,55+,1,0,12.9,1.0578,3,89.8,12.3,28.5,12.9,16.93,0.0649
1523,Customer Support,Operations,Specialist,3,North America,Female,Group E,25-34,0,1,13.8,0.9084,3,69.2,7.3,0.0,7.4,-3.67,-0.0845
1524,Customer Support,Operations,Specialist,3,EMEA,Female,Group C,25-34,1,0,49.7,0.9067,3,79.4,6.2,22.2,11.0,6.53,-0.0862
1619,Customer Support,Operations,Senior Analyst,3,North America,Male,Group A,25-34,1,0,33.3,1.1002,4,81.1,4.0,2.1,14.1,8.23,0.1073
1784,Customer Support,Operations,Senior Analyst,3,APAC,Male,Group A,35-44,1,0,44.8,1.0471,2,64.6,4.8,0.0,36.6,-8.27,0.0542
1891,Customer Support,Operations,Specialist,3,North America,Female,Group D,25-34,1,0,49.4,1.0093,4,50.8,3.2,17.5,32.3,-22.07,0.0164
1925,Customer Support,Operations,Specialist,3,EMEA,Female,Group C,25-34,0,1,9.6,0.904,3,57.7,3.5,9.7,7.1,-15.17,-0.0889
1932,Customer Support,Operations,Specialist,3,North America,Female,Group B,45-54,1,0,41.6,0.9181,4,74.7,4.1,10.8,14.5,1.83,-0.0748
1975,Customer Support,Operations,Specialist,3,APAC,Female,Group B,25-34,1,0,47.2,0.8446,5,93.7,7.1,0.0,18.9,20.83,-0.1483
2082,Customer Support,Operations,Specialist,3,North America,Female,Group A,45-54,1,0,17.7,0.8863,4,85.2,11.4,3.0,14.0,12.33,-0.1066
2118,Customer Support,Operations,Senior Analyst,3,EMEA,Male,Group A,35-44,1,0,40.2,1.0784,3,61.6,2.4,7.2,5.6,-11.27,0.0855
2129,Customer Support,Operations,Senior Analyst,3,North America,Male,Group A,45-54,1,0,12.0,0.9695,3,75.6,10.0,3.4,12.0,2.73,-0.0234
2145,Customer Support,Operations,Senior Analyst,3,APAC,Male,Group A,<25,1,0,9.4,1.1312,2,70.8,9.0,12.9,9.4,-2.07,0.1383
2167,Customer Support,Operations,Specialist,3,EMEA,Male,Group A,25-34,1,0,3.7,1.0676,3,75.2,3.7,17.3,3.7,2.33,0.0747
2174,Customer Support,Operations,Specialist,3,North America,Female,Group A,35-44,1,0,46.1,0.9834,2,62.0,9.0,3.8,9.4,-10.87,-0.0095
2185,Customer Support,Operations,Senior Analyst,3,EMEA,Male,Group D,25-34,1,0,49.4,1.0118,4,53.9,6.4,3.3,12.9,-18.97,0.0189
2248,Customer Support,Operations,Specialist,3,APAC,Male,Group D,55+,1,0,26.1,1.0892,3,84.4,5.7,7.0,24.2,11.53,0.0963
2285,Customer Support,Operations,Specialist,3,North America,Female,Group D,45-54,0,1,12.0,0.9138,4,44.5,29.9,23.9,15.2,-28.37,-0.0791
2330,Customer Support,Operations,Senior Analyst,3,APAC,Female,Group B,<25,1,0,38.4,0.8943,3,83.2,13.2,9.3,23.6,10.33,-0.0986
2369,Customer Support,Operations,Senior Analyst,3,EMEA,Female,Group B,25-34,1,0,41.3,1.0242,3,68.9,2.5,43.9,11.6,-3.97,0.0313
2393,Customer Support,Operations,Specialist,3,North America,Female,Group B,55+,1,0,3.7,1.0147,4,36.2,7.9,5.6,3.7,-36.67,0.0218
2451,Customer Support,Operations,Specialist,3,APAC,Male,Group C,25-34,0,1,6.2,1.169,3,49.5,8.2,20.1,3.2,-23.37,0.1761
2471,Customer Support,Operations,Senior Analyst,3,North America,Female,Group A,35-44,0,1,1.8,0.9933,2,71.0,12.5,6.8,2.7,-1.87,0.0004
2688,Customer Support,Operations,Specialist,3,EMEA,Non-binary,Group A,25-34,1,0,30.5,0.9677,3,99.6,21.6,17.2,30.5,26.73,-0.0252
2697,Customer Support,Operations,Senior Analyst,3,APAC,Male,Group A,35-44,1,0,24.4,0.9672,4,72.1,14.2,1.7,5.2,-0.77,-0.0257
2700,Customer Support,Operations,Specialist,3,APAC,Female,Group B,25-34,1,0,29.3,0.9378,3,73.4,4.5,14.5,11.4,0.53,-0.0551
2769,Customer Support,Operations,Specialist,3,APAC,Female,Group C,45-54,1,0,27.2,0.9714,3,50.1,1.1,0.0,13.3,-22.77,-0.0215
2797,Customer Support,Operations,Specialist,3,EMEA,Male,Group A,25-34,1,0,45.6,0.9456,4,62.0,11.4,10.2,43.2,-10.87,-0.0473
182,Customer Support,Operations,Senior Specialist,4,APAC,Female,Group D,25-34,0,1,19.9,1.0236,3,22.0,7.1,19.2,22.7,-50.87,0.0337
601,Customer Support,Operations,Senior Specialist,4,APAC,Female,Group C,35-44,1,0,37.2,1.031,3,82.3,22.9,12.9,27.4,9.43,0.0411
766,Customer Support,Operations,Senior Specialist,4,North America,Female,Group E,25-34,1,0,19.0,0.9184,2,88.2,6.8,13.3,14.2,15.33,-0.0715
964,Customer Support,Operations,Senior Specialist,4,North America,Male,Group A,35-44,1,0,36.3,1.0936,3,30.5,9.7,26.7,6.4,-42.37,0.1037
990,Customer Support,Operations,Senior Specialist,4,North America,Female,Group E,25-34,1,0,5.2,0.9973,3,90.2,12.9,19.4,5.2,17.33,0.0074
1108,Customer Support,Operations,Senior Specialist,4,APAC,Male,Group C,45-54,1,0,1.0,0.9068,3,78.4,14.2,0.7,1.0,5.53,-0.0831
1127,Customer Support,Operations,Senior Specialist,4,Latin America,Male,Group A,45-54,1,0,17.4,0.9681,5,73.6,4.7,5.9,5.1,0.73,-0.0218
1190,Customer Support,Operations,Senior Specialist,4,APAC,Male,Group A,25-34,1,0,52.2,1.031,4,60.7,14.0,0.0,21.8,-12.17,0.0411
1200,Customer Support,Operations,Senior Specialist,4,APAC,Male,Group E,35-44,1,0,15.0,1.038,3,72.2,10.0,9.8,0.6,-0.67,0.0481
1374,Customer Support,Operations,Senior Specialist,4,EMEA,Male,Group E,<25,1,0,53.7,1.0766,3,81.8,4.1,8.4,12.7,8.93,0.0867
1436,Customer Support,Operations,Senior Specialist,4,APAC,Male,Group B,35-44,0,1,30.0,1.0695,3,59.9,14.5,4.6,32.7,-12.97,0.0796
1465,Customer Support,Operations,Senior Specialist,4,North America,Male,Group E,25-34,1,0,2.8,1.0056,4,95.9,8.1,10.0,2.8,23.03,0.0157
1517,Customer Support,Operations,Senior Specialist,4,APAC,Male,Group A,55+,1,0,11.6,0.9888,3,58.5,2.9,7.5,4.5,-14.37,-0.0011
1607,Customer Support,Operations,Senior Specialist,4,North America,Male,Group A,35-44,1,0,37.9,0.92,2,60.9,2.0,0.0,12.0,-11.97,-0.0699
1643,Customer Support,Operations,Senior Specialist,4,EMEA,Male,Group B,25-34,1,0,58.7,0.996,5,84.2,6.8,5.2,13.9,11.33,0.0061
1913,Customer Support,Operations,Senior Specialist,4,North America,Female,Group B,25-34,1,0,3.4,0.9971,3,73.7,3.7,0.0,3.4,0.83,0.0072
1920,Customer Support,Operations,Senior Specialist,4,EMEA,Female,Group A,45-54,1,0,17.8,0.9624,3,65.3,4.1,33.0,7.9,-7.57,-0.0275
2046,Customer Support,Operations,Senior Specialist,4,APAC,Male,Group E,35-44,1,0,18.4,0.9008,5,76.5,6.4,11.3,1.8,3.63,-0.0891
2101,Customer Support,Operations,Senior Specialist,4,North America,Male,Group A,25-34,1,0,55.1,1.0256,3,64.0,1.6,0.0,7.0,-8.87,0.0357
2165,Customer Support,Operations,Senior Specialist,4,EMEA,Female,Group A,25-34,1,0,46.6,0.9494,4,84.6,15.5,15.3,10.3,11.73,-0.0405
2299,Customer Support,Operations,Senior Specialist,4,North America,Female,Group C,25-34,1,0,26.7,1.0492,3,87.1,6.5,17.7,20.4,14.23,0.0593
2339,Customer Support,Operations,Senior Specialist,4,EMEA,Female,Group B,35-44,1,0,45.6,0.9494,2,62.6,8.9,14.3,3.1,-10.27,-0.0405
2495,Customer Support,Operations,Senior Specialist,4,APAC,Male,Group C,35-44,1,0,44.3,0.9782,3,97.8,5.7,2.9,4.5,24.93,-0.0117
2585,Customer Support,Operations,Senior Specialist,4,North America,Male,Group B,25-34,0,1,2.6,1.0082,3,62.7,7.5,32.2,5.9,-10.17,0.0183
45,Customer Support,Operations,Lead,5,EMEA,Male,Group B,25-34,0,1,25.3,1.027,1,78.8,10.1,7.6,13.1,5.93,0.0352
196,Customer Support,Operations,Lead,5,North America,Male,Group B,45-54,1,0,63.7,0.9398,4,48.0,14.3,0.0,15.8,-24.87,-0.052
357,Customer Support,Operations,Lead,5,North America,Male,Group B,45-54,1,0,72.8,0.9541,2,57.7,16.8,4.3,5.9,-15.17,-0.0377
514,Customer Support,Operations,Lead,5,APAC,Male,Group D,25-34,1,0,4.7,1.0754,3,47.8,8.5,4.5,4.7,-25.07,0.0836
642,Customer Support,Operations,Lead,5,APAC,Female,Group B,<25,1,0,16.3,1.0579,4,89.1,4.5,25.8,16.3,16.23,0.0661
701,Customer Support,Operations,Lead,5,APAC,Male,Group A,35-44,1,0,32.7,1.1142,2,100.0,6.3,3.8,11.7,27.13,0.1224
833,Customer Support,Operations,Lead,5,EMEA,Male,Group A,55+,1,0,6.5,1.0047,3,72.5,11.6,9.2,6.5,-0.37,0.0129
982,Customer Support,Operations,Lead,5,APAC,Male,Group B,25-34,1,0,40.5,1.0228,3,82.9,2.1,8.2,19.6,10.03,0.031
1331,Customer Support,Operations,Lead,5,EMEA,Female,Group C,45-54,0,1,14.4,0.888,3,37.3,1.4,11.2,2.8,-35.57,-0.1038
1350,Customer Support,Operations,Lead,5,North America,Male,Group D,25-34,1,0,10.2,0.9407,4,100.0,14.7,14.0,4.3,27.13,-0.0511
1375,Customer Support,Operations,Lead,5,North America,Male,Group A,35-44,1,0,1.5,0.968,1,76.7,2.0,13.5,1.5,3.83,-0.0238
1414,Customer Support,Operations,Lead,5,North America,Female,Group D,35-44,1,0,74.0,0.9396,4,55.4,5.6,6.4,18.8,-17.47,-0.0522
1419,Customer Support,Operations,Lead,5,North America,Male,Group C,35-44,1,0,52.7,1.0849,3,84.8,5.9,2.5,13.6,11.93,0.0931
1545,Customer Support,Operations,Lead,5,North America,Male,Group B,35-44,1,0,68.4,1.1065,4,97.1,3.7,10.3,14.5,24.23,0.1147
1559,Customer Support,Operations,Lead,5,APAC,Male,Group A,25-34,1,0,38.1,0.9527,5,88.6,4.3,6.7,12.6,15.73,-0.0391
2002,Customer Support,Operations,Lead,5,North America,Male,Group C,35-44,1,0,8.4,1.1407,3,91.5,6.3,0.9,7.2,18.63,0.1489
2040,Customer Support,Operations,Lead,5,North America,Male,Group B,25-34,1,0,72.0,1.1207,4,82.8,12.7,0.0,21.7,9.93,0.1289
2041,Customer Support,Operations,Lead,5,North America,Female,Group A,35-44,0,1,9.6,0.9858,2,54.4,15.9,5.4,11.7,-18.47,-0.006
2356,Customer Support,Operations,Lead,5,North America,Male,Group A,25-34,1,0,56.9,1.1271,3,88.4,16.5,17.2,5.5,15.53,0.1353
2402,Customer Support,Operations,Lead,5,North America,Female,Group A,25-34,1,0,19.8,0.9106,4,68.2,12.1,13.4,19.8,-4.67,-0.0812
2524,Customer Support,Operations,Lead,5,APAC,Female,Group B,35-44,1,0,53.6,1.086,4,66.2,9.1,3.2,12.2,-6.67,0.0942
2779,Customer Support,Operations,Lead,5,North America,Male,Group A,25-34,0,1,15.7,1.0115,4,58.6,15.2,25.0,27.9,-14.27,0.0197
15,Customer Support,Operations,Manager,6,North America,Male,Group D,25-34,1,0,48.9,0.9055,3,79.7,1.7,28.7,3.7,6.83,-0.0871
201,Customer Support,Operations,Manager,6,North America,Male,Group A,35-44,1,0,1.9,1.0749,3,91.3,5.0,17.3,1.9,18.43,0.0823
406,Customer Support,Operations,Manager,6,APAC,Male,Group B,35-44,1,0,20.4,0.9738,3,67.2,2.6,9.6,20.4,-5.67,-0.0188
533,Customer Support,Operations,Manager,6,APAC,Male,Group E,45-54,1,0,72.2,0.9373,5,45.2,6.3,6.5,17.7,-27.67,-0.0553
656,Customer Support,Operations,Manager,6,North America,Male,Group A,25-34,1,0,74.7,0.935,4,65.5,1.9,8.3,27.6,-7.37,-0.0576
725,Customer Support,Operations,Manager,6,North America,Male,Group C,45-54,1,0,58.4,0.996,4,57.7,5.2,0.0,15.5,-15.17,0.0034
865,Customer Support,Operations,Manager,6,APAC,Female,Group D,35-44,1,0,39.6,1.0175,5,65.4,3.3,12.3,7.2,-7.47,0.0249
1116,Customer Support,Operations,Manager,6,Latin America,Female,Group B,35-44,0,1,19.9,0.9516,4,68.5,4.6,4.4,10.5,-4.37,-0.041
1718,Customer Support,Operations,Manager,6,North America,Male,Group D,45-54,1,0,60.8,1.1167,3,53.4,9.5,0.0,30.5,-19.47,0.1241
1750,Customer Support,Operations,Manager,6,APAC,Male,Group B,25-34,1,0,74.4,0.8451,4,74.6,8.8,37.6,1.6,1.73,-0.1475
1807,Customer Support,Operations,Manager,6,APAC,Female,Group C,25-34,1,0,78.0,0.9097,3,74.8,20.7,15.6,4.2,1.93,-0.0829
1943,Customer Support,Operations,Manager,6,Latin America,Male,Group C,25-34,0,1,11.9,1.0512,4,64.2,5.9,7.9,16.8,-8.67,0.0586
2095,Customer Support,Operations,Manager,6,EMEA,Male,Group B,<25,1,0,46.6,1.0337,2,87.7,9.9,4.2,31.9,14.83,0.0411
2221,Customer Support,Operations,Manager,6,EMEA,Female,Group A,45-54,1,0,31.1,0.9583,4,46.8,13.0,10.7,13.2,-26.07,-0.0343
2405,Customer Support,Operations,Manager,6,EMEA,Male,Group D,35-44,1,0,27.4,0.8988,3,73.9,2.7,3.6,11.3,1.03,-0.0938
2546,Customer Support,Operations,Manager,6,North America,Male,Group C,25-34,1,0,34.3,0.9989,3,90.3,7.8,8.0,15.8,17.43,0.0063
2624,Customer Support,Operations,Manager,6,North America,Female,Group A,<25,0,1,7.2,1.1176,4,61.1,8.8,1.1,11.9,-11.77,0.125
113,Customer Support,Operations,Senior Manager,7,North America,Male,Group D,35-44,1,0,12.8,1.075,3,89.6,7.5,0.0,8.2,16.73,0.0707
186,Customer Support,Operations,Senior Manager,7,APAC,Male,Group A,25-34,1,0,41.0,1.0508,5,47.0,6.6,13.9,10.3,-25.87,0.0465
294,Customer Support,Operations,Senior Manager,7,APAC,Male,Group B,25-34,0,1,17.4,1.0505,4,56.5,10.6,16.9,11.9,-16.37,0.0462
857,Customer Support,Operations,Senior Manager,7,APAC,Male,Group C,45-54,0,1,65.6,1.0184,2,87.0,17.0,2.2,26.2,14.13,0.0141
887,Customer Support,Operations,Senior Manager,7,APAC,Male,Group D,45-54,1,0,33.8,0.9582,3,70.6,1.9,19.6,4.9,-2.27,-0.0461
901,Customer Support,Operations,Senior Manager,7,North America,Male,Group D,25-34,1,0,17.0,1.135,3,60.4,18.3,5.8,7.2,-12.47,0.1307
1106,Customer Support,Operations,Senior Manager,7,APAC,Male,Group D,45-54,1,0,89.5,1.0519,3,94.9,9.5,0.2,6.7,22.03,0.0476
1390,Customer Support,Operations,Senior Manager,7,North America,Female,Group A,25-34,1,0,36.2,0.9834,4,79.7,2.9,19.9,19.4,6.83,-0.0209
1940,Customer Support,Operations,Senior Manager,7,APAC,Female,Group D,35-44,0,1,41.4,0.9182,3,68.4,7.6,23.5,11.0,-4.47,-0.0861
1987,Customer Support,Operations,Senior Manager,7,EMEA,Female,Group B,45-54,1,0,36.8,1.0263,4,51.3,13.2,8.0,22.3,-21.57,0.022
2006,Customer Support,Operations,Senior Manager,7,Latin America,Female,Group D,25-34,1,0,75.8,0.9997,4,54.7,11.5,15.7,15.6,-18.17,-0.0046
2282,Customer Support,Operations,Senior Manager,7,APAC,Male,Group B,35-44,1,0,16.5,0.9711,4,91.4,2.7,29.4,6.0,18.53,-0.0332
2696,Customer Support,Operations,Senior Manager,7,North America,Male,Group C,45-54,1,0,52.4,1.0482,3,68.3,0.1,6.8,4.7,-4.57,0.0439
1449,Customer Support,Operations,Director,8,North America,Male,Group E,25-34,1,0,45.6,1.0253,4,85.1,4.8,2.5,13.2,12.23,0.0304
2084,Customer Support,Operations,Director,8,EMEA,Female,Group A,55+,0,1,9.8,1.0766,3,50.8,11.5,18.6,8.9,-22.07,0.0817
7,Data & Analytics,Technology,Associate,1,EMEA,Female,Group D,45-54,1,0,16.2,1.0675,4,65.2,5.8,0.5,8.8,-4.04,0.0713
125,Data & Analytics,Technology,Associate,1,North America,Male,Group D,25-34,0,1,13.1,1.0479,4,46.5,6.8,0.0,21.5,-22.74,0.0517
258,Data & Analytics,Technology,Associate,1,APAC,Male,Group A,35-44,1,0,10.2,0.9615,4,74.7,3.5,13.6,10.2,5.46,-0.0347
274,Data & Analytics,Technology,Associate,1,North America,Female,Group C,45-54,0,1,0.7,1.045,3,76.9,0.2,6.8,1.1,7.66,0.0488
383,Data & Analytics,Technology,Associate,1,Latin America,Female,Group B,35-44,1,0,4.4,0.9568,4,82.2,6.7,15.4,4.4,12.96,-0.0394
396,Data & Analytics,Technology,Associate,1,North America,Male,Group D,25-34,0,1,1.1,0.8596,2,58.6,9.0,3.3,2.2,-10.64,-0.1366
485,Data & Analytics,Technology,Associate,1,APAC,Female,Group C,55+,1,0,4.5,0.9748,3,63.4,3.4,0.0,4.5,-5.84,-0.0214
634,Data & Analytics,Technology,Associate,1,North America,Male,Group B,25-34,1,0,13.7,0.9779,4,64.2,7.7,10.0,10.8,-5.04,-0.0183
783,Data & Analytics,Technology,Associate,1,EMEA,Female,Group B,25-34,1,0,19.3,0.9532,3,89.0,2.5,3.5,19.3,19.76,-0.043
826,Data & Analytics,Technology,Associate,1,APAC,Male,Group B,35-44,0,1,1.6,1.0071,3,60.6,18.0,17.9,6.9,-8.64,0.0109
1055,Data & Analytics,Technology,Associate,1,APAC,Male,Group A,45-54,1,0,2.4,1.0544,5,85.3,8.5,16.3,2.4,16.06,0.0582
1121,Data & Analytics,Technology,Associate,1,North America,Non-binary,Group A,45-54,1,0,10.3,0.9887,2,81.4,3.6,0.0,10.3,12.16,-0.0075
1265,Data & Analytics,Technology,Associate,1,EMEA,Male,Group A,35-44,1,0,5.3,1.0642,3,61.7,5.8,2.6,5.3,-7.54,0.068
1278,Data & Analytics,Technology,Associate,1,APAC,Male,Group A,35-44,1,0,21.2,1.1141,3,66.3,3.0,11.8,21.2,-2.94,0.1179
1598,Data & Analytics,Technology,Associate,1,APAC,Female,Group C,25-34,1,0,21.7,0.933,4,76.4,7.9,0.0,4.4,7.16,-0.0632
1664,Data & Analytics,Technology,Associate,1,North America,Female,Group A,25-34,1,0,16.3,1.0994,2,77.5,4.1,16.4,16.3,8.26,0.1032
1727,Data & Analytics,Technology,Associate,1,EMEA,Non-binary,Group B,45-54,1,0,18.2,1.0159,2,63.3,6.1,12.2,12.1,-5.94,0.0197
1839,Data & Analytics,Technology,Associate,1,Latin America,Male,Group A,45-54,1,0,19.3,1.0131,3,83.5,12.0,6.0,19.3,14.26,0.0169
1861,Data & Analytics,Technology,Associate,1,APAC,Male,Group C,55+,1,0,4.0,0.9477,3,67.1,12.2,10.0,4.0,-2.14,-0.0485
1886,Data & Analytics,Technology,Associate,1,APAC,Male,Group C,35-44,1,0,19.3,1.104,4,64.9,2.8,0.0,5.3,-4.34,0.1078
2120,Data & Analytics,Technology,Associate,1,APAC,Male,Group C,25-34,0,1,3.1,1.0809,5,61.9,1.7,3.9,12.1,-7.34,0.0847
2220,Data & Analytics,Technology,Associate,1,North America,Male,Group A,45-54,1,0,11.0,0.9431,4,60.2,2.0,11.9,11.0,-9.04,-0.0531
2315,Data & Analytics,Technology,Associate,1,North America,Male,Group A,35-44,0,1,6.8,1.0341,4,73.3,6.5,0.0,9.6,4.06,0.0379
2316,Data & Analytics,Technology,Associate,1,North America,Male,Group A,35-44,0,1,12.5,0.9416,3,62.7,2.9,31.9,14.6,-6.54,-0.0546
2317,Data & Analytics,Technology,Associate,1,North America,Female,Group A,55+,0,1,10.2,0.8788,4,64.4,2.4,4.6,9.5,-4.84,-0.1174
2320,Data & Analytics,Technology,Associate,1,APAC,Female,Group A,55+,0,1,3.0,0.9748,2,50.1,12.5,14.6,3.4,-19.14,-0.0214
2389,Data & Analytics,Technology,Associate,1,North America,Female,Group E,25-34,0,1,12.3,0.9038,4,70.2,4.1,29.0,4.2,0.96,-0.0924
2435,Data & Analytics,Technology,Associate,1,APAC,Female,Group A,25-34,1,0,3.8,1.0279,4,91.1,1.8,2.6,0.7,21.86,0.0317
2448,Data & Analytics,Technology,Associate,1,Latin America,Male,Group A,35-44,1,0,12.2,1.0413,5,71.4,18.2,17.4,6.2,2.16,0.0451
2600,Data & Analytics,Technology,Associate,1,North America,Non-binary,Group B,35-44,1,0,6.1,0.9488,3,92.1,4.2,25.2,6.1,22.86,-0.0474
2664,Data & Analytics,Technology,Associate,1,North America,Female,Group D,45-54,1,0,10.3,1.0615,4,63.4,9.6,10.8,10.3,-5.84,0.0653
56,Data & Analytics,Technology,Analyst,2,North America,Male,Group A,35-44,1,0,6.9,1.0284,2,88.6,2.1,3.0,6.9,19.36,0.0419
158,Data & Analytics,Technology,Analyst,2,Latin America,Female,Group A,25-34,1,0,32.2,0.9867,2,67.9,6.4,0.0,3.1,-1.34,0.0002
205,Data & Analytics,Technology,Analyst,2,APAC,Female,Group A,45-54,1,0,13.8,0.9143,2,71.2,15.6,12.1,13.8,1.96,-0.0722
239,Data & Analytics,Technology,Analyst,2,APAC,Female,Group D,25-34,1,0,27.7,0.9872,5,56.3,10.8,0.0,7.5,-12.94,0.0007
248,Data & Analytics,Technology,Analyst,2,Latin America,Female,Group C,25-34,1,0,6.7,1.0421,2,71.3,7.1,8.7,6.7,2.06,0.0556
342,Data & Analytics,Technology,Analyst,2,North America,Male,Group A,55+,0,1,0.5,0.9105,4,89.0,17.2,5.7,1.0,19.76,-0.076
344,Data & Analytics,Technology,Analyst,2,APAC,Female,Group C,25-34,1,0,5.0,0.8794,4,69.1,12.1,6.0,5.0,-0.14,-0.1071
347,Data & Analytics,Technology,Analyst,2,North America,Male,Group A,45-54,0,1,12.7,1.0013,3,63.1,5.7,4.0,5.6,-6.14,0.0148
491,Data & Analytics,Technology,Analyst,2,EMEA,Female,Group B,25-34,1,0,35.5,1.0502,5,76.5,4.6,9.9,5.6,7.26,0.0637
497,Data & Analytics,Technology,Analyst,2,APAC,Female,Group D,25-34,1,0,23.8,0.9966,3,56.5,9.7,19.7,3.7,-12.74,0.0101
767,Data & Analytics,Technology,Analyst,2,North America,Male,Group B,35-44,1,0,8.8,0.9443,2,48.0,2.6,11.3,4.4,-21.24,-0.0422
836,Data & Analytics,Technology,Analyst,2,APAC,Male,Group A,35-44,1,0,24.9,0.9013,2,48.5,2.1,23.3,7.6,-20.74,-0.0852
909,Data & Analytics,Technology,Analyst,2,North America,Male,Group B,55+,1,0,29.9,0.9712,4,83.1,14.7,0.0,14.3,13.86,-0.0153
923,Data & Analytics,Technology,Analyst,2,Latin America,Male,Group A,45-54,0,1,3.2,1.0347,3,71.0,1.6,33.0,4.8,1.76,0.0482
1070,Data & Analytics,Technology,Analyst,2,APAC,Female,Group B,25-34,1,0,21.0,0.9979,5,44.1,3.5,56.3,17.7,-25.14,0.0114
1074,Data & Analytics,Technology,Analyst,2,North America,Female,Group E,25-34,0,1,2.1,0.8346,1,67.7,10.9,11.9,9.7,-1.54,-0.1519
1094,Data & Analytics,Technology,Analyst,2,APAC,Male,Group E,35-44,1,0,5.4,0.9822,4,66.0,2.8,6.2,5.4,-3.24,-0.0043
1153,Data & Analytics,Technology,Analyst,2,APAC,Male,Group C,45-54,1,0,18.4,1.0012,3,80.6,12.2,0.0,18.4,11.36,0.0147
1240,Data & Analytics,Technology,Analyst,2,EMEA,Non-binary,Group E,55+,1,0,24.4,0.9373,3,58.6,8.0,0.0,9.1,-10.64,-0.0492
1256,Data & Analytics,Technology,Analyst,2,North America,Female,Group D,45-54,1,0,32.7,1.0792,3,81.8,15.7,20.3,32.7,12.56,0.0927
1277,Data & Analytics,Technology,Analyst,2,APAC,Female,Group A,55+,0,1,7.1,0.8698,3,59.4,9.8,3.5,2.6,-9.84,-0.1167
1349,Data & Analytics,Technology,Analyst,2,North America,Female,Group A,25-34,0,1,9.3,1.0561,3,90.1,8.8,10.9,15.3,20.86,0.0696
1476,Data & Analytics,Technology,Analyst,2,APAC,Male,Group B,35-44,0,1,29.1,1.0397,3,71.3,1.0,10.5,5.2,2.06,0.0532
1526,Data & Analytics,Technology,Analyst,2,APAC,Male,Group A,35-44,1,0,18.5,1.0831,2,70.3,3.1,4.5,9.3,1.06,0.0966
1543,Data & Analytics,Technology,Analyst,2,North America,Male,Group A,45-54,1,0,13.6,0.9677,2,67.8,4.9,4.6,12.5,-1.44,-0.0188
1624,Data & Analytics,Technology,Analyst,2,APAC,Female,Group D,45-54,1,0,1.0,0.9822,4,74.6,12.1,11.0,1.0,5.36,-0.0043
1637,Data & Analytics,Technology,Analyst,2,APAC,Female,Group A,45-54,1,0,21.0,0.9927,3,41.2,8.4,4.5,21.0,-28.04,0.0062
1657,Data & Analytics,Technology,Analyst,2,APAC,Female,Group A,55+,0,1,3.2,0.8621,4,77.5,0.9,0.4,4.6,8.26,-0.1244
1666,Data & Analytics,Technology,Analyst,2,APAC,Male,Group D,25-34,1,0,6.3,1.0136,4,81.9,18.8,0.0,6.3,12.66,0.0271
1695,Data & Analytics,Technology,Analyst,2,North America,Male,Group A,35-44,0,1,23.8,0.9531,3,70.2,13.3,14.4,27.2,0.96,-0.0334
1776,Data & Analytics,Technology,Analyst,2,North America,Male,Group A,35-44,1,0,25.3,1.0288,4,83.6,7.9,0.0,7.9,14.36,0.0423
1797,Data & Analytics,Technology,Analyst,2,APAC,Male,Group A,25-34,1,0,29.4,0.93,3,78.0,11.5,0.0,10.5,8.76,-0.0565
1896,Data & Analytics,Technology,Analyst,2,North America,Female,Group A,35-44,1,0,32.9,0.942,4,65.1,15.4,26.5,8.9,-4.14,-0.0445
1905,Data & Analytics,Technology,Analyst,2,APAC,Male,Group D,35-44,1,0,15.4,0.9613,3,87.3,11.7,28.5,13.0,18.06,-0.0252
1979,Data & Analytics,Technology,Analyst,2,APAC,Male,Group D,35-44,1,0,2.4,1.0606,4,70.2,10.1,11.5,2.4,0.96,0.0741
2007,Data & Analytics,Technology,Analyst,2,North America,Female,Group C,35-44,1,0,10.3,0.7876,5,88.5,27.2,15.0,10.3,19.26,-0.1989
2034,Data & Analytics,Technology,Analyst,2,APAC,Male,Group C,<25,1,0,20.1,1.0815,4,89.0,3.5,5.6,15.4,19.76,0.095
2069,Data & Analytics,Technology,Analyst,2,EMEA,Male,Group B,<25,1,0,7.5,1.0112,4,48.8,7.8,9.9,7.5,-20.44,0.0247
2072,Data & Analytics,Technology,Analyst,2,APAC,Female,Group E,35-44,1,0,14.4,0.956,2,64.6,0.1,0.0,14.4,-4.64,-0.0305
2281,Data & Analytics,Technology,Analyst,2,APAC,Female,Group A,55+,0,1,5.5,0.977,3,63.6,7.0,15.2,24.1,-5.64,-0.0095
2290,Data & Analytics,Technology,Analyst,2,EMEA,Female,Group D,35-44,1,0,31.5,1.0112,2,57.8,5.2,17.4,8.6,-11.44,0.0247
2348,Data & Analytics,Technology,Analyst,2,APAC,Female,Group A,<25,1,0,11.1,0.9613,2,95.3,6.3,0.0,11.1,26.06,-0.0252
2355,Data & Analytics,Technology,Analyst,2,EMEA,Female,Group A,45-54,1,0,32.9,0.9863,4,61.3,13.1,11.1,25.9,-7.94,-0.0002
2792,Data & Analytics,Technology,Analyst,2,North America,Male,Group B,35-44,1,0,14.0,1.052,2,52.3,18.2,10.4,8.8,-16.94,0.0655
141,Data & Analytics,Technology,Specialist,3,North America,Male,Group D,35-44,0,1,27.5,0.9917,3,54.9,14.8,1.3,12.3,-14.34,-0.0012
177,Data & Analytics,Technology,Senior Analyst,3,EMEA,Male,Group D,35-44,1,0,21.2,0.9539,2,97.4,4.1,30.3,19.0,28.16,-0.039
210,Data & Analytics,Technology,Senior Analyst,3,APAC,Male,Group B,35-44,1,0,13.7,1.0429,3,100.0,8.1,2.9,12.2,30.76,0.05
217,Data & Analytics,Technology,Senior Analyst,3,APAC,Female,Group A,25-34,1,0,19.8,1.0513,1,100.0,2.6,10.8,3.0,30.76,0.0584
247,Data & Analytics,Technology,Senior Analyst,3,North America,Male,Group B,25-34,1,0,34.8,1.0073,4,80.9,7.8,16.0,12.9,11.66,0.0144
261,Data & Analytics,Technology,Specialist,3,APAC,Female,Group B,45-54,1,0,47.6,0.942,4,75.5,23.0,7.1,6.9,6.26,-0.0509
482,Data & Analytics,Technology,Specialist,3,North America,Female,Group D,25-34,0,1,16.1,0.9181,3,61.5,8.6,7.1,12.7,-7.74,-0.0748
522,Data & Analytics,Technology,Specialist,3,North America,Non-binary,Group A,<25,1,0,25.7,0.9413,3,71.0,7.4,0.0,25.7,1.76,-0.0516
614,Data & Analytics,Technology,Specialist,3,North America,Male,Group B,<25,1,0,49.6,1.1379,4,50.3,10.5,0.0,19.5,-18.94,0.145
651,Data & Analytics,Technology,Specialist,3,EMEA,Male,Group D,25-34,1,0,29.5,0.9491,4,72.9,8.7,9.4,8.5,3.66,-0.0438
664,Data & Analytics,Technology,Specialist,3,North America,Male,Group A,45-54,1,0,22.5,1.0037,3,55.7,5.2,3.0,11.2,-13.54,0.0108
704,Data & Analytics,Technology,Senior Analyst,3,North America,Male,Group A,35-44,1,0,10.2,0.9687,4,54.6,6.2,4.8,8.6,-14.64,-0.0242
741,Data & Analytics,Technology,Specialist,3,EMEA,Female,Group C,25-34,1,0,39.5,1.1029,3,79.4,12.9,0.0,19.1,10.16,0.11
751,Data & Analytics,Technology,Senior Analyst,3,EMEA,Male,Group B,45-54,0,1,6.1,0.8774,4,82.3,7.4,0.0,12.4,13.06,-0.1155
759,Data & Analytics,Technology,Senior Analyst,3,North America,Female,Group B,35-44,1,0,26.6,0.8969,3,73.5,4.4,18.7,26.6,4.26,-0.096
967,Data & Analytics,Technology,Senior Analyst,3,North America,Female,Group B,35-44,0,1,4.5,0.9,4,74.1,1.5,3.0,8.0,4.86,-0.0929
989,Data & Analytics,Technology,Specialist,3,North America,Female,Group E,45-54,1,0,18.0,1.0024,2,90.9,24.4,0.0,18.0,21.66,0.0095
1014,Data & Analytics,Technology,Senior Analyst,3,North America,Female,Group A,35-44,1,0,41.3,1.1321,3,64.9,14.5,0.0,24.1,-4.34,0.1392
1034,Data & Analytics,Technology,Senior Analyst,3,North America,Male,Group B,25-34,1,0,18.7,0.9945,4,65.4,3.7,3.6,10.5,-3.84,0.0016
1089,Data & Analytics,Technology,Senior Analyst,3,APAC,Female,Group A,35-44,1,0,42.4,1.0388,3,52.1,5.2,3.0,15.8,-17.14,0.0459
1107,Data & Analytics,Technology,Senior Analyst,3,APAC,Male,Group D,55+,0,1,27.7,1.0163,4,80.7,6.8,0.0,22.7,11.46,0.0234
1205,Data & Analytics,Technology,Senior Analyst,3,North America,Female,Group A,35-44,1,0,32.4,1.0379,4,76.6,1.6,3.8,32.4,7.36,0.045
1206,Data & Analytics,Technology,Senior Analyst,3,North America,Male,Group C,35-44,1,0,15.1,1.0976,3,62.7,11.1,0.0,14.0,-6.54,0.1047
1258,Data & Analytics,Technology,Specialist,3,Latin America,Male,Group D,35-44,1,0,1.6,0.9667,2,65.2,2.1,7.3,1.6,-4.04,-0.0262
1413,Data & Analytics,Technology,Senior Analyst,3,North America,Male,Group C,25-34,0,1,16.0,0.9471,2,52.8,11.0,16.2,27.8,-16.44,-0.0458
1441,Data & Analytics,Technology,Senior Analyst,3,APAC,Male,Group A,25-34,0,1,13.0,0.963,2,65.7,8.6,11.2,14.2,-3.54,-0.0299
1467,Data & Analytics,Technology,Specialist,3,North America,Female,Group D,25-34,1,0,44.2,0.9181,4,82.6,3.1,13.8,19.1,13.36,-0.0748
1541,Data & Analytics,Technology,Specialist,3,EMEA,Non-binary,Group E,35-44,1,0,21.6,1.1119,3,70.7,0.6,11.4,15.2,1.46,0.119
1602,Data & Analytics,Technology,Specialist,3,APAC,Female,Group B,25-34,1,0,37.8,1.0135,3,98.0,1.7,5.5,9.7,28.76,0.0206
1609,Data & Analytics,Technology,Senior Analyst,3,APAC,Female,Group C,45-54,1,0,49.2,1.0163,5,63.7,6.3,2.9,21.8,-5.54,0.0234
1705,Data & Analytics,Technology,Specialist,3,North America,Female,Group B,35-44,1,0,40.6,1.0496,5,82.7,0.6,5.7,14.3,13.46,0.0567
1717,Data & Analytics,Technology,Specialist,3,APAC,Female,Group A,35-44,1,0,42.0,0.9485,3,87.9,11.9,0.0,21.6,18.66,-0.0444
1731,Data & Analytics,Technology,Senior Analyst,3,North America,Female,Group A,25-34,1,0,35.2,0.9328,3,69.1,12.2,0.0,11.2,-0.14,-0.0601
1756,Data & Analytics,Technology,Specialist,3,APAC,Male,Group C,35-44,1,0,35.4,1.0221,3,70.8,6.4,1.7,19.6,1.56,0.0292
1790,Data & Analytics,Technology,Senior Analyst,3,North America,Female,Group A,35-44,0,1,10.0,0.9874,4,70.6,5.6,0.0,12.3,1.36,-0.0055
1842,Data & Analytics,Technology,Specialist,3,North America,Male,Group C,25-34,1,0,8.7,1.0093,4,63.4,8.1,0.0,8.7,-5.84,0.0164
1922,Data & Analytics,Technology,Senior Analyst,3,North America,Male,Group D,25-34,1,0,31.8,0.9986,3,80.5,4.6,0.0,28.9,11.26,0.0057
1927,Data & Analytics,Technology,Senior Analyst,3,North America,Male,Group A,35-44,0,1,25.3,0.9317,3,77.6,22.9,0.0,5.6,8.36,-0.0612
1946,Data & Analytics,Technology,Senior Analyst,3,APAC,Male,Group A,45-54,1,0,12.4,1.0681,4,66.3,1.2,22.6,9.7,-2.94,0.0752
2014,Data & Analytics,Technology,Specialist,3,EMEA,Male,Group C,55+,1,0,32.1,1.0242,4,71.2,1.8,12.4,20.2,1.96,0.0313
2015,Data & Analytics,Technology,Specialist,3,APAC,Male,Group A,25-34,1,0,48.4,1.0208,2,74.5,17.5,12.9,5.3,5.26,0.0279
2021,Data & Analytics,Technology,Senior Analyst,3,APAC,Female,Group A,45-54,1,0,9.9,1.0636,3,36.6,8.9,11.2,9.9,-32.64,0.0707
2035,Data & Analytics,Technology,Specialist,3,North America,Female,Group D,25-34,1,0,37.8,1.0254,3,58.3,10.7,0.0,5.5,-10.94,0.0325
2036,Data & Analytics,Technology,Senior Analyst,3,APAC,Female,Group A,25-34,1,0,20.0,1.0219,3,79.9,2.7,30.0,20.0,10.66,0.029
2065,Data & Analytics,Technology,Senior Analyst,3,EMEA,Male,Group A,45-54,1,0,46.8,1.0525,3,67.5,12.1,10.0,6.3,-1.74,0.0596
2110,Data & Analytics,Technology,Specialist,3,APAC,Female,Group D,35-44,1,0,18.1,1.0597,3,87.6,4.0,9.9,18.1,18.36,0.0668
2121,Data & Analytics,Technology,Senior Analyst,3,EMEA,Male,Group A,45-54,1,0,44.9,0.9229,4,78.7,3.2,5.1,2.7,9.46,-0.07
2125,Data & Analytics,Technology,Senior Analyst,3,APAC,Female,Group B,25-34,1,0,21.8,0.9378,5,59.5,2.9,25.0,17.2,-9.74,-0.0551
2160,Data & Analytics,Technology,Specialist,3,APAC,Male,Group A,<25,0,1,7.4,0.9462,4,72.3,8.6,5.9,9.2,3.06,-0.0467
2188,Data & Analytics,Technology,Senior Analyst,3,North America,Female,Group A,25-34,1,0,44.7,1.0055,2,100.0,9.4,9.6,24.3,30.76,0.0126
2417,Data & Analytics,Technology,Senior Analyst,3,APAC,Male,Group B,35-44,1,0,19.2,1.0387,3,57.7,2.8,8.3,2.1,-11.54,0.0458
2428,Data & Analytics,Technology,Senior Analyst,3,North America,Male,Group B,25-34,1,0,47.5,1.0684,5,83.1,7.3,20.2,12.4,13.86,0.0755
2452,Data & Analytics,Technology,Senior Analyst,3,North America,Female,Group B,45-54,0,1,2.8,1.1387,5,62.3,5.1,2.7,14.8,-6.94,0.1458
2456,Data & Analytics,Technology,Senior Analyst,3,North America,Female,Group C,<25,0,1,25.6,0.8659,1,49.3,4.1,0.0,10.1,-19.94,-0.127
2494,Data & Analytics,Technology,Senior Analyst,3,North America,Female,Group A,45-54,0,1,3.5,0.9183,3,69.4,8.6,6.1,7.3,0.16,-0.0746
2612,Data & Analytics,Technology,Specialist,3,APAC,Male,Group B,25-34,1,0,22.4,1.0135,2,71.5,11.4,7.1,1.1,2.26,0.0206
2683,Data & Analytics,Technology,Senior Analyst,3,APAC,Female,Group A,45-54,1,0,37.1,1.0597,5,54.4,16.1,5.8,24.6,-14.84,0.0668
2762,Data & Analytics,Technology,Senior Analyst,3,EMEA,Male,Group D,25-34,1,0,34.7,0.9766,3,70.6,0.7,6.5,15.1,1.36,-0.0163
2764,Data & Analytics,Technology,Specialist,3,North America,Female,Group B,25-34,1,0,35.0,0.861,3,50.5,10.7,7.0,14.6,-18.74,-0.1319
2790,Data & Analytics,Technology,Senior Analyst,3,North America,Male,Group A,<25,1,0,35.6,1.1482,3,76.1,4.1,7.2,11.0,6.86,0.1553
64,Data & Analytics,Technology,Senior Specialist,4,North America,Male,Group D,<25,1,0,4.7,0.9684,2,76.3,4.9,8.3,4.7,7.06,-0.0215
102,Data & Analytics,Technology,Senior Specialist,4,North America,Female,Group D,35-44,1,0,6.2,0.901,3,81.5,6.0,10.3,6.2,12.26,-0.0889
369,Data & Analytics,Technology,Senior Specialist,4,North America,Male,Group C,25-34,1,0,14.4,0.9987,3,67.8,4.4,3.0,14.4,-1.44,0.0088
778,Data & Analytics,Technology,Senior Specialist,4,North America,Female,Group E,55+,1,0,51.6,0.9859,3,31.3,6.2,12.3,8.6,-37.94,-0.004
851,Data & Analytics,Technology,Senior Specialist,4,APAC,Male,Group A,<25,1,0,39.6,0.9817,3,49.5,1.2,4.3,4.5,-19.74,-0.0082
853,Data & Analytics,Technology,Senior Specialist,4,APAC,Female,Group B,45-54,1,0,26.4,0.9221,5,73.9,3.5,9.6,16.8,4.66,-0.0678
1028,Data & Analytics,Technology,Senior Specialist,4,North America,Female,Group B,25-34,1,0,60.4,0.9378,3,86.0,6.9,20.4,8.3,16.76,-0.0521
1207,Data & Analytics,Technology,Senior Specialist,4,APAC,Non-binary,Group E,25-34,1,0,54.2,1.0091,5,60.6,4.2,21.9,19.7,-8.64,0.0192
1343,Data & Analytics,Technology,Senior Specialist,4,North America,Female,Group E,45-54,0,1,9.7,0.9996,3,82.1,13.1,0.0,14.2,12.86,0.0097
1405,Data & Analytics,Technology,Senior Specialist,4,North America,Female,Group C,35-44,0,1,5.2,1.0226,3,56.2,16.8,13.8,11.7,-13.04,0.0327
1527,Data & Analytics,Technology,Senior Specialist,4,APAC,Male,Group D,25-34,1,0,20.0,1.0317,3,79.0,7.9,6.8,11.0,9.76,0.0418
1767,Data & Analytics,Technology,Senior Specialist,4,APAC,Male,Group A,35-44,1,0,41.2,0.941,3,57.6,10.0,17.5,22.3,-11.64,-0.0489
1815,Data & Analytics,Technology,Senior Specialist,4,North America,Male,Group E,25-34,1,0,26.9,0.9771,4,74.3,6.0,21.5,10.9,5.06,-0.0128
1867,Data & Analytics,Technology,Senior Specialist,4,North America,Male,Group D,25-34,0,1,9.6,1.0724,4,57.0,10.3,10.4,11.2,-12.24,0.0825
1909,Data & Analytics,Technology,Senior Specialist,4,EMEA,Male,Group B,45-54,1,0,40.4,1.0794,2,100.0,11.6,5.4,16.3,30.76,0.0895
1941,Data & Analytics,Technology,Senior Specialist,4,APAC,Female,Group B,25-34,1,0,13.5,1.0697,4,88.1,12.5,37.0,4.8,18.86,0.0798
2068,Data & Analytics,Technology,Senior Specialist,4,APAC,Male,Group D,25-34,1,0,5.7,1.0697,3,81.8,19.9,0.0,5.7,12.56,0.0798
2116,Data & Analytics,Technology,Senior Specialist,4,North America,Female,Group A,25-34,1,0,11.6,0.9784,3,60.1,20.8,20.1,11.6,-9.14,-0.0115
2274,Data & Analytics,Technology,Senior Specialist,4,APAC,Female,Group B,45-54,0,1,19.4,1.0134,3,70.7,8.4,4.4,8.1,1.46,0.0235
2291,Data & Analytics,Technology,Senior Specialist,4,North America,Male,Group A,35-44,1,0,30.1,1.1792,3,73.1,1.8,7.0,25.9,3.86,0.1893
2474,Data & Analytics,Technology,Senior Specialist,4,EMEA,Male,Group B,55+,1,0,51.5,1.0027,1,47.9,7.6,0.0,8.1,-21.34,0.0128
2478,Data & Analytics,Technology,Senior Specialist,4,North America,Male,Group D,45-54,0,1,10.3,0.9776,4,55.6,2.6,0.0,5.4,-13.64,-0.0123
2484,Data & Analytics,Technology,Senior Specialist,4,North America,Female,Group E,35-44,1,0,43.3,0.9572,2,68.1,5.5,3.4,8.1,-1.14,-0.0327
2504,Data & Analytics,Technology,Senior Specialist,4,North America,Female,Group B,35-44,1,0,13.9,0.8449,3,79.9,15.1,20.6,13.9,10.66,-0.145
2540,Data & Analytics,Technology,Senior Specialist,4,North America,Male,Group A,25-34,1,0,45.5,1.0801,3,43.0,6.2,0.0,13.5,-26.24,0.0902
2670,Data & Analytics,Technology,Senior Specialist,4,Latin America,Female,Group A,25-34,1,0,9.2,1.0229,2,63.7,16.0,11.5,4.8,-5.54,0.033
2703,Data & Analytics,Technology,Senior Specialist,4,APAC,Female,Group A,25-34,0,1,12.9,0.9887,3,31.4,7.4,0.9,15.4,-37.84,-0.0012
2713,Data & Analytics,Technology,Senior Specialist,4,APAC,Male,Group C,<25,1,0,39.9,1.045,3,53.9,7.7,26.5,10.4,-15.34,0.0551
2,Data & Analytics,Technology,Lead,5,APAC,Female,Group E,45-54,1,0,71.7,0.8971,5,66.3,20.0,3.2,11.5,-2.94,-0.0947
19,Data & Analytics,Technology,Lead,5,North America,Female,Group A,25-34,0,1,30.7,0.8204,2,66.4,3.6,7.6,20.7,-2.84,-0.1714
244,Data & Analytics,Technology,Lead,5,North America,Male,Group B,25-34,1,0,47.8,0.9863,2,50.7,14.0,0.0,21.8,-18.54,-0.0055
460,Data & Analytics,Technology,Lead,5,APAC,Male,Group D,25-34,1,0,59.4,0.9497,3,84.3,16.3,11.7,13.2,15.06,-0.0421
950,Data & Analytics,Technology,Lead,5,North America,Male,Group B,25-34,1,0,15.8,0.9771,3,84.7,5.3,0.0,15.8,15.46,-0.0147
1033,Data & Analytics,Technology,Lead,5,APAC,Female,Group D,25-34,1,0,60.4,1.0637,3,85.6,1.2,29.5,6.6,16.36,0.0719
1151,Data & Analytics,Technology,Lead,5,North America,Female,Group A,25-34,1,0,46.7,0.8563,2,47.8,5.7,17.9,7.5,-21.44,-0.1355
1180,Data & Analytics,Technology,Lead,5,North America,Female,Group B,<25,1,0,30.9,0.9847,5,81.8,7.1,3.2,22.1,12.56,-0.0071
1348,Data & Analytics,Technology,Lead,5,EMEA,Female,Group D,25-34,0,1,32.0,0.8806,2,79.7,3.0,3.7,5.4,10.46,-0.1112
1439,Data & Analytics,Technology,Lead,5,North America,Female,Group A,35-44,0,1,44.2,1.0388,3,65.0,4.1,2.3,5.4,-4.24,0.047
1474,Data & Analytics,Technology,Lead,5,North America,Female,Group B,<25,1,0,31.2,1.1409,4,91.1,8.3,11.0,5.8,21.86,0.1491
1636,Data & Analytics,Technology,Lead,5,North America,Female,Group A,25-34,1,0,56.5,1.011,4,60.2,7.5,0.0,21.9,-9.04,0.0192
1684,Data & Analytics,Technology,Lead,5,APAC,Female,Group E,25-34,1,0,57.6,1.0491,4,75.6,9.1,2.3,11.3,6.36,0.0573
1699,Data & Analytics,Technology,Lead,5,North America,Female,Group A,<25,1,0,14.1,1.1033,2,61.4,4.7,9.5,6.7,-7.84,0.1115
1778,Data & Analytics,Technology,Lead,5,APAC,Male,Group A,35-44,1,0,11.1,1.0232,4,63.3,7.5,0.0,11.1,-5.94,0.0314
1819,Data & Analytics,Technology,Lead,5,North America,Female,Group C,35-44,1,0,64.9,1.0052,3,71.5,12.8,27.8,41.3,2.26,0.0134
2066,Data & Analytics,Technology,Lead,5,North America,Male,Group E,35-44,1,0,25.0,1.1458,2,69.4,3.8,23.0,22.1,0.16,0.154
2190,Data & Analytics,Technology,Lead,5,North America,Male,Group B,45-54,1,0,56.3,0.9506,3,56.8,9.1,13.7,14.4,-12.44,-0.0412
2238,Data & Analytics,Technology,Lead,5,North America,Male,Group B,25-34,1,0,52.7,1.0737,3,64.6,1.8,10.5,26.0,-4.64,0.0819
2491,Data & Analytics,Technology,Lead,5,North America,Male,Group B,35-44,1,0,26.0,0.9953,4,64.9,8.1,0.0,26.0,-4.34,0.0035
14,Data & Analytics,Technology,Manager,6,APAC,Male,Group D,25-34,0,1,40.8,0.8936,2,54.0,1.4,16.9,3.7,-15.24,-0.099
116,Data & Analytics,Technology,Manager,6,EMEA,Male,Group C,25-34,1,0,45.8,1.0754,3,50.9,7.0,7.1,9.0,-18.34,0.0828
269,Data & Analytics,Technology,Manager,6,North America,Male,Group B,55+,0,1,21.9,0.9163,3,47.2,4.2,8.7,4.8,-22.04,-0.0763
327,Data & Analytics,Technology,Manager,6,EMEA,Female,Group C,35-44,1,0,51.7,0.9936,2,85.1,4.9,11.0,7.3,15.86,0.001
359,Data & Analytics,Technology,Manager,6,North America,Male,Group D,45-54,1,0,16.5,1.3043,2,78.3,12.0,0.0,4.8,9.06,0.3117
392,Data & Analytics,Technology,Manager,6,APAC,Female,Group D,35-44,1,0,23.8,1.0798,3,92.8,8.3,3.3,23.8,23.56,0.0872
439,Data & Analytics,Technology,Manager,6,North America,Female,Group C,25-34,1,0,5.9,0.8944,3,53.3,11.5,6.3,5.9,-15.94,-0.0982
443,Data & Analytics,Technology,Manager,6,EMEA,Male,Group D,45-54,1,0,50.0,0.9216,1,61.1,5.7,6.6,12.8,-8.14,-0.071
798,Data & Analytics,Technology,Manager,6,APAC,Male,Group B,35-44,1,0,36.6,0.939,4,85.0,7.2,20.1,14.6,15.76,-0.0536
935,Data & Analytics,Technology,Manager,6,Latin America,Female,Group D,25-34,1,0,41.6,0.9945,2,67.0,10.1,17.1,12.4,-2.24,0.0019
1429,Data & Analytics,Technology,Manager,6,North America,Non-binary,Group D,25-34,1,0,44.9,1.0472,4,61.3,8.5,8.4,11.2,-7.94,0.0546
1432,Data & Analytics,Technology,Manager,6,North America,Male,Group A,35-44,1,0,53.1,1.0671,4,45.0,2.4,9.6,11.1,-24.24,0.0745
1803,Data & Analytics,Technology,Manager,6,APAC,Male,Group A,25-34,1,0,87.1,0.9713,4,78.5,5.1,16.4,36.5,9.26,-0.0213
2279,Data & Analytics,Technology,Manager,6,North America,Female,Group D,25-34,1,0,4.3,1.1082,3,70.4,6.8,7.8,4.3,1.16,0.1156
2358,Data & Analytics,Technology,Manager,6,EMEA,Non-binary,Group A,35-44,1,0,6.7,1.0181,3,77.3,8.9,20.6,6.7,8.06,0.0255
2368,Data & Analytics,Technology,Manager,6,North America,Female,Group D,45-54,1,0,21.5,1.1684,2,90.6,4.7,0.0,8.6,21.36,0.1758
2534,Data & Analytics,Technology,Manager,6,North America,Male,Group D,25-34,1,0,83.2,0.9985,3,62.0,3.3,30.1,9.1,-7.24,0.0059
2578,Data & Analytics,Technology,Manager,6,EMEA,Male,Group C,25-34,1,0,83.6,1.0854,2,66.0,1.5,2.9,9.0,-3.24,0.0928
2596,Data & Analytics,Technology,Manager,6,North America,Male,Group B,45-54,1,0,22.3,0.9915,4,71.5,8.5,3.0,6.5,2.26,-0.0011
2791,Data & Analytics,Technology,Manager,6,North America,Male,Group A,25-34,0,1,16.8,1.0698,3,50.7,9.2,22.3,23.1,-18.54,0.0772
427,Data & Analytics,Technology,Senior Manager,7,North America,Male,Group B,25-34,1,0,10.2,0.9751,5,58.4,5.0,7.0,8.3,-10.84,-0.0292
996,Data & Analytics,Technology,Senior Manager,7,North America,Male,Group D,35-44,1,0,79.9,1.1053,4,80.5,16.6,0.0,14.8,11.26,0.101
1075,Data & Analytics,Technology,Senior Manager,7,APAC,Female,Group A,25-34,0,1,25.9,1.0314,3,59.4,16.8,12.3,5.4,-9.84,0.0271
1394,Data & Analytics,Technology,Senior Manager,7,APAC,Non-binary,Group A,35-44,1,0,7.0,1.0453,5,67.1,27.6,13.6,7.0,-2.14,0.041
1460,Data & Analytics,Technology,Senior Manager,7,North America,Male,Group A,35-44,1,0,66.6,1.0937,3,73.5,2.8,0.0,12.5,4.26,0.0894
1499,Data & Analytics,Technology,Senior Manager,7,APAC,Female,Group A,35-44,1,0,87.4,0.9403,4,69.0,3.2,24.9,37.2,-0.24,-0.064
2176,Data & Analytics,Technology,Senior Manager,7,APAC,Male,Group C,55+,1,0,19.0,1.0926,2,51.7,6.2,8.8,19.0,-17.54,0.0883
2195,Data & Analytics,Technology,Senior Manager,7,APAC,Male,Group A,25-34,1,0,81.6,0.9388,4,66.2,4.3,6.1,10.2,-3.04,-0.0655
2694,Data & Analytics,Technology,Senior Manager,7,North America,Male,Group B,25-34,1,0,66.5,0.9847,4,88.1,6.1,8.1,3.8,18.86,-0.0196
575,Data & Analytics,Technology,Director,8,Latin America,Male,Group B,25-34,1,0,72.7,1.0232,4,61.3,10.6,9.7,9.7,-7.94,0.0283
1243,Data & Analytics,Technology,Director,8,North America,Female,Group E,25-34,1,0,64.1,1.009,4,68.3,10.7,13.8,11.1,-0.94,0.0141
1642,Data & Analytics,Technology,Director,8,North America,Male,Group B,25-34,0,1,0.6,0.941,3,48.8,7.3,0.6,3.4,-20.44,-0.0539
1686,Data & Analytics,Technology,Director,8,APAC,Female,Group A,35-44,0,1,5.7,0.977,4,58.4,3.2,6.9,10.8,-10.84,-0.0179
1928,Data & Analytics,Technology,Director,8,APAC,Male,Group C,25-34,1,0,66.3,1.0279,4,71.3,7.5,18.8,4.6,2.06,0.033
2551,Data & Analytics,Technology,Director,8,APAC,Female,Group A,35-44,1,0,40.6,1.0181,1,68.0,17.7,6.7,12.4,-1.24,0.0232
152,Field Sales,Go-To-Market,Associate,1,APAC,Male,Group A,35-44,1,0,5.5,0.9188,3,76.1,14.2,22.2,5.5,5.59,-0.0774
155,Field Sales,Go-To-Market,Associate,1,North America,Female,Group E,<25,1,0,23.8,1.0222,3,67.8,1.8,20.7,13.6,-2.71,0.026
331,Field Sales,Go-To-Market,Associate,1,APAC,Female,Group A,35-44,1,0,5.6,0.935,4,91.1,6.5,9.9,5.6,20.59,-0.0612
580,Field Sales,Go-To-Market,Associate,1,EMEA,Male,Group E,35-44,1,0,2.1,1.0615,3,69.9,9.7,4.2,2.1,-0.61,0.0653
786,Field Sales,Go-To-Market,Associate,1,North America,Female,Group A,35-44,1,0,10.9,0.9002,3,67.7,0.8,0.0,5.4,-2.81,-0.096
880,Field Sales,Go-To-Market,Associate,1,North America,Non-binary,Group A,<25,0,1,3.0,0.8328,3,81.6,11.9,14.1,5.3,11.09,-0.1634
891,Field Sales,Go-To-Market,Associate,1,North America,Male,Group A,35-44,1,0,17.8,1.0305,4,49.7,7.1,4.6,6.8,-20.81,0.0343
985,Field Sales,Go-To-Market,Associate,1,North America,Female,Group A,55+,1,0,5.7,0.9988,2,40.1,2.7,0.0,5.7,-30.41,0.0026
1368,Field Sales,Go-To-Market,Associate,1,EMEA,Female,Group C,45-54,1,0,20.3,0.9955,3,79.1,4.6,1.7,1.7,8.59,-0.0007
1456,Field Sales,Go-To-Market,Associate,1,APAC,Male,Group A,45-54,1,0,16.3,1.0826,3,79.8,1.1,2.7,16.3,9.29,0.0864
1487,Field Sales,Go-To-Market,Associate,1,North America,Female,Group B,25-34,0,1,2.4,1.0962,2,80.2,5.5,0.0,3.6,9.69,0.1
1529,Field Sales,Go-To-Market,Associate,1,APAC,Female,Group E,25-34,1,0,7.6,0.8832,4,100.0,6.8,8.4,7.6,29.49,-0.113
1608,Field Sales,Go-To-Market,Associate,1,EMEA,Female,Group A,25-34,1,0,15.1,1.0916,5,47.7,14.3,17.4,15.1,-22.81,0.0954
1722,Field Sales,Go-To-Market,Associate,1,APAC,Female,Group B,25-34,0,1,4.4,0.99,4,51.7,3.0,4.1,6.5,-18.81,-0.0062
1735,Field Sales,Go-To-Market,Associate,1,North America,Female,Group B,<25,0,1,2.2,0.7856,2,57.9,14.6,8.9,5.4,-12.61,-0.2106
1737,Field Sales,Go-To-Market,Associate,1,APAC,Male,Group C,25-34,1,0,2.2,1.0345,4,40.8,8.4,14.9,2.2,-29.71,0.0383
1748,Field Sales,Go-To-Market,Associate,1,North America,Male,Group A,35-44,1,0,12.0,1.0086,4,57.3,17.5,2.5,10.4,-13.21,0.0124
1757,Field Sales,Go-To-Market,Associate,1,APAC,Male,Group A,25-34,0,1,19.3,0.9188,4,71.5,1.6,13.0,21.1,0.99,-0.0774
1773,Field Sales,Go-To-Market,Associate,1,North America,Female,Group A,35-44,1,0,22.7,0.9724,4,44.0,1.8,12.7,10.8,-26.51,-0.0238
1814,Field Sales,Go-To-Market,Associate,1,APAC,Female,Group A,35-44,1,0,2.1,0.8886,4,49.6,1.9,0.0,2.1,-20.91,-0.1076
1865,Field Sales,Go-To-Market,Associate,1,North America,Female,Group A,25-34,0,1,10.0,0.9692,5,61.3,5.7,0.0,14.9,-9.21,-0.027
1989,Field Sales,Go-To-Market,Associate,1,APAC,Female,Group E,35-44,1,0,12.8,1.0706,3,100.0,10.3,11.2,4.3,29.49,0.0744
2045,Field Sales,Go-To-Market,Associate,1,North America,Male,Group B,25-34,1,0,23.3,1.0117,3,96.7,6.8,10.5,6.1,26.19,0.0155
2267,Field Sales,Go-To-Market,Associate,1,APAC,Female,Group C,25-34,1,0,21.3,0.9881,3,85.1,2.1,16.9,10.8,14.59,-0.0081
2300,Field Sales,Go-To-Market,Associate,1,EMEA,Male,Group C,35-44,0,1,10.3,1.0838,3,54.8,3.1,19.4,14.1,-15.71,0.0876
2359,Field Sales,Go-To-Market,Associate,1,North America,Female,Group B,35-44,1,0,15.6,0.9124,4,71.0,4.8,0.0,4.1,0.49,-0.0838
2460,Field Sales,Go-To-Market,Associate,1,EMEA,Male,Group B,25-34,1,0,11.3,0.9365,4,57.7,14.5,0.0,3.4,-12.81,-0.0597
2479,Field Sales,Go-To-Market,Associate,1,Latin America,Male,Group C,45-54,1,0,7.9,0.9475,1,81.4,2.9,0.0,7.9,10.89,-0.0487
2619,Field Sales,Go-To-Market,Associate,1,North America,Female,Group B,35-44,0,1,10.8,1.0283,2,69.5,13.8,0.0,14.0,-1.01,0.0321
2710,Field Sales,Go-To-Market,Associate,1,North America,Male,Group C,25-34,1,0,2.8,0.938,5,56.5,7.7,0.0,2.8,-14.01,-0.0582
41,Field Sales,Go-To-Market,Analyst,2,North America,Male,Group E,<25,0,1,19.5,1.0909,3,85.2,3.0,21.0,23.2,14.69,0.1044
60,Field Sales,Go-To-Market,Analyst,2,North America,Male,Group A,35-44,1,0,8.6,0.9534,4,64.5,10.3,3.7,8.6,-6.01,-0.0331
86,Field Sales,Go-To-Market,Analyst,2,APAC,Male,Group B,<25,1,0,17.2,1.0325,3,80.8,7.6,4.0,17.2,10.29,0.046
120,Field Sales,Go-To-Market,Analyst,2,North America,Male,Group D,25-34,1,0,9.8,1.0977,2,73.4,12.1,1.7,9.8,2.89,0.1112
206,Field Sales,Go-To-Market,Analyst,2,North America,Female,Group A,<25,1,0,36.3,1.0649,3,89.7,9.5,2.1,6.3,19.19,0.0784
307,Field Sales,Go-To-Market,Analyst,2,North America,Non-binary,Group A,25-34,1,0,1.4,1.0034,2,66.7,8.0,5.6,1.4,-3.81,0.0169
478,Field Sales,Go-To-Market,Analyst,2,North America,Male,Group C,35-44,1,0,21.2,1.0313,2,55.6,4.2,0.0,19.2,-14.91,0.0448
486,Field Sales,Go-To-Market,Analyst,2,EMEA,Female,Group C,35-44,1,0,6.3,0.9789,3,84.2,2.9,0.0,6.3,13.69,-0.0076
509,Field Sales,Go-To-Market,Analyst,2,North America,Male,Group A,45-54,0,1,6.3,0.8751,3,62.9,4.6,0.0,0.7,-7.61,-0.1114
578,Field Sales,Go-To-Market,Analyst,2,North America,Female,Group A,35-44,1,0,32.5,0.9453,4,98.9,5.5,0.0,5.7,28.39,-0.0412
637,Field Sales,Go-To-Market,Analyst,2,EMEA,Male,Group D,<25,0,1,2.8,1.0478,2,53.6,7.2,8.9,16.3,-16.91,0.0613
689,Field Sales,Go-To-Market,Analyst,2,North America,Male,Group A,35-44,0,1,15.2,0.8801,5,41.8,4.3,21.1,28.6,-28.71,-0.1064
727,Field Sales,Go-To-Market,Analyst,2,APAC,Male,Group B,35-44,1,0,19.1,1.1285,4,48.6,2.2,6.5,11.7,-21.91,0.142
745,Field Sales,Go-To-Market,Analyst,2,APAC,Female,Group B,35-44,1,0,13.7,0.995,2,66.4,0.5,11.8,4.7,-4.11,0.0085
746,Field Sales,Go-To-Market,Analyst,2,APAC,Male,Group C,35-44,1,0,8.1,1.1356,4,86.3,2.7,0.0,8.1,15.79,0.1491
769,Field Sales,Go-To-Market,Analyst,2,EMEA,Male,Group C,25-34,1,0,4.9,0.9947,4,69.7,6.0,3.4,4.9,-0.81,0.0082
821,Field Sales,Go-To-Market,Analyst,2,EMEA,Male,Group D,45-54,1,0,14.9,1.067,3,66.1,9.1,8.6,14.9,-4.41,0.0805
837,Field Sales,Go-To-Market,Analyst,2,North America,Female,Group A,25-34,1,0,18.6,1.0121,5,79.1,14.6,26.9,6.8,8.59,0.0256
878,Field Sales,Go-To-Market,Analyst,2,EMEA,Male,Group A,25-34,1,0,21.4,1.0408,1,65.5,5.5,7.8,16.9,-5.01,0.0543
1011,Field Sales,Go-To-Market,Analyst,2,North America,Male,Group E,45-54,1,0,17.4,0.952,4,93.4,4.9,12.9,11.6,22.89,-0.0345
1062,Field Sales,Go-To-Market,Analyst,2,EMEA,Female,Group A,<25,0,1,9.0,1.0705,1,56.9,9.8,1.1,3.5,-13.61,0.084
1103,Field Sales,Go-To-Market,Analyst,2,North America,Male,Group E,35-44,1,0,15.5,0.9949,4,76.3,0.4,0.8,6.8,5.79,0.0084
1174,Field Sales,Go-To-Market,Analyst,2,North America,Female,Group C,35-44,0,1,6.1,0.9864,2,44.7,11.4,5.8,6.6,-25.81,-0.0001
1297,Field Sales,Go-To-Market,Analyst,2,North America,Female,Group C,35-44,0,1,16.6,1.0558,3,64.7,5.8,2.1,13.5,-5.81,0.0693
1305,Field Sales,Go-To-Market,Analyst,2,North America,Male,Group A,25-34,1,0,30.4,1.0234,4,71.5,9.9,21.9,1.8,0.99,0.0369
1308,Field Sales,Go-To-Market,Analyst,2,EMEA,Female,Group E,35-44,1,0,27.8,0.9129,2,90.5,11.6,0.0,7.1,19.99,-0.0736
1319,Field Sales,Go-To-Market,Analyst,2,North America,Male,Group B,35-44,1,0,3.1,1.082,3,85.4,2.7,7.8,3.1,14.89,0.0955
1344,Field Sales,Go-To-Market,Analyst,2,EMEA,Male,Group B,35-44,1,0,7.4,0.8885,3,68.7,2.2,12.2,7.4,-1.81,-0.098
1357,Field Sales,Go-To-Market,Analyst,2,EMEA,Male,Group A,35-44,1,0,33.1,1.0709,4,87.3,12.7,8.9,7.4,16.79,0.0844
1410,Field Sales,Go-To-Market,Analyst,2,North America,Non-binary,Group E,25-34,1,0,11.6,0.9618,3,59.1,15.4,23.2,11.6,-11.41,-0.0247
1478,Field Sales,Go-To-Market,Analyst,2,APAC,Female,Group C,25-34,1,0,3.2,0.9352,5,49.8,27.8,0.0,3.2,-20.71,-0.0513
1626,Field Sales,Go-To-Market,Analyst,2,North America,Female,Group C,45-54,0,1,11.0,0.9623,3,79.3,2.5,25.8,15.9,8.79,-0.0242
1629,Field Sales,Go-To-Market,Analyst,2,North America,Male,Group A,45-54,1,0,25.9,1.0406,4,72.6,7.2,8.4,12.8,2.09,0.0541
1647,Field Sales,Go-To-Market,Analyst,2,APAC,Female,Group E,35-44,0,1,4.8,0.8586,3,67.0,6.9,26.0,7.0,-3.51,-0.1279
1752,Field Sales,Go-To-Market,Analyst,2,North America,Male,Group A,35-44,1,0,25.9,0.9995,4,72.3,2.1,10.0,25.9,1.79,0.013
1765,Field Sales,Go-To-Market,Analyst,2,Latin America,Male,Group B,55+,1,0,1.4,0.9756,2,42.0,3.3,0.0,1.4,-28.51,-0.0109
1977,Field Sales,Go-To-Market,Analyst,2,APAC,Male,Group A,45-54,0,1,8.6,0.9561,3,72.2,7.1,9.3,10.3,1.69,-0.0304
1992,Field Sales,Go-To-Market,Analyst,2,APAC,Male,Group C,<25,1,0,16.0,1.0763,3,59.6,5.4,0.0,16.0,-10.91,0.0898
2148,Field Sales,Go-To-Market,Analyst,2,North America,Female,Group A,35-44,1,0,27.6,0.9671,5,87.7,12.1,17.1,23.1,17.19,-0.0194
2183,Field Sales,Go-To-Market,Analyst,2,North America,Female,Group A,35-44,1,0,18.4,1.0814,4,80.2,1.9,16.8,7.4,9.69,0.0949
2313,Field Sales,Go-To-Market,Analyst,2,EMEA,Male,Group B,35-44,1,0,30.5,0.9774,4,72.7,16.9,17.0,8.2,2.19,-0.0091
6,Field Sales,Go-To-Market,Senior Analyst,3,North America,Male,Group A,25-34,1,0,32.6,1.0458,3,92.6,9.3,26.9,12.6,22.09,0.0529
40,Field Sales,Go-To-Market,Senior Analyst,3,North America,Female,Group C,25-34,1,0,41.7,0.9226,4,65.6,6.7,14.1,22.0,-4.91,-0.0703
48,Field Sales,Go-To-Market,Specialist,3,EMEA,Female,Group A,35-44,1,0,20.4,1.0392,3,72.2,5.6,13.6,14.0,1.69,0.0463
49,Field Sales,Go-To-Market,Senior Analyst,3,North America,Male,Group A,25-34,1,0,35.5,0.963,4,100.0,18.6,7.9,8.3,29.49,-0.0299
73,Field Sales,Go-To-Market,Specialist,3,APAC,Female,Group D,35-44,1,0,3.9,0.9846,4,70.4,6.2,24.4,3.9,-0.11,-0.0083
101,Field Sales,Go-To-Market,Senior Analyst,3,APAC,Male,Group A,25-34,1,0,12.3,0.9378,4,53.1,18.6,2.9,12.3,-17.41,-0.0551
144,Field Sales,Go-To-Market,Senior Analyst,3,North America,Female,Group A,45-54,1,0,37.4,0.9768,5,75.1,3.8,0.0,2.8,4.59,-0.0161
203,Field Sales,Go-To-Market,Senior Analyst,3,APAC,Male,Group A,35-44,0,1,11.7,0.9251,4,94.1,7.3,16.0,19.2,23.59,-0.0678
218,Field Sales,Go-To-Market,Senior Analyst,3,Latin America,Female,Group C,25-34,1,0,42.7,0.925,4,99.2,6.8,15.6,12.9,28.69,-0.0679
229,Field Sales,Go-To-Market,Senior Analyst,3,North America,Female,Group C,35-44,1,0,18.2,0.8997,2,67.1,8.1,0.0,17.2,-3.41,-0.0932
230,Field Sales,Go-To-Market,Senior Analyst,3,Latin America,Female,Group D,55+,0,1,15.1,1.0262,4,60.8,3.9,15.8,21.6,-9.71,0.0333
246,Field Sales,Go-To-Market,Senior Analyst,3,EMEA,Male,Group A,25-34,0,1,9.6,0.895,4,67.4,3.8,0.0,24.3,-3.11,-0.0979
253,Field Sales,Go-To-Market,Specialist,3,North America,Male,Group B,25-34,1,0,27.6,1.1731,4,63.4,17.5,41.6,9.1,-7.11,0.1802
259,Field Sales,Go-To-Market,Specialist,3,APAC,Female,Group D,55+,0,1,20.6,0.8898,2,94.0,4.6,12.7,3.9,23.49,-0.1031
341,Field Sales,Go-To-Market,Senior Analyst,3,EMEA,Non-binary,Group A,25-34,1,0,43.5,1.0764,4,72.9,19.2,31.8,4.9,2.39,0.0835
448,Field Sales,Go-To-Market,Senior Analyst,3,APAC,Female,Group A,55+,1,0,6.5,1.0524,3,84.7,20.3,1.5,6.5,14.19,0.0595
518,Field Sales,Go-To-Market,Senior Analyst,3,North America,Female,Group E,25-34,0,1,15.0,0.9038,3,57.6,37.4,12.0,6.0,-12.91,-0.0891
600,Field Sales,Go-To-Market,Senior Analyst,3,APAC,Female,Group E,25-34,0,1,16.0,1.106,3,52.1,11.3,28.6,21.5,-18.41,0.1131
662,Field Sales,Go-To-Market,Senior Analyst,3,North America,Female,Group A,25-34,1,0,5.8,1.0223,4,78.8,9.9,7.4,5.8,8.29,0.0294
697,Field Sales,Go-To-Market,Specialist,3,North America,Female,Group D,25-34,1,0,32.2,0.9512,3,55.2,4.2,0.0,7.3,-15.31,-0.0417
707,Field Sales,Go-To-Market,Specialist,3,APAC,Female,Group A,25-34,1,0,16.6,0.935,4,56.6,8.8,0.0,14.4,-13.91,-0.0579
770,Field Sales,Go-To-Market,Specialist,3,North America,Female,Group A,25-34,1,0,21.1,1.1516,2,54.9,2.6,3.4,21.1,-15.61,0.1587
776,Field Sales,Go-To-Market,Senior Analyst,3,APAC,Female,Group D,35-44,0,1,34.5,0.9588,3,43.2,3.8,18.0,18.3,-27.31,-0.0341
802,Field Sales,Go-To-Market,Specialist,3,APAC,Female,Group E,45-54,0,1,22.9,0.8495,3,71.1,5.6,10.4,4.8,0.59,-0.1434
829,Field Sales,Go-To-Market,Specialist,3,North America,Female,Group A,35-44,1,0,10.2,0.8893,4,59.0,4.6,0.0,10.2,-11.51,-0.1036
849,Field Sales,Go-To-Market,Senior Analyst,3,Latin America,Male,Group E,35-44,0,1,31.3,1.0529,4,91.1,9.4,54.3,14.8,20.59,0.06
879,Field Sales,Go-To-Market,Specialist,3,North America,Male,Group C,35-44,0,1,4.1,0.9172,4,63.3,11.3,7.7,12.0,-7.21,-0.0757
885,Field Sales,Go-To-Market,Specialist,3,North America,Female,Group B,25-34,1,0,3.1,0.9445,4,57.7,10.6,16.1,3.1,-12.81,-0.0484
987,Field Sales,Go-To-Market,Specialist,3,North America,Male,Group E,35-44,1,0,9.0,1.0803,3,80.6,8.3,0.0,9.0,10.09,0.0874
1047,Field Sales,Go-To-Market,Senior Analyst,3,North America,Female,Group D,35-44,0,1,3.3,1.0768,4,77.7,29.5,15.1,3.5,7.19,0.0839
1077,Field Sales,Go-To-Market,Senior Analyst,3,APAC,Male,Group A,35-44,1,0,28.3,1.0934,2,87.6,5.7,9.7,2.1,17.09,0.1005
1087,Field Sales,Go-To-Market,Specialist,3,APAC,Male,Group C,35-44,0,1,0.3,1.0093,3,55.7,2.5,12.6,1.1,-14.81,0.0164
1164,Field Sales,Go-To-Market,Specialist,3,APAC,Male,Group C,35-44,0,1,18.4,1.0261,3,55.4,7.0,24.0,17.7,-15.11,0.0332
1208,Field Sales,Go-To-Market,Senior Analyst,3,North America,Female,Group C,25-34,1,0,48.4,0.9332,4,77.3,12.5,6.0,8.3,6.79,-0.0597
1209,Field Sales,Go-To-Market,Specialist,3,APAC,Female,Group E,35-44,1,0,49.3,0.9588,3,66.2,7.1,0.0,16.1,-4.31,-0.0341
1211,Field Sales,Go-To-Market,Specialist,3,North America,Female,Group B,25-34,0,1,8.0,1.0732,2,75.8,4.3,21.3,14.0,5.29,0.0803
1245,Field Sales,Go-To-Market,Senior Analyst,3,North America,Female,Group B,35-44,1,0,39.4,0.9963,3,58.3,4.1,26.3,11.5,-12.21,0.0034
1270,Field Sales,Go-To-Market,Senior Analyst,3,North America,Male,Group A,35-44,1,0,48.5,0.8679,1,27.9,4.5,0.0,5.8,-42.61,-0.125
1282,Field Sales,Go-To-Market,Senior Analyst,3,APAC,Female,Group D,35-44,0,1,20.6,0.9041,3,47.2,5.0,2.3,12.0,-23.31,-0.0888
1336,Field Sales,Go-To-Market,Senior Analyst,3,APAC,Female,Group B,35-44,0,1,8.2,0.9253,2,48.9,5.4,16.2,5.1,-21.61,-0.0676
1342,Field Sales,Go-To-Market,Specialist,3,EMEA,Male,Group B,45-54,1,0,47.1,1.1017,2,68.8,8.6,8.5,21.2,-1.71,0.1088
1371,Field Sales,Go-To-Market,Senior Analyst,3,EMEA,Male,Group D,55+,1,0,33.8,1.0976,1,64.3,7.9,0.0,28.2,-6.21,0.1047
1401,Field Sales,Go-To-Market,Specialist,3,APAC,Male,Group B,55+,1,0,2.4,1.0569,5,96.9,4.0,3.7,2.4,26.39,0.064
1509,Field Sales,Go-To-Market,Senior Analyst,3,EMEA,Female,Group A,25-34,1,0,39.1,0.8668,4,83.2,7.8,22.1,5.2,12.69,-0.1261
1574,Field Sales,Go-To-Market,Senior Analyst,3,APAC,Male,Group C,35-44,1,0,44.0,1.0513,4,71.1,13.5,5.3,8.9,0.59,0.0584
1594,Field Sales,Go-To-Market,Senior Analyst,3,North America,Male,Group E,25-34,1,0,48.6,0.9854,3,56.6,0.4,9.9,11.6,-13.91,-0.0075
1630,Field Sales,Go-To-Market,Specialist,3,North America,Female,Group B,35-44,1,0,20.2,0.9821,3,72.5,1.0,15.6,8.8,1.99,-0.0108
1631,Field Sales,Go-To-Market,Senior Analyst,3,EMEA,Male,Group A,35-44,1,0,17.2,0.9358,3,82.4,13.6,18.6,17.2,11.89,-0.0571
1669,Field Sales,Go-To-Market,Senior Analyst,3,Latin America,Female,Group A,45-54,1,0,21.3,0.8656,3,75.3,2.3,0.0,21.3,4.79,-0.1273
1869,Field Sales,Go-To-Market,Senior Analyst,3,APAC,Female,Group E,35-44,1,0,13.1,0.9304,4,70.9,12.6,12.5,13.1,0.39,-0.0625
1873,Field Sales,Go-To-Market,Senior Analyst,3,North America,Male,Group D,25-34,1,0,16.4,0.9302,4,77.5,1.8,0.0,16.4,6.99,-0.0627
1911,Field Sales,Go-To-Market,Senior Analyst,3,APAC,Female,Group C,25-34,1,0,21.4,1.0435,4,69.4,22.3,0.0,3.3,-1.11,0.0506
1988,Field Sales,Go-To-Market,Senior Analyst,3,North America,Female,Group B,35-44,1,0,8.9,0.961,3,58.9,9.5,23.1,8.9,-11.61,-0.0319
2030,Field Sales,Go-To-Market,Senior Analyst,3,North America,Male,Group C,55+,0,1,3.6,0.9514,4,82.7,7.9,12.3,23.1,12.19,-0.0415
2088,Field Sales,Go-To-Market,Specialist,3,APAC,Female,Group A,35-44,1,0,46.2,1.0343,4,57.8,3.9,9.4,6.6,-12.71,0.0414
2115,Field Sales,Go-To-Market,Specialist,3,North America,Male,Group D,45-54,1,0,16.3,0.9441,3,59.8,4.4,19.6,14.2,-10.71,-0.0488
2146,Field Sales,Go-To-Market,Senior Analyst,3,APAC,Female,Group C,35-44,1,0,12.2,0.8873,2,61.4,5.0,0.0,12.2,-9.11,-0.1056
2154,Field Sales,Go-To-Market,Senior Analyst,3,North America,Male,Group D,45-54,1,0,44.2,0.9345,2,78.7,1.2,0.0,44.2,8.19,-0.0584
2242,Field Sales,Go-To-Market,Specialist,3,North America,Male,Group C,35-44,1,0,34.9,1.0634,2,51.4,9.7,19.9,12.8,-19.11,0.0705
2253,Field Sales,Go-To-Market,Senior Analyst,3,APAC,Female,Group B,35-44,1,0,20.6,0.8943,4,42.3,2.0,5.9,0.9,-28.21,-0.0986
2364,Field Sales,Go-To-Market,Senior Analyst,3,North America,Female,Group A,25-34,1,0,34.8,0.9713,3,66.8,6.6,19.2,2.7,-3.71,-0.0216
2376,Field Sales,Go-To-Market,Specialist,3,North America,Female,Group B,55+,1,0,29.4,1.0416,5,46.3,2.3,0.0,2.4,-24.21,0.0487
2426,Field Sales,Go-To-Market,Senior Analyst,3,APAC,Male,Group A,<25,0,1,6.3,1.0298,3,39.2,13.7,2.3,5.1,-31.31,0.0369
2461,Field Sales,Go-To-Market,Senior Analyst,3,North America,Male,Group C,25-34,1,0,3.8,0.9952,3,57.0,4.2,7.6,3.8,-13.51,0.0023
2553,Field Sales,Go-To-Market,Specialist,3,North America,Female,Group A,35-44,1,0,2.2,1.0289,3,76.4,3.0,0.0,2.2,5.89,0.036
2587,Field Sales,Go-To-Market,Specialist,3,APAC,Male,Group B,25-34,1,0,29.9,0.9304,2,66.1,6.6,0.7,2.2,-4.41,-0.0625
2595,Field Sales,Go-To-Market,Senior Analyst,3,EMEA,Male,Group C,35-44,0,1,15.7,1.0459,4,75.4,9.6,0.0,9.9,4.89,0.053
2657,Field Sales,Go-To-Market,Specialist,3,APAC,Non-binary,Group A,<25,1,0,38.4,1.005,4,83.6,14.6,13.2,16.2,13.09,0.0121
2711,Field Sales,Go-To-Market,Specialist,3,APAC,Female,Group A,45-54,1,0,18.0,0.9209,3,100.0,1.0,0.3,14.6,29.49,-0.072
2723,Field Sales,Go-To-Market,Senior Analyst,3,APAC,Female,Group B,<25,1,0,9.6,1.0184,3,77.3,7.2,10.0,9.6,6.79,0.0255
2744,Field Sales,Go-To-Market,Specialist,3,North America,Female,Group C,55+,1,0,16.8,1.0692,5,44.0,3.8,9.4,13.3,-26.51,0.0763
2757,Field Sales,Go-To-Market,Senior Analyst,3,North America,Male,Group B,35-44,1,0,27.1,0.947,4,92.3,18.1,0.0,11.4,21.79,-0.0459
2780,Field Sales,Go-To-Market,Specialist,3,North America,Male,Group A,25-34,1,0,41.7,0.9117,2,61.3,5.4,5.8,15.0,-9.21,-0.0812
95,Field Sales,Go-To-Market,Senior Specialist,4,North America,Female,Group A,35-44,1,0,14.6,0.8965,3,71.0,5.2,0.0,9.4,0.49,-0.0934
349,Field Sales,Go-To-Market,Senior Specialist,4,EMEA,Male,Group B,35-44,1,0,15.6,0.9139,3,83.8,10.5,6.4,8.7,13.29,-0.076
400,Field Sales,Go-To-Market,Senior Specialist,4,EMEA,Female,Group B,35-44,0,1,22.6,0.9625,3,77.4,16.1,0.0,15.7,6.89,-0.0274
425,Field Sales,Go-To-Market,Senior Specialist,4,North America,Female,Group A,55+,1,0,59.1,0.9162,3,87.9,16.3,7.6,12.9,17.39,-0.0737
428,Field Sales,Go-To-Market,Senior Specialist,4,APAC,Female,Group A,<25,1,0,12.4,0.9977,4,87.7,2.8,6.1,12.4,17.19,0.0078
487,Field Sales,Go-To-Market,Senior Specialist,4,APAC,Male,Group E,25-34,0,1,3.8,1.1717,2,60.6,1.7,2.2,13.5,-9.91,0.1818
586,Field Sales,Go-To-Market,Senior Specialist,4,North America,Female,Group A,35-44,1,0,2.5,1.0296,5,100.0,6.3,0.0,2.5,29.49,0.0397
755,Field Sales,Go-To-Market,Senior Specialist,4,APAC,Female,Group D,25-34,0,1,11.8,0.8374,3,77.7,7.0,2.5,3.7,7.19,-0.1525
800,Field Sales,Go-To-Market,Senior Specialist,4,APAC,Female,Group B,35-44,1,0,27.6,1.0802,3,62.1,7.1,0.0,3.8,-8.41,0.0903
873,Field Sales,Go-To-Market,Senior Specialist,4,APAC,Female,Group A,45-54,1,0,19.6,0.9152,3,54.0,6.9,9.6,17.1,-16.51,-0.0747
907,Field Sales,Go-To-Market,Senior Specialist,4,EMEA,Male,Group A,35-44,1,0,22.3,1.0914,2,94.5,4.6,11.7,22.3,23.99,0.1015
988,Field Sales,Go-To-Market,Senior Specialist,4,North America,Female,Group A,25-34,1,0,47.0,1.0326,2,75.1,14.7,0.0,12.6,4.59,0.0427
1101,Field Sales,Go-To-Market,Senior Specialist,4,North America,Female,Group A,25-34,1,0,20.7,1.1265,4,87.2,5.0,0.0,17.0,16.69,0.1366
1138,Field Sales,Go-To-Market,Senior Specialist,4,North America,Female,Group A,45-54,1,0,3.9,0.7925,3,81.4,10.2,9.9,3.9,10.89,-0.1974
1156,Field Sales,Go-To-Market,Senior Specialist,4,APAC,Male,Group A,<25,1,0,52.5,1.0699,4,75.4,12.0,5.4,13.3,4.89,0.08
1169,Field Sales,Go-To-Market,Senior Specialist,4,Latin America,Male,Group A,35-44,1,0,20.7,0.9507,5,70.2,9.4,3.7,15.5,-0.31,-0.0392
1411,Field Sales,Go-To-Market,Senior Specialist,4,EMEA,Female,Group B,55+,1,0,12.4,0.9006,2,76.8,15.5,16.9,6.4,6.29,-0.0893
1544,Field Sales,Go-To-Market,Senior Specialist,4,North America,Female,Group E,55+,0,1,1.1,0.9993,2,29.8,3.5,2.5,4.2,-40.71,0.0094
1564,Field Sales,Go-To-Market,Senior Specialist,4,North America,Female,Group B,45-54,1,0,35.7,1.009,3,76.4,7.4,0.0,3.2,5.89,0.0191
1706,Field Sales,Go-To-Market,Senior Specialist,4,APAC,Male,Group E,35-44,1,0,26.9,0.9923,3,39.9,13.9,15.0,5.8,-30.61,0.0024
1745,Field Sales,Go-To-Market,Senior Specialist,4,North America,Male,Group E,35-44,1,0,4.6,1.0551,2,82.8,3.3,21.5,4.6,12.29,0.0652
1822,Field Sales,Go-To-Market,Senior Specialist,4,North America,Male,Group A,25-34,1,0,55.7,0.9521,3,55.7,16.5,9.6,9.3,-14.81,-0.0378
1871,Field Sales,Go-To-Market,Senior Specialist,4,APAC,Male,Group C,35-44,0,1,4.3,0.9465,5,88.9,0.2,19.4,11.0,18.39,-0.0434
1876,Field Sales,Go-To-Market,Senior Specialist,4,APAC,Male,Group A,25-34,1,0,16.6,1.0099,3,67.8,12.4,10.4,16.6,-2.71,0.02
1926,Field Sales,Go-To-Market,Senior Specialist,4,APAC,Female,Group A,45-54,1,0,36.1,0.8617,3,70.6,12.1,0.0,10.6,0.09,-0.1282
2074,Field Sales,Go-To-Market,Senior Specialist,4,North America,Female,Group B,35-44,1,0,26.2,0.9607,4,40.8,16.3,2.6,26.2,-29.71,-0.0292
2172,Field Sales,Go-To-Market,Senior Specialist,4,EMEA,Female,Group C,55+,1,0,52.3,0.945,4,54.9,15.2,16.1,8.7,-15.61,-0.0449
2266,Field Sales,Go-To-Market,Senior Specialist,4,North America,Male,Group B,45-54,1,0,4.2,1.0139,5,100.0,6.5,6.7,4.2,29.49,0.024
2289,Field Sales,Go-To-Market,Senior Specialist,4,North America,Female,Group C,55+,1,0,47.5,1.0337,4,100.0,14.4,4.0,10.6,29.49,0.0438
2469,Field Sales,Go-To-Market,Senior Specialist,4,North America,Male,Group A,25-34,1,0,32.7,0.9871,5,81.7,7.5,0.0,11.1,11.19,-0.0028
2500,Field Sales,Go-To-Market,Senior Specialist,4,North America,Male,Group E,35-44,1,0,46.3,0.9983,2,75.1,12.8,10.1,5.2,4.59,0.0084
2613,Field Sales,Go-To-Market,Senior Specialist,4,APAC,Female,Group A,<25,0,1,32.0,1.0141,4,90.2,7.6,3.2,11.6,19.69,0.0242
2761,Field Sales,Go-To-Market,Senior Specialist,4,EMEA,Male,Group E,45-54,1,0,3.8,0.9894,4,84.5,20.5,0.0,3.8,13.99,-0.0005
273,Field Sales,Go-To-Market,Lead,5,EMEA,Female,Group D,35-44,1,0,0.7,0.9396,4,61.0,1.2,6.3,0.7,-9.51,-0.0522
395,Field Sales,Go-To-Market,Lead,5,APAC,Male,Group C,35-44,1,0,38.2,1.1061,3,66.8,13.1,3.6,1.9,-3.71,0.1143
566,Field Sales,Go-To-Market,Lead,5,North America,Non-binary,Group A,35-44,1,0,57.9,0.8983,4,67.3,6.9,16.3,13.2,-3.21,-0.0935
655,Field Sales,Go-To-Market,Lead,5,APAC,Male,Group D,<25,1,0,46.7,1.1017,4,71.4,14.1,29.6,8.6,0.89,0.1099
720,Field Sales,Go-To-Market,Lead,5,EMEA,Female,Group B,45-54,1,0,44.1,0.9727,3,73.1,3.5,15.5,25.4,2.59,-0.0191
801,Field Sales,Go-To-Market,Lead,5,North America,Female,Group D,45-54,0,1,6.6,0.9867,4,51.0,9.3,0.0,7.6,-19.51,-0.0051
915,Field Sales,Go-To-Market,Lead,5,EMEA,Female,Group A,25-34,1,0,53.1,0.9078,3,76.1,2.4,18.0,7.2,5.59,-0.084
1161,Field Sales,Go-To-Market,Lead,5,EMEA,Female,Group E,25-34,1,0,68.1,1.0391,4,52.1,5.8,14.4,29.0,-18.41,0.0473
1288,Field Sales,Go-To-Market,Lead,5,APAC,Male,Group A,35-44,0,1,7.5,1.014,4,93.5,11.0,12.6,25.7,22.99,0.0222
1381,Field Sales,Go-To-Market,Lead,5,North America,Female,Group D,35-44,1,0,2.6,0.9917,2,85.3,3.5,18.8,2.6,14.79,-0.0001
1678,Field Sales,Go-To-Market,Lead,5,EMEA,Female,Group C,55+,0,1,10.6,0.9724,1,79.1,16.2,10.4,5.8,8.59,-0.0194
1841,Field Sales,Go-To-Market,Lead,5,APAC,Female,Group C,25-34,1,0,16.7,0.9196,4,55.8,2.8,3.6,3.4,-14.71,-0.0722
1919,Field Sales,Go-To-Market,Lead,5,North America,Male,Group A,35-44,0,1,6.5,1.0186,4,74.5,2.1,0.0,7.5,3.99,0.0268
2177,Field Sales,Go-To-Market,Lead,5,North America,Female,Group A,35-44,1,0,2.4,0.9184,3,51.7,9.1,0.0,2.4,-18.81,-0.0734
2327,Field Sales,Go-To-Market,Lead,5,EMEA,Female,Group E,25-34,1,0,60.8,0.9488,1,87.8,4.0,7.1,15.3,17.29,-0.043
2396,Field Sales,Go-To-Market,Lead,5,North America,Female,Group B,35-44,1,0,63.8,1.0887,4,81.1,5.9,0.0,5.7,10.59,0.0969
2400,Field Sales,Go-To-Market,Lead,5,North America,Female,Group B,35-44,0,1,33.9,0.9411,3,63.8,7.0,0.0,18.4,-6.71,-0.0507
2485,Field Sales,Go-To-Market,Lead,5,North America,Male,Group C,25-34,1,0,12.9,0.9187,3,100.0,14.5,19.2,12.9,29.49,-0.0731
385,Field Sales,Go-To-Market,Manager,6,North America,Male,Group C,35-44,0,1,25.4,1.0993,4,78.4,1.5,35.3,49.9,7.89,0.1067
387,Field Sales,Go-To-Market,Manager,6,APAC,Male,Group C,45-54,1,0,5.5,0.892,5,79.7,5.8,29.1,5.5,9.19,-0.1006
417,Field Sales,Go-To-Market,Manager,6,North America,Female,Group B,35-44,0,1,15.2,0.9829,4,53.2,12.6,0.0,16.4,-17.31,-0.0097
508,Field Sales,Go-To-Market,Manager,6,North America,Female,Group A,45-54,1,0,13.4,0.9904,4,76.4,5.8,19.3,13.4,5.89,-0.0022
556,Field Sales,Go-To-Market,Manager,6,North America,Female,Group E,35-44,1,0,73.1,0.9235,4,65.9,20.4,0.0,18.7,-4.61,-0.0691
559,Field Sales,Go-To-Market,Manager,6,EMEA,Female,Group D,35-44,0,1,4.8,0.989,1,100.0,24.8,13.5,5.7,29.49,-0.0036
599,Field Sales,Go-To-Market,Manager,6,APAC,Male,Group B,35-44,0,1,10.2,0.9155,4,77.7,13.1,5.9,7.8,7.19,-0.0771
613,Field Sales,Go-To-Market,Manager,6,North America,Female,Group C,25-34,1,0,40.3,1.0232,2,57.0,7.8,3.3,29.2,-13.51,0.0306
805,Field Sales,Go-To-Market,Manager,6,North America,Male,Group C,25-34,1,0,47.8,1.0141,4,69.2,14.4,11.8,42.3,-1.31,0.0215
1061,Field Sales,Go-To-Market,Manager,6,APAC,Male,Group A,35-44,1,0,42.4,1.0418,2,84.3,6.3,24.6,6.3,13.79,0.0492
1069,Field Sales,Go-To-Market,Manager,6,Latin America,Male,Group C,35-44,0,1,28.8,0.8657,3,35.8,2.3,11.2,10.8,-34.71,-0.1269
1083,Field Sales,Go-To-Market,Manager,6,EMEA,Male,Group A,25-34,1,0,78.6,1.0625,2,61.1,1.3,31.4,15.4,-9.41,0.0699
1091,Field Sales,Go-To-Market,Manager,6,North America,Male,Group B,25-34,1,0,76.2,1.0159,4,85.5,1.9,5.3,20.0,14.99,0.0233
1194,Field Sales,Go-To-Market,Manager,6,APAC,Female,Group E,25-34,1,0,70.7,0.9624,3,88.2,9.6,15.0,22.8,17.69,-0.0302
1370,Field Sales,Go-To-Market,Manager,6,EMEA,Female,Group E,25-34,0,1,1.1,0.9252,4,70.8,9.3,9.7,3.5,0.29,-0.0674
1781,Field Sales,Go-To-Market,Manager,6,APAC,Female,Group A,35-44,1,0,53.6,0.9908,4,37.6,11.4,6.9,21.0,-32.91,-0.0018
1990,Field Sales,Go-To-Market,Manager,6,North America,Female,Group E,<25,1,0,39.8,0.9342,3,54.2,7.5,8.0,35.4,-16.31,-0.0584
2063,Field Sales,Go-To-Market,Manager,6,EMEA,Male,Group D,55+,1,0,85.1,1.0563,4,74.4,4.6,9.5,9.0,3.89,0.0637
2305,Field Sales,Go-To-Market,Manager,6,North America,Female,Group D,25-34,1,0,77.1,1.1,3,75.5,11.5,0.0,14.0,4.99,0.1074
2374,Field Sales,Go-To-Market,Manager,6,EMEA,Female,Group E,45-54,1,0,18.9,1.0921,3,87.6,4.3,6.5,18.9,17.09,0.0995
2412,Field Sales,Go-To-Market,Manager,6,APAC,Female,Group A,35-44,0,1,5.7,1.0642,2,75.0,17.7,2.5,2.1,4.49,0.0716
324,Field Sales,Go-To-Market,Senior Manager,7,North America,Male,Group B,35-44,1,0,15.6,0.9652,2,67.3,6.9,0.0,14.6,-3.21,-0.0391
2457,Field Sales,Go-To-Market,Senior Manager,7,EMEA,Female,Group A,<25,0,1,67.3,0.9062,4,54.9,6.7,8.0,8.6,-15.61,-0.0981
2555,Field Sales,Go-To-Market,Senior Manager,7,EMEA,Male,Group C,35-44,0,1,18.7,0.9416,2,71.9,6.5,0.0,4.3,1.39,-0.0627
236,Field Sales,Go-To-Market,Director,8,North America,Male,Group B,25-34,1,0,97.1,1.0808,3,80.9,11.4,16.0,28.2,10.39,0.0859
311,Field Sales,Go-To-Market,Director,8,APAC,Female,Group B,45-54,1,0,69.9,0.8818,3,82.7,7.0,8.7,36.4,12.19,-0.1131
450,Field Sales,Go-To-Market,Director,8,APAC,Female,Group C,25-34,1,0,30.2,1.0312,3,83.3,5.1,0.0,10.9,12.79,0.0363
517,Field Sales,Go-To-Market,Director,8,North America,Male,Group B,25-34,1,0,52.2,1.1356,5,77.6,16.3,0.0,7.5,7.09,0.1407
1324,Field Sales,Go-To-Market,Director,8,North America,Female,Group A,<25,1,0,87.7,1.0374,4,76.3,8.6,0.0,44.9,5.79,0.0425
2142,Field Sales,Go-To-Market,Director,8,North America,Female,Group C,35-44,1,0,88.4,0.9262,3,70.0,14.7,0.0,11.4,-0.51,-0.0687
2579,Field Sales,Go-To-Market,Director,8,North America,Male,Group A,45-54,1,0,76.2,0.9534,4,100.0,23.4,0.0,47.4,29.49,-0.0415
38,Finance & Accounting,Corporate,Associate,1,APAC,Male,Group E,45-54,0,1,2.7,1.0826,4,57.5,4.6,18.8,5.2,-12.64,0.0864
52,Finance & Accounting,Corporate,Associate,1,North America,Male,Group B,55+,1,0,18.4,0.9066,4,84.9,14.1,0.0,6.2,14.76,-0.0896
80,Finance & Accounting,Corporate,Associate,1,North America,Male,Group B,25-34,1,0,8.3,0.9115,4,62.2,13.9,0.0,8.3,-7.94,-0.0847
134,Finance & Accounting,Corporate,Associate,1,North America,Male,Group E,35-44,0,1,2.4,1.074,1,94.2,4.9,27.1,4.0,24.06,0.0778
228,Finance & Accounting,Corporate,Associate,1,North America,Male,Group A,35-44,1,0,19.9,1.0486,3,74.5,1.8,0.0,19.9,4.36,0.0524
345,Finance & Accounting,Corporate,Associate,1,APAC,Female,Group A,35-44,0,1,6.8,0.9748,2,67.0,3.5,8.5,15.5,-3.14,-0.0214
537,Finance & Accounting,Corporate,Associate,1,APAC,Male,Group E,45-54,0,1,7.8,1.0013,3,55.8,4.0,11.2,13.4,-14.34,0.0051
618,Finance & Accounting,Corporate,Associate,1,North America,Male,Group C,55+,1,0,20.6,0.9398,3,66.3,3.5,26.4,3.1,-3.84,-0.0564
633,Finance & Accounting,Corporate,Associate,1,North America,Male,Group A,35-44,1,0,14.4,0.9674,4,82.8,8.1,0.0,10.6,12.66,-0.0288
678,Finance & Accounting,Corporate,Associate,1,North America,Male,Group C,35-44,0,1,23.6,0.9398,4,72.8,4.5,36.4,11.9,2.66,-0.0564
695,Finance & Accounting,Corporate,Associate,1,EMEA,Male,Group B,25-34,1,0,2.8,1.112,2,65.1,0.5,30.3,2.8,-5.04,0.1158
722,Finance & Accounting,Corporate,Associate,1,APAC,Male,Group A,25-34,1,0,19.1,1.0146,4,69.7,3.1,4.1,19.1,-0.44,0.0184
797,Finance & Accounting,Corporate,Associate,1,EMEA,Female,Group C,35-44,1,0,1.7,0.9974,5,69.4,5.9,0.0,1.7,-0.74,0.0012
903,Finance & Accounting,Corporate,Associate,1,APAC,Female,Group C,<25,0,1,5.0,0.9402,3,53.0,7.8,11.7,11.1,-17.14,-0.056
1002,Finance & Accounting,Corporate,Associate,1,EMEA,Male,Group A,55+,1,0,19.7,1.1413,3,70.3,8.5,8.5,19.7,0.16,0.1451
1082,Finance & Accounting,Corporate,Associate,1,Latin America,Male,Group A,45-54,1,0,20.1,1.0272,3,50.3,25.2,20.4,20.1,-19.84,0.031
1096,Finance & Accounting,Corporate,Associate,1,APAC,Male,Group A,25-34,0,1,11.3,0.9117,2,70.8,6.5,25.5,16.6,0.66,-0.0845
1148,Finance & Accounting,Corporate,Associate,1,North America,Female,Group B,25-34,0,1,10.5,1.1267,2,53.7,1.0,13.9,12.7,-16.44,0.1305
1346,Finance & Accounting,Corporate,Associate,1,APAC,Male,Group A,45-54,0,1,1.2,1.0043,3,64.7,3.7,0.0,5.8,-5.44,0.0081
1359,Finance & Accounting,Corporate,Associate,1,North America,Non-binary,Group A,45-54,1,0,2.6,1.0577,3,82.0,7.7,0.0,2.6,11.86,0.0615
1397,Finance & Accounting,Corporate,Associate,1,APAC,Female,Group A,35-44,1,0,12.1,0.904,3,79.4,1.5,10.2,12.1,9.26,-0.0922
1535,Finance & Accounting,Corporate,Associate,1,North America,Male,Group C,25-34,0,1,0.6,0.9943,3,49.9,10.0,25.9,1.0,-20.24,-0.0019
1628,Finance & Accounting,Corporate,Associate,1,EMEA,Female,Group E,25-34,1,0,19.4,0.9408,5,75.0,7.5,0.0,19.2,4.86,-0.0554
1892,Finance & Accounting,Corporate,Associate,1,North America,Male,Group A,35-44,1,0,5.9,1.1191,3,81.2,1.8,20.2,5.9,11.06,0.1229
2184,Finance & Accounting,Corporate,Associate,1,North America,Female,Group D,55+,1,0,9.3,0.9086,2,90.8,12.2,0.0,6.1,20.66,-0.0876
2229,Finance & Accounting,Corporate,Associate,1,North America,Female,Group B,35-44,1,0,3.3,1.0748,3,49.4,5.3,12.0,3.3,-20.74,0.0786
2272,Finance & Accounting,Corporate,Associate,1,North America,Female,Group B,45-54,1,0,18.8,0.8672,3,53.2,2.7,8.5,18.8,-16.94,-0.129
2420,Finance & Accounting,Corporate,Associate,1,APAC,Non-binary,Group B,25-34,0,1,9.9,0.9218,3,80.4,8.6,7.2,11.4,10.26,-0.0744
2533,Finance & Accounting,Corporate,Associate,1,North America,Female,Group A,25-34,1,0,21.5,0.9742,3,62.3,16.7,3.4,9.4,-7.84,-0.022
2643,Finance & Accounting,Corporate,Associate,1,APAC,Male,Group B,<25,0,1,22.8,1.061,4,66.6,4.0,2.8,13.3,-3.54,0.0648
2673,Finance & Accounting,Corporate,Associate,1,EMEA,Male,Group A,25-34,1,0,5.7,1.0447,2,76.1,9.1,14.8,4.8,5.96,0.0485
2742,Finance & Accounting,Corporate,Associate,1,North America,Male,Group D,35-44,0,1,3.0,1.053,4,71.1,1.6,0.0,7.5,0.96,0.0568
2795,Finance & Accounting,Corporate,Associate,1,EMEA,Male,Group B,35-44,1,0,6.8,1.0284,2,86.1,13.6,8.3,6.8,15.96,0.0322
100,Finance & Accounting,Corporate,Analyst,2,North America,Female,Group A,25-34,1,0,24.6,0.8862,3,100.0,28.2,2.8,24.5,29.86,-0.1003
129,Finance & Accounting,Corporate,Analyst,2,APAC,Female,Group A,35-44,0,1,0.9,0.9195,3,68.9,7.2,5.1,2.7,-1.24,-0.067
188,Finance & Accounting,Corporate,Analyst,2,APAC,Male,Group E,45-54,1,0,34.7,1.0606,3,87.2,11.0,10.9,12.7,17.06,0.0741
483,Finance & Accounting,Corporate,Analyst,2,North America,Male,Group B,35-44,1,0,29.7,0.953,3,87.8,17.1,14.8,17.9,17.66,-0.0335
510,Finance & Accounting,Corporate,Analyst,2,North America,Female,Group D,<25,1,0,9.2,0.9955,3,77.4,10.7,22.0,9.2,7.26,0.009
564,Finance & Accounting,Corporate,Analyst,2,North America,Male,Group D,<25,1,0,4.7,1.0838,2,78.4,14.8,0.0,4.7,8.26,0.0973
668,Finance & Accounting,Corporate,Analyst,2,EMEA,Female,Group A,<25,1,0,21.6,0.8729,3,66.4,1.3,13.1,21.6,-3.74,-0.1136
771,Finance & Accounting,Corporate,Analyst,2,North America,Male,Group A,35-44,0,1,7.7,1.0823,5,62.4,6.6,0.0,16.2,-7.74,0.0958
820,Finance & Accounting,Corporate,Analyst,2,APAC,Male,Group B,25-34,1,0,11.4,0.9933,4,100.0,8.3,1.1,0.8,29.86,0.0068
823,Finance & Accounting,Corporate,Analyst,2,APAC,Male,Group B,45-54,1,0,36.4,1.0449,4,84.6,6.2,9.8,6.4,14.46,0.0584
840,Finance & Accounting,Corporate,Analyst,2,APAC,Male,Group D,35-44,0,1,18.3,1.0494,3,45.1,7.6,63.2,8.1,-25.04,0.0629
850,Finance & Accounting,Corporate,Analyst,2,North America,Male,Group B,45-54,1,0,31.9,0.9519,3,76.5,10.8,3.6,13.3,6.36,-0.0346
860,Finance & Accounting,Corporate,Analyst,2,North America,Female,Group A,55+,1,0,6.8,0.9726,3,63.8,6.3,5.4,6.8,-6.34,-0.0139
890,Finance & Accounting,Corporate,Analyst,2,North America,Male,Group C,35-44,1,0,27.3,1.0206,4,52.1,1.4,4.3,8.4,-18.04,0.0341
912,Finance & Accounting,Corporate,Analyst,2,APAC,Female,Group B,25-34,0,1,9.7,0.883,3,48.7,11.9,14.6,6.2,-21.44,-0.1035
1029,Finance & Accounting,Corporate,Analyst,2,North America,Non-binary,Group B,25-34,1,0,12.9,0.8909,3,68.0,11.2,19.7,4.0,-2.14,-0.0956
1218,Finance & Accounting,Corporate,Analyst,2,EMEA,Female,Group C,35-44,1,0,36.6,0.9002,3,81.8,9.8,38.9,26.8,11.66,-0.0863
1416,Finance & Accounting,Corporate,Analyst,2,EMEA,Female,Group D,55+,1,0,30.7,0.9914,5,51.0,18.0,15.9,15.1,-19.14,0.0049
1423,Finance & Accounting,Corporate,Analyst,2,EMEA,Female,Group A,25-34,1,0,20.0,0.9289,4,44.4,5.0,34.0,12.4,-25.74,-0.0576
1453,Finance & Accounting,Corporate,Analyst,2,North America,Female,Group A,25-34,1,0,34.2,1.0106,4,66.6,3.0,15.7,17.9,-3.54,0.0241
1462,Finance & Accounting,Corporate,Analyst,2,APAC,Male,Group E,25-34,1,0,4.2,0.8866,3,65.0,0.7,12.2,4.2,-5.14,-0.0999
1469,Finance & Accounting,Corporate,Analyst,2,APAC,Male,Group D,55+,0,1,6.8,0.9927,4,69.6,4.5,13.5,6.5,-0.54,0.0062
1493,Finance & Accounting,Corporate,Analyst,2,EMEA,Female,Group B,25-34,1,0,24.3,1.1393,5,82.0,4.4,0.0,14.5,11.86,0.1528
1518,Finance & Accounting,Corporate,Analyst,2,APAC,Male,Group A,25-34,1,0,9.4,0.9091,5,80.7,5.0,3.3,9.4,10.56,-0.0774
1571,Finance & Accounting,Corporate,Analyst,2,North America,Male,Group D,25-34,1,0,9.7,0.9506,2,75.4,18.3,0.0,9.7,5.26,-0.0359
1845,Finance & Accounting,Corporate,Analyst,2,North America,Male,Group E,25-34,1,0,19.6,1.0096,2,57.7,6.2,0.0,19.6,-12.44,0.0231
1944,Finance & Accounting,Corporate,Analyst,2,EMEA,Female,Group B,25-34,1,0,13.1,0.9519,4,86.7,3.8,1.6,13.1,16.56,-0.0346
1965,Finance & Accounting,Corporate,Analyst,2,APAC,Male,Group E,35-44,0,1,7.6,1.0494,3,79.4,8.5,19.5,8.5,9.26,0.0629
2012,Finance & Accounting,Corporate,Analyst,2,North America,Female,Group A,25-34,1,0,11.1,0.9652,3,65.2,3.4,12.2,11.1,-4.94,-0.0213
2070,Finance & Accounting,Corporate,Analyst,2,EMEA,Female,Group E,55+,0,1,9.6,1.0145,2,71.3,26.0,0.0,10.8,1.16,0.028
2073,Finance & Accounting,Corporate,Analyst,2,APAC,Female,Group A,55+,0,1,20.8,1.092,4,67.8,11.0,12.9,23.1,-2.34,0.1055
2182,Finance & Accounting,Corporate,Analyst,2,EMEA,Male,Group D,25-34,1,0,12.9,0.9551,5,65.3,25.4,4.6,5.6,-4.84,-0.0314
2211,Finance & Accounting,Corporate,Analyst,2,APAC,Male,Group E,25-34,1,0,25.0,1.0341,2,78.9,24.0,6.1,4.2,8.76,0.0476
2230,Finance & Accounting,Corporate,Analyst,2,APAC,Female,Group A,35-44,1,0,12.1,1.0449,5,74.9,4.2,19.7,6.8,4.76,0.0584
2349,Finance & Accounting,Corporate,Analyst,2,North America,Male,Group D,35-44,0,1,9.3,0.8138,2,33.6,8.3,2.0,5.1,-36.54,-0.1727
2379,Finance & Accounting,Corporate,Analyst,2,EMEA,Male,Group B,35-44,1,0,33.7,1.1304,4,72.4,4.7,6.0,7.4,2.26,0.1439
2444,Finance & Accounting,Corporate,Analyst,2,North America,Female,Group B,35-44,1,0,32.8,1.054,4,87.9,13.7,6.6,16.5,17.76,0.0675
2630,Finance & Accounting,Corporate,Analyst,2,EMEA,Male,Group A,55+,1,0,18.2,1.0279,1,65.9,8.2,17.7,5.1,-4.24,0.0414
2720,Finance & Accounting,Corporate,Analyst,2,North America,Male,Group A,35-44,1,0,24.8,1.0915,3,66.2,1.7,0.0,11.2,-3.94,0.105
2733,Finance & Accounting,Corporate,Analyst,2,North America,Female,Group B,<25,0,1,4.2,0.9054,3,86.1,3.6,0.0,10.0,15.96,-0.0811
2766,Finance & Accounting,Corporate,Analyst,2,North America,Male,Group E,35-44,1,0,14.0,1.0227,3,65.0,9.1,7.0,10.5,-5.14,0.0362
16,Finance & Accounting,Corporate,Specialist,3,EMEA,Male,Group C,35-44,1,0,42.0,1.0048,2,83.4,1.3,31.0,32.7,13.26,0.0119
69,Finance & Accounting,Corporate,Senior Analyst,3,EMEA,Male,Group C,25-34,1,0,38.4,1.1771,4,75.2,8.3,3.1,19.3,5.06,0.1842
83,Finance & Accounting,Corporate,Specialist,3,North America,Male,Group A,25-34,0,1,9.0,0.9598,2,63.9,4.2,0.0,10.0,-6.24,-0.0331
104,Finance & Accounting,Corporate,Specialist,3,EMEA,Female,Group D,25-34,1,0,43.2,1.1048,5,90.6,1.0,17.7,5.7,20.46,0.1119
147,Finance & Accounting,Corporate,Senior Analyst,3,North America,Non-binary,Group E,55+,1,0,22.7,0.961,5,90.7,1.5,7.8,17.4,20.56,-0.0319
175,Finance & Accounting,Corporate,Senior Analyst,3,North America,Male,Group A,25-34,1,0,17.2,0.9514,4,45.9,6.3,11.8,15.1,-24.24,-0.0415
195,Finance & Accounting,Corporate,Specialist,3,North America,Male,Group C,55+,1,0,31.6,1.0538,2,57.9,2.9,22.8,31.6,-12.24,0.0609
198,Finance & Accounting,Corporate,Senior Analyst,3,North America,Male,Group D,35-44,1,0,21.9,1.1075,3,60.0,1.7,0.0,6.5,-10.14,0.1146
238,Finance & Accounting,Corporate,Senior Analyst,3,EMEA,Male,Group B,25-34,1,0,3.2,0.9539,2,71.5,2.4,0.0,3.2,1.36,-0.039
260,Finance & Accounting,Corporate,Senior Analyst,3,EMEA,Male,Group D,25-34,1,0,34.8,0.958,4,92.6,9.0,0.0,30.4,22.46,-0.0349
271,Finance & Accounting,Corporate,Senior Analyst,3,APAC,Female,Group A,25-34,1,0,15.2,1.036,3,75.2,5.7,21.9,15.2,5.06,0.0431
323,Finance & Accounting,Corporate,Senior Analyst,3,APAC,Male,Group D,45-54,0,1,9.5,1.0429,4,68.8,4.3,1.0,14.3,-1.34,0.05
326,Finance & Accounting,Corporate,Specialist,3,APAC,Male,Group B,25-34,0,1,20.8,0.9485,4,79.4,3.8,31.2,24.2,9.26,-0.0444
353,Finance & Accounting,Corporate,Specialist,3,North America,Male,Group A,45-54,1,0,13.3,0.9399,2,46.8,10.3,0.0,13.3,-23.34,-0.053
371,Finance & Accounting,Corporate,Senior Analyst,3,North America,Female,Group A,25-34,0,1,15.9,0.9664,2,50.3,20.8,3.0,19.1,-19.84,-0.0265
376,Finance & Accounting,Corporate,Specialist,3,North America,Female,Group B,35-44,1,0,23.7,1.0485,4,57.9,2.1,8.9,6.2,-12.24,0.0556
379,Finance & Accounting,Corporate,Specialist,3,APAC,Male,Group A,35-44,1,0,9.1,1.0219,4,62.8,14.5,14.4,9.1,-7.34,0.029
408,Finance & Accounting,Corporate,Senior Analyst,3,North America,Male,Group D,35-44,1,0,11.7,0.9557,4,80.2,9.8,0.0,5.2,10.06,-0.0372
412,Finance & Accounting,Corporate,Senior Analyst,3,Latin America,Male,Group B,35-44,1,0,29.4,0.9726,5,81.0,12.2,3.3,1.0,10.86,-0.0203
545,Finance & Accounting,Corporate,Senior Analyst,3,EMEA,Male,Group A,35-44,1,0,47.0,0.9242,3,100.0,2.8,4.2,28.6,29.86,-0.0687
560,Finance & Accounting,Corporate,Specialist,3,Latin America,Male,Group C,25-34,1,0,14.6,1.1065,3,57.5,6.8,17.8,10.5,-12.64,0.1136
565,Finance & Accounting,Corporate,Senior Analyst,3,North America,Male,Group D,35-44,1,0,47.0,1.0688,2,76.1,3.9,2.9,14.9,5.96,0.0759
595,Finance & Accounting,Corporate,Specialist,3,North America,Female,Group A,<25,1,0,13.5,0.9123,4,83.6,0.8,19.2,13.5,13.46,-0.0806
622,Finance & Accounting,Corporate,Senior Analyst,3,North America,Male,Group B,25-34,1,0,13.0,0.9155,3,95.2,1.1,0.0,13.0,25.06,-0.0774
635,Finance & Accounting,Corporate,Senior Analyst,3,APAC,Female,Group A,25-34,1,0,28.0,1.0573,5,54.7,2.5,8.2,8.2,-15.44,0.0644
827,Finance & Accounting,Corporate,Specialist,3,APAC,Female,Group A,<25,1,0,20.1,0.9251,4,97.3,4.5,16.7,20.1,27.16,-0.0678
898,Finance & Accounting,Corporate,Specialist,3,APAC,Female,Group A,45-54,1,0,22.4,1.1608,3,63.6,5.4,15.0,22.4,-6.54,0.1679
913,Finance & Accounting,Corporate,Specialist,3,North America,Male,Group B,25-34,1,0,20.4,0.8882,4,79.7,3.2,34.4,20.4,9.56,-0.1047
943,Finance & Accounting,Corporate,Specialist,3,EMEA,Male,Group A,35-44,1,0,30.6,1.0521,4,83.2,3.5,54.9,30.6,13.06,0.0592
970,Finance & Accounting,Corporate,Senior Analyst,3,North America,Female,Group D,45-54,1,0,46.5,0.8445,3,47.4,5.2,13.8,22.6,-22.74,-0.1484
1001,Finance & Accounting,Corporate,Senior Analyst,3,North America,Male,Group C,45-54,1,0,40.6,1.1148,3,93.6,2.3,0.0,8.4,23.46,0.1219
1037,Finance & Accounting,Corporate,Senior Analyst,3,North America,Male,Group A,25-34,0,1,11.1,1.0005,4,87.9,2.1,0.0,4.7,17.76,0.0076
1092,Finance & Accounting,Corporate,Senior Analyst,3,APAC,Male,Group A,35-44,1,0,24.7,1.0471,2,68.2,8.0,5.4,24.7,-1.94,0.0542
1145,Finance & Accounting,Corporate,Specialist,3,North America,Male,Group E,25-34,0,1,3.7,1.0341,2,70.5,6.3,0.0,8.6,0.36,0.0412
1257,Finance & Accounting,Corporate,Specialist,3,APAC,Male,Group A,45-54,1,0,3.3,0.8582,3,84.5,0.7,14.0,3.3,14.36,-0.1347
1309,Finance & Accounting,Corporate,Senior Analyst,3,APAC,Male,Group A,55+,1,0,43.9,0.9575,3,66.7,7.1,0.0,31.5,-3.44,-0.0354
1328,Finance & Accounting,Corporate,Senior Analyst,3,APAC,Female,Group A,35-44,0,1,15.9,0.865,1,85.1,0.8,11.2,8.5,14.96,-0.1279
1420,Finance & Accounting,Corporate,Senior Analyst,3,APAC,Female,Group A,35-44,1,0,12.5,1.005,3,72.9,8.8,29.6,11.7,2.76,0.0121
1443,Finance & Accounting,Corporate,Specialist,3,North America,Female,Group E,45-54,0,1,41.5,0.8824,4,72.4,2.3,6.5,9.7,2.26,-0.1105
1489,Finance & Accounting,Corporate,Senior Analyst,3,APAC,Male,Group E,35-44,1,0,20.8,0.984,3,71.4,5.0,40.8,13.1,1.26,-0.0089
1519,Finance & Accounting,Corporate,Senior Analyst,3,North America,Female,Group C,25-34,1,0,4.6,0.8487,2,85.9,4.5,0.0,4.6,15.76,-0.1442
1521,Finance & Accounting,Corporate,Senior Analyst,3,EMEA,Female,Group B,25-34,1,0,38.3,0.9624,2,54.1,1.3,8.7,9.0,-16.04,-0.0305
1550,Finance & Accounting,Corporate,Senior Analyst,3,APAC,Female,Group A,25-34,1,0,14.4,1.1522,4,58.9,9.2,15.5,7.2,-11.24,0.1593
1561,Finance & Accounting,Corporate,Specialist,3,North America,Female,Group C,25-34,1,0,39.3,0.8491,2,60.7,9.7,8.7,13.8,-9.44,-0.1438
1632,Finance & Accounting,Corporate,Specialist,3,North America,Male,Group A,35-44,1,0,9.9,0.902,3,74.2,4.8,11.6,9.9,4.06,-0.0909
1652,Finance & Accounting,Corporate,Senior Analyst,3,North America,Non-binary,Group B,<25,1,0,17.3,0.8494,3,57.8,6.5,15.7,17.3,-12.34,-0.1435
1704,Finance & Accounting,Corporate,Senior Analyst,3,North America,Male,Group D,<25,1,0,26.0,1.1195,4,60.4,3.7,0.0,19.2,-9.74,0.1266
1753,Finance & Accounting,Corporate,Senior Analyst,3,APAC,Female,Group A,25-34,1,0,10.7,1.0303,3,75.0,3.4,8.6,3.4,4.86,0.0374
1789,Finance & Accounting,Corporate,Specialist,3,Latin America,Female,Group D,35-44,0,1,34.4,1.0113,3,36.0,17.6,12.0,23.1,-34.14,0.0184
1973,Finance & Accounting,Corporate,Specialist,3,EMEA,Female,Group A,25-34,0,1,17.5,0.9411,3,63.3,9.8,0.0,10.2,-6.84,-0.0518
2011,Finance & Accounting,Corporate,Specialist,3,North America,Female,Group A,25-34,1,0,46.7,0.9834,2,65.3,12.5,0.0,4.7,-4.84,-0.0095
2075,Finance & Accounting,Corporate,Senior Analyst,3,North America,Male,Group B,35-44,1,0,39.5,0.8749,3,23.9,6.6,6.7,9.5,-46.24,-0.118
2117,Finance & Accounting,Corporate,Senior Analyst,3,EMEA,Male,Group D,25-34,1,0,21.7,0.9732,4,81.3,4.7,2.0,6.9,11.16,-0.0197
2180,Finance & Accounting,Corporate,Senior Analyst,3,North America,Male,Group B,35-44,1,0,4.4,0.9997,1,57.0,4.2,15.8,4.4,-13.14,0.0068
2217,Finance & Accounting,Corporate,Specialist,3,North America,Female,Group B,45-54,1,0,15.8,0.9719,3,100.0,2.7,0.0,6.2,29.86,-0.021
2246,Finance & Accounting,Corporate,Senior Analyst,3,North America,Male,Group A,35-44,1,0,5.9,0.9716,3,55.2,19.0,2.0,5.9,-14.94,-0.0213
2337,Finance & Accounting,Corporate,Senior Analyst,3,North America,Female,Group D,25-34,1,0,5.9,0.887,1,87.3,9.6,10.2,5.9,17.16,-0.1059
2367,Finance & Accounting,Corporate,Specialist,3,Latin America,Male,Group A,25-34,0,1,9.2,0.9518,4,57.0,7.8,13.6,11.5,-13.14,-0.0411
2414,Finance & Accounting,Corporate,Specialist,3,North America,Male,Group A,45-54,1,0,36.0,1.1286,5,76.0,8.0,8.0,5.3,5.86,0.1357
2424,Finance & Accounting,Corporate,Specialist,3,North America,Male,Group A,25-34,1,0,20.0,0.8915,5,85.0,7.6,0.0,3.1,14.86,-0.1014
2480,Finance & Accounting,Corporate,Specialist,3,North America,Female,Group A,35-44,0,1,1.1,0.9843,3,46.3,16.7,0.0,3.8,-23.84,-0.0086
2490,Finance & Accounting,Corporate,Specialist,3,North America,Female,Group B,35-44,1,0,43.7,1.0859,3,77.7,4.7,3.7,2.2,7.56,0.093
2521,Finance & Accounting,Corporate,Senior Analyst,3,North America,Male,Group A,45-54,1,0,17.8,1.0615,3,90.6,7.9,0.0,3.3,20.46,0.0686
2529,Finance & Accounting,Corporate,Senior Analyst,3,North America,Female,Group A,<25,1,0,10.4,0.9964,2,76.1,28.0,11.1,10.4,5.96,0.0035
2545,Finance & Accounting,Corporate,Senior Analyst,3,EMEA,Female,Group C,45-54,1,0,45.2,0.9684,3,80.3,8.5,0.0,22.9,10.16,-0.0245
2580,Finance & Accounting,Corporate,Senior Analyst,3,North America,Female,Group E,35-44,1,0,30.4,1.152,3,42.3,7.6,19.6,30.4,-27.84,0.1591
2626,Finance & Accounting,Corporate,Senior Analyst,3,North America,Male,Group E,45-54,1,0,19.2,0.9607,4,66.1,6.1,16.2,19.2,-4.04,-0.0322
2649,Finance & Accounting,Corporate,Specialist,3,APAC,Male,Group D,25-34,0,1,34.6,0.9924,4,62.3,27.7,0.0,11.1,-7.84,-0.0005
2674,Finance & Accounting,Corporate,Specialist,3,North America,Female,Group A,55+,1,0,44.4,0.9597,1,51.2,7.4,2.5,13.0,-18.94,-0.0332
2737,Finance & Accounting,Corporate,Specialist,3,North America,Male,Group E,35-44,1,0,19.4,0.9796,5,56.5,5.3,4.1,12.4,-13.64,-0.0133
32,Finance & Accounting,Corporate,Senior Specialist,4,APAC,Female,Group A,35-44,0,1,11.8,0.9826,4,77.7,9.3,5.2,12.6,7.56,-0.0073
85,Finance & Accounting,Corporate,Senior Specialist,4,APAC,Female,Group B,25-34,1,0,38.6,0.9008,4,85.5,11.6,12.6,1.2,15.36,-0.0891
165,Finance & Accounting,Corporate,Senior Specialist,4,APAC,Male,Group C,25-34,1,0,8.3,0.972,4,69.1,2.6,27.2,8.3,-1.04,-0.0179
190,Finance & Accounting,Corporate,Senior Specialist,4,North America,Non-binary,Group E,25-34,1,0,8.0,1.0002,4,87.3,19.4,19.4,8.0,17.16,0.0103
270,Finance & Accounting,Corporate,Senior Specialist,4,North America,Male,Group A,25-34,1,0,46.3,1.0276,4,61.4,5.5,0.0,19.9,-8.74,0.0377
500,Finance & Accounting,Corporate,Senior Specialist,4,APAC,Female,Group C,35-44,0,1,7.8,0.8445,4,76.4,9.5,0.9,16.9,6.26,-0.1454
524,Finance & Accounting,Corporate,Senior Specialist,4,APAC,Female,Group B,35-44,1,0,5.5,1.0556,4,65.4,6.0,10.8,5.5,-4.74,0.0657
670,Finance & Accounting,Corporate,Senior Specialist,4,APAC,Female,Group B,<25,1,0,10.1,1.0873,4,55.3,1.4,3.5,10.1,-14.84,0.0974
782,Finance & Accounting,Corporate,Senior Specialist,4,North America,Female,Group E,45-54,0,1,44.2,0.8629,4,65.5,11.7,14.2,7.4,-4.64,-0.127
864,Finance & Accounting,Corporate,Senior Specialist,4,APAC,Male,Group C,55+,0,1,3.4,1.0239,3,88.9,7.9,41.7,3.7,18.76,0.034
978,Finance & Accounting,Corporate,Senior Specialist,4,North America,Male,Group A,45-54,1,0,21.6,1.003,5,69.7,12.6,5.6,21.6,-0.44,0.0131
983,Finance & Accounting,Corporate,Senior Specialist,4,APAC,Female,Group D,25-34,1,0,31.8,0.9297,3,38.5,6.1,11.8,12.5,-31.64,-0.0602
1111,Finance & Accounting,Corporate,Senior Specialist,4,EMEA,Male,Group A,55+,1,0,23.8,0.8762,3,68.1,13.7,0.0,5.8,-2.04,-0.1137
1284,Finance & Accounting,Corporate,Senior Specialist,4,APAC,Male,Group A,35-44,1,0,58.9,1.012,2,67.5,6.9,4.8,7.3,-2.64,0.0221
1625,Finance & Accounting,Corporate,Senior Specialist,4,North America,Male,Group D,35-44,1,0,37.1,0.9784,2,92.2,7.8,0.0,36.1,22.06,-0.0115
1676,Finance & Accounting,Corporate,Senior Specialist,4,APAC,Female,Group A,35-44,1,0,43.1,0.9637,3,71.0,5.6,5.9,6.2,0.86,-0.0262
1694,Finance & Accounting,Corporate,Senior Specialist,4,North America,Male,Group B,45-54,1,0,57.0,0.9857,2,79.3,21.6,7.3,2.5,9.16,-0.0042
1960,Finance & Accounting,Corporate,Senior Specialist,4,North America,Male,Group E,45-54,0,1,46.4,0.9626,2,90.8,10.5,6.1,4.3,20.66,-0.0273
1964,Finance & Accounting,Corporate,Senior Specialist,4,North America,Female,Group A,25-34,1,0,9.5,1.0418,3,71.0,5.7,5.8,9.5,0.86,0.0519
2168,Finance & Accounting,Corporate,Senior Specialist,4,North America,Female,Group D,35-44,1,0,27.9,1.001,5,73.0,9.0,4.8,22.2,2.86,0.0111
2194,Finance & Accounting,Corporate,Senior Specialist,4,EMEA,Male,Group B,35-44,1,0,57.4,1.0994,4,67.6,3.6,0.0,13.1,-2.54,0.1095
2319,Finance & Accounting,Corporate,Senior Specialist,4,APAC,Male,Group D,25-34,1,0,54.1,1.0662,3,87.8,4.1,14.4,9.8,17.66,0.0763
2329,Finance & Accounting,Corporate,Senior Specialist,4,North America,Female,Group E,25-34,1,0,28.1,0.8683,4,69.4,4.4,43.7,8.6,-0.74,-0.1216
2532,Finance & Accounting,Corporate,Senior Specialist,4,Latin America,Male,Group B,35-44,0,1,18.6,0.9482,2,77.5,18.7,8.7,22.8,7.36,-0.0417
2569,Finance & Accounting,Corporate,Senior Specialist,4,North America,Male,Group E,35-44,1,0,23.1,1.0092,4,61.4,4.3,0.0,12.1,-8.74,0.0193
2739,Finance & Accounting,Corporate,Senior Specialist,4,North America,Male,Group A,35-44,1,0,30.3,0.9761,4,76.5,1.7,0.0,10.7,6.36,-0.0138
2786,Finance & Accounting,Corporate,Senior Specialist,4,EMEA,Male,Group E,35-44,1,0,11.4,0.7982,4,64.9,9.1,0.0,11.4,-5.24,-0.1917
33,Finance & Accounting,Corporate,Lead,5,EMEA,Female,Group E,45-54,1,0,37.2,1.0391,3,74.3,8.5,6.4,5.4,4.16,0.0473
70,Finance & Accounting,Corporate,Lead,5,APAC,Non-binary,Group C,35-44,1,0,53.7,1.0432,4,71.5,2.9,21.0,19.7,1.36,0.0514
245,Finance & Accounting,Corporate,Lead,5,EMEA,Male,Group B,<25,1,0,49.8,0.9895,3,50.6,18.4,0.0,7.2,-19.54,-0.0023
262,Finance & Accounting,Corporate,Lead,5,APAC,Female,Group A,35-44,1,0,49.4,1.0038,3,71.7,8.1,9.9,7.9,1.56,0.012
320,Finance & Accounting,Corporate,Lead,5,Latin America,Male,Group C,45-54,1,0,66.8,0.9074,3,99.7,6.3,34.4,14.5,29.56,-0.0844
336,Finance & Accounting,Corporate,Lead,5,North America,Female,Group E,35-44,1,0,56.5,1.0041,3,53.9,4.2,0.0,3.4,-16.24,0.0123
390,Finance & Accounting,Corporate,Lead,5,North America,Female,Group B,25-34,1,0,31.9,0.9517,5,78.7,29.0,9.3,31.9,8.56,-0.0401
394,Finance & Accounting,Corporate,Lead,5,APAC,Female,Group B,<25,1,0,54.2,1.0082,2,69.0,6.2,0.0,6.8,-1.14,0.0164
404,Finance & Accounting,Corporate,Lead,5,APAC,Male,Group B,35-44,1,0,49.4,0.9794,4,55.4,6.7,0.0,6.4,-14.74,-0.0124
617,Finance & Accounting,Corporate,Lead,5,North America,Male,Group C,35-44,1,0,36.8,0.9308,5,80.3,0.7,8.1,9.0,10.16,-0.061
793,Finance & Accounting,Corporate,Lead,5,EMEA,Male,Group C,35-44,1,0,44.7,1.0286,3,69.4,16.8,35.2,19.3,-0.74,0.0368
1009,Finance & Accounting,Corporate,Lead,5,EMEA,Female,Group A,35-44,0,1,0.5,0.9819,2,86.0,9.4,12.2,0.9,15.86,-0.0099
1191,Finance & Accounting,Corporate,Lead,5,EMEA,Male,Group B,25-34,1,0,48.1,0.9635,2,99.4,9.5,29.5,29.2,29.26,-0.0283
1728,Finance & Accounting,Corporate,Lead,5,North America,Male,Group A,25-34,0,1,2.2,1.099,5,55.1,16.2,0.3,2.8,-15.04,0.1072
1810,Finance & Accounting,Corporate,Lead,5,North America,Female,Group D,45-54,1,0,30.3,0.8585,3,81.0,25.2,15.2,21.1,10.86,-0.1333
1957,Finance & Accounting,Corporate,Lead,5,North America,Female,Group E,25-34,1,0,17.0,0.9138,3,53.7,6.9,0.0,17.0,-16.44,-0.078
1976,Finance & Accounting,Corporate,Lead,5,North America,Non-binary,Group B,35-44,0,1,26.1,1.0175,3,58.6,2.9,20.3,3.8,-11.54,0.0257
2050,Finance & Accounting,Corporate,Lead,5,North America,Male,Group A,25-34,1,0,70.1,1.0415,3,75.7,11.5,11.7,11.5,5.56,0.0497
2062,Finance & Accounting,Corporate,Lead,5,APAC,Male,Group E,25-34,1,0,34.9,0.9965,2,49.1,2.5,5.1,4.7,-21.04,0.0047
2150,Finance & Accounting,Corporate,Lead,5,North America,Male,Group A,25-34,1,0,21.4,1.0018,4,43.3,4.2,36.7,8.1,-26.84,0.01
2162,Finance & Accounting,Corporate,Lead,5,North America,Male,Group E,45-54,1,0,38.5,1.1229,3,61.5,10.6,6.6,38.5,-8.64,0.1311
2201,Finance & Accounting,Corporate,Lead,5,APAC,Male,Group D,35-44,0,1,19.5,0.976,3,68.3,12.8,30.4,32.8,-1.84,-0.0158
2399,Finance & Accounting,Corporate,Lead,5,North America,Male,Group B,25-34,1,0,3.8,0.9734,4,68.5,8.9,11.2,3.8,-1.64,-0.0184
2406,Finance & Accounting,Corporate,Lead,5,APAC,Male,Group C,45-54,1,0,50.8,0.9556,4,71.1,6.8,12.4,6.4,0.96,-0.0362
2439,Finance & Accounting,Corporate,Lead,5,EMEA,Female,Group D,45-54,1,0,39.8,0.9056,3,79.3,12.6,9.7,14.4,9.16,-0.0862
2507,Finance & Accounting,Corporate,Lead,5,APAC,Male,Group B,35-44,0,1,41.2,0.9887,3,61.6,1.5,12.1,11.5,-8.54,-0.0031
2665,Finance & Accounting,Corporate,Lead,5,North America,Female,Group B,55+,1,0,47.8,0.9889,2,77.7,5.5,8.3,1.3,7.56,-0.0029
75,Finance & Accounting,Corporate,Manager,6,APAC,Male,Group D,<25,1,0,47.4,1.1729,2,89.3,15.2,8.9,6.2,19.16,0.1803
157,Finance & Accounting,Corporate,Manager,6,North America,Female,Group B,35-44,1,0,8.2,1.0028,3,47.0,6.0,26.9,8.2,-23.14,0.0102
440,Finance & Accounting,Corporate,Manager,6,North America,Female,Group B,55+,1,0,41.0,1.0364,4,65.3,4.9,22.3,9.2,-4.84,0.0438
625,Finance & Accounting,Corporate,Manager,6,North America,Female,Group A,25-34,1,0,32.7,0.8106,3,60.2,11.2,0.8,32.7,-9.94,-0.182
645,Finance & Accounting,Corporate,Manager,6,APAC,Male,Group A,35-44,1,0,40.7,0.9903,2,57.9,4.7,8.7,17.2,-12.24,-0.0023
928,Finance & Accounting,Corporate,Manager,6,North America,Male,Group B,<25,1,0,19.3,1.0444,2,46.1,5.7,10.2,13.3,-24.04,0.0518
1081,Finance & Accounting,Corporate,Manager,6,North America,Female,Group A,25-34,1,0,59.0,0.973,2,75.6,12.5,0.0,29.6,5.46,-0.0196
1123,Finance & Accounting,Corporate,Manager,6,EMEA,Female,Group A,45-54,1,0,66.2,0.9492,3,58.3,2.1,3.9,3.6,-11.84,-0.0434
1364,Finance & Accounting,Corporate,Manager,6,EMEA,Non-binary,Group A,25-34,1,0,55.9,0.8748,4,97.8,16.0,9.9,10.4,27.66,-0.1178
1551,Finance & Accounting,Corporate,Manager,6,North America,Female,Group B,45-54,1,0,13.5,0.9746,4,63.9,1.5,15.8,1.4,-6.24,-0.018
1569,Finance & Accounting,Corporate,Manager,6,APAC,Female,Group A,25-34,1,0,1.8,1.0296,2,63.2,16.0,5.5,1.8,-6.94,0.037
1603,Finance & Accounting,Corporate,Manager,6,APAC,Female,Group D,35-44,1,0,49.4,0.8529,4,65.1,10.0,7.2,24.0,-5.04,-0.1397
1618,Finance & Accounting,Corporate,Manager,6,APAC,Female,Group A,35-44,1,0,13.9,0.8669,3,69.6,3.4,3.8,13.9,-0.54,-0.1257
1653,Finance & Accounting,Corporate,Manager,6,APAC,Female,Group A,<25,1,0,34.8,0.9106,4,49.7,1.2,20.1,20.5,-20.44,-0.082
1742,Finance & Accounting,Corporate,Manager,6,EMEA,Male,Group C,35-44,1,0,37.9,1.0472,2,39.0,8.3,0.0,10.2,-31.14,0.0546
1826,Finance & Accounting,Corporate,Manager,6,EMEA,Female,Group C,35-44,1,0,60.8,1.0122,3,100.0,1.3,0.0,19.7,29.86,0.0196
1836,Finance & Accounting,Corporate,Manager,6,APAC,Male,Group A,55+,1,0,29.3,0.9689,3,51.6,6.8,13.9,29.3,-18.54,-0.0237
1881,Finance & Accounting,Corporate,Manager,6,APAC,Male,Group C,25-34,1,0,73.3,1.0709,3,78.4,11.7,22.7,32.1,8.26,0.0783
2149,Finance & Accounting,Corporate,Manager,6,Latin America,Male,Group A,55+,1,0,65.7,1.0581,4,60.7,13.5,5.8,6.7,-9.44,0.0655
2527,Finance & Accounting,Corporate,Manager,6,EMEA,Male,Group E,35-44,1,0,76.4,0.9752,4,61.0,6.2,0.0,14.7,-9.14,-0.0174
2561,Finance & Accounting,Corporate,Manager,6,APAC,Male,Group D,45-54,1,0,61.1,1.0442,5,80.3,13.1,12.7,10.5,10.16,0.0516
2565,Finance & Accounting,Corporate,Manager,6,Latin America,Non-binary,Group B,35-44,1,0,85.2,0.8777,4,81.4,2.1,28.2,14.5,11.26,-0.1149
2593,Finance & Accounting,Corporate,Manager,6,EMEA,Female,Group B,25-34,1,0,10.0,0.997,3,66.6,5.4,5.4,2.1,-3.54,0.0044
2714,Finance & Accounting,Corporate,Manager,6,North America,Female,Group A,25-34,1,0,86.2,0.9831,3,43.5,8.0,3.2,4.1,-26.64,-0.0095
2736,Finance & Accounting,Corporate,Manager,6,Latin America,Female,Group A,35-44,1,0,29.8,1.0529,3,40.1,9.5,0.0,29.8,-30.04,0.0603
255,Finance & Accounting,Corporate,Senior Manager,7,North America,Male,Group A,25-34,0,1,56.5,1.1167,2,54.4,8.2,25.1,8.6,-15.74,0.1124
519,Finance & Accounting,Corporate,Senior Manager,7,North America,Female,Group A,25-34,0,1,70.2,0.9878,3,79.9,12.5,0.0,18.4,9.76,-0.0165
699,Finance & Accounting,Corporate,Senior Manager,7,APAC,Male,Group B,25-34,0,1,15.9,1.0121,4,51.9,4.8,24.2,9.2,-18.24,0.0078
884,Finance & Accounting,Corporate,Senior Manager,7,Latin America,Female,Group C,25-34,1,0,30.0,0.9728,3,43.7,2.6,26.0,16.3,-26.44,-0.0315
1402,Finance & Accounting,Corporate,Senior Manager,7,EMEA,Male,Group D,45-54,1,0,69.3,1.0402,4,93.1,3.1,17.9,20.3,22.96,0.0359
1500,Finance & Accounting,Corporate,Senior Manager,7,North America,Female,Group C,25-34,1,0,43.5,0.9259,4,75.2,11.9,20.1,10.6,5.06,-0.0784
1553,Finance & Accounting,Corporate,Senior Manager,7,North America,Non-binary,Group E,35-44,1,0,11.4,1.0895,4,100.0,1.3,8.2,4.0,29.86,0.0852
1687,Finance & Accounting,Corporate,Senior Manager,7,APAC,Female,Group B,25-34,1,0,57.3,0.9924,3,82.9,5.9,35.7,6.2,12.76,-0.0119
2139,Finance & Accounting,Corporate,Senior Manager,7,North America,Female,Group A,25-34,1,0,27.8,1.053,3,76.9,5.8,0.0,20.1,6.76,0.0487
2147,Finance & Accounting,Corporate,Senior Manager,7,APAC,Female,Group A,25-34,1,0,64.3,0.9603,3,78.0,2.1,12.1,29.1,7.86,-0.044
2344,Finance & Accounting,Corporate,Senior Manager,7,North America,Female,Group B,25-34,1,0,93.8,0.9461,1,73.6,8.0,2.7,10.2,3.46,-0.0582
2345,Finance & Accounting,Corporate,Senior Manager,7,North America,Male,Group B,25-34,1,0,41.8,0.9442,1,57.2,6.7,0.0,38.4,-12.94,-0.0601
2489,Finance & Accounting,Corporate,Senior Manager,7,APAC,Non-binary,Group C,45-54,1,0,57.3,0.9422,3,85.2,5.7,32.7,13.1,15.06,-0.0621
2618,Finance & Accounting,Corporate,Senior Manager,7,North America,Non-binary,Group B,25-34,1,0,6.0,0.9937,2,89.7,9.8,30.9,6.0,19.56,-0.0106
2677,Finance & Accounting,Corporate,Senior Manager,7,EMEA,Male,Group B,35-44,0,1,12.3,0.9456,4,84.5,0.5,0.0,4.1,14.36,-0.0587
515,Finance & Accounting,Corporate,Director,8,APAC,Female,Group E,25-34,1,0,38.6,0.933,4,83.7,12.8,20.3,5.2,13.56,-0.0619
1155,Finance & Accounting,Corporate,Director,8,APAC,Male,Group C,45-54,1,0,21.7,0.9718,3,62.5,4.7,8.3,21.7,-7.64,-0.0231
1383,Finance & Accounting,Corporate,Director,8,APAC,Female,Group A,35-44,1,0,98.1,0.9912,2,94.4,19.3,13.9,8.7,24.26,-0.0037
1762,Finance & Accounting,Corporate,Director,8,EMEA,Male,Group D,45-54,1,0,87.5,1.113,3,76.9,5.8,15.1,0.9,6.76,0.1181
2047,Finance & Accounting,Corporate,Director,8,APAC,Male,Group B,35-44,1,0,23.9,1.0493,4,64.1,10.7,14.3,20.4,-6.04,0.0544
2782,Finance & Accounting,Corporate,Director,8,North America,Male,Group C,45-54,0,1,2.4,0.9792,3,65.2,11.8,4.4,9.7,-4.94,-0.0157
79,Human Resources,Corporate,Associate,1,North America,Female,Group A,25-34,1,0,10.2,0.9596,1,63.7,6.3,0.0,10.2,-5.95,-0.0366
215,Human Resources,Corporate,Associate,1,APAC,Female,Group B,25-34,0,1,0.6,0.9402,3,82.5,6.7,68.4,2.1,12.85,-0.056
290,Human Resources,Corporate,Associate,1,APAC,Male,Group D,25-34,0,1,9.5,0.9085,4,34.8,14.9,5.6,12.9,-34.85,-0.0877
373,Human Resources,Corporate,Associate,1,APAC,Male,Group D,25-34,1,0,18.5,1.1074,1,63.8,2.7,5.8,18.5,-5.85,0.1112
454,Human Resources,Corporate,Associate,1,APAC,Male,Group B,35-44,0,1,3.4,1.0345,3,77.2,7.4,5.9,8.3,7.55,0.0383
583,Human Resources,Corporate,Associate,1,North America,Male,Group A,35-44,0,1,11.1,1.0051,3,52.8,2.0,11.4,13.8,-16.85,0.0089
612,Human Resources,Corporate,Associate,1,APAC,Male,Group C,25-34,1,0,3.3,0.9473,3,77.9,8.8,10.2,3.3,8.25,-0.0489
676,Human Resources,Corporate,Associate,1,North America,Female,Group E,<25,1,0,16.8,0.9476,4,59.5,9.4,20.5,14.5,-10.15,-0.0486
682,Human Resources,Corporate,Associate,1,APAC,Female,Group B,25-34,1,0,6.7,0.9549,3,75.9,8.7,3.9,6.7,6.25,-0.0413
818,Human Resources,Corporate,Associate,1,EMEA,Male,Group D,35-44,0,1,1.9,1.0075,4,51.2,15.5,0.0,2.3,-18.45,0.0113
847,Human Resources,Corporate,Associate,1,North America,Female,Group B,35-44,1,0,1.6,0.9557,4,55.4,15.0,0.0,1.6,-14.25,-0.0405
947,Human Resources,Corporate,Associate,1,North America,Female,Group E,35-44,0,1,9.5,0.8575,3,55.9,1.4,0.0,3.1,-13.75,-0.1387
948,Human Resources,Corporate,Associate,1,North America,Male,Group B,25-34,1,0,11.0,1.1275,3,84.2,8.2,5.4,11.0,14.55,0.1313
1085,Human Resources,Corporate,Associate,1,North America,Female,Group A,35-44,1,0,11.7,1.0686,3,44.0,2.8,3.7,5.2,-25.65,0.0724
1126,Human Resources,Corporate,Associate,1,Latin America,Male,Group A,<25,1,0,0.8,0.9006,3,58.1,5.8,0.0,0.8,-11.55,-0.0956
1133,Human Resources,Corporate,Associate,1,APAC,Male,Group B,35-44,1,0,14.2,0.9881,4,51.9,6.0,33.4,11.8,-17.75,-0.0081
1176,Human Resources,Corporate,Associate,1,North America,Male,Group A,55+,1,0,23.8,1.0389,2,66.4,9.3,14.9,21.2,-3.25,0.0427
1183,Human Resources,Corporate,Associate,1,North America,Male,Group B,25-34,0,1,10.7,1.0989,1,84.9,1.4,0.0,14.3,15.25,0.1027
1246,Human Resources,Corporate,Associate,1,North America,Male,Group C,55+,1,0,19.8,0.9846,2,71.5,10.8,9.1,15.3,1.85,-0.0116
1315,Human Resources,Corporate,Associate,1,North America,Male,Group A,45-54,1,0,4.4,0.9155,3,62.5,6.9,10.4,4.4,-7.15,-0.0807
1440,Human Resources,Corporate,Associate,1,APAC,Male,Group A,45-54,1,0,4.7,1.008,3,53.2,5.2,8.4,4.7,-16.45,0.0118
1444,Human Resources,Corporate,Associate,1,North America,Male,Group B,35-44,1,0,17.5,1.0546,2,33.0,6.1,0.0,11.1,-36.65,0.0584
1511,Human Resources,Corporate,Associate,1,APAC,Female,Group D,35-44,0,1,1.1,1.0114,3,63.0,9.3,7.5,1.8,-6.65,0.0152
1560,Human Resources,Corporate,Associate,1,EMEA,Male,Group D,45-54,1,0,6.6,0.9574,3,55.7,5.0,0.0,6.6,-13.95,-0.0388
1588,Human Resources,Corporate,Associate,1,EMEA,Female,Group A,25-34,1,0,9.2,0.8963,4,85.7,9.9,0.0,9.2,16.05,-0.0999
1590,Human Resources,Corporate,Associate,1,North America,Female,Group D,25-34,1,0,1.6,1.0414,3,56.4,7.7,6.5,1.6,-13.25,0.0452
1738,Human Resources,Corporate,Associate,1,APAC,Male,Group A,25-34,0,1,14.4,1.047,3,66.6,5.5,11.2,17.5,-3.05,0.0508
1768,Human Resources,Corporate,Associate,1,North America,Male,Group A,25-34,0,1,0.3,1.1012,4,50.2,25.6,0.0,0.8,-19.45,0.105
1805,Human Resources,Corporate,Associate,1,North America,Male,Group D,<25,1,0,7.4,1.0236,5,83.4,8.6,0.0,6.5,13.75,0.0274
1846,Human Resources,Corporate,Associate,1,North America,Female,Group A,25-34,1,0,7.9,1.0535,4,88.8,6.5,15.6,5.3,19.15,0.0573
1961,Human Resources,Corporate,Associate,1,APAC,Female,Group A,<25,1,0,17.0,0.8554,3,73.5,37.5,0.0,11.6,3.85,-0.1408
1968,Human Resources,Corporate,Associate,1,North America,Male,Group D,35-44,1,0,7.5,0.9988,4,54.7,6.1,0.0,2.1,-14.95,0.0026
2136,Human Resources,Corporate,Associate,1,APAC,Female,Group B,45-54,1,0,17.6,1.0013,3,63.0,12.5,48.5,14.7,-6.65,0.0051
2140,Human Resources,Corporate,Associate,1,North America,Female,Group C,35-44,1,0,22.3,0.822,3,100.0,16.2,5.0,17.1,30.35,-0.1742
2251,Human Resources,Corporate,Associate,1,APAC,Non-binary,Group D,25-34,0,1,13.4,0.9893,2,86.9,1.6,35.5,14.5,17.25,-0.0069
2307,Human Resources,Corporate,Associate,1,APAC,Male,Group D,25-34,0,1,9.2,1.1406,3,66.2,0.6,0.0,18.5,-3.45,0.1444
2335,Human Resources,Corporate,Associate,1,North America,Male,Group D,25-34,1,0,8.0,0.9423,4,74.0,18.8,2.8,8.0,4.35,-0.0539
2352,Human Resources,Corporate,Associate,1,APAC,Male,Group B,<25,1,0,22.8,0.9829,3,82.2,10.6,14.1,16.2,12.55,-0.0133
2442,Human Resources,Corporate,Associate,1,APAC,Female,Group A,25-34,1,0,11.6,1.0676,2,64.9,6.5,2.2,11.6,-4.75,0.0714
2505,Human Resources,Corporate,Associate,1,APAC,Non-binary,Group C,45-54,1,0,6.8,0.99,4,83.6,4.2,0.0,6.8,13.95,-0.0062
2512,Human Resources,Corporate,Associate,1,APAC,Female,Group B,25-34,1,0,18.0,0.9416,4,63.6,10.2,32.1,13.3,-6.05,-0.0546
2597,Human Resources,Corporate,Associate,1,APAC,Male,Group D,25-34,1,0,19.2,0.8974,3,88.2,10.1,0.0,8.6,18.55,-0.0988
2685,Human Resources,Corporate,Associate,1,North America,Female,Group D,<25,1,0,12.6,0.9372,3,85.3,2.6,33.3,12.6,15.65,-0.059
25,Human Resources,Corporate,Analyst,2,APAC,Male,Group B,25-34,0,1,13.0,1.0213,2,69.3,14.2,30.2,10.6,-0.35,0.0348
51,Human Resources,Corporate,Analyst,2,North America,Male,Group A,<25,0,1,18.4,1.0326,4,91.5,9.4,7.1,31.7,21.85,0.0461
81,Human Resources,Corporate,Analyst,2,North America,Male,Group B,45-54,1,0,31.9,1.0277,3,79.8,4.1,2.7,6.2,10.15,0.0412
82,Human Resources,Corporate,Analyst,2,APAC,Female,Group B,35-44,1,0,21.1,1.0718,3,78.9,6.8,0.0,4.5,9.25,0.0853
142,Human Resources,Corporate,Analyst,2,EMEA,Male,Group E,25-34,1,0,3.4,0.9078,3,99.1,3.8,13.1,3.4,29.45,-0.0787
257,Human Resources,Corporate,Analyst,2,APAC,Non-binary,Group E,35-44,1,0,30.7,1.0293,3,100.0,14.6,9.4,9.6,30.35,0.0428
265,Human Resources,Corporate,Analyst,2,North America,Male,Group E,25-34,0,1,9.6,1.0563,4,74.7,7.4,0.0,4.3,5.05,0.0698
281,Human Resources,Corporate,Analyst,2,APAC,Non-binary,Group D,35-44,1,0,32.3,1.1129,4,68.5,3.6,10.1,12.5,-1.15,0.1264
316,Human Resources,Corporate,Analyst,2,APAC,Female,Group A,25-34,0,1,9.7,0.9652,3,69.9,27.6,0.0,10.1,0.25,-0.0213
386,Human Resources,Corporate,Analyst,2,North America,Female,Group D,<25,1,0,19.0,0.8514,5,64.2,4.9,12.1,19.0,-5.45,-0.1351
407,Human Resources,Corporate,Analyst,2,EMEA,Female,Group B,45-54,1,0,31.8,1.0013,2,37.2,10.6,10.8,17.4,-32.45,0.0148
462,Human Resources,Corporate,Analyst,2,EMEA,Male,Group B,35-44,1,0,30.9,0.998,5,53.9,7.5,19.3,3.5,-15.75,0.0115
529,Human Resources,Corporate,Analyst,2,Latin America,Male,Group C,45-54,1,0,26.7,0.8943,2,65.2,7.5,9.7,25.9,-4.45,-0.0922
669,Human Resources,Corporate,Analyst,2,APAC,Female,Group C,55+,1,0,17.6,0.977,3,84.2,9.6,0.0,15.8,14.55,-0.0095
718,Human Resources,Corporate,Analyst,2,EMEA,Female,Group A,25-34,1,0,27.4,1.0443,4,70.3,21.6,8.0,17.3,0.65,0.0578
761,Human Resources,Corporate,Analyst,2,North America,Male,Group B,35-44,1,0,2.6,0.997,4,56.5,3.0,13.9,2.6,-13.15,0.0105
799,Human Resources,Corporate,Analyst,2,APAC,Female,Group B,25-34,1,0,6.1,1.0136,3,80.9,1.6,43.3,6.1,11.25,0.0271
807,Human Resources,Corporate,Analyst,2,APAC,Male,Group A,<25,0,1,16.3,0.9169,3,46.8,2.4,5.6,4.1,-22.85,-0.0696
888,Human Resources,Corporate,Analyst,2,North America,Female,Group C,45-54,0,1,27.1,0.9648,1,55.2,8.3,0.0,17.7,-14.45,-0.0217
914,Human Resources,Corporate,Analyst,2,APAC,Male,Group C,25-34,0,1,3.4,0.9718,4,91.1,1.5,19.6,3.4,21.45,-0.0147
942,Human Resources,Corporate,Analyst,2,North America,Male,Group A,55+,1,0,0.6,1.0149,3,81.7,1.6,5.2,0.6,12.05,0.0284
1039,Human Resources,Corporate,Analyst,2,APAC,Male,Group D,35-44,1,0,6.5,0.9718,2,45.3,2.0,9.5,6.5,-24.35,-0.0147
1080,Human Resources,Corporate,Analyst,2,APAC,Male,Group D,<25,0,1,12.7,0.8716,3,90.1,17.6,26.4,13.0,20.45,-0.1149
1125,Human Resources,Corporate,Analyst,2,North America,Female,Group A,35-44,1,0,27.0,1.1144,3,100.0,6.1,3.9,6.1,30.35,0.1279
1130,Human Resources,Corporate,Analyst,2,North America,Male,Group B,25-34,0,1,3.7,1.074,1,25.0,4.3,11.6,11.9,-44.65,0.0875
1269,Human Resources,Corporate,Analyst,2,APAC,Male,Group C,35-44,0,1,21.0,1.0438,1,55.1,1.7,2.8,3.2,-14.55,0.0573
1292,Human Resources,Corporate,Analyst,2,North America,Male,Group C,25-34,1,0,22.9,1.2007,4,71.4,3.7,13.4,9.1,1.75,0.2142
1352,Human Resources,Corporate,Analyst,2,EMEA,Male,Group E,35-44,0,1,7.1,0.9453,3,67.3,2.0,0.0,21.2,-2.35,-0.0412
1495,Human Resources,Corporate,Analyst,2,EMEA,Male,Group B,45-54,1,0,34.6,0.9605,2,64.1,4.9,16.3,1.1,-5.55,-0.026
1646,Human Resources,Corporate,Analyst,2,North America,Female,Group A,45-54,1,0,17.0,0.9592,3,55.1,6.1,0.0,17.0,-14.55,-0.0273
1758,Human Resources,Corporate,Analyst,2,APAC,Female,Group C,25-34,0,1,4.2,1.1024,2,76.6,6.4,11.2,13.1,6.95,0.1159
1945,Human Resources,Corporate,Analyst,2,APAC,Male,Group B,25-34,0,1,6.5,1.0031,2,55.3,10.7,4.4,7.8,-14.35,0.0166
1953,Human Resources,Corporate,Analyst,2,North America,Male,Group E,<25,1,0,27.0,0.95,2,70.5,1.7,32.6,24.8,0.85,-0.0365
1969,Human Resources,Corporate,Analyst,2,EMEA,Male,Group B,25-34,1,0,2.8,1.0408,3,67.1,11.5,9.6,2.8,-2.55,0.0543
1981,Human Resources,Corporate,Analyst,2,Latin America,Female,Group C,25-34,1,0,24.3,1.0717,3,91.3,2.1,0.2,5.5,21.65,0.0852
2056,Human Resources,Corporate,Analyst,2,EMEA,Female,Group B,25-34,1,0,17.8,1.0722,5,67.7,0.9,9.6,15.7,-1.95,0.0857
2103,Human Resources,Corporate,Analyst,2,Latin America,Female,Group D,45-54,0,1,11.6,1.0384,4,57.2,9.1,18.1,33.1,-12.45,0.0519
2111,Human Resources,Corporate,Analyst,2,EMEA,Female,Group A,55+,1,0,4.3,1.0146,5,69.0,10.0,12.3,4.3,-0.65,0.0281
2178,Human Resources,Corporate,Analyst,2,North America,Male,Group A,45-54,1,0,3.3,1.1001,5,70.8,19.2,72.7,3.3,1.15,0.1136
2244,Human Resources,Corporate,Analyst,2,North America,Male,Group B,25-34,1,0,34.0,1.0359,3,60.8,5.6,0.0,9.7,-8.85,0.0494
2261,Human Resources,Corporate,Analyst,2,EMEA,Male,Group C,35-44,1,0,20.2,0.9321,4,76.7,4.4,29.8,4.5,7.05,-0.0544
2340,Human Resources,Corporate,Analyst,2,EMEA,Male,Group D,25-34,1,0,19.9,1.0478,3,43.7,1.0,8.2,12.8,-25.95,0.0613
2342,Human Resources,Corporate,Analyst,2,APAC,Female,Group E,35-44,1,0,27.4,1.024,3,59.0,9.8,0.0,25.9,-10.65,0.0375
2423,Human Resources,Corporate,Analyst,2,APAC,Female,Group D,35-44,1,0,27.8,0.9263,2,76.1,0.6,9.9,5.4,6.45,-0.0602
2446,Human Resources,Corporate,Analyst,2,North America,Female,Group D,35-44,1,0,10.2,1.0606,4,27.7,4.2,9.7,10.2,-41.95,0.0741
2454,Human Resources,Corporate,Analyst,2,North America,Female,Group C,25-34,0,1,1.3,1.0424,3,55.4,20.7,7.5,4.5,-14.25,0.0559
2502,Human Resources,Corporate,Analyst,2,North America,Female,Group C,35-44,1,0,2.0,0.8591,2,73.1,3.6,0.0,2.0,3.45,-0.1274
2556,Human Resources,Corporate,Analyst,2,North America,Male,Group C,55+,1,0,12.4,0.8591,3,74.7,4.7,0.0,5.2,5.05,-0.1274
2609,Human Resources,Corporate,Analyst,2,North America,Male,Group C,35-44,0,1,25.0,1.0973,2,87.8,12.4,28.5,18.7,18.15,0.1108
2760,Human Resources,Corporate,Analyst,2,North America,Female,Group A,25-34,1,0,20.4,0.9005,5,67.8,14.2,3.8,14.5,-1.85,-0.086
57,Human Resources,Corporate,Specialist,3,EMEA,Male,Group C,35-44,1,0,30.7,1.0402,2,82.7,2.5,8.1,0.8,13.05,0.0473
62,Human Resources,Corporate,Senior Analyst,3,North America,Male,Group A,35-44,1,0,22.7,1.0769,2,54.3,3.1,10.3,5.0,-15.35,0.084
78,Human Resources,Corporate,Specialist,3,North America,Male,Group A,35-44,1,0,34.6,0.8723,2,61.3,14.6,0.0,14.9,-8.35,-0.1206
98,Human Resources,Corporate,Specialist,3,North America,Female,Group C,55+,0,1,6.4,0.9388,2,61.9,11.8,36.8,7.9,-7.75,-0.0541
118,Human Resources,Corporate,Senior Analyst,3,APAC,Male,Group D,<25,1,0,47.7,1.0639,2,67.0,17.2,0.0,11.6,-2.65,0.071
202,Human Resources,Corporate,Senior Analyst,3,North America,Female,Group E,25-34,1,0,38.6,0.9567,3,64.4,4.7,0.0,24.0,-5.25,-0.0362
266,Human Resources,Corporate,Senior Analyst,3,North America,Female,Group B,25-34,1,0,6.4,1.0627,2,48.0,3.6,0.0,6.4,-21.65,0.0698
332,Human Resources,Corporate,Specialist,3,North America,Male,Group B,35-44,1,0,37.0,0.894,4,60.6,18.2,13.6,5.1,-9.05,-0.0989
388,Human Resources,Corporate,Senior Analyst,3,APAC,Female,Group A,45-54,1,0,28.0,0.8762,3,49.7,3.7,15.1,28.0,-19.95,-0.1167
397,Human Resources,Corporate,Senior Analyst,3,North America,Male,Group B,55+,0,1,30.9,1.136,3,84.9,19.1,17.8,10.8,15.25,0.1431
458,Human Resources,Corporate,Specialist,3,North America,Female,Group D,35-44,1,0,30.4,0.9769,2,57.4,4.5,4.7,19.1,-12.25,-0.016
476,Human Resources,Corporate,Specialist,3,APAC,Male,Group B,35-44,1,0,1.2,0.9039,4,88.1,5.4,10.2,1.2,18.45,-0.089
490,Human Resources,Corporate,Senior Analyst,3,APAC,Male,Group C,35-44,0,1,19.0,1.0135,1,70.1,3.5,3.5,18.3,0.45,0.0206
534,Human Resources,Corporate,Senior Analyst,3,APAC,Male,Group A,35-44,1,0,29.5,1.1472,5,67.8,6.4,0.0,29.5,-1.85,0.1543
548,Human Resources,Corporate,Senior Analyst,3,EMEA,Male,Group D,25-34,1,0,42.3,0.9146,2,40.3,7.8,5.7,19.5,-29.35,-0.0783
582,Human Resources,Corporate,Specialist,3,APAC,Male,Group D,25-34,0,1,18.8,1.0434,1,66.3,10.1,0.0,6.9,-3.35,0.0505
585,Human Resources,Corporate,Senior Analyst,3,North America,Female,Group D,25-34,0,1,8.3,0.7592,4,81.1,11.3,10.3,26.9,11.45,-0.2337
679,Human Resources,Corporate,Specialist,3,EMEA,Female,Group B,45-54,1,0,10.2,1.1108,3,77.6,9.3,4.5,10.2,7.95,0.1179
706,Human Resources,Corporate,Specialist,3,Latin America,Male,Group D,<25,1,0,21.1,0.9607,3,66.0,7.0,12.1,21.1,-3.65,-0.0322
748,Human Resources,Corporate,Senior Analyst,3,APAC,Non-binary,Group A,25-34,1,0,47.1,0.8356,3,69.7,4.8,0.3,6.1,0.05,-0.1573
854,Human Resources,Corporate,Senior Analyst,3,APAC,Male,Group C,25-34,1,0,32.5,0.963,4,53.9,18.3,24.3,16.7,-15.75,-0.0299
1003,Human Resources,Corporate,Specialist,3,North America,Male,Group A,25-34,1,0,42.4,0.9885,3,64.2,8.3,31.4,12.6,-5.45,-0.0044
1005,Human Resources,Corporate,Specialist,3,North America,Female,Group E,25-34,0,1,9.0,1.0239,3,54.7,3.6,19.0,4.5,-14.95,0.031
1024,Human Resources,Corporate,Senior Analyst,3,EMEA,Male,Group A,45-54,1,0,43.9,0.9968,3,92.8,8.1,28.9,11.5,23.15,0.0039
1050,Human Resources,Corporate,Senior Analyst,3,Latin America,Male,Group C,35-44,1,0,23.6,0.8596,3,92.4,3.7,0.0,15.2,22.75,-0.1333
1079,Human Resources,Corporate,Specialist,3,APAC,Male,Group A,<25,1,0,48.8,0.9714,3,71.9,7.6,0.0,12.3,2.25,-0.0215
1117,Human Resources,Corporate,Senior Analyst,3,APAC,Male,Group B,35-44,1,0,10.6,0.9033,5,68.7,8.0,10.9,10.6,-0.95,-0.0896
1215,Human Resources,Corporate,Specialist,3,North America,Female,Group A,35-44,0,1,10.1,0.8007,4,94.0,3.0,8.4,14.0,24.35,-0.1922
1230,Human Resources,Corporate,Specialist,3,APAC,Male,Group B,35-44,0,1,3.6,0.9882,4,100.0,2.5,8.3,7.1,30.35,-0.0047
1250,Human Resources,Corporate,Senior Analyst,3,North America,Female,Group C,55+,1,0,46.5,1.0565,2,47.9,15.9,0.0,35.0,-21.75,0.0636
1294,Human Resources,Corporate,Specialist,3,APAC,Male,Group B,35-44,1,0,13.6,0.9336,3,79.0,4.8,0.0,13.6,9.35,-0.0593
1408,Human Resources,Corporate,Specialist,3,North America,Male,Group A,45-54,0,1,9.0,0.9315,4,47.0,8.0,21.8,4.5,-22.65,-0.0614
1415,Human Resources,Corporate,Senior Analyst,3,North America,Female,Group E,35-44,1,0,34.6,1.0444,2,96.5,4.1,21.7,16.8,26.85,0.0515
1515,Human Resources,Corporate,Senior Analyst,3,North America,Male,Group D,35-44,1,0,3.2,1.0317,3,65.9,6.2,13.5,3.2,-3.75,0.0388
1579,Human Resources,Corporate,Specialist,3,North America,Female,Group E,45-54,1,0,39.3,1.0596,3,69.4,5.5,11.7,5.7,-0.25,0.0667
1701,Human Resources,Corporate,Specialist,3,APAC,Female,Group A,35-44,0,1,38.7,1.0471,5,68.0,2.7,15.7,16.0,-1.65,0.0542
1715,Human Resources,Corporate,Specialist,3,North America,Male,Group B,35-44,1,0,19.8,0.9411,2,77.0,16.3,5.8,19.8,7.35,-0.0518
1799,Human Resources,Corporate,Senior Analyst,3,APAC,Male,Group A,45-54,0,1,1.4,1.1354,3,66.3,1.4,16.0,8.0,-3.35,0.1425
1801,Human Resources,Corporate,Specialist,3,APAC,Non-binary,Group A,25-34,1,0,12.3,1.0027,2,82.1,3.4,21.7,2.9,12.45,0.0098
1808,Human Resources,Corporate,Senior Analyst,3,North America,Female,Group C,25-34,0,1,14.9,0.8262,4,67.6,5.0,3.0,21.2,-2.05,-0.1667
1817,Human Resources,Corporate,Specialist,3,APAC,Male,Group A,55+,0,1,17.7,0.8074,3,83.1,3.4,10.3,14.2,13.45,-0.1855
1838,Human Resources,Corporate,Specialist,3,APAC,Male,Group D,55+,1,0,39.0,0.9504,4,66.0,14.9,0.0,15.0,-3.65,-0.0425
1850,Human Resources,Corporate,Senior Analyst,3,North America,Male,Group C,25-34,0,1,14.2,1.0987,3,67.7,2.0,17.1,9.5,-1.95,0.1058
1999,Human Resources,Corporate,Specialist,3,North America,Female,Group D,25-34,1,0,25.2,1.0061,4,47.6,8.6,11.0,18.5,-22.05,0.0132
2008,Human Resources,Corporate,Senior Analyst,3,APAC,Male,Group A,25-34,1,0,13.3,1.0573,2,81.5,8.1,0.0,8.9,11.85,0.0644
2038,Human Resources,Corporate,Senior Analyst,3,APAC,Non-binary,Group A,45-54,1,0,26.3,0.8999,2,77.1,5.9,2.8,11.3,7.45,-0.093
2130,Human Resources,Corporate,Specialist,3,APAC,Male,Group B,55+,1,0,24.4,1.0892,3,69.1,4.5,0.0,19.0,-0.55,0.0963
2257,Human Resources,Corporate,Specialist,3,North America,Male,Group A,35-44,1,0,11.7,0.9889,3,74.0,9.9,24.4,8.0,4.35,-0.004
2295,Human Resources,Corporate,Senior Analyst,3,APAC,Male,Group A,35-44,0,1,2.2,1.005,3,57.9,9.8,0.0,0.6,-11.75,0.0121
2326,Human Resources,Corporate,Specialist,3,North America,Male,Group B,25-34,1,0,38.7,0.9687,2,76.0,3.7,0.0,6.8,6.35,-0.0242
2383,Human Resources,Corporate,Senior Analyst,3,APAC,Non-binary,Group D,<25,1,0,21.1,0.9041,2,92.8,8.0,4.3,17.6,23.15,-0.0888
2403,Human Resources,Corporate,Senior Analyst,3,North America,Male,Group A,35-44,1,0,29.8,0.795,3,36.3,2.8,9.8,12.2,-33.35,-0.1979
2509,Human Resources,Corporate,Specialist,3,APAC,Female,Group B,25-34,0,1,6.2,0.9966,3,60.1,6.1,11.6,21.3,-9.55,0.0037
2522,Human Resources,Corporate,Specialist,3,EMEA,Male,Group E,25-34,1,0,25.8,1.1466,3,65.1,3.6,0.0,11.5,-4.55,0.1537
2525,Human Resources,Corporate,Specialist,3,EMEA,Female,Group E,45-54,1,0,3.0,1.0545,3,70.6,8.8,4.4,2.9,0.95,0.0616
2547,Human Resources,Corporate,Senior Analyst,3,North America,Male,Group A,<25,0,1,25.5,0.9411,4,83.5,11.2,15.9,33.0,13.85,-0.0518
2552,Human Resources,Corporate,Senior Analyst,3,APAC,Female,Group D,35-44,0,1,36.3,1.0388,3,74.9,11.9,4.3,5.7,5.25,0.0459
2570,Human Resources,Corporate,Specialist,3,North America,Non-binary,Group B,35-44,1,0,45.4,0.9504,4,37.6,8.9,0.0,34.0,-32.05,-0.0425
2617,Human Resources,Corporate,Senior Analyst,3,APAC,Female,Group C,25-34,0,1,3.0,0.9462,3,61.6,6.4,0.8,10.1,-8.05,-0.0467
2628,Human Resources,Corporate,Senior Analyst,3,EMEA,Male,Group C,45-54,1,0,21.5,1.1916,4,59.6,7.3,3.2,10.1,-10.05,0.1987
2651,Human Resources,Corporate,Senior Analyst,3,EMEA,Female,Group D,55+,0,1,3.1,0.9469,3,91.1,5.6,11.6,11.8,21.45,-0.046
2652,Human Resources,Corporate,Senior Analyst,3,North America,Female,Group C,25-34,0,1,22.9,0.9008,2,66.5,1.5,24.2,12.8,-3.15,-0.0921
2668,Human Resources,Corporate,Senior Analyst,3,North America,Male,Group A,35-44,1,0,30.9,0.9641,4,90.2,0.2,0.0,6.2,20.55,-0.0288
2787,Human Resources,Corporate,Senior Analyst,3,North America,Male,Group D,25-34,0,1,12.9,1.0217,2,40.2,5.1,0.0,28.0,-29.45,0.0288
112,Human Resources,Corporate,Senior Specialist,4,EMEA,Female,Group E,25-34,1,0,60.1,0.9295,2,50.8,3.5,4.5,24.1,-18.85,-0.0604
200,Human Resources,Corporate,Senior Specialist,4,Latin America,Male,Group A,25-34,1,0,21.1,1.0105,2,53.4,11.8,25.1,13.7,-16.25,0.0206
313,Human Resources,Corporate,Senior Specialist,4,EMEA,Male,Group A,25-34,1,0,53.8,1.0187,2,73.4,2.5,13.3,5.5,3.75,0.0288
380,Human Resources,Corporate,Senior Specialist,4,APAC,Male,Group B,25-34,1,0,46.5,1.0662,4,78.2,15.6,1.5,32.9,8.55,0.0763
590,Human Resources,Corporate,Senior Specialist,4,Latin America,Female,Group A,25-34,1,0,20.2,1.0353,3,71.4,3.3,10.6,13.3,1.75,0.0454
623,Human Resources,Corporate,Senior Specialist,4,North America,Male,Group A,25-34,1,0,26.1,0.9472,3,84.3,5.7,7.6,26.1,14.65,-0.0427
716,Human Resources,Corporate,Senior Specialist,4,EMEA,Female,Group D,35-44,1,0,52.7,1.0271,5,75.5,10.9,48.8,28.9,5.85,0.0372
1052,Human Resources,Corporate,Senior Specialist,4,North America,Male,Group A,25-34,1,0,27.2,0.8517,4,58.2,5.8,0.0,10.7,-11.45,-0.1382
1146,Human Resources,Corporate,Senior Specialist,4,APAC,Male,Group A,25-34,0,1,45.0,1.0732,3,75.2,13.1,10.8,4.4,5.55,0.0833
1157,Human Resources,Corporate,Senior Specialist,4,APAC,Male,Group A,25-34,1,0,58.6,1.0415,1,71.5,10.3,0.0,31.3,1.85,0.0516
1227,Human Resources,Corporate,Senior Specialist,4,North America,Male,Group B,25-34,1,0,55.4,1.0459,4,57.9,16.5,32.5,6.9,-11.75,0.056
1321,Human Resources,Corporate,Senior Specialist,4,EMEA,Female,Group D,25-34,1,0,58.1,0.9944,4,70.1,16.3,9.2,7.6,0.45,0.0045
1322,Human Resources,Corporate,Senior Specialist,4,EMEA,Female,Group E,<25,1,0,53.0,0.9763,5,67.5,3.7,31.8,31.3,-2.15,-0.0136
1369,Human Resources,Corporate,Senior Specialist,4,EMEA,Male,Group C,25-34,1,0,45.6,0.8363,3,56.7,7.0,7.7,2.9,-12.95,-0.1536
1712,Human Resources,Corporate,Senior Specialist,4,Latin America,Female,Group B,45-54,1,0,22.2,1.0553,4,89.0,8.2,4.5,14.3,19.35,0.0654
2032,Human Resources,Corporate,Senior Specialist,4,North America,Female,Group C,35-44,1,0,37.5,0.8629,2,77.2,1.5,6.7,5.7,7.55,-0.127
2064,Human Resources,Corporate,Senior Specialist,4,North America,Male,Group B,55+,1,0,32.8,0.9475,3,58.6,9.5,0.0,2.2,-11.05,-0.0424
2143,Human Resources,Corporate,Senior Specialist,4,North America,Female,Group D,25-34,1,0,41.9,1.0194,2,91.8,1.9,6.0,16.6,22.15,0.0295
2346,Human Resources,Corporate,Senior Specialist,4,APAC,Male,Group B,45-54,1,0,50.4,1.0998,3,70.2,1.4,11.0,7.3,0.55,0.1099
2493,Human Resources,Corporate,Senior Specialist,4,APAC,Male,Group C,<25,1,0,17.4,0.9641,4,32.5,15.4,6.3,9.8,-37.15,-0.0258
2497,Human Resources,Corporate,Senior Specialist,4,Latin America,Male,Group A,25-34,1,0,40.3,1.0503,3,68.9,1.1,4.4,2.4,-0.75,0.0604
2528,Human Resources,Corporate,Senior Specialist,4,North America,Female,Group C,35-44,1,0,26.0,0.9794,4,68.5,3.7,13.8,4.5,-1.15,-0.0105
2730,Human Resources,Corporate,Senior Specialist,4,APAC,Female,Group C,55+,0,1,45.4,1.0028,4,98.1,7.7,7.7,41.9,28.45,0.0129
2794,Human Resources,Corporate,Senior Specialist,4,APAC,Female,Group C,<25,1,0,42.1,1.0697,4,75.0,12.8,13.7,27.4,5.35,0.0798
126,Human Resources,Corporate,Lead,5,Latin America,Male,Group D,25-34,1,0,35.2,0.9901,5,72.3,2.9,9.1,8.6,2.65,-0.0017
212,Human Resources,Corporate,Lead,5,North America,Female,Group E,25-34,1,0,66.0,0.9665,3,54.6,4.8,8.3,11.2,-15.05,-0.0253
263,Human Resources,Corporate,Lead,5,EMEA,Male,Group E,45-54,1,0,69.9,1.0243,3,71.6,8.9,7.2,16.3,1.95,0.0325
276,Human Resources,Corporate,Lead,5,EMEA,Female,Group A,<25,1,0,52.1,0.981,2,98.2,8.6,31.1,4.8,28.55,-0.0108
303,Human Resources,Corporate,Lead,5,APAC,Female,Group A,25-34,1,0,65.9,0.9001,4,64.1,3.4,45.8,13.0,-5.55,-0.0917
384,Human Resources,Corporate,Lead,5,North America,Male,Group A,<25,1,0,54.3,1.0233,3,71.1,3.6,0.0,9.4,1.45,0.0315
430,Human Resources,Corporate,Lead,5,North America,Female,Group D,45-54,1,0,36.8,0.9138,3,62.6,2.8,17.4,12.1,-7.05,-0.078
431,Human Resources,Corporate,Lead,5,North America,Male,Group B,55+,1,0,46.8,0.9979,3,95.3,10.7,11.9,10.4,25.65,0.0061
574,Human Resources,Corporate,Lead,5,EMEA,Female,Group B,35-44,1,0,38.3,1.022,3,51.7,0.6,12.7,22.5,-17.95,0.0302
606,Human Resources,Corporate,Lead,5,North America,Male,Group C,35-44,1,0,16.1,0.922,4,72.9,4.7,10.3,9.5,3.25,-0.0698
667,Human Resources,Corporate,Lead,5,North America,Female,Group D,<25,1,0,28.7,1.0489,2,59.9,3.3,30.6,10.3,-9.75,0.0571
1042,Human Resources,Corporate,Lead,5,North America,Male,Group C,25-34,1,0,51.1,1.0042,2,79.9,9.2,0.0,16.6,10.25,0.0124
1072,Human Resources,Corporate,Lead,5,EMEA,Male,Group E,45-54,1,0,24.4,1.0457,3,82.6,2.8,0.0,7.2,12.95,0.0539
1090,Human Resources,Corporate,Lead,5,APAC,Male,Group C,25-34,1,0,32.0,1.0637,4,49.3,9.1,4.3,12.1,-20.35,0.0719
1167,Human Resources,Corporate,Lead,5,North America,Male,Group D,25-34,0,1,35.0,1.005,2,77.6,11.1,0.0,21.2,7.95,0.0132
1289,Human Resources,Corporate,Lead,5,APAC,Female,Group A,45-54,1,0,16.3,0.9951,2,79.8,5.2,0.0,1.6,10.15,0.0033
1339,Human Resources,Corporate,Lead,5,APAC,Female,Group A,45-54,0,1,5.7,0.8569,3,57.5,8.6,7.6,18.1,-12.15,-0.1349
1403,Human Resources,Corporate,Lead,5,EMEA,Male,Group B,25-34,0,1,2.5,1.1109,2,68.8,3.5,33.3,3.8,-0.85,0.1191
1539,Human Resources,Corporate,Lead,5,Latin America,Male,Group A,35-44,1,0,40.5,1.0335,4,85.5,4.9,0.0,40.5,15.85,0.0417
1617,Human Resources,Corporate,Lead,5,North America,Male,Group B,35-44,1,0,48.6,0.9644,4,82.0,8.7,10.6,7.8,12.35,-0.0274
1741,Human Resources,Corporate,Lead,5,North America,Male,Group A,<25,1,0,52.3,1.1281,2,91.5,1.0,8.1,3.3,21.85,0.1363
1848,Human Resources,Corporate,Lead,5,APAC,Male,Group E,<25,1,0,37.6,0.9981,5,76.5,2.5,8.1,10.6,6.85,0.0063
1856,Human Resources,Corporate,Lead,5,APAC,Female,Group A,35-44,1,0,19.5,0.9102,2,77.3,6.8,47.9,19.5,7.65,-0.0816
1863,Human Resources,Corporate,Lead,5,North America,Female,Group A,35-44,1,0,2.3,1.0308,3,62.9,3.2,0.0,2.3,-6.75,0.039
1884,Human Resources,Corporate,Lead,5,North America,Male,Group A,25-34,0,1,1.3,1.0305,2,51.6,7.6,19.0,5.5,-18.05,0.0387
1914,Human Resources,Corporate,Lead,5,EMEA,Female,Group A,25-34,1,0,51.1,0.9458,3,82.7,5.6,30.9,6.0,13.05,-0.046
2303,Human Resources,Corporate,Lead,5,North America,Female,Group E,55+,1,0,56.7,1.1212,4,71.7,5.2,11.8,9.8,2.05,0.1294
2475,Human Resources,Corporate,Lead,5,Latin America,Male,Group B,35-44,1,0,31.3,1.1162,3,63.5,2.6,7.6,12.1,-6.15,0.1244
2513,Human Resources,Corporate,Lead,5,EMEA,Female,Group B,35-44,1,0,2.5,0.902,5,55.3,1.6,12.4,2.5,-14.35,-0.0898
2581,Human Resources,Corporate,Lead,5,North America,Non-binary,Group C,45-54,1,0,39.9,0.959,4,67.2,6.6,0.0,34.5,-2.45,-0.0328
2635,Human Resources,Corporate,Lead,5,North America,Female,Group A,25-34,1,0,5.8,0.9754,3,57.1,16.7,8.3,0.9,-12.55,-0.0164
2734,Human Resources,Corporate,Lead,5,North America,Female,Group B,45-54,1,0,34.1,0.905,4,95.5,1.8,0.0,9.9,25.85,-0.0868
2781,Human Resources,Corporate,Lead,5,APAC,Male,Group A,45-54,0,1,4.3,0.8361,4,78.0,11.0,9.4,9.2,8.35,-0.1557
240,Human Resources,Corporate,Manager,6,EMEA,Female,Group A,25-34,0,1,64.7,1.0502,3,76.0,12.5,15.5,5.6,6.35,0.0576
749,Human Resources,Corporate,Manager,6,North America,Male,Group A,35-44,1,0,54.0,1.1512,2,58.3,0.8,0.0,16.0,-11.35,0.1586
845,Human Resources,Corporate,Manager,6,North America,Male,Group B,25-34,0,1,13.2,1.1092,3,77.3,1.4,12.8,4.1,7.65,0.1166
917,Human Resources,Corporate,Manager,6,North America,Male,Group B,35-44,1,0,34.9,1.0433,2,95.7,2.3,0.0,11.3,26.05,0.0507
1019,Human Resources,Corporate,Manager,6,North America,Female,Group D,35-44,1,0,86.2,1.0908,3,68.1,0.7,11.6,6.9,-1.55,0.0982
1225,Human Resources,Corporate,Manager,6,North America,Male,Group C,<25,1,0,10.8,1.0441,3,96.3,3.1,0.0,9.4,26.65,0.0515
1363,Human Resources,Corporate,Manager,6,EMEA,Male,Group A,<25,1,0,60.1,0.8619,3,82.3,1.7,4.2,12.9,12.65,-0.1307
1483,Human Resources,Corporate,Manager,6,North America,Female,Group D,25-34,1,0,24.1,1.0039,4,94.5,6.0,0.0,23.9,24.85,0.0113
1510,Human Resources,Corporate,Manager,6,APAC,Female,Group A,35-44,0,1,2.9,0.9252,3,83.9,2.8,7.8,18.4,14.25,-0.0674
1549,Human Resources,Corporate,Manager,6,North America,Female,Group D,25-34,1,0,47.9,0.8719,5,80.2,11.7,0.0,7.0,10.55,-0.1207
1639,Human Resources,Corporate,Manager,6,Latin America,Male,Group E,45-54,1,0,79.2,1.0924,3,73.1,0.8,15.5,2.8,3.45,0.0998
1755,Human Resources,Corporate,Manager,6,North America,Male,Group B,25-34,1,0,60.9,1.095,4,62.4,8.8,6.9,11.0,-7.25,0.1024
1777,Human Resources,Corporate,Manager,6,EMEA,Female,Group C,25-34,1,0,60.6,0.9277,4,100.0,3.9,0.0,9.0,30.35,-0.0649
2450,Human Resources,Corporate,Manager,6,APAC,Male,Group B,45-54,1,0,38.1,0.9713,5,51.5,5.8,38.0,17.5,-18.15,-0.0213
2632,Human Resources,Corporate,Manager,6,APAC,Male,Group A,25-34,1,0,84.9,0.9442,2,70.6,14.6,38.1,11.7,0.95,-0.0484
2728,Human Resources,Corporate,Manager,6,Latin America,Female,Group B,25-34,1,0,15.9,0.9155,3,91.9,9.4,1.0,15.9,22.25,-0.0771
2729,Human Resources,Corporate,Manager,6,North America,Male,Group A,45-54,1,0,74.0,0.9348,4,54.9,23.8,10.2,20.5,-14.75,-0.0578
528,Human Resources,Corporate,Senior Manager,7,North America,Male,Group C,45-54,1,0,7.3,1.0357,2,81.5,5.8,3.9,7.3,11.85,0.0314
1177,Human Resources,Corporate,Senior Manager,7,EMEA,Male,Group E,25-34,1,0,33.6,1.1076,3,36.6,2.0,19.2,27.4,-33.05,0.1033
1337,Human Resources,Corporate,Senior Manager,7,North America,Male,Group D,35-44,1,0,55.4,1.0305,2,67.9,1.6,0.0,13.6,-1.75,0.0262
1843,Human Resources,Corporate,Senior Manager,7,North America,Male,Group C,35-44,1,0,78.1,0.9427,3,85.1,6.9,0.0,16.0,15.45,-0.0616
2227,Human Resources,Corporate,Senior Manager,7,North America,Male,Group C,25-34,0,1,16.5,1.036,1,65.6,2.4,6.7,7.2,-4.05,0.0317
2684,Human Resources,Corporate,Senior Manager,7,APAC,Male,Group C,45-54,1,0,75.4,0.9948,1,74.0,9.7,12.4,28.2,4.35,-0.0095
334,Human Resources,Corporate,Director,8,North America,Female,Group B,35-44,1,0,30.1,0.9144,3,58.7,1.4,13.8,11.6,-10.95,-0.0805
473,Human Resources,Corporate,Director,8,APAC,Male,Group D,35-44,1,0,28.1,0.9655,3,85.4,7.5,8.8,18.7,15.75,-0.0294
1673,Human Resources,Corporate,Director,8,North America,Female,Group A,35-44,0,1,15.7,0.781,3,82.3,4.4,11.8,3.2,12.65,-0.2139
1874,Human Resources,Corporate,Director,8,Latin America,Male,Group A,45-54,1,0,68.6,0.9164,5,57.7,4.0,10.6,11.9,-11.95,-0.0785
1934,Human Resources,Corporate,Director,8,North America,Male,Group B,35-44,1,0,63.2,1.0669,3,73.7,22.1,0.0,5.2,4.05,0.072
2159,Human Resources,Corporate,Director,8,North America,Female,Group A,35-44,1,0,96.4,0.9505,3,73.1,3.2,18.8,9.6,3.45,-0.0444
2310,Human Resources,Corporate,Director,8,APAC,Female,Group C,55+,1,0,40.8,1.1005,5,69.4,11.0,0.0,6.7,-0.25,0.1056
67,IT Operations,Technology,Associate,1,North America,Female,Group C,25-34,1,0,22.6,1.0075,3,91.2,12.1,1.4,3.7,20.37,0.0113
76,IT Operations,Technology,Associate,1,APAC,Male,Group A,55+,1,0,21.3,1.017,2,62.9,4.4,19.0,15.1,-7.93,0.0208
110,IT Operations,Technology,Associate,1,Latin America,Male,Group B,35-44,1,0,19.5,0.9991,4,76.3,4.0,28.7,14.1,5.47,0.0029
351,IT Operations,Technology,Associate,1,APAC,Female,Group A,35-44,1,0,5.8,1.0399,3,86.7,12.3,0.0,5.8,15.87,0.0437
480,IT Operations,Technology,Associate,1,North America,Female,Group E,35-44,1,0,11.6,1.055,3,71.3,8.8,22.0,7.8,0.47,0.0588
796,IT Operations,Technology,Associate,1,APAC,Female,Group E,35-44,1,0,7.1,0.9188,4,88.3,4.8,10.5,7.1,17.47,-0.0774
939,IT Operations,Technology,Associate,1,APAC,Male,Group A,35-44,1,0,6.9,0.9829,3,70.7,1.6,7.9,6.9,-0.13,-0.0133
1025,IT Operations,Technology,Associate,1,APAC,Female,Group A,25-34,1,0,0.7,0.9615,3,79.9,7.8,6.7,0.7,9.07,-0.0347
1095,IT Operations,Technology,Associate,1,North America,Female,Group B,<25,1,0,3.2,0.9694,1,79.8,8.8,0.0,3.2,8.97,-0.0268
1224,IT Operations,Technology,Associate,1,APAC,Male,Group A,35-44,1,0,8.6,1.0411,3,65.9,14.1,9.1,8.6,-4.93,0.0449
1233,IT Operations,Technology,Associate,1,North America,Male,Group C,35-44,1,0,5.1,1.0096,4,78.4,4.7,14.0,3.4,7.57,0.0134
1255,IT Operations,Technology,Associate,1,EMEA,Male,Group C,25-34,0,1,3.0,1.0117,4,65.8,16.5,11.9,7.2,-5.03,0.0155
1286,IT Operations,Technology,Associate,1,EMEA,Male,Group B,45-54,1,0,12.7,1.037,4,76.5,12.5,0.0,12.7,5.67,0.0408
1296,IT Operations,Technology,Associate,1,North America,Male,Group D,45-54,1,0,4.4,0.977,3,76.2,16.6,0.0,4.4,5.37,-0.0192
1298,IT Operations,Technology,Associate,1,APAC,Female,Group C,<25,0,1,14.4,0.9682,5,65.2,7.6,0.0,14.7,-5.63,-0.028
1372,IT Operations,Technology,Associate,1,North America,Male,Group A,<25,0,1,21.2,0.9902,4,68.4,3.5,1.6,8.6,-2.43,-0.006
1376,IT Operations,Technology,Associate,1,North America,Female,Group A,55+,0,1,9.5,0.94,3,82.3,3.5,0.0,6.0,11.47,-0.0562
1380,IT Operations,Technology,Associate,1,North America,Female,Group B,45-54,1,0,11.5,1.1702,3,71.3,10.1,11.5,11.5,0.47,0.174
1433,IT Operations,Technology,Associate,1,North America,Female,Group A,35-44,1,0,14.8,1.0863,3,40.9,4.9,1.9,12.3,-29.93,0.0901
1568,IT Operations,Technology,Associate,1,EMEA,Female,Group E,45-54,1,0,18.3,0.9992,4,55.8,10.1,14.3,13.3,-15.03,0.003
1604,IT Operations,Technology,Associate,1,EMEA,Male,Group C,35-44,1,0,1.0,0.9078,3,79.9,1.3,8.8,1.0,9.07,-0.0884
1682,IT Operations,Technology,Associate,1,North America,Male,Group B,35-44,0,1,4.1,0.88,2,45.2,3.5,11.9,4.8,-25.63,-0.1162
1764,IT Operations,Technology,Associate,1,EMEA,Male,Group A,<25,1,0,12.4,1.0332,1,67.1,4.9,38.6,12.4,-3.73,0.037
1813,IT Operations,Technology,Associate,1,North America,Female,Group B,35-44,0,1,4.8,0.8712,2,57.3,3.2,5.4,14.0,-13.53,-0.125
1875,IT Operations,Technology,Associate,1,North America,Female,Group B,25-34,0,1,1.6,1.0105,4,73.4,2.6,0.0,1.9,2.57,0.0143
1912,IT Operations,Technology,Associate,1,North America,Male,Group B,25-34,1,0,2.5,1.0008,4,80.3,16.8,0.0,2.5,9.47,0.0046
1994,IT Operations,Technology,Associate,1,North America,Male,Group A,35-44,1,0,10.6,1.0865,3,87.3,13.1,10.4,10.6,16.47,0.0903
2087,IT Operations,Technology,Associate,1,EMEA,Male,Group B,25-34,1,0,5.5,1.0707,3,59.3,3.3,8.5,1.0,-11.53,0.0745
2186,IT Operations,Technology,Associate,1,North America,Male,Group C,25-34,1,0,9.9,1.05,3,75.4,3.3,5.3,9.0,4.57,0.0538
2216,IT Operations,Technology,Associate,1,APAC,Female,Group A,55+,0,1,9.7,0.9695,2,74.5,10.8,6.6,9.6,3.67,-0.0267
2284,IT Operations,Technology,Associate,1,APAC,Non-binary,Group A,55+,1,0,18.6,0.8687,4,90.7,2.1,11.2,12.2,19.87,-0.1275
2397,IT Operations,Technology,Associate,1,APAC,Female,Group B,25-34,0,1,11.0,0.8488,3,82.8,8.5,6.1,6.5,11.97,-0.1474
2548,IT Operations,Technology,Associate,1,North America,Female,Group A,35-44,1,0,21.7,1.0731,4,65.1,10.0,0.0,7.9,-5.73,0.0769
2554,IT Operations,Technology,Associate,1,North America,Male,Group A,25-34,1,0,6.5,1.0675,3,88.4,1.3,0.0,6.3,17.57,0.0713
2678,IT Operations,Technology,Associate,1,APAC,Male,Group C,35-44,0,1,4.0,1.0477,2,84.1,2.7,4.0,5.8,13.27,0.0515
2771,IT Operations,Technology,Associate,1,North America,Male,Group C,35-44,1,0,9.7,1.0557,2,67.3,6.5,0.0,9.7,-3.53,0.0595
2775,IT Operations,Technology,Associate,1,EMEA,Female,Group E,35-44,0,1,7.5,1.0218,4,67.7,22.0,21.7,10.3,-3.13,0.0256
2800,IT Operations,Technology,Associate,1,North America,Non-binary,Group E,45-54,1,0,7.3,1.075,3,65.9,7.9,18.0,5.7,-4.93,0.0788
92,IT Operations,Technology,Analyst,2,APAC,Female,Group C,25-34,0,1,14.1,0.8098,3,81.5,2.9,0.0,10.1,10.67,-0.1767
192,IT Operations,Technology,Analyst,2,APAC,Female,Group A,<25,1,0,5.7,0.8586,4,87.0,6.8,0.0,2.2,16.17,-0.1279
193,IT Operations,Technology,Analyst,2,North America,Female,Group A,45-54,0,1,0.6,0.8212,2,59.0,11.4,12.3,0.8,-11.83,-0.1653
222,IT Operations,Technology,Analyst,2,North America,Male,Group B,35-44,1,0,35.0,0.9368,3,58.6,18.4,22.9,9.7,-12.23,-0.0497
329,IT Operations,Technology,Analyst,2,North America,Male,Group A,45-54,1,0,12.7,1.1909,5,63.9,4.0,23.1,12.7,-6.93,0.2044
405,IT Operations,Technology,Analyst,2,APAC,Female,Group B,35-44,1,0,21.9,0.954,5,92.0,5.1,13.6,16.6,21.17,-0.0325
423,IT Operations,Technology,Analyst,2,North America,Female,Group B,45-54,1,0,33.7,0.9783,2,77.9,7.2,8.0,13.0,7.07,-0.0082
438,IT Operations,Technology,Analyst,2,APAC,Female,Group C,35-44,0,1,8.4,0.7837,4,48.9,5.6,16.0,7.9,-21.93,-0.2028
464,IT Operations,Technology,Analyst,2,North America,Female,Group B,45-54,1,0,9.3,0.9477,3,79.9,33.0,0.0,9.3,9.07,-0.0388
465,IT Operations,Technology,Analyst,2,APAC,Male,Group B,55+,0,1,3.0,0.9596,5,62.7,9.9,8.7,8.1,-8.13,-0.0269
526,IT Operations,Technology,Analyst,2,North America,Male,Group A,35-44,1,0,4.3,1.118,4,79.0,6.5,8.0,4.3,8.17,0.1315
536,IT Operations,Technology,Analyst,2,Latin America,Male,Group E,45-54,1,0,20.2,1.0606,3,89.3,11.4,9.1,20.2,18.47,0.0741
681,IT Operations,Technology,Analyst,2,North America,Male,Group D,35-44,1,0,29.5,0.9251,4,49.0,13.3,3.3,7.6,-21.83,-0.0614
760,IT Operations,Technology,Analyst,2,EMEA,Male,Group A,55+,1,0,3.3,1.0205,3,84.5,1.4,8.1,3.3,13.67,0.034
789,IT Operations,Technology,Analyst,2,APAC,Female,Group A,25-34,1,0,35.3,1.0157,3,83.4,3.5,13.1,9.0,12.57,0.0292
902,IT Operations,Technology,Analyst,2,North America,Female,Group A,45-54,0,1,0.5,0.9601,3,54.2,17.0,0.0,0.9,-16.63,-0.0264
908,IT Operations,Technology,Analyst,2,APAC,Female,Group B,<25,1,0,15.1,0.9039,2,49.9,3.6,15.1,15.1,-20.93,-0.0826
960,IT Operations,Technology,Analyst,2,APAC,Male,Group C,35-44,1,0,18.5,0.9484,2,62.5,0.9,11.7,15.0,-8.33,-0.0381
1018,IT Operations,Technology,Analyst,2,APAC,Female,Group C,45-54,1,0,24.1,0.9919,4,77.9,6.9,5.4,3.5,7.07,0.0054
1102,IT Operations,Technology,Analyst,2,Latin America,Male,Group A,45-54,1,0,18.7,1.1345,3,55.4,6.8,24.6,17.9,-15.43,0.148
1113,IT Operations,Technology,Analyst,2,North America,Male,Group C,25-34,1,0,19.5,1.026,3,62.3,4.7,2.8,14.1,-8.53,0.0395
1171,IT Operations,Technology,Analyst,2,North America,Male,Group A,35-44,1,0,6.7,1.0136,4,92.6,6.6,31.4,3.9,21.77,0.0271
1303,IT Operations,Technology,Analyst,2,North America,Male,Group B,45-54,1,0,9.5,1.0359,2,78.1,12.5,4.8,9.5,7.27,0.0494
1333,IT Operations,Technology,Analyst,2,APAC,Female,Group B,25-34,1,0,32.0,0.956,5,71.3,11.7,7.2,8.4,0.47,-0.0305
1355,IT Operations,Technology,Analyst,2,North America,Female,Group B,35-44,1,0,24.5,0.9848,5,70.8,13.6,8.7,4.8,-0.03,-0.0017
1454,IT Operations,Technology,Analyst,2,APAC,Female,Group C,45-54,1,0,31.1,0.9153,4,49.1,13.1,0.0,11.3,-21.73,-0.0712
1611,IT Operations,Technology,Analyst,2,North America,Female,Group B,25-34,1,0,16.2,0.9577,3,36.9,3.8,0.0,1.5,-33.93,-0.0288
1615,IT Operations,Technology,Analyst,2,EMEA,Female,Group B,35-44,1,0,20.0,0.9025,3,72.2,9.5,6.2,8.4,1.37,-0.084
1623,IT Operations,Technology,Analyst,2,North America,Male,Group E,25-34,1,0,21.0,0.9763,4,69.1,2.9,7.2,15.5,-1.73,-0.0102
1672,IT Operations,Technology,Analyst,2,Latin America,Female,Group B,45-54,0,1,13.1,0.8574,2,78.8,17.3,8.1,13.6,7.97,-0.1291
1725,IT Operations,Technology,Analyst,2,North America,Female,Group A,<25,1,0,9.0,0.8462,4,95.2,19.0,6.1,9.0,24.37,-0.1403
1739,IT Operations,Technology,Analyst,2,North America,Male,Group C,35-44,1,0,12.5,0.9865,5,69.4,14.8,0.0,12.5,-1.43,-0.0
1938,IT Operations,Technology,Analyst,2,North America,Male,Group D,25-34,0,1,2.9,1.0227,1,52.5,5.8,5.6,2.3,-18.33,0.0362
2042,IT Operations,Technology,Analyst,2,EMEA,Male,Group A,25-34,1,0,29.2,0.9626,3,59.3,3.1,26.2,6.7,-11.53,-0.0239
2109,IT Operations,Technology,Analyst,2,APAC,Male,Group C,55+,1,0,30.8,1.0397,3,64.3,11.2,3.3,9.1,-6.53,0.0532
2193,IT Operations,Technology,Analyst,2,APAC,Female,Group B,25-34,1,0,30.5,0.9143,4,90.1,10.5,13.5,16.5,19.27,-0.0722
2210,IT Operations,Technology,Analyst,2,North America,Female,Group B,25-34,1,0,20.0,1.0887,5,78.2,4.0,19.8,7.4,7.37,0.1022
2304,IT Operations,Technology,Analyst,2,APAC,Male,Group A,25-34,1,0,22.9,1.0763,5,55.6,3.1,0.0,12.8,-15.23,0.0898
2434,IT Operations,Technology,Analyst,2,EMEA,Male,Group B,35-44,1,0,7.3,0.9848,4,79.8,0.5,5.2,4.5,8.97,-0.0017
2614,IT Operations,Technology,Analyst,2,North America,Male,Group B,35-44,0,1,15.1,0.9763,4,55.1,7.8,6.7,5.2,-15.73,-0.0102
2633,IT Operations,Technology,Analyst,2,North America,Male,Group A,35-44,0,1,15.9,0.9712,3,62.6,4.8,10.6,23.9,-8.23,-0.0153
2765,IT Operations,Technology,Analyst,2,APAC,Male,Group D,25-34,0,1,3.2,1.1621,3,77.2,15.0,12.5,3.4,6.37,0.1756
61,IT Operations,Technology,Senior Analyst,3,EMEA,Male,Group A,35-44,0,1,27.1,0.9715,3,55.4,7.8,29.7,10.4,-15.43,-0.0214
94,IT Operations,Technology,Senior Analyst,3,North America,Male,Group C,25-34,1,0,38.5,0.9886,3,58.8,4.8,0.9,12.9,-12.03,-0.0043
123,IT Operations,Technology,Senior Analyst,3,North America,Female,Group B,55+,1,0,27.7,1.0171,2,76.0,33.7,10.4,27.7,5.17,0.0242
127,IT Operations,Technology,Specialist,3,APAC,Female,Group A,25-34,1,0,18.2,0.9798,5,76.1,9.5,0.0,12.3,5.27,-0.0131
154,IT Operations,Technology,Specialist,3,North America,Male,Group A,35-44,1,0,0.9,0.9905,3,76.5,2.4,0.0,0.9,5.67,-0.0024
168,IT Operations,Technology,Senior Analyst,3,APAC,Female,Group A,25-34,1,0,35.2,1.0387,4,74.5,3.9,5.9,18.5,3.67,0.0458
170,IT Operations,Technology,Senior Analyst,3,North America,Male,Group E,35-44,1,0,38.9,1.277,2,90.4,4.5,3.2,22.3,19.57,0.2841
251,IT Operations,Technology,Senior Analyst,3,APAC,Male,Group B,25-34,1,0,10.3,1.0934,2,65.0,1.2,0.0,10.3,-5.83,0.1005
358,IT Operations,Technology,Senior Analyst,3,EMEA,Female,Group B,25-34,1,0,40.6,0.9624,4,80.4,9.2,30.0,8.3,9.57,-0.0305
558,IT Operations,Technology,Senior Analyst,3,APAC,Male,Group D,35-44,1,0,27.9,0.9304,4,70.4,11.7,31.5,27.9,-0.43,-0.0625
604,IT Operations,Technology,Senior Analyst,3,EMEA,Female,Group E,25-34,0,1,5.4,0.9326,3,71.2,9.5,8.2,7.0,0.37,-0.0603
671,IT Operations,Technology,Specialist,3,APAC,Male,Group B,35-44,1,0,11.3,1.0434,5,78.6,0.9,6.0,11.3,7.77,0.0505
764,IT Operations,Technology,Senior Analyst,3,APAC,Female,Group A,<25,1,0,27.7,1.0611,3,79.3,4.0,15.8,21.8,8.47,0.0682
811,IT Operations,Technology,Senior Analyst,3,EMEA,Female,Group A,45-54,1,0,10.8,0.863,2,76.4,26.2,9.1,10.8,5.57,-0.1299
812,IT Operations,Technology,Specialist,3,Latin America,Female,Group D,25-34,1,0,35.7,0.8983,4,69.8,2.7,0.0,9.8,-1.03,-0.0946
861,IT Operations,Technology,Specialist,3,North America,Female,Group A,35-44,0,1,12.7,0.9963,4,58.4,8.3,15.3,10.6,-12.43,0.0034
893,IT Operations,Technology,Senior Analyst,3,North America,Female,Group A,25-34,1,0,17.0,0.8965,2,82.1,11.5,10.6,11.2,11.27,-0.0964
895,IT Operations,Technology,Specialist,3,APAC,Female,Group D,55+,1,0,39.1,0.9588,4,59.3,6.9,0.0,4.8,-11.53,-0.0341
897,IT Operations,Technology,Specialist,3,North America,Female,Group A,25-34,0,1,12.6,1.0469,4,87.9,16.3,5.7,26.2,17.07,0.054
997,IT Operations,Technology,Senior Analyst,3,North America,Female,Group D,35-44,1,0,46.4,1.0067,3,76.4,2.7,8.6,6.6,5.57,0.0138
1038,IT Operations,Technology,Specialist,3,North America,Male,Group C,45-54,1,0,13.1,0.9169,2,89.8,5.1,4.1,12.1,18.97,-0.076
1105,IT Operations,Technology,Senior Analyst,3,APAC,Female,Group B,45-54,1,0,10.7,1.0674,3,76.5,3.6,4.7,8.0,5.67,0.0745
1147,IT Operations,Technology,Senior Analyst,3,EMEA,Female,Group B,35-44,1,0,42.1,0.9889,4,99.9,20.1,18.9,20.9,29.07,-0.004
1168,IT Operations,Technology,Specialist,3,APAC,Male,Group B,45-54,1,0,13.5,0.9666,2,61.3,13.2,4.7,13.5,-9.53,-0.0263
1268,IT Operations,Technology,Specialist,3,North America,Male,Group A,35-44,1,0,11.6,0.9938,2,48.6,7.9,41.3,11.6,-22.23,0.0009
1283,IT Operations,Technology,Senior Analyst,3,North America,Male,Group D,25-34,0,1,2.9,0.7832,2,59.0,4.9,5.7,8.1,-11.83,-0.2097
1290,IT Operations,Technology,Senior Analyst,3,APAC,Non-binary,Group A,45-54,1,0,5.2,0.9228,4,54.7,2.2,22.7,5.2,-16.13,-0.0701
1425,IT Operations,Technology,Specialist,3,APAC,Male,Group B,25-34,1,0,48.2,1.0976,2,77.0,39.2,3.0,3.8,6.17,0.1047
1435,IT Operations,Technology,Specialist,3,EMEA,Male,Group D,25-34,1,0,28.3,0.8909,2,63.9,2.8,4.1,23.2,-6.93,-0.102
1466,IT Operations,Technology,Senior Analyst,3,North America,Female,Group B,55+,1,0,21.3,0.952,4,72.9,6.3,0.0,21.3,2.07,-0.0409
1513,IT Operations,Technology,Senior Analyst,3,North America,Female,Group B,35-44,1,0,16.5,0.9776,2,100.0,5.2,8.3,11.2,29.17,-0.0153
1540,IT Operations,Technology,Senior Analyst,3,APAC,Female,Group A,45-54,1,0,47.2,0.8831,4,71.1,12.9,2.2,17.8,0.27,-0.1098
1562,IT Operations,Technology,Senior Analyst,3,North America,Male,Group A,35-44,0,1,37.8,1.0976,3,58.4,5.6,9.4,15.7,-12.43,0.1047
1563,IT Operations,Technology,Senior Analyst,3,EMEA,Male,Group A,35-44,1,0,21.9,0.9684,3,59.6,7.8,0.0,16.9,-11.23,-0.0245
1573,IT Operations,Technology,Specialist,3,APAC,Female,Group A,45-54,1,0,8.4,0.9966,4,69.9,18.6,20.8,1.3,-0.93,0.0037
1634,IT Operations,Technology,Senior Analyst,3,APAC,Male,Group A,25-34,1,0,10.1,0.9169,4,71.4,5.0,7.2,10.1,0.57,-0.076
1640,IT Operations,Technology,Specialist,3,EMEA,Female,Group B,35-44,1,0,12.1,1.0366,5,78.0,11.8,5.9,11.3,7.17,0.0437
1690,IT Operations,Technology,Specialist,3,North America,Male,Group D,35-44,0,1,3.0,0.9237,2,79.8,6.6,6.4,7.9,8.97,-0.0692
1691,IT Operations,Technology,Specialist,3,EMEA,Female,Group A,35-44,1,0,46.7,1.026,3,64.9,2.3,7.8,46.7,-5.93,0.0331
1698,IT Operations,Technology,Senior Analyst,3,APAC,Male,Group C,35-44,1,0,39.9,1.0345,3,64.2,8.2,5.5,13.8,-6.63,0.0416
1800,IT Operations,Technology,Senior Analyst,3,APAC,Female,Group B,<25,0,1,0.9,0.9124,2,76.6,7.7,22.0,2.1,5.77,-0.0805
1851,IT Operations,Technology,Specialist,3,APAC,Male,Group A,25-34,1,0,45.1,1.0892,3,83.7,6.3,7.0,9.1,12.87,0.0963
1885,IT Operations,Technology,Senior Analyst,3,North America,Male,Group A,55+,1,0,21.0,1.0427,3,68.9,3.1,14.5,13.2,-1.93,0.0498
1897,IT Operations,Technology,Specialist,3,APAC,Female,Group A,35-44,0,1,33.6,1.0569,2,75.5,4.6,4.5,26.3,4.67,0.064
1898,IT Operations,Technology,Specialist,3,APAC,Female,Group E,35-44,1,0,46.0,1.0303,4,75.2,13.8,8.7,13.6,4.37,0.0374
1923,IT Operations,Technology,Senior Analyst,3,North America,Male,Group A,25-34,1,0,39.3,1.1188,4,65.6,8.4,9.1,4.5,-5.23,0.1259
1924,IT Operations,Technology,Specialist,3,North America,Female,Group A,35-44,0,1,19.1,0.9669,3,85.5,4.7,0.0,24.7,14.67,-0.026
1983,IT Operations,Technology,Specialist,3,APAC,Female,Group C,25-34,1,0,21.0,0.9169,3,66.0,17.5,8.3,9.8,-4.83,-0.076
1995,IT Operations,Technology,Senior Analyst,3,North America,Female,Group C,25-34,1,0,46.2,0.9169,3,48.4,18.8,9.3,19.0,-22.43,-0.076
2028,IT Operations,Technology,Senior Analyst,3,APAC,Non-binary,Group D,25-34,1,0,13.9,1.0723,2,90.4,2.4,0.0,10.6,19.57,0.0794
2122,IT Operations,Technology,Senior Analyst,3,Latin America,Female,Group A,35-44,1,0,42.3,0.934,3,90.5,19.3,12.0,25.6,19.67,-0.0589
2132,IT Operations,Technology,Senior Analyst,3,North America,Male,Group D,25-34,0,1,17.2,1.0623,3,69.9,12.2,8.4,1.4,-0.93,0.0694
2347,IT Operations,Technology,Senior Analyst,3,North America,Female,Group C,25-34,1,0,11.3,0.9906,3,76.9,2.2,0.0,11.3,6.07,-0.0023
2350,IT Operations,Technology,Specialist,3,North America,Male,Group B,25-34,1,0,9.7,0.9808,4,64.2,13.0,0.0,9.7,-6.63,-0.0121
2472,IT Operations,Technology,Specialist,3,North America,Female,Group B,35-44,1,0,30.2,0.9927,4,50.1,3.5,30.8,9.2,-20.73,-0.0002
2501,IT Operations,Technology,Specialist,3,North America,Male,Group D,25-34,1,0,49.1,1.1171,5,66.0,8.1,2.5,11.9,-4.83,0.1242
2568,IT Operations,Technology,Senior Analyst,3,North America,Non-binary,Group D,35-44,0,1,12.0,1.0465,3,53.7,11.2,0.0,16.3,-17.13,0.0536
2573,IT Operations,Technology,Specialist,3,APAC,Male,Group B,55+,1,0,11.7,1.0795,4,92.2,6.2,0.0,10.6,21.37,0.0866
2590,IT Operations,Technology,Senior Analyst,3,APAC,Female,Group A,25-34,1,0,40.2,0.9294,4,68.6,4.5,35.6,14.9,-2.23,-0.0635
2616,IT Operations,Technology,Senior Analyst,3,Latin America,Male,Group E,25-34,1,0,33.0,0.9875,4,59.2,4.1,8.9,20.8,-11.63,-0.0054
2620,IT Operations,Technology,Senior Analyst,3,APAC,Male,Group A,35-44,1,0,39.6,0.9711,3,73.7,3.2,0.0,10.2,2.87,-0.0218
2746,IT Operations,Technology,Specialist,3,APAC,Male,Group B,35-44,1,0,9.7,1.0479,5,34.4,7.9,9.7,9.7,-36.43,0.055
2749,IT Operations,Technology,Senior Analyst,3,EMEA,Female,Group D,25-34,1,0,32.7,1.0035,2,67.5,2.8,11.4,8.2,-3.33,0.0106
2767,IT Operations,Technology,Senior Analyst,3,APAC,Male,Group A,35-44,1,0,19.1,1.0807,2,80.6,2.9,4.4,8.1,9.77,0.0878
2799,IT Operations,Technology,Senior Analyst,3,EMEA,Male,Group E,25-34,1,0,22.3,1.0604,5,63.6,8.6,0.0,14.6,-7.23,0.0675
169,IT Operations,Technology,Senior Specialist,4,North America,Female,Group B,35-44,0,1,43.3,0.8968,4,55.6,1.1,9.1,40.5,-15.23,-0.0931
241,IT Operations,Technology,Senior Specialist,4,North America,Female,Group B,35-44,1,0,30.0,0.9896,2,91.1,10.7,18.4,26.4,20.27,-0.0003
627,IT Operations,Technology,Senior Specialist,4,North America,Male,Group D,45-54,1,0,43.7,1.1699,4,77.9,4.7,1.3,24.7,7.07,0.18
653,IT Operations,Technology,Senior Specialist,4,EMEA,Female,Group A,35-44,0,1,19.8,0.7964,2,60.5,21.4,25.1,10.4,-10.33,-0.1935
844,IT Operations,Technology,Senior Specialist,4,APAC,Female,Group B,35-44,0,1,37.3,1.0506,3,54.5,11.0,8.4,12.9,-16.33,0.0607
863,IT Operations,Technology,Senior Specialist,4,APAC,Female,Group C,55+,1,0,56.0,0.9184,4,72.4,11.9,34.5,24.7,1.57,-0.0715
1021,IT Operations,Technology,Senior Specialist,4,North America,Male,Group A,35-44,0,1,29.0,0.9938,3,43.3,8.6,18.0,15.9,-27.53,0.0039
1041,IT Operations,Technology,Senior Specialist,4,Latin America,Female,Group B,35-44,0,1,7.5,0.9831,2,62.9,4.9,3.6,5.4,-7.93,-0.0068
1351,IT Operations,Technology,Senior Specialist,4,EMEA,Male,Group B,25-34,1,0,55.0,1.0426,2,86.8,23.2,0.0,9.8,15.97,0.0527
1512,IT Operations,Technology,Senior Specialist,4,EMEA,Male,Group A,25-34,1,0,29.0,0.9672,3,49.8,6.8,0.0,29.0,-21.03,-0.0227
1614,IT Operations,Technology,Senior Specialist,4,North America,Female,Group B,45-54,1,0,4.7,0.9935,4,80.6,7.6,0.0,4.1,9.77,0.0036
1677,IT Operations,Technology,Senior Specialist,4,APAC,Female,Group B,35-44,1,0,2.9,0.936,3,57.3,5.5,15.4,2.9,-13.53,-0.0539
1804,IT Operations,Technology,Senior Specialist,4,EMEA,Female,Group A,35-44,1,0,50.5,0.9938,4,79.2,0.8,3.9,23.6,8.37,0.0039
1833,IT Operations,Technology,Senior Specialist,4,Latin America,Male,Group A,35-44,1,0,58.1,1.11,1,78.3,7.3,15.1,25.1,7.47,0.1201
2321,IT Operations,Technology,Senior Specialist,4,APAC,Female,Group C,35-44,1,0,45.3,1.0309,2,80.4,14.3,15.2,16.8,9.57,0.041
2336,IT Operations,Technology,Senior Specialist,4,North America,Female,Group C,45-54,1,0,53.2,0.9665,2,70.8,3.6,13.9,15.4,-0.03,-0.0234
2473,IT Operations,Technology,Senior Specialist,4,North America,Male,Group E,25-34,1,0,61.9,0.996,3,65.5,10.3,14.1,6.3,-5.33,0.0061
2538,IT Operations,Technology,Senior Specialist,4,APAC,Female,Group A,55+,0,1,13.4,0.9817,3,80.2,4.1,8.4,7.6,9.37,-0.0082
2539,IT Operations,Technology,Senior Specialist,4,EMEA,Female,Group D,<25,1,0,23.1,0.991,3,92.0,11.7,0.0,14.5,21.17,0.0011
2783,IT Operations,Technology,Senior Specialist,4,North America,Female,Group C,35-44,0,1,1.1,1.0329,3,51.2,9.4,0.0,4.3,-19.63,0.043
28,IT Operations,Technology,Lead,5,APAC,Male,Group A,25-34,1,0,21.3,0.9856,3,71.9,10.9,3.4,18.9,1.07,-0.0062
111,IT Operations,Technology,Lead,5,APAC,Male,Group C,25-34,1,0,13.0,0.9848,3,85.0,12.6,13.2,13.0,14.17,-0.007
187,IT Operations,Technology,Lead,5,EMEA,Female,Group D,25-34,1,0,16.6,1.0694,4,53.8,6.4,13.7,15.4,-17.03,0.0776
214,IT Operations,Technology,Lead,5,APAC,Male,Group A,35-44,1,0,53.1,0.9793,2,65.0,4.7,3.1,8.0,-5.83,-0.0125
355,IT Operations,Technology,Lead,5,North America,Female,Group A,45-54,0,1,7.8,0.9434,3,57.9,8.8,32.5,8.5,-12.93,-0.0484
361,IT Operations,Technology,Lead,5,EMEA,Male,Group B,55+,1,0,18.5,0.9358,2,64.7,10.5,21.4,18.3,-6.13,-0.056
366,IT Operations,Technology,Lead,5,North America,Male,Group B,35-44,1,0,74.9,1.0729,3,79.1,7.1,0.0,12.1,8.27,0.0811
504,IT Operations,Technology,Lead,5,North America,Male,Group A,45-54,0,1,52.8,0.9917,2,66.0,3.5,11.6,23.8,-4.83,-0.0001
551,IT Operations,Technology,Lead,5,APAC,Female,Group B,35-44,1,0,56.8,0.8537,4,100.0,16.5,9.6,11.2,29.17,-0.1381
616,IT Operations,Technology,Lead,5,APAC,Male,Group A,35-44,1,0,62.4,1.0257,3,77.6,14.5,8.9,2.7,6.77,0.0339
657,IT Operations,Technology,Lead,5,North America,Female,Group A,45-54,0,1,22.9,0.9244,4,66.7,6.1,34.7,9.8,-4.13,-0.0674
736,IT Operations,Technology,Lead,5,North America,Non-binary,Group B,35-44,1,0,41.3,1.055,4,51.6,3.7,0.0,6.0,-19.23,0.0632
974,IT Operations,Technology,Lead,5,EMEA,Female,Group C,25-34,1,0,17.5,0.8575,3,61.5,6.3,16.9,3.4,-9.33,-0.1343
1058,IT Operations,Technology,Lead,5,North America,Male,Group C,35-44,1,0,20.7,0.9946,3,82.0,4.9,15.9,20.1,11.17,0.0028
1232,IT Operations,Technology,Lead,5,EMEA,Male,Group A,25-34,1,0,37.6,0.9469,3,56.9,4.1,2.8,11.6,-13.93,-0.0449
1261,IT Operations,Technology,Lead,5,APAC,Female,Group E,35-44,1,0,40.2,0.9759,4,76.4,2.0,27.4,14.0,5.57,-0.0159
1266,IT Operations,Technology,Lead,5,North America,Male,Group A,35-44,1,0,48.5,0.9685,4,89.1,8.5,0.0,27.3,18.27,-0.0233
1323,IT Operations,Technology,Lead,5,Latin America,Male,Group D,25-34,0,1,6.6,1.1162,3,51.0,10.6,4.7,2.5,-19.83,0.1244
1567,IT Operations,Technology,Lead,5,EMEA,Female,Group B,45-54,1,0,51.3,0.9222,3,44.9,18.8,7.5,10.5,-25.93,-0.0696
1610,IT Operations,Technology,Lead,5,APAC,Male,Group B,55+,1,0,32.8,1.0316,4,59.9,0.6,6.4,32.8,-10.93,0.0398
1710,IT Operations,Technology,Lead,5,EMEA,Male,Group D,35-44,1,0,40.2,0.9764,3,80.6,8.5,10.7,32.2,9.77,-0.0154
1716,IT Operations,Technology,Lead,5,EMEA,Male,Group C,35-44,0,1,32.1,0.958,3,79.1,5.4,12.5,6.6,8.27,-0.0338
1823,IT Operations,Technology,Lead,5,North America,Female,Group A,35-44,1,0,46.6,0.9919,4,83.7,4.7,19.0,36.0,12.87,0.0001
1866,IT Operations,Technology,Lead,5,EMEA,Male,Group A,45-54,1,0,74.8,1.1125,5,54.3,5.9,0.0,15.2,-16.53,0.1207
2093,IT Operations,Technology,Lead,5,EMEA,Female,Group E,25-34,1,0,41.9,0.9832,2,78.4,2.3,6.5,27.6,7.57,-0.0086
2209,IT Operations,Technology,Lead,5,North America,Male,Group A,25-34,1,0,73.0,1.0297,4,68.4,6.9,13.4,17.7,-2.43,0.0379
2228,IT Operations,Technology,Lead,5,APAC,Male,Group C,25-34,1,0,26.9,1.0169,4,69.3,10.9,3.7,12.7,-1.53,0.0251
2292,IT Operations,Technology,Lead,5,APAC,Female,Group D,25-34,1,0,53.0,0.9208,3,52.5,3.9,5.1,24.5,-18.33,-0.071
2531,IT Operations,Technology,Lead,5,North America,Male,Group A,35-44,1,0,55.4,0.9654,4,90.6,9.4,12.2,20.7,19.77,-0.0264
2577,IT Operations,Technology,Lead,5,APAC,Female,Group C,55+,1,0,75.0,0.9527,4,86.1,5.0,0.0,6.1,15.27,-0.0391
2589,IT Operations,Technology,Lead,5,EMEA,Female,Group A,35-44,1,0,65.1,0.8475,3,53.1,1.3,9.4,15.5,-17.73,-0.1443
2654,IT Operations,Technology,Lead,5,EMEA,Male,Group A,25-34,0,1,12.5,1.0925,3,50.9,4.6,5.8,13.4,-19.93,0.1007
59,IT Operations,Technology,Manager,6,North America,Male,Group D,35-44,1,0,84.9,1.0132,1,86.9,4.7,16.5,17.9,16.07,0.0206
279,IT Operations,Technology,Manager,6,EMEA,Female,Group A,25-34,1,0,36.7,1.0119,4,100.0,4.8,2.5,7.9,29.17,0.0193
282,IT Operations,Technology,Manager,6,North America,Male,Group A,25-34,1,0,51.2,1.0641,4,92.1,7.7,54.8,17.6,21.27,0.0715
550,IT Operations,Technology,Manager,6,APAC,Female,Group A,25-34,1,0,20.9,0.9252,4,75.5,7.7,0.0,14.7,4.67,-0.0674
592,IT Operations,Technology,Manager,6,APAC,Female,Group E,35-44,1,0,41.3,1.0029,4,67.0,4.4,12.8,17.6,-3.83,0.0103
1040,IT Operations,Technology,Manager,6,North America,Female,Group D,25-34,1,0,8.7,1.0261,4,100.0,17.5,21.8,8.7,29.17,0.0335
1112,IT Operations,Technology,Manager,6,APAC,Male,Group A,35-44,1,0,12.5,0.9811,5,90.9,4.3,1.0,12.5,20.07,-0.0115
1235,IT Operations,Technology,Manager,6,APAC,Female,Group A,<25,1,0,78.2,1.0053,3,69.7,12.1,0.0,10.5,-1.13,0.0127
1338,IT Operations,Technology,Manager,6,North America,Male,Group E,25-34,1,0,38.3,0.9725,4,57.1,12.1,17.0,27.2,-13.73,-0.0201
1893,IT Operations,Technology,Manager,6,APAC,Female,Group A,45-54,1,0,46.7,0.9772,3,66.5,14.6,7.8,7.0,-4.33,-0.0154
2213,IT Operations,Technology,Manager,6,North America,Male,Group A,25-34,0,1,18.6,0.9706,5,53.7,11.7,8.0,3.5,-17.13,-0.022
2308,IT Operations,Technology,Manager,6,EMEA,Male,Group B,55+,1,0,68.0,1.0895,2,66.6,16.1,0.0,24.6,-4.23,0.0969
2607,IT Operations,Technology,Manager,6,North America,Female,Group A,25-34,1,0,54.8,0.9441,3,85.8,1.6,0.0,24.8,14.97,-0.0485
2650,IT Operations,Technology,Manager,6,EMEA,Male,Group B,35-44,1,0,1.6,1.1232,3,61.0,9.1,5.5,1.6,-9.83,0.1306
2712,IT Operations,Technology,Manager,6,North America,Male,Group E,<25,1,0,24.6,1.0137,3,56.7,4.6,7.9,4.6,-14.13,0.0211
47,IT Operations,Technology,Senior Manager,7,Latin America,Female,Group A,35-44,1,0,34.2,0.9515,3,85.2,8.0,29.5,23.6,14.37,-0.0528
506,IT Operations,Technology,Senior Manager,7,North America,Female,Group A,45-54,1,0,30.9,1.0361,3,59.3,13.2,5.2,29.6,-11.53,0.0318
624,IT Operations,Technology,Senior Manager,7,APAC,Male,Group B,45-54,0,1,18.0,1.0561,2,81.8,4.5,5.7,21.6,10.97,0.0518
743,IT Operations,Technology,Senior Manager,7,Latin America,Male,Group B,35-44,1,0,23.8,1.0919,3,53.3,8.8,34.6,17.1,-17.53,0.0876
774,IT Operations,Technology,Senior Manager,7,Latin America,Non-binary,Group A,25-34,1,0,15.1,0.994,4,56.2,3.0,0.0,2.4,-14.63,-0.0103
965,IT Operations,Technology,Senior Manager,7,North America,Female,Group B,45-54,0,1,38.8,0.9385,2,65.3,1.2,0.0,18.9,-5.53,-0.0658
1008,IT Operations,Technology,Senior Manager,7,North America,Male,Group A,25-34,1,0,100.1,0.9099,3,83.3,12.6,4.1,13.0,12.47,-0.0944
1228,IT Operations,Technology,Senior Manager,7,APAC,Male,Group A,45-54,1,0,26.4,1.0325,2,43.3,9.9,0.0,15.6,-27.53,0.0282
1341,IT Operations,Technology,Senior Manager,7,APAC,Male,Group A,25-34,1,0,31.5,1.0184,1,53.7,2.6,29.0,19.8,-17.13,0.0141
1708,IT Operations,Technology,Senior Manager,7,APAC,Female,Group D,35-44,1,0,25.0,1.0184,1,75.3,36.8,4.6,19.7,4.47,0.0141
1771,IT Operations,Technology,Senior Manager,7,EMEA,Female,Group E,55+,1,0,73.2,0.9422,3,100.0,2.8,9.0,2.3,29.17,-0.0621
2105,IT Operations,Technology,Senior Manager,7,North America,Male,Group B,35-44,1,0,55.2,1.0863,4,55.0,4.0,12.1,8.7,-15.83,0.082
2363,IT Operations,Technology,Senior Manager,7,North America,Female,Group E,25-34,1,0,9.7,0.9294,3,96.0,6.9,7.0,9.6,25.17,-0.0749
2427,IT Operations,Technology,Senior Manager,7,North America,Male,Group B,35-44,1,0,52.5,1.082,4,100.0,1.5,5.7,7.7,29.17,0.0777
2449,IT Operations,Technology,Senior Manager,7,North America,Female,Group B,45-54,0,1,13.0,0.9335,3,68.2,8.9,6.0,8.4,-2.63,-0.0708
350,IT Operations,Technology,Director,8,North America,Male,Group A,55+,1,0,21.6,0.969,3,43.7,2.9,15.2,2.4,-27.13,-0.0259
975,IT Operations,Technology,Director,8,North America,Female,Group C,55+,1,0,61.5,1.0323,4,66.5,12.4,13.2,11.8,-4.33,0.0374
2048,IT Operations,Technology,Director,8,APAC,Male,Group C,25-34,0,1,25.5,0.913,4,63.8,12.7,4.4,11.9,-7.03,-0.0819
3,Inside Sales,Go-To-Market,Associate,1,EMEA,Male,Group D,25-34,1,0,8.5,1.0744,3,63.9,4.5,0.0,8.5,-5.51,0.0782
21,Inside Sales,Go-To-Market,Associate,1,EMEA,Female,Group A,<25,1,0,18.0,1.2066,3,69.4,10.8,9.0,18.0,-0.01,0.2104
114,Inside Sales,Go-To-Market,Associate,1,APAC,Male,Group A,45-54,1,0,8.2,1.0666,2,70.6,2.2,5.8,8.2,1.19,0.0704
220,Inside Sales,Go-To-Market,Associate,1,EMEA,Male,Group D,25-34,0,1,4.6,0.8475,5,96.0,6.9,0.0,6.2,26.59,-0.1487
223,Inside Sales,Go-To-Market,Associate,1,North America,Male,Group B,25-34,0,1,1.6,0.9635,3,43.9,4.9,0.0,3.9,-25.51,-0.0327
354,Inside Sales,Go-To-Market,Associate,1,EMEA,Male,Group C,45-54,1,0,7.5,1.0577,5,75.8,12.9,4.7,7.5,6.39,0.0615
360,Inside Sales,Go-To-Market,Associate,1,APAC,Female,Group E,25-34,1,0,11.2,0.933,3,63.8,5.0,0.0,11.2,-5.61,-0.0632
410,Inside Sales,Go-To-Market,Associate,1,North America,Male,Group C,35-44,1,0,17.1,0.9507,4,73.4,14.1,14.1,10.1,3.99,-0.0455
415,Inside Sales,Go-To-Market,Associate,1,EMEA,Female,Group A,45-54,1,0,22.6,0.8236,3,57.0,9.0,0.0,10.1,-12.41,-0.1726
441,Inside Sales,Go-To-Market,Associate,1,APAC,Male,Group B,25-34,1,0,20.4,1.0684,2,80.6,7.6,15.8,20.4,11.19,0.0722
492,Inside Sales,Go-To-Market,Associate,1,North America,Male,Group D,25-34,0,1,7.9,1.0903,1,47.7,5.4,0.0,3.6,-21.71,0.0941
494,Inside Sales,Go-To-Market,Associate,1,EMEA,Female,Group A,25-34,1,0,20.8,0.9583,3,64.9,4.5,13.9,6.1,-4.51,-0.0379
591,Inside Sales,Go-To-Market,Associate,1,North America,Male,Group A,25-34,1,0,23.9,1.0232,3,42.6,8.3,0.0,8.3,-26.81,0.027
603,Inside Sales,Go-To-Market,Associate,1,North America,Male,Group C,35-44,1,0,12.5,1.0692,3,71.3,4.6,11.9,3.2,1.89,0.073
641,Inside Sales,Go-To-Market,Associate,1,North America,Female,Group D,35-44,1,0,21.9,0.9913,3,61.1,2.0,3.3,14.9,-8.31,-0.0049
936,Inside Sales,Go-To-Market,Associate,1,North America,Male,Group A,35-44,1,0,23.2,1.1068,3,74.2,23.9,0.0,4.5,4.79,0.1106
946,Inside Sales,Go-To-Market,Associate,1,North America,Female,Group D,55+,1,0,20.9,0.9412,4,66.1,6.2,3.6,5.3,-3.31,-0.055
952,Inside Sales,Go-To-Market,Associate,1,North America,Female,Group E,45-54,0,1,8.9,1.0981,4,95.5,4.2,3.0,12.9,26.09,0.1019
1031,Inside Sales,Go-To-Market,Associate,1,EMEA,Male,Group C,35-44,0,1,9.7,1.0897,3,61.9,9.0,0.0,12.5,-7.51,0.0935
1054,Inside Sales,Go-To-Market,Associate,1,EMEA,Male,Group A,35-44,1,0,17.4,1.0854,3,71.0,22.5,0.0,15.8,1.59,0.0892
1056,Inside Sales,Go-To-Market,Associate,1,North America,Female,Group A,35-44,1,0,17.8,1.0514,3,51.7,1.6,13.8,17.0,-17.71,0.0552
1057,Inside Sales,Go-To-Market,Associate,1,North America,Male,Group B,35-44,1,0,0.6,1.0704,3,76.9,5.9,6.0,0.6,7.49,0.0742
1118,Inside Sales,Go-To-Market,Associate,1,North America,Male,Group C,25-34,0,1,15.4,1.1,2,45.8,10.7,9.1,4.2,-23.61,0.1038
1197,Inside Sales,Go-To-Market,Associate,1,North America,Non-binary,Group C,35-44,1,0,22.8,1.025,3,85.2,4.2,55.7,13.9,15.79,0.0288
1334,Inside Sales,Go-To-Market,Associate,1,North America,Male,Group E,35-44,0,1,0.4,1.0655,4,74.9,8.3,0.0,1.1,5.49,0.0693
1353,Inside Sales,Go-To-Market,Associate,1,North America,Male,Group B,35-44,0,1,1.1,0.9869,1,59.6,23.0,10.0,4.7,-9.81,-0.0093
1389,Inside Sales,Go-To-Market,Associate,1,EMEA,Female,Group A,25-34,0,1,11.3,0.9578,2,61.4,10.5,28.5,11.0,-8.01,-0.0384
1434,Inside Sales,Go-To-Market,Associate,1,EMEA,Female,Group A,35-44,1,0,21.7,1.0275,2,76.3,4.7,2.7,21.7,6.89,0.0313
1516,Inside Sales,Go-To-Market,Associate,1,North America,Male,Group A,35-44,1,0,19.3,0.9466,4,75.6,13.0,13.3,10.0,6.19,-0.0496
1542,Inside Sales,Go-To-Market,Associate,1,EMEA,Male,Group A,35-44,1,0,15.0,1.0368,4,74.5,2.6,11.4,6.6,5.09,0.0406
1645,Inside Sales,Go-To-Market,Associate,1,Latin America,Female,Group D,35-44,1,0,10.6,1.0366,3,64.4,4.2,4.1,10.6,-5.01,0.0404
1665,Inside Sales,Go-To-Market,Associate,1,APAC,Male,Group E,45-54,0,1,0.5,1.1074,3,54.6,19.3,22.0,1.8,-14.81,0.1112
1759,Inside Sales,Go-To-Market,Associate,1,APAC,Female,Group A,25-34,1,0,8.4,1.0477,3,66.6,8.4,17.4,8.4,-2.81,0.0515
1959,Inside Sales,Go-To-Market,Associate,1,North America,Female,Group A,35-44,1,0,14.3,0.8885,3,81.4,4.9,4.8,1.2,11.99,-0.1077
2009,Inside Sales,Go-To-Market,Associate,1,North America,Male,Group A,55+,1,0,8.2,1.0368,3,56.2,1.7,0.0,8.2,-13.21,0.0406
2020,Inside Sales,Go-To-Market,Associate,1,North America,Female,Group A,45-54,1,0,22.9,0.9943,2,54.0,2.3,0.0,6.0,-15.41,-0.0019
2164,Inside Sales,Go-To-Market,Associate,1,EMEA,Male,Group E,35-44,0,1,1.1,0.9126,1,36.9,10.0,33.3,1.3,-32.51,-0.0836
2187,Inside Sales,Go-To-Market,Associate,1,North America,Female,Group E,35-44,1,0,14.6,1.1079,2,51.7,13.7,11.8,4.6,-17.71,0.1117
2206,Inside Sales,Go-To-Market,Associate,1,North America,Male,Group C,35-44,1,0,6.7,1.0045,3,38.4,9.4,1.0,6.7,-31.01,0.0083
2278,Inside Sales,Go-To-Market,Associate,1,North America,Male,Group B,25-34,1,0,8.6,0.9212,2,100.0,4.8,0.0,4.4,30.59,-0.075
2381,Inside Sales,Go-To-Market,Associate,1,North America,Female,Group B,35-44,1,0,2.9,1.0455,3,57.3,12.5,20.9,2.9,-12.11,0.0493
2386,Inside Sales,Go-To-Market,Associate,1,EMEA,Male,Group D,35-44,0,1,14.8,1.1079,2,63.5,6.6,10.1,7.0,-5.91,0.1117
2637,Inside Sales,Go-To-Market,Associate,1,North America,Male,Group B,35-44,1,0,11.9,1.0903,4,50.0,9.7,2.3,11.9,-19.41,0.0941
2748,Inside Sales,Go-To-Market,Associate,1,APAC,Male,Group C,35-44,1,0,23.9,0.9829,4,71.1,9.0,0.0,23.9,1.69,-0.0133
58,Inside Sales,Go-To-Market,Analyst,2,APAC,Female,Group C,25-34,1,0,14.2,0.9352,3,93.6,4.6,0.0,14.2,24.19,-0.0513
150,Inside Sales,Go-To-Market,Analyst,2,North America,Female,Group D,25-34,1,0,30.0,0.9671,2,72.3,14.2,34.0,2.3,2.89,-0.0194
232,Inside Sales,Go-To-Market,Analyst,2,EMEA,Male,Group A,25-34,1,0,20.6,0.9489,2,50.4,14.3,0.0,15.6,-19.01,-0.0376
463,Inside Sales,Go-To-Market,Analyst,2,APAC,Female,Group B,35-44,1,0,19.2,0.9352,2,92.5,1.4,29.0,10.0,23.09,-0.0513
467,Inside Sales,Go-To-Market,Analyst,2,APAC,Female,Group D,55+,1,0,24.7,0.9091,5,51.6,15.0,0.0,7.6,-17.81,-0.0774
496,Inside Sales,Go-To-Market,Analyst,2,North America,Male,Group C,25-34,1,0,30.3,1.0281,3,100.0,5.7,0.0,16.8,30.59,0.0416
521,Inside Sales,Go-To-Market,Analyst,2,APAC,Male,Group C,25-34,1,0,34.7,1.1153,3,71.7,1.7,30.5,11.2,2.29,0.1288
561,Inside Sales,Go-To-Market,Analyst,2,North America,Male,Group A,45-54,1,0,17.0,0.847,3,77.6,26.5,20.8,17.0,8.19,-0.1395
647,Inside Sales,Go-To-Market,Analyst,2,North America,Female,Group C,25-34,1,0,32.1,0.9305,3,85.9,0.7,9.7,22.8,16.49,-0.056
703,Inside Sales,Go-To-Market,Analyst,2,North America,Male,Group A,25-34,0,1,10.8,1.0234,3,47.3,6.2,9.4,23.2,-22.11,0.0369
750,Inside Sales,Go-To-Market,Analyst,2,EMEA,Non-binary,Group A,45-54,1,0,13.2,1.0247,2,62.7,24.6,19.0,12.1,-6.71,0.0382
787,Inside Sales,Go-To-Market,Analyst,2,APAC,Male,Group D,25-34,0,1,3.1,1.0438,1,44.5,3.1,9.7,13.3,-24.91,0.0573
930,Inside Sales,Go-To-Market,Analyst,2,North America,Female,Group A,25-34,1,0,30.7,1.0233,4,80.1,14.9,0.0,30.7,10.69,0.0368
1067,Inside Sales,Go-To-Market,Analyst,2,EMEA,Male,Group A,25-34,1,0,6.9,1.0933,3,48.0,2.8,22.0,6.9,-21.41,0.1068
1132,Inside Sales,Go-To-Market,Analyst,2,North America,Female,Group B,25-34,0,1,13.1,0.9368,2,83.8,13.0,3.1,11.6,14.39,-0.0497
1335,Inside Sales,Go-To-Market,Analyst,2,APAC,Female,Group C,35-44,0,1,1.0,0.9404,3,44.7,8.1,7.6,1.5,-24.71,-0.0461
1426,Inside Sales,Go-To-Market,Analyst,2,North America,Male,Group D,45-54,0,1,14.8,0.9447,4,50.7,5.8,0.0,12.6,-18.71,-0.0418
1576,Inside Sales,Go-To-Market,Analyst,2,EMEA,Female,Group A,35-44,1,0,2.4,1.0606,2,47.2,4.4,20.3,2.4,-22.21,0.0741
1597,Inside Sales,Go-To-Market,Analyst,2,North America,Male,Group A,45-54,1,0,17.2,1.0137,3,79.3,3.5,17.6,17.2,9.89,0.0272
1635,Inside Sales,Go-To-Market,Analyst,2,APAC,Female,Group C,35-44,1,0,18.1,1.0157,3,84.1,2.3,0.0,13.7,14.69,0.0292
1721,Inside Sales,Go-To-Market,Analyst,2,APAC,Male,Group A,35-44,1,0,7.7,0.8882,3,73.8,3.1,0.0,7.7,4.39,-0.0983
1747,Inside Sales,Go-To-Market,Analyst,2,North America,Female,Group D,35-44,1,0,23.2,1.0439,2,74.2,6.2,10.0,9.3,4.79,0.0574
1770,Inside Sales,Go-To-Market,Analyst,2,APAC,Female,Group A,25-34,1,0,16.0,0.9989,2,43.4,5.7,17.5,10.7,-26.01,0.0124
1782,Inside Sales,Go-To-Market,Analyst,2,North America,Female,Group A,25-34,0,1,4.7,0.8519,3,51.4,13.9,1.9,4.9,-18.01,-0.1346
1795,Inside Sales,Go-To-Market,Analyst,2,North America,Female,Group C,35-44,1,0,31.9,0.9558,3,66.5,1.5,10.4,6.3,-2.91,-0.0307
1828,Inside Sales,Go-To-Market,Analyst,2,APAC,Male,Group C,35-44,1,0,27.9,0.9147,2,70.2,5.5,0.0,9.9,0.79,-0.0718
1849,Inside Sales,Go-To-Market,Analyst,2,APAC,Male,Group D,55+,0,1,8.7,1.0084,3,100.0,28.2,39.4,18.3,30.59,0.0219
1935,Inside Sales,Go-To-Market,Analyst,2,APAC,Female,Group B,<25,1,0,13.9,1.024,3,100.0,2.5,13.3,13.9,30.59,0.0375
1936,Inside Sales,Go-To-Market,Analyst,2,APAC,Male,Group C,25-34,1,0,33.0,1.0554,3,70.0,8.1,2.1,11.0,0.59,0.0689
1974,Inside Sales,Go-To-Market,Analyst,2,North America,Female,Group A,35-44,0,1,22.8,1.0712,3,80.8,2.3,0.0,2.0,11.39,0.0847
1986,Inside Sales,Go-To-Market,Analyst,2,APAC,Male,Group C,25-34,1,0,16.5,1.0084,3,78.0,9.5,4.3,16.5,8.59,0.0219
2003,Inside Sales,Go-To-Market,Analyst,2,EMEA,Male,Group B,55+,1,0,15.3,1.0398,4,98.0,7.0,0.0,12.1,28.59,0.0533
2027,Inside Sales,Go-To-Market,Analyst,2,APAC,Male,Group D,35-44,1,0,22.2,0.9371,3,91.2,10.8,15.1,5.5,21.79,-0.0494
2033,Inside Sales,Go-To-Market,Analyst,2,APAC,Female,Group A,25-34,1,0,2.4,0.93,5,70.7,8.9,17.4,2.4,1.29,-0.0565
2085,Inside Sales,Go-To-Market,Analyst,2,North America,Male,Group E,25-34,1,0,27.2,0.9592,3,96.0,8.5,8.2,8.0,26.59,-0.0273
2097,Inside Sales,Go-To-Market,Analyst,2,APAC,Female,Group B,<25,1,0,33.6,1.0711,5,86.8,8.0,5.5,20.0,17.39,0.0846
2252,Inside Sales,Go-To-Market,Analyst,2,North America,Male,Group A,35-44,1,0,24.0,1.1121,3,56.4,4.7,13.8,11.2,-13.01,0.1256
2275,Inside Sales,Go-To-Market,Analyst,2,North America,Female,Group A,35-44,1,0,29.1,0.9433,3,68.8,8.8,6.8,18.3,-0.61,-0.0432
2331,Inside Sales,Go-To-Market,Analyst,2,APAC,Male,Group E,45-54,1,0,35.6,0.8046,3,94.1,6.9,5.4,19.7,24.69,-0.1819
2377,Inside Sales,Go-To-Market,Analyst,2,APAC,Female,Group D,25-34,1,0,11.1,1.0269,3,68.4,15.6,2.4,11.1,-1.01,0.0404
2419,Inside Sales,Go-To-Market,Analyst,2,EMEA,Male,Group A,25-34,1,0,27.9,0.998,4,78.9,12.9,0.0,1.1,9.49,0.0115
2431,Inside Sales,Go-To-Market,Analyst,2,APAC,Female,Group E,35-44,1,0,3.6,0.8979,1,71.7,5.7,1.9,3.6,2.29,-0.0886
2436,Inside Sales,Go-To-Market,Analyst,2,North America,Female,Group E,25-34,0,1,20.1,1.0297,3,79.8,16.9,0.0,3.9,10.39,0.0432
2541,Inside Sales,Go-To-Market,Analyst,2,APAC,Female,Group D,55+,1,0,19.7,0.883,3,79.9,23.3,7.8,6.2,10.49,-0.1035
2591,Inside Sales,Go-To-Market,Analyst,2,EMEA,Female,Group B,35-44,1,0,23.7,0.9486,4,71.7,10.1,22.3,10.0,2.29,-0.0379
2640,Inside Sales,Go-To-Market,Analyst,2,North America,Female,Group B,35-44,1,0,19.5,0.982,4,100.0,12.7,0.0,2.5,30.59,-0.0045
2706,Inside Sales,Go-To-Market,Analyst,2,North America,Male,Group D,45-54,1,0,25.5,1.0591,3,84.6,8.9,0.0,11.0,15.19,0.0726
2707,Inside Sales,Go-To-Market,Analyst,2,North America,Female,Group B,35-44,1,0,11.9,0.8519,2,78.7,3.6,2.0,11.9,9.29,-0.1346
2732,Inside Sales,Go-To-Market,Analyst,2,APAC,Female,Group E,25-34,1,0,34.8,0.8754,3,74.5,6.9,13.5,9.8,5.09,-0.1111
2735,Inside Sales,Go-To-Market,Analyst,2,North America,Male,Group A,<25,0,1,11.2,0.9123,3,75.9,2.4,10.0,12.5,6.49,-0.0742
2774,Inside Sales,Go-To-Market,Analyst,2,APAC,Male,Group B,45-54,0,1,8.9,0.9778,4,76.0,4.5,10.9,23.3,6.59,-0.0087
171,Inside Sales,Go-To-Market,Specialist,3,EMEA,Female,Group A,25-34,1,0,19.6,0.9498,2,59.0,3.9,3.3,14.2,-10.41,-0.0431
208,Inside Sales,Go-To-Market,Senior Analyst,3,North America,Female,Group B,45-54,1,0,38.6,0.9769,4,100.0,0.8,10.1,20.6,30.59,-0.016
233,Inside Sales,Go-To-Market,Specialist,3,APAC,Male,Group A,25-34,1,0,29.0,1.1102,3,71.2,15.8,0.0,26.1,1.79,0.1173
254,Inside Sales,Go-To-Market,Specialist,3,APAC,Male,Group A,<25,1,0,35.5,1.2237,3,68.6,18.6,9.7,11.0,-0.81,0.2308
256,Inside Sales,Go-To-Market,Specialist,3,APAC,Female,Group C,25-34,1,0,41.0,0.9846,2,70.4,4.9,6.7,10.5,0.99,-0.0083
278,Inside Sales,Go-To-Market,Senior Analyst,3,EMEA,Female,Group B,<25,1,0,14.9,1.0604,4,97.3,12.8,14.2,14.9,27.89,0.0675
287,Inside Sales,Go-To-Market,Specialist,3,APAC,Male,Group E,45-54,0,1,10.2,1.1156,5,89.2,2.7,2.9,5.5,19.79,0.1227
304,Inside Sales,Go-To-Market,Senior Analyst,3,APAC,Male,Group A,25-34,1,0,18.1,1.041,4,68.3,14.2,9.9,10.4,-1.11,0.0481
337,Inside Sales,Go-To-Market,Senior Analyst,3,North America,Female,Group E,25-34,1,0,37.0,1.0513,4,64.1,5.8,8.3,27.3,-5.31,0.0584
393,Inside Sales,Go-To-Market,Specialist,3,North America,Female,Group B,25-34,1,0,19.8,0.9158,3,70.3,2.4,0.0,19.8,0.89,-0.0771
424,Inside Sales,Go-To-Market,Specialist,3,EMEA,Female,Group B,35-44,1,0,19.9,0.9818,2,100.0,8.3,4.0,8.9,30.59,-0.0111
543,Inside Sales,Go-To-Market,Senior Analyst,3,North America,Male,Group A,25-34,0,1,14.4,1.1415,2,64.4,6.2,4.5,5.7,-5.01,0.1486
554,Inside Sales,Go-To-Market,Specialist,3,APAC,Male,Group A,45-54,1,0,49.0,0.9846,2,53.7,22.3,2.2,23.3,-15.71,-0.0083
570,Inside Sales,Go-To-Market,Senior Analyst,3,APAC,Male,Group B,25-34,0,1,13.4,1.0219,1,64.1,39.4,16.5,23.3,-5.31,0.029
628,Inside Sales,Go-To-Market,Senior Analyst,3,North America,Male,Group C,35-44,1,0,34.4,1.0113,4,83.9,10.8,8.3,13.4,14.49,0.0184
632,Inside Sales,Go-To-Market,Specialist,3,North America,Male,Group A,25-34,1,0,43.5,0.9745,2,82.1,12.5,0.0,20.7,12.69,-0.0184
648,Inside Sales,Go-To-Market,Senior Analyst,3,North America,Female,Group A,25-34,0,1,10.6,0.8988,2,46.6,12.3,23.8,11.3,-22.81,-0.0941
674,Inside Sales,Go-To-Market,Senior Analyst,3,North America,Female,Group E,<25,1,0,34.9,1.0432,4,54.3,8.0,9.1,2.8,-15.11,0.0503
680,Inside Sales,Go-To-Market,Specialist,3,APAC,Female,Group B,25-34,1,0,16.7,1.0345,4,81.5,6.2,0.0,16.7,12.09,0.0416
717,Inside Sales,Go-To-Market,Senior Analyst,3,EMEA,Female,Group B,55+,0,1,3.1,0.8919,2,75.4,5.4,26.8,5.4,5.99,-0.101
733,Inside Sales,Go-To-Market,Specialist,3,North America,Male,Group A,25-34,1,0,17.5,0.9856,3,44.8,8.0,0.0,7.3,-24.61,-0.0073
762,Inside Sales,Go-To-Market,Specialist,3,Latin America,Male,Group D,45-54,0,1,34.1,1.0202,3,63.3,1.4,15.5,19.3,-6.11,0.0273
790,Inside Sales,Go-To-Market,Senior Analyst,3,EMEA,Male,Group B,25-34,1,0,21.1,1.0843,4,65.5,7.7,0.0,19.3,-3.91,0.0914
794,Inside Sales,Go-To-Market,Senior Analyst,3,North America,Male,Group A,25-34,1,0,17.7,0.9413,3,48.8,14.0,12.3,13.7,-20.61,-0.0516
904,Inside Sales,Go-To-Market,Specialist,3,Latin America,Female,Group B,<25,0,1,4.4,0.9607,3,61.3,19.1,4.7,10.5,-8.11,-0.0322
945,Inside Sales,Go-To-Market,Specialist,3,North America,Female,Group D,35-44,1,0,43.6,1.0071,3,51.0,4.9,16.4,27.0,-18.41,0.0142
1178,Inside Sales,Go-To-Market,Specialist,3,North America,Male,Group B,35-44,0,1,3.8,0.9215,2,51.4,14.0,0.0,5.1,-18.01,-0.0714
1192,Inside Sales,Go-To-Market,Specialist,3,North America,Male,Group A,35-44,1,0,33.8,1.0305,2,89.0,11.3,4.7,19.7,19.59,0.0376
1307,Inside Sales,Go-To-Market,Senior Analyst,3,APAC,Female,Group E,35-44,1,0,40.5,0.9167,4,100.0,12.5,8.8,9.6,30.59,-0.0762
1318,Inside Sales,Go-To-Market,Senior Analyst,3,EMEA,Female,Group B,25-34,1,0,46.5,1.0605,4,49.7,9.6,6.5,6.9,-19.71,0.0676
1327,Inside Sales,Go-To-Market,Senior Analyst,3,EMEA,Female,Group E,45-54,1,0,44.6,0.8888,2,73.2,1.7,23.3,10.8,3.79,-0.1041
1329,Inside Sales,Go-To-Market,Specialist,3,EMEA,Male,Group A,<25,1,0,39.8,1.0645,3,61.2,6.1,22.3,10.6,-8.21,0.0716
1340,Inside Sales,Go-To-Market,Specialist,3,North America,Male,Group E,45-54,1,0,8.4,0.9687,2,80.0,25.1,17.6,8.4,10.59,-0.0242
1345,Inside Sales,Go-To-Market,Senior Analyst,3,North America,Male,Group A,25-34,1,0,9.6,1.0585,1,55.3,2.6,29.6,4.9,-14.11,0.0656
1388,Inside Sales,Go-To-Market,Specialist,3,EMEA,Male,Group C,<25,1,0,46.8,1.0472,4,68.2,7.6,9.1,9.5,-1.21,0.0543
1399,Inside Sales,Go-To-Market,Senior Analyst,3,North America,Male,Group D,25-34,1,0,29.6,1.0275,1,54.5,6.9,10.5,29.6,-14.91,0.0346
1450,Inside Sales,Go-To-Market,Senior Analyst,3,North America,Male,Group B,25-34,1,0,36.2,1.0563,4,70.9,5.0,9.2,5.5,1.49,0.0634
1498,Inside Sales,Go-To-Market,Specialist,3,EMEA,Male,Group E,25-34,0,1,5.4,1.0707,3,49.7,7.0,0.0,9.0,-19.71,0.0778
1522,Inside Sales,Go-To-Market,Specialist,3,North America,Male,Group C,35-44,1,0,14.2,0.9238,4,73.2,2.9,0.0,7.8,3.79,-0.0691
1620,Inside Sales,Go-To-Market,Specialist,3,North America,Female,Group D,<25,1,0,42.4,0.9866,2,62.3,3.0,16.2,17.5,-7.11,-0.0063
1654,Inside Sales,Go-To-Market,Senior Analyst,3,APAC,Female,Group A,25-34,1,0,35.7,1.0261,3,54.7,23.5,17.7,9.0,-14.71,0.0332
1661,Inside Sales,Go-To-Market,Senior Analyst,3,Latin America,Male,Group D,25-34,1,0,34.8,1.2255,4,66.8,4.0,0.0,5.4,-2.61,0.2326
1693,Inside Sales,Go-To-Market,Senior Analyst,3,EMEA,Male,Group A,35-44,1,0,24.0,0.8934,2,71.8,5.7,0.0,14.1,2.39,-0.0995
1831,Inside Sales,Go-To-Market,Specialist,3,North America,Female,Group B,35-44,0,1,18.9,0.8099,4,91.9,3.4,12.2,21.3,22.49,-0.183
1949,Inside Sales,Go-To-Market,Senior Analyst,3,APAC,Female,Group B,25-34,1,0,14.5,0.9588,3,70.9,3.5,17.8,6.7,1.49,-0.0341
1984,Inside Sales,Go-To-Market,Specialist,3,Latin America,Male,Group B,45-54,1,0,18.6,0.928,4,65.9,6.8,7.2,10.8,-3.51,-0.0649
1991,Inside Sales,Go-To-Market,Senior Analyst,3,North America,Female,Group A,45-54,1,0,23.7,1.0071,3,80.3,1.8,28.1,18.6,10.89,0.0142
2023,Inside Sales,Go-To-Market,Specialist,3,APAC,Male,Group E,25-34,1,0,41.9,1.1472,5,70.1,26.9,1.4,3.1,0.69,0.1543
2052,Inside Sales,Go-To-Market,Senior Analyst,3,North America,Male,Group C,45-54,1,0,8.4,0.9833,2,53.9,3.9,2.6,8.4,-15.51,-0.0096
2086,Inside Sales,Go-To-Market,Senior Analyst,3,North America,Male,Group E,35-44,1,0,10.5,1.0194,3,53.7,5.1,25.2,10.5,-15.71,0.0265
2156,Inside Sales,Go-To-Market,Senior Analyst,3,EMEA,Female,Group B,55+,1,0,23.3,0.9777,2,39.0,5.8,14.8,23.3,-30.41,-0.0152
2166,Inside Sales,Go-To-Market,Specialist,3,EMEA,Male,Group A,25-34,1,0,33.4,1.1029,3,80.3,3.9,21.8,5.0,10.89,0.11
2169,Inside Sales,Go-To-Market,Specialist,3,North America,Male,Group C,35-44,0,1,38.2,0.912,2,72.8,8.0,5.9,2.6,3.39,-0.0809
2171,Inside Sales,Go-To-Market,Senior Analyst,3,APAC,Female,Group A,35-44,1,0,36.4,0.9079,3,55.1,12.4,2.8,29.4,-14.31,-0.085
2192,Inside Sales,Go-To-Market,Senior Analyst,3,North America,Male,Group D,45-54,1,0,40.3,1.0016,2,75.0,10.7,3.9,32.6,5.59,0.0087
2366,Inside Sales,Go-To-Market,Specialist,3,EMEA,Non-binary,Group A,55+,0,1,13.5,0.9777,3,63.2,15.0,3.8,30.2,-6.21,-0.0152
2401,Inside Sales,Go-To-Market,Specialist,3,North America,Female,Group B,25-34,1,0,14.9,0.8736,4,69.0,4.1,0.0,14.9,-0.41,-0.1193
2445,Inside Sales,Go-To-Market,Senior Analyst,3,EMEA,Female,Group B,55+,1,0,39.9,0.9322,3,59.0,2.2,25.3,3.7,-10.41,-0.0607
2498,Inside Sales,Go-To-Market,Specialist,3,APAC,Male,Group A,35-44,1,0,12.7,0.9083,5,59.4,8.5,13.2,10.9,-10.01,-0.0846
2542,Inside Sales,Go-To-Market,Senior Analyst,3,EMEA,Female,Group E,<25,1,0,48.3,0.9766,3,82.4,10.0,9.2,15.2,12.99,-0.0163
2604,Inside Sales,Go-To-Market,Senior Analyst,3,APAC,Male,Group C,35-44,0,1,0.8,1.1252,2,65.5,10.3,8.9,2.2,-3.91,0.1323
2648,Inside Sales,Go-To-Market,Senior Analyst,3,North America,Male,Group A,<25,0,1,21.3,0.8425,3,74.2,5.5,0.0,11.0,4.79,-0.1504
2662,Inside Sales,Go-To-Market,Senior Analyst,3,APAC,Female,Group B,35-44,1,0,28.2,1.005,5,92.0,6.4,0.0,9.9,22.59,0.0121
2698,Inside Sales,Go-To-Market,Senior Analyst,3,North America,Female,Group B,35-44,1,0,1.2,0.9632,4,59.9,11.6,0.0,1.2,-9.51,-0.0297
2721,Inside Sales,Go-To-Market,Senior Analyst,3,EMEA,Non-binary,Group A,25-34,1,0,17.3,0.9735,4,58.4,8.1,6.9,17.3,-11.01,-0.0194
9,Inside Sales,Go-To-Market,Senior Specialist,4,EMEA,Male,Group D,<25,1,0,45.5,1.0182,3,73.5,3.1,34.8,15.5,4.09,0.0283
178,Inside Sales,Go-To-Market,Senior Specialist,4,North America,Male,Group B,45-54,0,1,28.0,0.9143,2,85.1,21.7,3.6,21.4,15.69,-0.0756
264,Inside Sales,Go-To-Market,Senior Specialist,4,Latin America,Male,Group A,25-34,0,1,10.5,1.0851,2,31.0,1.6,4.0,1.7,-38.41,0.0952
381,Inside Sales,Go-To-Market,Senior Specialist,4,APAC,Female,Group C,35-44,1,0,7.8,0.83,4,97.1,12.0,3.3,7.8,27.69,-0.1599
498,Inside Sales,Go-To-Market,Senior Specialist,4,EMEA,Female,Group C,45-54,1,0,7.2,1.0554,2,81.0,3.2,10.4,7.2,11.59,0.0655
511,Inside Sales,Go-To-Market,Senior Specialist,4,APAC,Female,Group D,35-44,0,1,29.3,1.0134,3,56.5,12.0,9.5,0.8,-12.91,0.0235
520,Inside Sales,Go-To-Market,Senior Specialist,4,North America,Male,Group E,25-34,0,1,28.6,0.9816,4,61.4,4.0,8.5,26.8,-8.01,-0.0083
523,Inside Sales,Go-To-Market,Senior Specialist,4,North America,Male,Group A,55+,1,0,18.2,1.0663,4,62.5,11.8,8.4,18.2,-6.91,0.0764
588,Inside Sales,Go-To-Market,Senior Specialist,4,North America,Female,Group E,25-34,1,0,42.4,1.0102,2,74.3,14.1,11.2,10.5,4.89,0.0203
700,Inside Sales,Go-To-Market,Senior Specialist,4,North America,Male,Group B,45-54,1,0,49.8,0.9557,1,82.9,11.0,20.6,22.1,13.49,-0.0342
862,Inside Sales,Go-To-Market,Senior Specialist,4,North America,Male,Group A,35-44,1,0,49.9,1.0306,3,81.2,20.6,0.0,23.7,11.79,0.0407
876,Inside Sales,Go-To-Market,Senior Specialist,4,APAC,Non-binary,Group A,35-44,1,0,8.6,0.931,2,60.0,15.4,20.9,8.6,-9.41,-0.0589
934,Inside Sales,Go-To-Market,Senior Specialist,4,APAC,Male,Group B,35-44,0,1,2.1,1.0733,4,75.4,6.2,7.3,10.0,5.99,0.0834
991,Inside Sales,Go-To-Market,Senior Specialist,4,North America,Female,Group B,35-44,0,1,29.7,0.9299,2,54.2,3.9,2.9,11.2,-15.21,-0.06
1491,Inside Sales,Go-To-Market,Senior Specialist,4,North America,Male,Group D,35-44,1,0,39.8,0.9511,2,66.8,6.8,22.6,34.1,-2.61,-0.0388
1538,Inside Sales,Go-To-Market,Senior Specialist,4,EMEA,Male,Group C,25-34,1,0,1.0,1.0315,4,79.5,1.9,11.9,1.0,10.09,0.0416
1583,Inside Sales,Go-To-Market,Senior Specialist,4,EMEA,Male,Group A,35-44,1,0,44.2,0.9924,3,95.3,6.2,14.9,44.2,25.89,0.0025
1627,Inside Sales,Go-To-Market,Senior Specialist,4,North America,Male,Group D,35-44,1,0,9.3,1.0512,3,95.3,8.1,16.1,9.3,25.89,0.0613
1707,Inside Sales,Go-To-Market,Senior Specialist,4,North America,Female,Group E,25-34,0,1,4.2,0.8789,3,57.9,12.3,5.3,10.5,-11.51,-0.111
1775,Inside Sales,Go-To-Market,Senior Specialist,4,APAC,Male,Group D,25-34,1,0,27.5,1.0972,3,48.6,4.0,0.0,5.0,-20.81,0.1073
1872,Inside Sales,Go-To-Market,Senior Specialist,4,North America,Female,Group B,25-34,0,1,27.8,0.96,2,59.0,5.4,0.0,22.3,-10.41,-0.0299
2107,Inside Sales,Go-To-Market,Senior Specialist,4,APAC,Female,Group E,25-34,0,1,29.9,0.9993,3,67.8,24.8,2.7,22.8,-1.61,0.0094
2265,Inside Sales,Go-To-Market,Senior Specialist,4,North America,Female,Group C,45-54,1,0,47.9,0.9652,5,79.8,6.5,0.0,47.9,10.39,-0.0247
2408,Inside Sales,Go-To-Market,Senior Specialist,4,APAC,Male,Group D,45-54,0,1,49.0,1.0204,4,57.8,4.4,0.0,3.6,-11.61,0.0305
2410,Inside Sales,Go-To-Market,Senior Specialist,4,EMEA,Female,Group A,25-34,1,0,24.7,1.0792,3,68.6,4.2,0.0,14.1,-0.81,0.0893
2416,Inside Sales,Go-To-Market,Senior Specialist,4,EMEA,Female,Group C,25-34,1,0,9.5,0.9997,4,58.5,1.6,0.9,2.4,-10.91,0.0098
2526,Inside Sales,Go-To-Market,Senior Specialist,4,APAC,Male,Group C,35-44,1,0,21.5,1.0169,4,38.8,6.8,8.4,3.9,-30.61,0.027
2759,Inside Sales,Go-To-Market,Senior Specialist,4,North America,Female,Group B,<25,1,0,27.6,1.0347,5,75.2,3.2,8.3,4.4,5.79,0.0448
18,Inside Sales,Go-To-Market,Lead,5,North America,Female,Group E,<25,1,0,30.2,0.9418,3,81.6,5.3,2.5,22.5,12.19,-0.05
63,Inside Sales,Go-To-Market,Lead,5,EMEA,Male,Group B,<25,1,0,39.8,1.1035,3,61.5,3.9,0.0,28.8,-7.91,0.1117
145,Inside Sales,Go-To-Market,Lead,5,North America,Female,Group C,25-34,1,0,35.7,0.9737,4,79.4,12.1,0.0,1.1,9.99,-0.0181
411,Inside Sales,Go-To-Market,Lead,5,APAC,Female,Group A,45-54,0,1,5.1,0.9667,2,81.8,1.9,9.5,5.8,12.39,-0.0251
568,Inside Sales,Go-To-Market,Lead,5,APAC,Non-binary,Group B,55+,0,1,1.0,1.1514,2,63.2,9.6,11.0,6.5,-6.21,0.1596
672,Inside Sales,Go-To-Market,Lead,5,Latin America,Male,Group E,25-34,1,0,15.2,0.9735,4,100.0,16.1,22.7,5.9,30.59,-0.0183
714,Inside Sales,Go-To-Market,Lead,5,APAC,Female,Group E,35-44,1,0,27.6,1.0082,3,56.2,8.2,5.7,4.8,-13.21,0.0164
740,Inside Sales,Go-To-Market,Lead,5,APAC,Female,Group E,25-34,1,0,39.9,1.0493,3,39.2,16.1,8.0,13.0,-30.21,0.0575
752,Inside Sales,Go-To-Market,Lead,5,North America,Female,Group A,45-54,1,0,33.5,0.8866,4,88.2,2.8,5.2,8.7,18.79,-0.1052
852,Inside Sales,Go-To-Market,Lead,5,North America,Female,Group B,<25,1,0,69.4,0.9101,4,88.8,4.3,14.1,25.6,19.39,-0.0817
1065,Inside Sales,Go-To-Market,Lead,5,North America,Female,Group A,45-54,1,0,27.2,0.8907,4,84.8,6.5,17.0,5.1,15.39,-0.1011
1160,Inside Sales,Go-To-Market,Lead,5,North America,Male,Group E,55+,0,1,5.7,1.1427,3,59.1,11.0,16.0,10.3,-10.31,0.1509
1326,Inside Sales,Go-To-Market,Lead,5,APAC,Female,Group C,55+,0,1,26.4,1.177,3,59.3,9.8,14.3,3.3,-10.11,0.1852
1445,Inside Sales,Go-To-Market,Lead,5,APAC,Female,Group A,35-44,0,1,7.1,1.0301,3,52.2,15.5,13.2,8.8,-17.21,0.0383
1508,Inside Sales,Go-To-Market,Lead,5,North America,Male,Group D,25-34,0,1,6.5,1.0831,3,80.1,3.1,6.1,7.5,10.69,0.0913
1578,Inside Sales,Go-To-Market,Lead,5,North America,Male,Group B,55+,1,0,67.1,1.0879,3,71.5,2.9,0.0,5.6,2.09,0.0961
1612,Inside Sales,Go-To-Market,Lead,5,North America,Female,Group B,55+,1,0,72.3,1.026,4,79.6,9.5,4.6,32.9,10.19,0.0342
1880,Inside Sales,Go-To-Market,Lead,5,APAC,Male,Group A,25-34,1,0,51.3,1.0111,1,56.8,11.7,9.7,7.5,-12.61,0.0193
1906,Inside Sales,Go-To-Market,Lead,5,EMEA,Female,Group A,<25,1,0,38.1,0.9172,3,60.7,4.0,26.2,7.6,-8.71,-0.0746
2432,Inside Sales,Go-To-Market,Lead,5,North America,Male,Group A,45-54,1,0,54.3,1.0161,4,82.0,11.4,6.7,26.0,12.59,0.0243
2503,Inside Sales,Go-To-Market,Lead,5,North America,Male,Group E,35-44,1,0,39.9,1.1424,3,81.5,7.2,0.0,21.0,12.09,0.1506
2745,Inside Sales,Go-To-Market,Lead,5,North America,Female,Group D,25-34,1,0,38.2,0.9124,3,53.7,9.1,6.4,8.5,-15.71,-0.0794
2763,Inside Sales,Go-To-Market,Lead,5,APAC,Male,Group A,45-54,1,0,15.7,0.9715,2,72.8,0.8,5.0,15.2,3.39,-0.0203
137,Inside Sales,Go-To-Market,Manager,6,North America,Female,Group C,25-34,0,1,24.9,0.958,3,74.6,29.5,4.7,3.0,5.19,-0.0346
166,Inside Sales,Go-To-Market,Manager,6,North America,Female,Group B,35-44,0,1,8.0,0.9607,3,66.9,7.8,22.2,6.0,-2.51,-0.0319
191,Inside Sales,Go-To-Market,Manager,6,North America,Male,Group A,35-44,0,1,58.1,0.9763,3,79.1,13.6,38.1,0.7,9.69,-0.0163
272,Inside Sales,Go-To-Market,Manager,6,EMEA,Male,Group C,35-44,1,0,41.9,1.0432,3,61.9,6.5,0.0,5.8,-7.51,0.0506
538,Inside Sales,Go-To-Market,Manager,6,North America,Non-binary,Group A,25-34,0,1,2.3,0.8397,3,86.7,8.8,2.0,7.7,17.29,-0.1529
713,Inside Sales,Go-To-Market,Manager,6,North America,Male,Group D,25-34,1,0,41.9,1.0065,4,46.7,4.3,4.8,41.9,-22.71,0.0139
886,Inside Sales,Go-To-Market,Manager,6,EMEA,Male,Group E,45-54,1,0,60.2,1.0364,3,87.5,5.7,2.5,6.6,18.09,0.0438
932,Inside Sales,Go-To-Market,Manager,6,North America,Female,Group B,35-44,0,1,28.7,0.9127,1,71.0,4.6,1.3,15.4,1.59,-0.0799
1285,Inside Sales,Go-To-Market,Manager,6,APAC,Female,Group B,25-34,1,0,39.5,0.9311,3,69.9,10.6,21.0,30.5,0.49,-0.0615
1650,Inside Sales,Go-To-Market,Manager,6,EMEA,Female,Group B,25-34,1,0,51.9,0.8154,2,49.6,5.1,17.0,3.8,-19.81,-0.1772
1899,Inside Sales,Go-To-Market,Manager,6,North America,Male,Group A,25-34,1,0,39.0,0.9806,2,64.3,8.4,0.0,14.9,-5.11,-0.012
1958,Inside Sales,Go-To-Market,Manager,6,APAC,Male,Group D,35-44,0,1,23.0,1.1438,3,37.1,7.3,0.0,17.6,-32.31,0.1512
2158,Inside Sales,Go-To-Market,Manager,6,EMEA,Male,Group C,25-34,1,0,56.9,0.9495,3,53.9,3.1,0.0,11.8,-15.51,-0.0431
2447,Inside Sales,Go-To-Market,Manager,6,North America,Male,Group A,35-44,1,0,7.9,0.9527,4,42.5,12.2,12.9,2.5,-26.91,-0.0399
2462,Inside Sales,Go-To-Market,Manager,6,APAC,Male,Group D,35-44,1,0,2.7,1.0642,4,68.8,1.2,12.7,2.7,-0.61,0.0716
2695,Inside Sales,Go-To-Market,Manager,6,APAC,Male,Group A,<25,1,0,47.9,0.9058,3,77.7,4.6,6.7,3.6,8.29,-0.0868
2751,Inside Sales,Go-To-Market,Manager,6,North America,Female,Group D,25-34,1,0,86.4,0.852,2,94.4,5.5,0.0,26.3,24.99,-0.1406
2778,Inside Sales,Go-To-Market,Manager,6,North America,Female,Group A,25-34,0,1,30.7,0.8324,2,59.9,4.1,5.9,4.6,-9.51,-0.1602
219,Inside Sales,Go-To-Market,Senior Manager,7,North America,Male,Group A,35-44,1,0,67.9,1.0738,5,73.3,9.0,0.0,39.1,3.89,0.0695
268,Inside Sales,Go-To-Market,Senior Manager,7,North America,Female,Group E,25-34,1,0,19.2,0.9436,3,82.3,15.0,18.6,7.5,12.89,-0.0607
305,Inside Sales,Go-To-Market,Senior Manager,7,EMEA,Female,Group A,25-34,1,0,19.3,1.0003,4,75.1,7.5,9.1,7.7,5.69,-0.004
598,Inside Sales,Go-To-Market,Senior Manager,7,APAC,Female,Group D,45-54,0,1,4.6,0.8941,5,88.7,7.5,0.0,2.6,19.29,-0.1102
609,Inside Sales,Go-To-Market,Senior Manager,7,North America,Male,Group C,35-44,1,0,63.5,1.0136,4,78.7,1.3,9.8,35.3,9.29,0.0093
784,Inside Sales,Go-To-Market,Senior Manager,7,North America,Male,Group D,35-44,0,1,49.0,1.1198,2,69.7,9.2,17.6,9.4,0.29,0.1155
916,Inside Sales,Go-To-Market,Senior Manager,7,Latin America,Female,Group D,25-34,1,0,37.0,0.96,3,55.1,5.9,8.4,15.0,-14.31,-0.0443
941,Inside Sales,Go-To-Market,Senior Manager,7,APAC,Non-binary,Group B,25-34,1,0,14.9,1.0585,3,100.0,7.4,0.0,14.9,30.59,0.0542
949,Inside Sales,Go-To-Market,Senior Manager,7,North America,Male,Group A,35-44,1,0,48.8,1.0641,2,65.3,8.4,15.2,7.3,-4.11,0.0598
1078,Inside Sales,Go-To-Market,Senior Manager,7,APAC,Male,Group D,25-34,1,0,59.7,1.0441,3,88.3,17.8,11.5,37.1,18.89,0.0398
1216,Inside Sales,Go-To-Market,Senior Manager,7,North America,Male,Group A,35-44,1,0,31.0,0.9604,3,76.3,4.1,11.4,3.5,6.89,-0.0439
1236,Inside Sales,Go-To-Market,Senior Manager,7,North America,Male,Group C,25-34,1,0,85.0,0.9728,3,94.3,3.0,11.0,14.3,24.89,-0.0315
1733,Inside Sales,Go-To-Market,Senior Manager,7,APAC,Female,Group D,35-44,1,0,39.2,0.8506,1,38.7,14.9,9.2,5.4,-30.71,-0.1537
2437,Inside Sales,Go-To-Market,Senior Manager,7,APAC,Non-binary,Group D,25-34,1,0,9.6,1.0144,3,55.8,9.3,13.1,9.6,-13.61,0.0101
77,Inside Sales,Go-To-Market,Director,8,North America,Female,Group A,<25,1,0,88.8,1.0883,3,59.2,11.5,22.4,13.7,-10.21,0.0934
737,Inside Sales,Go-To-Market,Director,8,APAC,Male,Group A,25-34,0,1,30.6,0.8489,2,65.4,16.3,0.0,41.1,-4.01,-0.146
998,Inside Sales,Go-To-Market,Director,8,North America,Female,Group A,25-34,1,0,96.2,0.9271,4,90.2,13.4,0.0,41.4,20.79,-0.0678
1966,Inside Sales,Go-To-Market,Director,8,North America,Female,Group A,35-44,1,0,69.6,1.0481,3,74.8,2.1,21.7,11.3,5.39,0.0532
2273,Inside Sales,Go-To-Market,Director,8,APAC,Female,Group A,<25,0,1,84.2,0.9557,3,51.3,4.2,0.0,19.6,-18.11,-0.0392
22,Manufacturing,Operations,Associate,1,EMEA,Female,Group A,55+,1,0,5.7,0.8719,4,57.9,9.0,21.0,5.7,-10.92,-0.1243
339,Manufacturing,Operations,Associate,1,North America,Female,Group B,45-54,0,1,5.0,0.9761,4,61.8,6.7,0.0,5.6,-7.02,-0.0201
391,Manufacturing,Operations,Associate,1,APAC,Male,Group A,55+,1,0,18.3,0.9814,3,72.6,7.2,5.1,9.3,3.78,-0.0148
429,Manufacturing,Operations,Associate,1,APAC,Female,Group B,25-34,1,0,5.4,0.9947,3,61.5,6.4,18.6,5.4,-7.32,-0.0015
754,Manufacturing,Operations,Associate,1,North America,Male,Group B,35-44,1,0,13.6,0.9343,4,78.6,7.5,20.5,11.6,9.78,-0.0619
788,Manufacturing,Operations,Associate,1,APAC,Male,Group C,55+,1,0,18.1,0.8763,4,93.9,9.7,6.9,18.1,25.08,-0.1199
819,Manufacturing,Operations,Associate,1,North America,Male,Group A,25-34,1,0,12.2,1.0015,3,56.1,4.5,14.5,12.2,-12.72,0.0053
843,Manufacturing,Operations,Associate,1,APAC,Male,Group C,45-54,1,0,13.0,0.9635,3,66.9,10.1,7.0,13.0,-1.92,-0.0327
910,Manufacturing,Operations,Associate,1,Latin America,Female,Group C,25-34,1,0,14.6,0.9897,3,80.9,5.0,20.9,14.6,12.08,-0.0065
938,Manufacturing,Operations,Associate,1,North America,Male,Group C,35-44,1,0,3.8,1.0096,3,84.3,4.9,1.8,3.8,15.48,0.0134
953,Manufacturing,Operations,Associate,1,North America,Male,Group C,35-44,0,1,6.0,0.982,5,81.4,5.0,5.9,7.6,12.58,-0.0142
962,Manufacturing,Operations,Associate,1,North America,Male,Group A,25-34,0,1,2.4,1.064,2,93.2,5.3,7.4,3.7,24.38,0.0678
1000,Manufacturing,Operations,Associate,1,North America,Male,Group A,55+,1,0,22.6,1.0596,2,81.3,12.2,10.7,22.6,12.48,0.0634
1198,Manufacturing,Operations,Associate,1,APAC,Female,Group E,25-34,1,0,8.4,1.0942,5,72.0,2.3,32.8,8.4,3.18,0.098
1356,Manufacturing,Operations,Associate,1,North America,Male,Group C,45-54,1,0,4.5,1.117,2,44.4,15.7,3.0,4.5,-24.42,0.1208
1379,Manufacturing,Operations,Associate,1,North America,Male,Group A,25-34,1,0,3.3,1.0143,4,67.6,9.7,16.8,3.3,-1.22,0.0181
1395,Manufacturing,Operations,Associate,1,North America,Female,Group D,35-44,1,0,8.0,0.9731,4,69.5,1.9,1.8,8.0,0.68,-0.0231
1587,Manufacturing,Operations,Associate,1,North America,Female,Group A,25-34,1,0,8.4,0.9742,4,66.6,10.5,25.7,0.9,-2.22,-0.022
1599,Manufacturing,Operations,Associate,1,APAC,Male,Group B,25-34,1,0,3.8,1.1182,4,53.4,7.2,4.0,3.8,-15.42,0.122
1683,Manufacturing,Operations,Associate,1,APAC,Female,Group E,25-34,0,1,2.1,1.008,1,67.3,6.1,0.0,4.6,-1.52,0.0118
1811,Manufacturing,Operations,Associate,1,North America,Female,Group A,35-44,1,0,9.4,0.8872,4,67.2,3.2,33.3,9.4,-1.62,-0.109
1824,Manufacturing,Operations,Associate,1,APAC,Female,Group C,35-44,1,0,20.6,0.9151,2,72.4,5.8,6.5,10.9,3.58,-0.0811
1860,Manufacturing,Operations,Associate,1,APAC,Male,Group D,25-34,1,0,1.2,1.0809,3,82.7,2.9,10.3,1.2,13.88,0.0847
1887,Manufacturing,Operations,Associate,1,EMEA,Male,Group A,<25,1,0,13.7,1.0652,2,81.7,7.1,0.0,4.8,12.88,0.069
1894,Manufacturing,Operations,Associate,1,APAC,Female,Group C,35-44,0,1,8.9,0.8621,3,78.7,6.5,0.0,10.6,9.88,-0.1341
1902,Manufacturing,Operations,Associate,1,North America,Female,Group A,35-44,1,0,6.1,1.0484,2,51.7,5.6,0.9,6.1,-17.12,0.0522
2288,Manufacturing,Operations,Associate,1,North America,Male,Group C,25-34,1,0,7.4,1.0454,3,64.2,8.2,6.2,6.5,-4.62,0.0492
2334,Manufacturing,Operations,Associate,1,APAC,Male,Group A,35-44,0,1,3.2,0.9416,4,85.3,14.5,13.1,8.6,16.48,-0.0546
2390,Manufacturing,Operations,Associate,1,North America,Female,Group A,35-44,0,1,5.8,0.9154,5,55.8,1.4,14.7,6.2,-13.02,-0.0808
2421,Manufacturing,Operations,Associate,1,North America,Female,Group B,25-34,1,0,18.5,1.0305,3,49.3,5.3,24.4,6.4,-19.52,0.0343
2518,Manufacturing,Operations,Associate,1,North America,Female,Group A,35-44,1,0,3.0,0.8762,3,79.7,15.8,4.2,3.0,10.88,-0.12
2571,Manufacturing,Operations,Associate,1,Latin America,Male,Group E,25-34,1,0,12.9,0.9568,2,51.5,12.7,8.4,8.8,-17.32,-0.0394
2655,Manufacturing,Operations,Associate,1,APAC,Female,Group D,25-34,1,0,3.6,0.8621,4,95.6,5.4,9.7,3.6,26.78,-0.1341
2676,Manufacturing,Operations,Associate,1,Latin America,Male,Group A,25-34,1,0,5.5,0.9897,4,53.8,3.4,9.3,5.5,-15.02,-0.0065
2741,Manufacturing,Operations,Associate,1,North America,Male,Group B,35-44,1,0,1.3,1.0076,4,49.5,5.4,0.0,1.3,-19.32,0.0114
2796,Manufacturing,Operations,Associate,1,APAC,Male,Group B,35-44,0,1,1.2,0.8687,3,79.1,6.9,9.4,1.4,10.28,-0.1275
50,Manufacturing,Operations,Analyst,2,North America,Male,Group E,25-34,1,0,9.5,1.0049,5,56.8,14.2,1.1,4.4,-12.02,0.0184
213,Manufacturing,Operations,Analyst,2,EMEA,Female,Group B,45-54,1,0,34.8,0.8992,2,67.4,21.5,2.2,10.6,-1.42,-0.0873
333,Manufacturing,Operations,Analyst,2,North America,Male,Group A,25-34,0,1,5.0,0.958,3,89.3,12.5,0.0,5.7,20.48,-0.0285
418,Manufacturing,Operations,Analyst,2,EMEA,Male,Group C,45-54,1,0,21.1,1.0439,5,73.9,9.0,34.4,19.1,5.08,0.0574
436,Manufacturing,Operations,Analyst,2,North America,Male,Group A,<25,1,0,23.9,1.1278,4,63.0,10.1,0.0,5.7,-5.82,0.1413
447,Manufacturing,Operations,Analyst,2,North America,Female,Group B,35-44,1,0,26.8,0.8667,4,52.5,18.8,24.2,9.1,-16.32,-0.1198
639,Manufacturing,Operations,Analyst,2,North America,Male,Group C,55+,1,0,13.1,1.1215,4,80.2,9.0,24.8,4.9,11.38,0.135
660,Manufacturing,Operations,Analyst,2,North America,Male,Group D,35-44,1,0,23.5,0.9379,3,64.6,5.5,8.1,12.5,-4.22,-0.0486
698,Manufacturing,Operations,Analyst,2,APAC,Male,Group A,35-44,1,0,6.6,0.954,3,69.4,2.0,2.7,6.6,0.58,-0.0325
728,Manufacturing,Operations,Analyst,2,APAC,Male,Group B,35-44,1,0,21.2,1.0711,1,81.7,10.2,0.0,7.9,12.88,0.0846
739,Manufacturing,Operations,Analyst,2,North America,Male,Group E,35-44,1,0,27.3,1.0575,3,62.6,4.3,0.0,15.1,-6.22,0.071
744,Manufacturing,Operations,Analyst,2,Latin America,Male,Group A,45-54,1,0,29.8,1.0754,3,38.5,5.2,8.0,29.8,-30.32,0.0889
779,Manufacturing,Operations,Analyst,2,APAC,Male,Group B,25-34,0,1,30.8,0.9484,4,63.9,8.0,29.7,11.3,-4.92,-0.0381
781,Manufacturing,Operations,Analyst,2,North America,Male,Group E,25-34,0,1,19.3,1.1078,2,54.7,10.3,20.1,25.5,-14.12,0.1213
795,Manufacturing,Operations,Analyst,2,North America,Female,Group A,25-34,1,0,30.9,1.0375,4,72.7,6.7,5.6,4.9,3.88,0.051
877,Manufacturing,Operations,Analyst,2,APAC,Female,Group D,35-44,1,0,34.2,1.0763,3,78.2,9.5,38.7,18.6,9.38,0.0898
980,Manufacturing,Operations,Analyst,2,APAC,Male,Group B,35-44,0,1,9.8,1.1336,3,62.7,8.6,0.0,18.0,-6.12,0.1471
1035,Manufacturing,Operations,Analyst,2,North America,Male,Group E,<25,0,1,7.4,0.9818,3,58.0,1.5,0.0,18.3,-10.82,-0.0047
1044,Manufacturing,Operations,Analyst,2,APAC,Female,Group C,45-54,1,0,20.7,1.0419,4,82.4,1.9,25.5,20.7,13.58,0.0554
1066,Manufacturing,Operations,Analyst,2,Latin America,Male,Group A,45-54,1,0,8.2,0.9904,3,56.6,7.7,39.1,3.9,-12.22,0.0039
1144,Manufacturing,Operations,Analyst,2,North America,Non-binary,Group A,45-54,0,1,2.7,1.0189,2,62.6,6.4,0.0,5.7,-6.22,0.0324
1170,Manufacturing,Operations,Analyst,2,EMEA,Female,Group B,45-54,1,0,1.1,0.8667,3,47.8,11.6,0.0,1.1,-21.02,-0.1198
1259,Manufacturing,Operations,Analyst,2,APAC,Male,Group D,35-44,1,0,18.5,1.0157,3,59.4,2.5,22.6,17.3,-9.42,0.0292
1302,Manufacturing,Operations,Analyst,2,EMEA,Female,Group C,55+,1,0,13.5,1.0593,5,56.4,2.0,11.9,2.2,-12.42,0.0728
1400,Manufacturing,Operations,Analyst,2,APAC,Female,Group A,35-44,1,0,7.1,0.8412,2,55.7,18.6,8.4,7.1,-13.12,-0.1453
1409,Manufacturing,Operations,Analyst,2,North America,Female,Group B,25-34,1,0,24.9,0.9338,4,81.6,6.7,14.8,15.3,12.78,-0.0527
1422,Manufacturing,Operations,Analyst,2,APAC,Female,Group C,25-34,1,0,27.9,1.0658,3,61.3,5.8,4.4,12.5,-7.52,0.0793
1442,Manufacturing,Operations,Analyst,2,North America,Female,Group E,25-34,1,0,36.3,0.9045,5,89.5,14.6,0.0,7.9,20.68,-0.082
1446,Manufacturing,Operations,Analyst,2,EMEA,Female,Group A,35-44,1,0,16.3,1.1158,3,84.3,8.6,6.3,13.6,15.48,0.1293
1461,Manufacturing,Operations,Analyst,2,APAC,Male,Group B,35-44,0,1,11.4,0.9528,4,69.2,7.4,0.0,12.5,0.38,-0.0337
1471,Manufacturing,Operations,Analyst,2,APAC,Female,Group A,45-54,1,0,5.7,1.0397,5,38.3,1.3,19.7,5.7,-30.52,0.0532
1552,Manufacturing,Operations,Analyst,2,APAC,Female,Group D,35-44,1,0,34.6,0.9404,3,74.0,8.0,33.0,26.2,5.18,-0.0461
1709,Manufacturing,Operations,Analyst,2,EMEA,Female,Group A,45-54,1,0,32.3,0.9245,2,71.3,13.2,7.9,12.7,2.48,-0.062
1916,Manufacturing,Operations,Analyst,2,Latin America,Male,Group B,25-34,1,0,6.7,0.9978,4,64.8,7.4,12.6,6.7,-4.02,0.0113
2053,Manufacturing,Operations,Analyst,2,EMEA,Male,Group A,55+,0,1,5.4,0.9157,3,72.1,3.3,0.0,5.6,3.28,-0.0708
2083,Manufacturing,Operations,Analyst,2,North America,Male,Group B,35-44,1,0,9.7,0.9062,4,81.3,2.1,0.0,9.7,12.48,-0.0803
2102,Manufacturing,Operations,Analyst,2,North America,Male,Group B,45-54,1,0,30.5,0.8399,3,65.4,3.0,10.2,18.8,-3.42,-0.1466
2106,Manufacturing,Operations,Analyst,2,APAC,Male,Group C,35-44,0,1,0.7,0.8412,3,92.8,7.0,51.2,1.2,23.98,-0.1453
2108,Manufacturing,Operations,Analyst,2,APAC,Male,Group B,25-34,1,0,13.3,1.0397,3,73.1,15.1,0.0,8.6,4.28,0.0532
2202,Manufacturing,Operations,Analyst,2,North America,Male,Group D,35-44,0,1,4.4,0.9616,3,60.2,4.0,31.7,5.6,-8.62,-0.0249
2243,Manufacturing,Operations,Analyst,2,APAC,Female,Group C,25-34,1,0,26.1,0.9764,3,63.2,13.8,12.2,8.2,-5.62,-0.0101
2314,Manufacturing,Operations,Analyst,2,APAC,Non-binary,Group C,35-44,1,0,2.6,1.0188,2,88.2,14.4,0.0,2.6,19.38,0.0323
2318,Manufacturing,Operations,Analyst,2,APAC,Male,Group A,25-34,1,0,20.0,0.9259,4,54.9,11.9,2.4,20.0,-13.92,-0.0606
2360,Manufacturing,Operations,Analyst,2,North America,Male,Group C,25-34,1,0,3.7,1.0576,4,95.6,2.7,5.9,3.7,26.78,0.0711
2466,Manufacturing,Operations,Analyst,2,Latin America,Male,Group C,<25,1,0,36.3,1.0791,2,44.7,8.6,12.8,8.5,-24.12,0.0926
2506,Manufacturing,Operations,Analyst,2,North America,Female,Group C,35-44,1,0,28.5,0.8491,5,76.2,4.0,13.8,13.1,7.38,-0.1374
2543,Manufacturing,Operations,Analyst,2,North America,Male,Group B,55+,1,0,13.3,0.9591,2,63.9,17.2,27.9,13.3,-4.92,-0.0274
2603,Manufacturing,Operations,Analyst,2,North America,Male,Group A,45-54,1,0,25.4,0.9774,4,51.2,10.8,7.3,25.4,-17.62,-0.0091
2610,Manufacturing,Operations,Analyst,2,EMEA,Female,Group D,25-34,0,1,2.6,1.1646,3,13.0,10.4,17.1,4.7,-55.82,0.1781
2656,Manufacturing,Operations,Analyst,2,EMEA,Female,Group D,25-34,0,1,15.8,0.807,3,58.1,3.6,5.1,16.7,-10.72,-0.1795
2726,Manufacturing,Operations,Analyst,2,North America,Non-binary,Group E,35-44,1,0,10.4,1.0939,3,56.8,10.3,21.1,9.1,-12.02,0.1074
5,Manufacturing,Operations,Senior Analyst,3,North America,Female,Group A,35-44,1,0,27.2,0.9345,4,84.8,7.9,0.0,24.3,15.98,-0.0584
55,Manufacturing,Operations,Specialist,3,APAC,Male,Group D,45-54,0,1,0.8,1.0272,4,91.2,3.2,12.4,2.1,22.38,0.0343
140,Manufacturing,Operations,Specialist,3,North America,Male,Group A,35-44,0,1,15.4,0.9107,2,55.9,5.4,40.4,25.7,-12.92,-0.0822
172,Manufacturing,Operations,Specialist,3,EMEA,Male,Group A,35-44,0,1,9.8,1.1135,2,100.0,1.6,36.8,11.7,31.18,0.1206
184,Manufacturing,Operations,Senior Analyst,3,North America,Female,Group A,25-34,1,0,39.8,0.8549,5,77.5,4.7,0.0,6.0,8.68,-0.138
242,Manufacturing,Operations,Specialist,3,North America,Male,Group D,25-34,1,0,42.6,1.0329,3,71.4,7.1,0.0,26.8,2.58,0.04
243,Manufacturing,Operations,Senior Analyst,3,APAC,Female,Group A,25-34,1,0,2.2,1.0117,5,66.1,12.8,5.3,2.2,-2.72,0.0188
335,Manufacturing,Operations,Senior Analyst,3,North America,Male,Group A,<25,1,0,6.3,1.0179,3,49.4,8.7,0.0,6.3,-19.42,0.025
348,Manufacturing,Operations,Senior Analyst,3,North America,Male,Group D,45-54,1,0,19.9,0.8561,4,59.8,5.5,0.0,9.1,-9.02,-0.1368
377,Manufacturing,Operations,Senior Analyst,3,North America,Female,Group B,25-34,0,1,7.7,0.8793,3,54.6,2.4,2.5,15.7,-14.22,-0.1136
437,Manufacturing,Operations,Senior Analyst,3,North America,Male,Group E,<25,1,0,9.3,1.0423,3,79.5,15.5,0.0,9.3,10.68,0.0494
445,Manufacturing,Operations,Senior Analyst,3,Latin America,Male,Group D,25-34,1,0,36.9,1.0589,5,61.4,6.7,10.1,36.9,-7.42,0.066
474,Manufacturing,Operations,Senior Analyst,3,EMEA,Female,Group A,45-54,1,0,3.4,1.0055,3,80.2,11.0,9.6,3.4,11.38,0.0126
513,Manufacturing,Operations,Specialist,3,North America,Male,Group A,35-44,1,0,23.9,1.1976,4,78.9,9.6,2.3,7.8,10.08,0.2047
516,Manufacturing,Operations,Specialist,3,North America,Male,Group E,55+,1,0,23.2,1.0048,3,57.0,3.5,3.9,23.2,-11.82,0.0119
531,Manufacturing,Operations,Senior Analyst,3,North America,Female,Group B,<25,1,0,22.8,0.963,3,87.1,3.4,21.4,4.6,18.28,-0.0299
735,Manufacturing,Operations,Senior Analyst,3,EMEA,Male,Group C,35-44,0,1,8.7,0.9508,1,79.8,1.6,11.8,27.6,10.98,-0.0421
816,Manufacturing,Operations,Specialist,3,North America,Non-binary,Group A,<25,1,0,11.8,1.0195,3,86.9,7.9,22.0,11.8,18.08,0.0266
867,Manufacturing,Operations,Senior Analyst,3,APAC,Female,Group C,35-44,0,1,40.2,0.9033,4,72.9,23.8,20.7,14.5,4.08,-0.0896
959,Manufacturing,Operations,Specialist,3,APAC,Male,Group C,35-44,1,0,8.5,0.9083,3,88.6,17.6,3.9,8.5,19.78,-0.0846
1036,Manufacturing,Operations,Senior Analyst,3,North America,Female,Group E,55+,1,0,5.0,0.9296,4,73.5,5.6,0.0,5.0,4.68,-0.0633
1049,Manufacturing,Operations,Senior Analyst,3,Latin America,Female,Group B,25-34,1,0,3.0,0.8804,3,59.2,0.8,17.1,3.0,-9.62,-0.1125
1159,Manufacturing,Operations,Senior Analyst,3,North America,Male,Group E,25-34,1,0,44.8,1.1171,4,41.6,13.3,10.0,1.9,-27.22,0.1242
1223,Manufacturing,Operations,Senior Analyst,3,North America,Female,Group B,45-54,1,0,45.0,1.0105,2,100.0,8.3,0.0,27.0,31.18,0.0176
1264,Manufacturing,Operations,Specialist,3,North America,Female,Group B,45-54,1,0,17.3,0.8537,3,55.5,3.7,0.0,5.2,-13.32,-0.1392
1320,Manufacturing,Operations,Senior Analyst,3,APAC,Male,Group C,25-34,0,1,5.2,0.9846,5,62.0,12.0,20.9,5.3,-6.82,-0.0083
1362,Manufacturing,Operations,Senior Analyst,3,North America,Non-binary,Group D,<25,1,0,30.6,1.0966,3,64.8,5.2,2.9,27.4,-4.02,0.1037
1448,Manufacturing,Operations,Senior Analyst,3,APAC,Female,Group B,35-44,1,0,12.4,0.9462,2,90.6,6.0,9.0,5.2,21.78,-0.0467
1451,Manufacturing,Operations,Senior Analyst,3,APAC,Female,Group A,25-34,1,0,23.4,1.0471,3,66.5,4.8,19.9,23.4,-2.32,0.0542
1452,Manufacturing,Operations,Specialist,3,EMEA,Male,Group C,55+,1,0,13.2,1.0392,3,69.3,14.4,12.5,13.2,0.48,0.0463
1475,Manufacturing,Operations,Senior Analyst,3,EMEA,Female,Group C,45-54,1,0,44.3,1.0074,4,60.7,3.7,29.5,16.0,-8.12,0.0145
1492,Manufacturing,Operations,Senior Analyst,3,APAC,Female,Group C,25-34,1,0,13.3,1.0219,3,86.7,10.0,24.0,7.5,17.88,0.029
1525,Manufacturing,Operations,Senior Analyst,3,Latin America,Male,Group A,35-44,1,0,10.4,0.9221,3,73.5,4.4,4.2,10.4,4.68,-0.0708
1555,Manufacturing,Operations,Senior Analyst,3,EMEA,Male,Group A,35-44,1,0,16.7,1.0462,3,68.5,6.3,5.0,11.0,-0.32,0.0533
1570,Manufacturing,Operations,Senior Analyst,3,Latin America,Female,Group A,45-54,1,0,22.1,0.9756,2,59.1,4.9,0.0,5.3,-9.72,-0.0173
1591,Manufacturing,Operations,Senior Analyst,3,North America,Male,Group C,45-54,1,0,3.3,1.0055,4,88.3,4.5,0.0,3.3,19.48,0.0126
1601,Manufacturing,Operations,Senior Analyst,3,APAC,Female,Group A,25-34,0,1,14.8,0.8957,2,100.0,5.9,4.1,17.7,31.18,-0.0972
1663,Manufacturing,Operations,Specialist,3,APAC,Male,Group C,25-34,1,0,9.2,0.942,3,60.3,8.0,6.8,9.2,-8.52,-0.0509
1743,Manufacturing,Operations,Senior Analyst,3,APAC,Male,Group A,35-44,1,0,15.3,0.9892,3,94.1,10.6,10.4,8.2,25.28,-0.0037
1774,Manufacturing,Operations,Specialist,3,APAC,Female,Group B,25-34,1,0,8.5,0.8831,3,64.8,6.7,6.2,8.5,-4.02,-0.1098
1918,Manufacturing,Operations,Specialist,3,North America,Male,Group A,45-54,1,0,16.9,1.047,3,82.6,10.2,4.3,16.9,13.78,0.0541
1947,Manufacturing,Operations,Senior Analyst,3,North America,Male,Group B,25-34,1,0,13.8,1.0792,4,80.2,8.0,8.7,7.6,11.38,0.0863
1950,Manufacturing,Operations,Specialist,3,EMEA,Male,Group A,<25,1,0,8.7,0.9326,3,82.3,8.5,8.5,8.7,13.48,-0.0603
1985,Manufacturing,Operations,Senior Analyst,3,APAC,Male,Group E,<25,1,0,47.0,1.0555,1,57.5,5.3,19.5,8.8,-11.32,0.0626
2024,Manufacturing,Operations,Senior Analyst,3,APAC,Female,Group B,35-44,1,0,49.6,1.0479,3,87.2,6.5,8.6,3.9,18.38,0.055
2043,Manufacturing,Operations,Senior Analyst,3,North America,Male,Group B,35-44,1,0,29.7,1.0634,3,71.1,9.8,11.2,29.7,2.28,0.0705
2098,Manufacturing,Operations,Specialist,3,EMEA,Male,Group A,45-54,1,0,23.5,1.0426,3,83.5,2.3,10.4,9.6,14.68,0.0497
2104,Manufacturing,Operations,Senior Analyst,3,North America,Male,Group A,45-54,0,1,23.6,1.0279,3,56.3,5.3,0.0,17.3,-12.52,0.035
2153,Manufacturing,Operations,Specialist,3,EMEA,Male,Group D,35-44,0,1,21.6,1.048,4,87.8,6.8,0.0,33.3,18.98,0.0551
2170,Manufacturing,Operations,Specialist,3,North America,Female,Group A,25-34,0,1,29.1,0.9821,3,82.3,16.7,0.0,1.8,13.48,-0.0108
2175,Manufacturing,Operations,Specialist,3,North America,Male,Group E,35-44,0,1,1.5,1.1551,5,51.9,10.4,0.6,5.2,-16.92,0.1622
2179,Manufacturing,Operations,Senior Analyst,3,North America,Female,Group C,35-44,1,0,21.9,0.8987,5,41.2,4.1,12.2,3.9,-27.62,-0.0942
2293,Manufacturing,Operations,Specialist,3,North America,Female,Group A,45-54,0,1,21.6,0.8997,2,71.6,2.9,0.0,33.0,2.78,-0.0932
2294,Manufacturing,Operations,Specialist,3,EMEA,Male,Group D,35-44,1,0,39.3,0.9385,4,85.8,5.5,4.6,39.1,16.98,-0.0544
2301,Manufacturing,Operations,Senior Analyst,3,North America,Male,Group C,55+,0,1,26.7,1.0042,3,47.6,4.7,0.0,20.4,-21.22,0.0113
2371,Manufacturing,Operations,Senior Analyst,3,North America,Male,Group C,25-34,1,0,19.0,0.9769,3,53.0,1.6,4.6,14.1,-15.82,-0.016
2373,Manufacturing,Operations,Senior Analyst,3,North America,Male,Group C,35-44,1,0,24.6,0.8921,2,76.9,8.1,22.8,17.0,8.08,-0.1008
2422,Manufacturing,Operations,Senior Analyst,3,Latin America,Male,Group C,35-44,0,1,5.3,1.1511,4,32.4,9.0,20.0,22.9,-36.42,0.1582
2476,Manufacturing,Operations,Senior Analyst,3,APAC,Female,Group B,<25,0,1,1.7,0.8675,4,82.8,7.3,11.6,4.0,13.98,-0.1254
2514,Manufacturing,Operations,Specialist,3,North America,Male,Group C,45-54,1,0,16.3,0.886,4,77.1,14.9,0.0,11.0,8.28,-0.1069
2515,Manufacturing,Operations,Specialist,3,North America,Female,Group E,45-54,1,0,25.6,0.9215,1,77.5,9.1,0.0,25.6,8.68,-0.0714
2516,Manufacturing,Operations,Specialist,3,APAC,Female,Group A,35-44,1,0,39.2,1.0524,2,54.6,4.2,6.6,9.0,-14.22,0.0595
2549,Manufacturing,Operations,Senior Analyst,3,North America,Male,Group D,35-44,1,0,44.6,1.0598,3,51.1,7.5,30.1,14.5,-17.72,0.0669
2605,Manufacturing,Operations,Senior Analyst,3,APAC,Female,Group E,35-44,1,0,15.4,1.0303,4,68.5,7.6,7.1,15.4,-0.32,0.0374
2647,Manufacturing,Operations,Specialist,3,APAC,Male,Group C,45-54,1,0,24.2,0.9668,5,70.4,8.6,11.3,6.8,1.58,-0.0261
2671,Manufacturing,Operations,Senior Analyst,3,Latin America,Female,Group A,<25,1,0,32.9,0.9161,4,63.4,14.5,6.3,15.7,-5.42,-0.0768
2687,Manufacturing,Operations,Specialist,3,EMEA,Female,Group A,45-54,1,0,34.7,0.9305,2,72.3,6.9,9.0,10.6,3.48,-0.0624
4,Manufacturing,Operations,Senior Specialist,4,APAC,Female,Group B,35-44,1,0,30.0,0.9436,1,63.9,2.3,34.9,8.3,-4.92,-0.0463
34,Manufacturing,Operations,Senior Specialist,4,North America,Female,Group B,25-34,1,0,15.2,0.8662,5,61.2,6.4,0.0,15.2,-7.62,-0.1237
275,Manufacturing,Operations,Senior Specialist,4,North America,Female,Group A,25-34,1,0,23.4,0.9923,4,68.4,7.0,0.0,14.4,-0.42,0.0024
493,Manufacturing,Operations,Senior Specialist,4,North America,Male,Group A,55+,1,0,14.9,1.0816,4,55.6,9.3,20.8,4.9,-13.22,0.0917
549,Manufacturing,Operations,Senior Specialist,4,APAC,Male,Group A,35-44,1,0,7.1,0.8761,4,84.0,1.0,3.2,7.1,15.18,-0.1138
602,Manufacturing,Operations,Senior Specialist,4,North America,Male,Group C,25-34,1,0,13.5,1.0781,3,67.0,6.4,17.7,7.2,-1.82,0.0882
765,Manufacturing,Operations,Senior Specialist,4,APAC,Female,Group E,45-54,1,0,29.6,0.8995,4,42.1,10.9,32.9,10.1,-26.72,-0.0904
1219,Manufacturing,Operations,Senior Specialist,4,Latin America,Male,Group C,25-34,1,0,29.2,1.0528,3,92.9,1.9,4.5,8.9,24.08,0.0629
1398,Manufacturing,Operations,Senior Specialist,4,EMEA,Male,Group D,35-44,0,1,7.1,1.1158,5,59.3,10.8,0.8,8.7,-9.52,0.1259
1732,Manufacturing,Operations,Senior Specialist,4,APAC,Male,Group A,<25,0,1,9.7,1.1682,3,60.2,3.8,0.0,15.9,-8.62,0.1783
1809,Manufacturing,Operations,Senior Specialist,4,North America,Male,Group C,25-34,1,0,57.5,0.9957,3,41.7,8.7,19.9,23.6,-27.12,0.0058
1862,Manufacturing,Operations,Senior Specialist,4,North America,Male,Group B,<25,1,0,31.1,0.8876,4,79.5,5.4,2.6,13.3,10.68,-0.1023
1901,Manufacturing,Operations,Senior Specialist,4,APAC,Female,Group B,55+,1,0,52.5,1.0486,3,100.0,3.8,30.7,11.6,31.18,0.0587
2236,Manufacturing,Operations,Senior Specialist,4,APAC,Male,Group B,55+,1,0,34.7,0.9184,3,85.5,7.4,21.1,21.0,16.68,-0.0715
2259,Manufacturing,Operations,Senior Specialist,4,North America,Female,Group C,35-44,1,0,33.3,1.0248,4,39.4,2.1,1.9,4.2,-29.42,0.0349
2263,Manufacturing,Operations,Senior Specialist,4,APAC,Male,Group D,25-34,1,0,60.5,1.0662,3,64.4,5.6,0.0,3.2,-4.42,0.0763
2458,Manufacturing,Operations,Senior Specialist,4,APAC,Male,Group D,25-34,1,0,41.6,0.9676,3,80.5,7.0,0.0,13.5,11.68,-0.0223
2641,Manufacturing,Operations,Senior Specialist,4,APAC,Female,Group B,<25,1,0,41.3,1.0697,4,68.2,18.6,18.7,12.0,-0.62,0.0798
340,Manufacturing,Operations,Lead,5,North America,Female,Group C,45-54,1,0,2.4,1.0849,2,74.9,9.6,0.0,2.4,6.08,0.0931
1010,Manufacturing,Operations,Lead,5,North America,Female,Group A,<25,1,0,44.7,0.9678,3,92.5,14.6,9.0,11.2,23.68,-0.024
1188,Manufacturing,Operations,Lead,5,EMEA,Male,Group A,35-44,1,0,27.7,1.1042,4,69.0,18.6,0.0,18.8,0.18,0.1124
1195,Manufacturing,Operations,Lead,5,Latin America,Male,Group E,25-34,1,0,73.0,0.9942,2,93.3,12.4,8.6,10.2,24.48,0.0024
1300,Manufacturing,Operations,Lead,5,EMEA,Female,Group C,25-34,1,0,7.8,0.9469,3,70.3,12.1,0.0,7.8,1.48,-0.0449
1373,Manufacturing,Operations,Lead,5,EMEA,Male,Group C,25-34,0,1,7.8,1.061,2,61.4,1.4,19.3,13.3,-7.42,0.0692
1463,Manufacturing,Operations,Lead,5,North America,Female,Group D,<25,0,1,0.5,1.0135,4,68.1,5.5,12.3,2.7,-0.72,0.0217
1659,Manufacturing,Operations,Lead,5,APAC,Male,Group A,35-44,1,0,59.7,0.9887,3,66.6,1.9,1.7,57.5,-2.22,-0.0031
1827,Manufacturing,Operations,Lead,5,North America,Male,Group E,45-54,1,0,23.1,0.9764,4,88.8,9.5,46.9,15.1,19.98,-0.0154
1903,Manufacturing,Operations,Lead,5,APAC,Male,Group B,55+,1,0,12.5,0.8885,3,53.5,3.5,9.4,12.5,-15.32,-0.1033
2119,Manufacturing,Operations,Lead,5,EMEA,Male,Group B,35-44,1,0,34.9,0.8923,4,96.4,8.7,25.4,2.7,27.58,-0.0995
2231,Manufacturing,Operations,Lead,5,EMEA,Female,Group D,<25,1,0,38.4,0.8774,4,74.5,9.0,5.8,21.1,5.68,-0.1144
2283,Manufacturing,Operations,Lead,5,North America,Male,Group B,35-44,1,0,57.9,0.9074,4,64.2,11.5,0.0,2.3,-4.62,-0.0844
2351,Manufacturing,Operations,Lead,5,EMEA,Male,Group A,<25,0,1,20.5,0.9796,1,84.3,3.4,39.8,19.9,15.48,-0.0122
2372,Manufacturing,Operations,Lead,5,North America,Female,Group D,<25,0,1,9.8,0.9695,5,75.2,5.8,0.0,11.1,6.38,-0.0223
2391,Manufacturing,Operations,Lead,5,North America,Male,Group A,35-44,1,0,16.8,0.989,4,96.9,7.1,18.4,8.1,28.08,-0.0028
2468,Manufacturing,Operations,Lead,5,APAC,Female,Group A,35-44,0,1,45.5,0.8591,3,61.4,2.7,0.0,5.4,-7.42,-0.1327
2477,Manufacturing,Operations,Lead,5,APAC,Male,Group A,35-44,1,0,0.8,0.9605,2,73.1,6.1,0.0,0.8,4.28,-0.0313
2482,Manufacturing,Operations,Lead,5,EMEA,Female,Group C,35-44,0,1,3.4,0.836,3,76.7,12.4,0.7,8.6,7.88,-0.1558
2625,Manufacturing,Operations,Lead,5,North America,Male,Group C,<25,1,0,5.3,1.035,2,98.3,2.6,13.3,5.3,29.48,0.0432
2727,Manufacturing,Operations,Lead,5,EMEA,Female,Group A,25-34,1,0,5.4,1.0342,3,48.0,6.5,0.0,5.4,-20.82,0.0424
2772,Manufacturing,Operations,Lead,5,North America,Male,Group E,45-54,0,1,7.8,1.0085,2,42.4,4.2,3.7,6.2,-26.42,0.0167
153,Manufacturing,Operations,Manager,6,APAC,Female,Group A,55+,0,1,5.9,1.0172,3,80.4,4.2,24.8,12.4,11.58,0.0246
298,Manufacturing,Operations,Manager,6,North America,Male,Group A,25-34,1,0,62.4,1.0792,3,62.7,3.5,37.2,8.6,-6.12,0.0866
378,Manufacturing,Operations,Manager,6,APAC,Female,Group E,35-44,1,0,74.7,0.8164,3,79.0,4.9,12.6,7.3,10.18,-0.1762
399,Manufacturing,Operations,Manager,6,North America,Male,Group A,45-54,0,1,11.8,0.8922,2,55.6,10.6,9.9,3.2,-13.22,-0.1004
470,Manufacturing,Operations,Manager,6,EMEA,Female,Group D,<25,0,1,54.3,0.9841,4,34.7,7.1,0.7,33.3,-34.12,-0.0085
694,Manufacturing,Operations,Manager,6,North America,Female,Group B,35-44,1,0,28.2,0.8765,4,73.6,12.5,5.6,5.5,4.78,-0.1161
747,Manufacturing,Operations,Manager,6,EMEA,Male,Group A,35-44,1,0,78.3,1.2575,3,66.4,15.6,22.5,7.1,-2.42,0.2649
835,Manufacturing,Operations,Manager,6,APAC,Male,Group B,55+,1,0,84.2,1.1435,3,47.0,13.6,22.0,11.0,-21.82,0.1509
1196,Manufacturing,Operations,Manager,6,APAC,Male,Group E,35-44,1,0,82.8,0.9981,3,47.7,12.1,0.0,36.6,-21.12,0.0055
1217,Manufacturing,Operations,Manager,6,North America,Male,Group C,25-34,1,0,68.9,1.0282,2,81.4,9.5,21.5,7.6,12.58,0.0356
1605,Manufacturing,Operations,Manager,6,North America,Female,Group B,55+,1,0,9.5,1.0736,3,57.1,2.8,0.0,9.5,-11.72,0.081
1655,Manufacturing,Operations,Manager,6,APAC,Female,Group B,35-44,1,0,3.3,1.0369,5,82.6,28.6,5.5,3.3,13.78,0.0443
1821,Manufacturing,Operations,Manager,6,APAC,Female,Group C,35-44,1,0,85.3,0.8912,4,72.4,3.0,7.9,5.8,3.58,-0.1014
2099,Manufacturing,Operations,Manager,6,APAC,Male,Group E,<25,0,1,1.8,1.2045,5,80.4,7.1,0.3,6.6,11.58,0.2119
2708,Manufacturing,Operations,Manager,6,North America,Female,Group D,25-34,1,0,9.8,0.9986,3,79.2,13.0,9.2,9.8,10.38,0.006
74,Manufacturing,Operations,Senior Manager,7,APAC,Female,Group E,<25,1,0,57.6,0.9282,4,74.7,15.6,20.4,14.4,5.88,-0.0761
143,Manufacturing,Operations,Senior Manager,7,North America,Male,Group B,35-44,1,0,97.0,1.0267,3,68.1,5.1,6.9,13.0,-0.72,0.0224
1104,Manufacturing,Operations,Senior Manager,7,APAC,Male,Group B,25-34,0,1,55.5,0.9733,3,62.6,4.0,9.1,20.7,-6.22,-0.031
1203,Manufacturing,Operations,Senior Manager,7,APAC,Male,Group A,35-44,1,0,8.5,1.1136,2,49.5,1.9,22.7,4.1,-19.32,0.1093
1213,Manufacturing,Operations,Senior Manager,7,EMEA,Male,Group B,25-34,1,0,74.1,1.0002,3,56.5,1.9,17.1,3.1,-12.32,-0.0041
1247,Manufacturing,Operations,Senior Manager,7,Latin America,Male,Group D,25-34,0,1,23.1,1.0054,4,65.3,5.6,3.1,9.8,-3.52,0.0011
1689,Manufacturing,Operations,Senior Manager,7,North America,Male,Group B,45-54,1,0,63.9,1.1174,4,44.8,1.6,6.7,27.9,-24.02,0.1131
1878,Manufacturing,Operations,Senior Manager,7,EMEA,Male,Group C,35-44,1,0,38.4,0.9808,4,90.1,1.6,37.1,7.3,21.28,-0.0235
1907,Manufacturing,Operations,Senior Manager,7,APAC,Male,Group C,35-44,1,0,40.2,1.1468,2,52.0,6.1,0.0,2.9,-16.82,0.1425
2004,Manufacturing,Operations,Senior Manager,7,APAC,Male,Group D,<25,0,1,17.4,1.1606,4,46.7,15.5,0.0,10.1,-22.12,0.1563
2343,Manufacturing,Operations,Senior Manager,7,APAC,Female,Group A,<25,1,0,52.1,1.0034,2,62.8,8.2,30.6,16.6,-6.02,-0.0009
2681,Manufacturing,Operations,Senior Manager,7,Latin America,Male,Group A,35-44,1,0,23.8,0.9515,2,50.8,7.9,6.4,23.8,-18.02,-0.0528
2798,Manufacturing,Operations,Senior Manager,7,North America,Female,Group E,35-44,1,0,28.6,0.8936,5,76.9,6.6,13.5,4.5,8.08,-0.1107
1480,Manufacturing,Operations,Director,8,North America,Male,Group A,35-44,1,0,96.9,1.0214,5,65.0,11.4,22.1,18.2,-3.82,0.0265
11,Marketing,Go-To-Market,Associate,1,Latin America,Female,Group E,25-34,1,0,14.8,0.9897,3,87.7,6.3,7.8,9.0,16.92,-0.0065
151,Marketing,Go-To-Market,Associate,1,APAC,Female,Group A,35-44,1,0,13.5,0.8886,1,79.4,7.1,5.3,13.5,8.62,-0.1076
156,Marketing,Go-To-Market,Associate,1,EMEA,Male,Group A,35-44,0,1,4.6,0.8487,4,79.2,0.8,25.1,5.4,8.42,-0.1475
295,Marketing,Go-To-Market,Associate,1,North America,Male,Group E,35-44,1,0,3.1,1.0267,5,58.9,12.4,2.7,3.1,-11.88,0.0305
567,Marketing,Go-To-Market,Associate,1,Latin America,Male,Group A,35-44,0,1,0.5,1.0976,1,37.0,5.5,0.0,1.1,-33.78,0.1014
636,Marketing,Go-To-Market,Associate,1,EMEA,Male,Group B,35-44,1,0,11.6,1.0702,3,63.5,7.6,1.1,11.6,-7.28,0.074
666,Marketing,Go-To-Market,Associate,1,APAC,Female,Group B,35-44,0,1,1.3,0.9483,4,75.1,9.2,16.9,3.5,4.32,-0.0479
721,Marketing,Go-To-Market,Associate,1,EMEA,Male,Group A,35-44,0,1,1.0,1.037,3,49.7,4.3,5.6,3.3,-21.08,0.0408
803,Marketing,Go-To-Market,Associate,1,North America,Female,Group A,35-44,0,1,2.9,0.9307,3,79.6,1.6,10.6,6.2,8.82,-0.0655
855,Marketing,Go-To-Market,Associate,1,North America,Male,Group A,45-54,1,0,6.9,1.0563,2,57.8,4.5,0.0,3.7,-12.98,0.0601
958,Marketing,Go-To-Market,Associate,1,APAC,Female,Group A,45-54,1,0,16.7,1.0256,5,86.3,4.4,49.7,16.7,15.52,0.0294
968,Marketing,Go-To-Market,Associate,1,North America,Male,Group A,25-34,1,0,21.3,1.0631,5,69.2,1.8,24.7,6.6,-1.58,0.0669
1013,Marketing,Go-To-Market,Associate,1,North America,Male,Group C,25-34,0,1,2.9,0.8595,1,42.1,20.0,0.0,10.7,-28.68,-0.1367
1109,Marketing,Go-To-Market,Associate,1,APAC,Female,Group B,35-44,0,1,4.1,0.9046,4,52.5,1.6,5.2,4.5,-18.28,-0.0916
1137,Marketing,Go-To-Market,Associate,1,APAC,Female,Group A,35-44,0,1,4.7,0.9483,5,62.4,5.0,24.4,6.1,-8.38,-0.0479
1140,Marketing,Go-To-Market,Associate,1,North America,Non-binary,Group D,<25,1,0,2.2,1.0365,4,52.5,6.6,0.0,2.2,-18.28,0.0403
1249,Marketing,Go-To-Market,Associate,1,APAC,Male,Group C,45-54,1,0,20.3,0.9748,3,87.6,4.1,2.3,20.3,16.82,-0.0214
1253,Marketing,Go-To-Market,Associate,1,APAC,Male,Group E,55+,1,0,15.6,1.0541,4,76.8,2.4,12.6,15.6,6.02,0.0579
1301,Marketing,Go-To-Market,Associate,1,APAC,Male,Group B,45-54,1,0,5.1,1.0897,4,71.4,1.7,22.1,5.1,0.62,0.0935
1311,Marketing,Go-To-Market,Associate,1,EMEA,Male,Group B,<25,1,0,14.6,1.0992,2,71.4,5.9,8.7,9.6,0.62,0.103
1312,Marketing,Go-To-Market,Associate,1,North America,Female,Group A,25-34,1,0,20.9,1.1538,4,47.1,20.0,24.0,6.0,-23.68,0.1576
1382,Marketing,Go-To-Market,Associate,1,North America,Non-binary,Group A,35-44,1,0,17.6,1.0915,5,70.6,3.2,4.8,15.5,-0.18,0.0953
1404,Marketing,Go-To-Market,Associate,1,Latin America,Male,Group A,35-44,1,0,24.1,0.9709,4,72.0,9.4,5.7,24.1,1.22,-0.0253
1531,Marketing,Go-To-Market,Associate,1,North America,Male,Group C,<25,1,0,6.1,0.9325,3,47.4,2.7,2.9,6.1,-23.38,-0.0637
1546,Marketing,Go-To-Market,Associate,1,APAC,Female,Group A,55+,1,0,22.1,1.0328,4,59.2,1.5,0.0,10.1,-11.58,0.0366
1688,Marketing,Go-To-Market,Associate,1,North America,Female,Group B,55+,1,0,23.8,0.9827,2,80.1,11.7,0.0,23.8,9.32,-0.0135
1837,Marketing,Go-To-Market,Associate,1,APAC,Male,Group A,55+,1,0,12.6,1.0809,3,82.2,1.2,0.0,12.6,11.42,0.0847
1853,Marketing,Go-To-Market,Associate,1,EMEA,Male,Group D,35-44,1,0,14.7,1.1685,4,76.4,20.0,0.0,14.7,5.62,0.1723
1855,Marketing,Go-To-Market,Associate,1,EMEA,Male,Group A,45-54,0,1,11.3,1.0267,4,97.5,23.2,20.1,7.5,26.72,0.0305
1870,Marketing,Go-To-Market,Associate,1,APAC,Female,Group E,<25,1,0,18.3,0.8974,4,70.6,9.3,22.6,18.3,-0.18,-0.0988
1915,Marketing,Go-To-Market,Associate,1,North America,Female,Group D,25-34,1,0,22.2,1.042,5,59.0,6.0,0.0,8.7,-11.78,0.0458
2096,Marketing,Go-To-Market,Associate,1,APAC,Male,Group B,35-44,1,0,2.3,1.104,4,75.4,6.1,17.4,2.3,4.62,0.1078
2124,Marketing,Go-To-Market,Associate,1,North America,Non-binary,Group D,25-34,1,0,2.2,0.902,3,95.3,16.4,12.6,2.2,24.52,-0.0942
2199,Marketing,Go-To-Market,Associate,1,North America,Male,Group A,35-44,1,0,24.0,0.9753,2,64.8,4.2,0.0,3.1,-5.98,-0.0209
2235,Marketing,Go-To-Market,Associate,1,North America,Male,Group E,25-34,1,0,9.7,0.9866,4,94.5,10.0,20.9,9.7,23.72,-0.0096
2237,Marketing,Go-To-Market,Associate,1,North America,Male,Group A,35-44,1,0,10.8,1.1157,2,71.6,19.1,6.2,10.8,0.82,0.1195
2306,Marketing,Go-To-Market,Associate,1,EMEA,Male,Group D,25-34,1,0,17.6,1.0235,3,78.9,2.1,12.4,4.5,8.12,0.0273
2443,Marketing,Go-To-Market,Associate,1,APAC,Male,Group A,25-34,1,0,3.0,1.0345,3,60.8,1.6,6.8,3.0,-9.98,0.0383
2544,Marketing,Go-To-Market,Associate,1,North America,Male,Group A,25-34,1,0,11.1,0.889,3,76.0,0.5,15.1,5.0,5.22,-0.1072
2634,Marketing,Go-To-Market,Associate,1,North America,Female,Group D,25-34,1,0,1.2,1.045,3,41.6,6.8,9.2,1.2,-29.18,0.0488
2740,Marketing,Go-To-Market,Associate,1,North America,Male,Group B,25-34,1,0,20.3,0.9881,3,73.3,2.9,9.1,13.7,2.52,-0.0081
2785,Marketing,Go-To-Market,Associate,1,APAC,Female,Group A,45-54,1,0,18.0,0.8886,3,63.5,16.4,5.8,2.4,-7.28,-0.1076
24,Marketing,Go-To-Market,Analyst,2,APAC,Male,Group A,25-34,1,0,21.0,1.092,3,72.7,16.6,20.9,8.9,1.92,0.1055
30,Marketing,Go-To-Market,Analyst,2,North America,Female,Group A,25-34,1,0,29.4,1.0413,5,88.1,3.2,21.2,18.2,17.32,0.0548
54,Marketing,Go-To-Market,Analyst,2,APAC,Female,Group C,25-34,1,0,19.8,0.9666,2,65.7,15.2,8.5,16.1,-5.08,-0.0199
66,Marketing,Go-To-Market,Analyst,2,APAC,Male,Group D,25-34,0,1,10.6,0.8934,5,73.3,2.6,18.0,28.4,2.52,-0.0931
89,Marketing,Go-To-Market,Analyst,2,EMEA,Male,Group A,55+,1,0,6.8,1.0738,3,84.7,7.6,9.5,6.8,13.92,0.0873
93,Marketing,Go-To-Market,Analyst,2,APAC,Male,Group A,25-34,1,0,8.0,0.977,4,58.1,1.3,18.7,3.6,-12.68,-0.0095
226,Marketing,Go-To-Market,Analyst,2,Latin America,Male,Group A,35-44,1,0,6.7,1.0163,4,80.1,3.4,18.0,6.7,9.32,0.0298
234,Marketing,Go-To-Market,Analyst,2,North America,Female,Group A,35-44,1,0,6.0,0.9506,3,59.6,17.1,9.7,6.0,-11.18,-0.0359
352,Marketing,Go-To-Market,Analyst,2,APAC,Male,Group D,25-34,1,0,22.1,1.0449,2,59.8,1.8,0.0,16.1,-10.98,0.0584
367,Marketing,Go-To-Market,Analyst,2,APAC,Female,Group A,45-54,1,0,22.7,1.0136,3,75.9,2.9,7.0,11.2,5.12,0.0271
372,Marketing,Go-To-Market,Analyst,2,North America,Male,Group A,55+,1,0,29.4,0.947,2,80.0,1.5,18.3,4.8,9.22,-0.0395
374,Marketing,Go-To-Market,Analyst,2,APAC,Male,Group B,35-44,1,0,32.3,1.1223,2,68.0,7.2,8.3,15.5,-2.78,0.1358
649,Marketing,Go-To-Market,Analyst,2,North America,Male,Group D,45-54,1,0,26.8,0.9134,4,79.1,7.2,0.0,13.2,8.32,-0.0731
712,Marketing,Go-To-Market,Analyst,2,North America,Male,Group C,25-34,1,0,5.9,1.0051,2,41.7,11.3,7.3,5.9,-29.08,0.0186
753,Marketing,Go-To-Market,Analyst,2,EMEA,Female,Group E,25-34,1,0,35.8,0.9717,2,85.4,16.0,17.6,14.9,14.62,-0.0148
899,Marketing,Go-To-Market,Analyst,2,APAC,Female,Group A,55+,0,1,2.3,0.9596,3,74.3,3.9,0.0,11.8,3.52,-0.0269
900,Marketing,Go-To-Market,Analyst,2,North America,Female,Group A,25-34,1,0,6.9,0.8794,4,37.6,2.7,1.8,4.1,-33.18,-0.1071
977,Marketing,Go-To-Market,Analyst,2,North America,Female,Group C,35-44,1,0,16.7,0.8646,3,55.6,10.4,7.5,2.2,-15.18,-0.1219
999,Marketing,Go-To-Market,Analyst,2,North America,Female,Group C,35-44,1,0,27.8,1.0106,3,89.7,11.4,3.7,15.6,18.92,0.0241
1149,Marketing,Go-To-Market,Analyst,2,Latin America,Male,Group A,35-44,1,0,26.4,1.0163,3,85.1,18.6,12.9,26.4,14.32,0.0298
1173,Marketing,Go-To-Market,Analyst,2,APAC,Female,Group D,25-34,1,0,32.8,1.1912,2,84.1,5.2,7.6,11.4,13.32,0.2047
1248,Marketing,Go-To-Market,Analyst,2,North America,Male,Group C,25-34,0,1,1.5,1.1049,2,81.0,9.2,40.8,3.2,10.22,0.1184
1251,Marketing,Go-To-Market,Analyst,2,North America,Male,Group A,55+,1,0,11.0,1.0561,1,85.3,5.7,0.0,11.0,14.52,0.0696
1431,Marketing,Go-To-Market,Analyst,2,APAC,Male,Group A,35-44,1,0,20.8,1.0528,3,89.6,27.3,0.0,20.8,18.82,0.0663
1479,Marketing,Go-To-Market,Analyst,2,North America,Male,Group A,25-34,1,0,17.9,1.013,3,71.1,10.6,4.0,17.9,0.32,0.0265
1534,Marketing,Go-To-Market,Analyst,2,North America,Female,Group C,45-54,1,0,32.8,0.8581,4,77.0,1.4,0.0,8.4,6.22,-0.1284
1547,Marketing,Go-To-Market,Analyst,2,North America,Male,Group C,35-44,1,0,10.2,1.0254,2,58.8,4.5,3.6,10.2,-11.98,0.0389
1557,Marketing,Go-To-Market,Analyst,2,North America,Male,Group C,55+,1,0,29.0,1.0463,4,52.6,9.8,5.0,3.4,-18.18,0.0598
1584,Marketing,Go-To-Market,Analyst,2,EMEA,Non-binary,Group C,35-44,1,0,22.1,0.9694,4,87.7,5.3,9.7,6.0,16.92,-0.0171
1616,Marketing,Go-To-Market,Analyst,2,North America,Male,Group A,35-44,0,1,15.1,0.9505,3,69.8,15.8,0.0,12.6,-0.98,-0.036
1796,Marketing,Go-To-Market,Analyst,2,APAC,Female,Group D,35-44,1,0,31.4,0.9147,3,58.3,7.0,0.0,9.1,-12.48,-0.0718
1857,Marketing,Go-To-Market,Analyst,2,APAC,Female,Group C,25-34,0,1,6.8,1.0867,2,55.4,4.4,0.0,2.4,-15.38,0.1002
1921,Marketing,Go-To-Market,Analyst,2,North America,Male,Group A,25-34,1,0,37.1,1.0848,5,59.5,0.2,6.8,24.8,-11.28,0.0983
1929,Marketing,Go-To-Market,Analyst,2,North America,Female,Group C,35-44,1,0,13.0,1.0009,3,78.1,7.1,23.7,4.7,7.32,0.0144
1951,Marketing,Go-To-Market,Analyst,2,EMEA,Female,Group B,55+,0,1,1.1,0.8762,3,82.5,8.4,25.8,4.9,11.72,-0.1103
2059,Marketing,Go-To-Market,Analyst,2,Latin America,Male,Group C,35-44,1,0,22.8,0.8869,3,88.8,6.4,23.4,9.4,18.02,-0.0996
2151,Marketing,Go-To-Market,Analyst,2,North America,Female,Group B,25-34,1,0,12.0,1.0206,2,81.3,4.3,0.0,10.0,10.52,0.0341
2302,Marketing,Go-To-Market,Analyst,2,North America,Male,Group E,25-34,1,0,29.8,0.8762,4,97.7,9.1,15.5,8.1,26.92,-0.1103
2357,Marketing,Go-To-Market,Analyst,2,APAC,Female,Group A,25-34,0,1,35.1,1.0763,3,66.9,1.2,4.7,19.4,-3.88,0.0898
2375,Marketing,Go-To-Market,Analyst,2,APAC,Male,Group D,25-34,1,0,18.1,1.0084,3,70.4,3.3,0.0,18.1,-0.38,0.0219
2384,Marketing,Go-To-Market,Analyst,2,APAC,Male,Group B,35-44,0,1,11.5,0.8923,3,67.0,8.4,6.4,21.6,-3.78,-0.0942
2453,Marketing,Go-To-Market,Analyst,2,North America,Male,Group B,45-54,0,1,10.8,1.0508,1,64.3,2.9,4.0,11.5,-6.48,0.0643
2459,Marketing,Go-To-Market,Analyst,2,EMEA,Female,Group A,<25,1,0,4.4,1.0507,4,70.8,29.1,3.7,4.4,0.02,0.0642
2702,Marketing,Go-To-Market,Analyst,2,North America,Female,Group E,35-44,1,0,26.7,1.1983,2,77.2,9.4,2.9,14.9,6.42,0.2118
2753,Marketing,Go-To-Market,Analyst,2,APAC,Female,Group A,<25,0,1,21.0,0.9708,2,66.4,3.1,3.8,18.3,-4.38,-0.0157
68,Marketing,Go-To-Market,Senior Analyst,3,APAC,Male,Group B,55+,1,0,30.4,1.1396,4,77.7,14.8,24.7,2.6,6.92,0.1467
161,Marketing,Go-To-Market,Specialist,3,North America,Female,Group A,35-44,1,0,23.9,1.1025,5,89.2,4.7,3.8,20.8,18.42,0.1096
162,Marketing,Go-To-Market,Specialist,3,North America,Male,Group C,35-44,1,0,47.6,0.9964,4,78.5,3.1,5.7,11.5,7.72,0.0035
174,Marketing,Go-To-Market,Specialist,3,North America,Female,Group A,<25,1,0,8.3,1.0048,3,90.6,0.1,30.1,7.5,19.82,0.0119
293,Marketing,Go-To-Market,Senior Analyst,3,North America,Female,Group E,<25,1,0,45.3,0.9607,3,79.8,3.8,7.6,4.3,9.02,-0.0322
365,Marketing,Go-To-Market,Specialist,3,North America,Male,Group A,35-44,1,0,27.3,1.0316,2,95.4,5.6,0.0,27.3,24.62,0.0387
422,Marketing,Go-To-Market,Specialist,3,EMEA,Male,Group A,35-44,1,0,6.7,1.094,3,68.6,2.8,6.0,6.7,-2.18,0.1011
451,Marketing,Go-To-Market,Specialist,3,EMEA,Female,Group B,55+,1,0,17.4,0.8393,3,94.6,3.1,1.6,3.9,23.82,-0.1536
459,Marketing,Go-To-Market,Senior Analyst,3,APAC,Male,Group A,25-34,1,0,17.8,1.084,3,73.5,8.7,11.2,17.8,2.72,0.0911
505,Marketing,Go-To-Market,Specialist,3,Latin America,Male,Group A,55+,1,0,11.6,1.1452,3,64.2,8.5,10.2,6.0,-6.58,0.1523
542,Marketing,Go-To-Market,Specialist,3,EMEA,Female,Group E,35-44,0,1,27.9,0.9809,2,65.1,7.6,10.7,1.2,-5.68,-0.012
659,Marketing,Go-To-Market,Specialist,3,North America,Male,Group B,<25,1,0,42.4,1.0528,4,62.0,6.3,0.0,19.0,-8.78,0.0599
719,Marketing,Go-To-Market,Senior Analyst,3,North America,Male,Group E,25-34,1,0,48.5,0.9123,3,59.7,1.8,28.4,13.1,-11.08,-0.0806
757,Marketing,Go-To-Market,Specialist,3,APAC,Male,Group A,25-34,1,0,26.7,1.0072,5,72.1,29.0,13.5,26.7,1.32,0.0143
814,Marketing,Go-To-Market,Senior Analyst,3,North America,Male,Group A,45-54,1,0,12.7,0.963,4,69.9,10.9,7.1,9.6,-0.88,-0.0299
848,Marketing,Go-To-Market,Senior Analyst,3,EMEA,Female,Group D,25-34,1,0,34.5,0.9677,3,76.2,11.4,9.2,19.0,5.42,-0.0252
856,Marketing,Go-To-Market,Senior Analyst,3,APAC,Female,Group A,<25,1,0,46.4,1.005,2,80.3,21.4,10.0,19.3,9.52,0.0121
881,Marketing,Go-To-Market,Senior Analyst,3,North America,Male,Group B,45-54,1,0,43.3,1.0286,5,57.2,9.4,10.3,18.2,-13.58,0.0357
883,Marketing,Go-To-Market,Specialist,3,North America,Male,Group A,45-54,1,0,3.8,0.9927,4,67.5,4.3,4.1,3.8,-3.28,-0.0002
894,Marketing,Go-To-Market,Senior Analyst,3,North America,Male,Group B,55+,0,1,6.6,1.0659,4,48.3,9.4,0.0,12.5,-22.48,0.073
931,Marketing,Go-To-Market,Senior Analyst,3,North America,Female,Group C,35-44,1,0,48.0,1.0127,4,55.2,5.0,3.1,18.5,-15.58,0.0198
966,Marketing,Go-To-Market,Senior Analyst,3,APAC,Female,Group C,35-44,1,0,43.5,1.0117,4,74.6,14.4,12.4,9.5,3.82,0.0188
1086,Marketing,Go-To-Market,Specialist,3,North America,Male,Group E,35-44,1,0,30.4,0.9622,3,57.5,2.0,13.3,12.1,-13.28,-0.0307
1097,Marketing,Go-To-Market,Senior Analyst,3,North America,Male,Group B,45-54,1,0,5.3,1.1104,3,66.0,9.2,7.8,2.7,-4.78,0.1175
1377,Marketing,Go-To-Market,Senior Analyst,3,North America,Female,Group B,45-54,1,0,14.7,1.0984,4,58.1,2.9,0.0,14.7,-12.68,0.1055
1412,Marketing,Go-To-Market,Specialist,3,North America,Female,Group D,55+,0,1,30.3,0.9451,2,77.5,13.1,10.2,15.6,6.72,-0.0478
1502,Marketing,Go-To-Market,Senior Analyst,3,North America,Male,Group A,25-34,0,1,14.5,1.0735,1,81.7,7.3,7.1,37.2,10.92,0.0806
1507,Marketing,Go-To-Market,Specialist,3,EMEA,Female,Group B,35-44,1,0,7.4,1.0852,2,76.9,6.1,9.2,5.2,6.12,0.0923
1641,Marketing,Go-To-Market,Senior Analyst,3,North America,Male,Group A,25-34,1,0,6.3,1.0145,4,46.8,10.1,4.8,6.3,-23.98,0.0216
1830,Marketing,Go-To-Market,Senior Analyst,3,North America,Male,Group B,35-44,1,0,7.2,0.9354,5,61.3,13.5,0.0,7.2,-9.48,-0.0575
1890,Marketing,Go-To-Market,Specialist,3,APAC,Male,Group A,35-44,0,1,28.8,0.9882,4,93.3,4.6,11.7,30.7,22.52,-0.0047
1939,Marketing,Go-To-Market,Senior Analyst,3,APAC,Female,Group B,25-34,1,0,25.1,1.1111,1,74.0,14.7,0.9,11.4,3.22,0.1182
1963,Marketing,Go-To-Market,Senior Analyst,3,APAC,Male,Group A,35-44,1,0,14.9,1.095,2,84.6,18.2,11.5,10.9,13.82,0.1021
1972,Marketing,Go-To-Market,Specialist,3,North America,Female,Group A,25-34,1,0,26.5,0.9514,4,83.0,17.0,8.1,9.7,12.22,-0.0415
2112,Marketing,Go-To-Market,Senior Analyst,3,North America,Male,Group A,35-44,1,0,28.9,0.9822,5,74.2,22.7,1.5,24.3,3.42,-0.0107
2181,Marketing,Go-To-Market,Specialist,3,North America,Male,Group A,45-54,0,1,4.0,0.9743,2,69.8,2.8,17.4,11.6,-0.98,-0.0186
2191,Marketing,Go-To-Market,Specialist,3,EMEA,Male,Group D,35-44,0,1,38.5,1.0127,3,86.5,7.3,13.1,17.0,15.72,0.0198
2240,Marketing,Go-To-Market,Specialist,3,APAC,Male,Group A,35-44,0,1,2.6,1.005,3,80.7,6.5,5.4,1.9,9.92,0.0121
2241,Marketing,Go-To-Market,Senior Analyst,3,North America,Male,Group C,55+,1,0,8.6,0.9134,5,60.7,26.6,0.0,6.5,-10.08,-0.0795
2312,Marketing,Go-To-Market,Specialist,3,North America,Male,Group E,25-34,1,0,34.7,1.0193,4,60.9,1.8,10.6,27.0,-9.88,0.0264
2341,Marketing,Go-To-Market,Senior Analyst,3,APAC,Male,Group C,35-44,0,1,2.0,1.0686,3,43.7,17.4,8.2,6.3,-27.08,0.0757
2388,Marketing,Go-To-Market,Senior Analyst,3,North America,Female,Group C,25-34,1,0,43.5,0.9198,4,63.3,21.7,13.2,30.6,-7.48,-0.0731
2415,Marketing,Go-To-Market,Senior Analyst,3,North America,Female,Group A,45-54,1,0,43.1,0.9198,3,74.6,2.6,26.4,30.2,3.82,-0.0731
2464,Marketing,Go-To-Market,Senior Analyst,3,APAC,Male,Group B,35-44,0,1,1.3,1.1186,3,76.1,16.6,5.8,2.5,5.32,0.1257
2499,Marketing,Go-To-Market,Senior Analyst,3,North America,Female,Group A,35-44,1,0,45.0,0.9433,5,87.7,8.0,0.0,10.2,16.92,-0.0496
2559,Marketing,Go-To-Market,Specialist,3,North America,Male,Group A,45-54,1,0,16.2,1.0553,3,71.6,5.4,6.0,12.1,0.82,0.0624
2594,Marketing,Go-To-Market,Specialist,3,North America,Male,Group B,35-44,1,0,9.2,1.0286,4,87.0,10.8,19.7,9.2,16.22,0.0357
2622,Marketing,Go-To-Market,Senior Analyst,3,APAC,Female,Group B,35-44,1,0,7.2,0.9666,2,95.6,7.6,12.4,5.2,24.82,-0.0263
2660,Marketing,Go-To-Market,Specialist,3,North America,Male,Group A,<25,1,0,47.7,1.1212,4,62.2,11.5,0.0,21.2,-8.58,0.1283
2672,Marketing,Go-To-Market,Specialist,3,North America,Male,Group A,25-34,0,1,7.4,0.9766,3,74.4,2.6,3.0,31.5,3.62,-0.0163
2680,Marketing,Go-To-Market,Senior Analyst,3,North America,Male,Group A,45-54,1,0,28.1,0.9836,1,67.4,12.9,13.6,3.9,-3.38,-0.0093
2689,Marketing,Go-To-Market,Specialist,3,APAC,Female,Group C,35-44,1,0,25.9,0.9731,2,57.4,6.2,0.0,5.1,-13.38,-0.0198
2705,Marketing,Go-To-Market,Specialist,3,APAC,Male,Group A,25-34,1,0,10.8,0.9819,3,100.0,4.8,0.0,10.8,29.22,-0.011
2776,Marketing,Go-To-Market,Senior Analyst,3,North America,Female,Group E,25-34,0,1,11.9,1.0866,4,61.4,17.9,13.4,17.5,-9.38,0.0937
2784,Marketing,Go-To-Market,Specialist,3,APAC,Male,Group C,35-44,1,0,48.2,0.9251,2,75.3,26.2,0.8,6.9,4.52,-0.0678
2793,Marketing,Go-To-Market,Senior Analyst,3,North America,Female,Group A,25-34,1,0,36.1,0.8832,3,69.7,1.1,12.5,8.5,-1.08,-0.1097
10,Marketing,Go-To-Market,Senior Specialist,4,North America,Female,Group A,25-34,1,0,52.1,0.9636,4,53.0,3.3,13.1,9.3,-17.78,-0.0263
31,Marketing,Go-To-Market,Senior Specialist,4,North America,Male,Group A,35-44,0,1,9.6,0.9773,1,61.8,9.4,38.5,16.2,-8.98,-0.0126
71,Marketing,Go-To-Market,Senior Specialist,4,North America,Female,Group B,45-54,1,0,38.4,1.1042,4,62.4,4.8,9.6,24.4,-8.38,0.1143
130,Marketing,Go-To-Market,Senior Specialist,4,North America,Female,Group A,35-44,0,1,12.8,0.8551,3,73.1,7.1,5.8,9.8,2.32,-0.1348
148,Marketing,Go-To-Market,Senior Specialist,4,EMEA,Male,Group B,25-34,1,0,3.3,0.9279,3,80.5,9.2,42.1,3.3,9.72,-0.062
338,Marketing,Go-To-Market,Senior Specialist,4,APAC,Male,Group E,25-34,1,0,49.4,1.0809,4,73.5,2.1,0.0,15.0,2.72,0.091
555,Marketing,Go-To-Market,Senior Specialist,4,North America,Male,Group A,45-54,1,0,54.3,0.9982,4,56.0,0.6,11.2,25.8,-14.78,0.0083
710,Marketing,Go-To-Market,Senior Specialist,4,APAC,Male,Group B,35-44,1,0,44.1,0.991,3,55.7,10.0,12.9,33.0,-15.08,0.0011
730,Marketing,Go-To-Market,Senior Specialist,4,North America,Male,Group D,35-44,1,0,50.5,1.0725,4,81.3,4.1,0.0,32.3,10.52,0.0826
870,Marketing,Go-To-Market,Senior Specialist,4,North America,Male,Group B,35-44,1,0,60.0,1.058,2,80.0,8.5,13.3,19.9,9.22,0.0681
961,Marketing,Go-To-Market,Senior Specialist,4,EMEA,Female,Group B,25-34,1,0,7.1,0.9011,5,95.4,9.7,6.9,7.1,24.62,-0.0888
1012,Marketing,Go-To-Market,Senior Specialist,4,North America,Female,Group A,55+,1,0,29.1,0.9164,3,68.5,6.9,0.0,10.3,-2.28,-0.0735
1143,Marketing,Go-To-Market,Senior Specialist,4,EMEA,Male,Group C,45-54,1,0,32.5,0.9428,3,64.1,3.6,9.3,5.3,-6.68,-0.0471
1274,Marketing,Go-To-Market,Senior Specialist,4,North America,Female,Group A,45-54,1,0,40.3,1.0959,3,75.8,5.0,8.2,14.6,5.02,0.106
1310,Marketing,Go-To-Market,Senior Specialist,4,North America,Male,Group E,35-44,0,1,4.4,0.986,4,100.0,6.9,0.0,7.3,29.22,-0.0039
1702,Marketing,Go-To-Market,Senior Specialist,4,North America,Female,Group B,35-44,1,0,26.9,0.7393,3,74.7,2.4,0.0,26.9,3.92,-0.2506
1754,Marketing,Go-To-Market,Senior Specialist,4,APAC,Female,Group E,35-44,0,1,2.1,0.9641,3,87.7,15.2,7.4,2.6,16.92,-0.0258
1859,Marketing,Go-To-Market,Senior Specialist,4,EMEA,Female,Group A,35-44,1,0,1.4,1.0541,5,32.0,6.0,6.5,1.4,-38.78,0.0642
1882,Marketing,Go-To-Market,Senior Specialist,4,North America,Male,Group A,35-44,0,1,18.2,0.9356,3,95.8,2.5,2.7,40.2,25.02,-0.0543
1967,Marketing,Go-To-Market,Senior Specialist,4,APAC,Male,Group D,35-44,0,1,9.3,0.9993,4,69.7,8.1,20.0,5.2,-1.08,0.0094
2163,Marketing,Go-To-Market,Senior Specialist,4,North America,Male,Group A,35-44,1,0,35.9,0.8903,3,58.3,3.5,0.0,17.0,-12.48,-0.0996
2338,Marketing,Go-To-Market,Senior Specialist,4,EMEA,Male,Group C,35-44,0,1,8.6,1.1385,3,72.1,7.9,9.3,9.8,1.32,0.1486
2382,Marketing,Go-To-Market,Senior Specialist,4,EMEA,Male,Group A,25-34,1,0,21.9,1.118,4,87.9,5.1,10.2,11.1,17.12,0.1281
2470,Marketing,Go-To-Market,Senior Specialist,4,APAC,Female,Group A,35-44,1,0,3.5,0.994,2,51.5,2.0,1.5,3.5,-19.28,0.0041
2511,Marketing,Go-To-Market,Senior Specialist,4,APAC,Non-binary,Group B,55+,1,0,43.6,0.952,2,48.3,9.0,17.7,31.6,-22.48,-0.0379
2709,Marketing,Go-To-Market,Senior Specialist,4,EMEA,Female,Group D,35-44,0,1,26.5,1.0448,4,50.3,7.1,25.0,19.3,-20.48,0.0549
39,Marketing,Go-To-Market,Lead,5,North America,Male,Group A,25-34,1,0,71.1,1.128,3,55.9,8.3,15.0,37.2,-14.88,0.1362
44,Marketing,Go-To-Market,Lead,5,APAC,Female,Group A,25-34,1,0,9.7,0.9981,3,70.7,5.5,12.2,9.7,-0.08,0.0063
90,Marketing,Go-To-Market,Lead,5,EMEA,Male,Group A,25-34,1,0,34.7,1.078,3,81.5,1.6,0.0,17.5,10.72,0.0862
159,Marketing,Go-To-Market,Lead,5,North America,Female,Group E,25-34,1,0,55.9,1.0897,3,65.4,6.8,22.4,1.1,-5.38,0.0979
167,Marketing,Go-To-Market,Lead,5,North America,Female,Group B,35-44,1,0,36.7,0.9483,4,66.0,6.9,2.6,12.7,-4.78,-0.0435
882,Marketing,Go-To-Market,Lead,5,APAC,Male,Group E,35-44,1,0,45.9,0.9322,5,88.6,6.4,0.0,19.7,17.82,-0.0596
892,Marketing,Go-To-Market,Lead,5,APAC,Male,Group B,35-44,0,1,48.0,0.9523,4,66.7,10.7,4.4,32.8,-4.08,-0.0395
906,Marketing,Go-To-Market,Lead,5,EMEA,Female,Group A,45-54,1,0,30.3,1.0169,3,62.5,2.6,6.0,2.2,-8.28,0.0251
921,Marketing,Go-To-Market,Lead,5,EMEA,Female,Group A,25-34,1,0,25.9,1.0906,3,77.1,15.6,0.9,14.0,6.32,0.0988
1027,Marketing,Go-To-Market,Lead,5,North America,Male,Group B,35-44,1,0,12.5,1.0217,5,47.3,3.1,0.0,12.5,-23.48,0.0299
1110,Marketing,Go-To-Market,Lead,5,North America,Male,Group B,25-34,1,0,30.9,1.0455,3,51.1,9.4,0.0,30.9,-19.68,0.0537
1271,Marketing,Go-To-Market,Lead,5,North America,Female,Group E,45-54,1,0,47.1,0.9677,3,68.5,21.5,0.0,10.7,-2.28,-0.0241
1299,Marketing,Go-To-Market,Lead,5,Latin America,Male,Group B,25-34,0,1,4.3,0.8991,3,57.7,2.1,0.0,5.4,-13.08,-0.0927
1592,Marketing,Go-To-Market,Lead,5,APAC,Female,Group B,25-34,1,0,56.8,0.9208,4,100.0,5.4,4.8,4.0,29.22,-0.071
1785,Marketing,Go-To-Market,Lead,5,Latin America,Male,Group B,45-54,1,0,61.3,0.9425,4,71.2,12.2,14.8,7.8,0.42,-0.0493
1864,Marketing,Go-To-Market,Lead,5,APAC,Male,Group A,55+,1,0,35.4,1.0257,3,48.0,19.2,19.5,7.7,-22.78,0.0339
2044,Marketing,Go-To-Market,Lead,5,APAC,Male,Group A,45-54,1,0,42.1,1.0666,2,89.1,5.7,1.5,28.2,18.32,0.0748
2080,Marketing,Go-To-Market,Lead,5,North America,Female,Group D,35-44,1,0,70.6,0.9452,2,87.3,16.9,0.0,14.5,16.52,-0.0466
2196,Marketing,Go-To-Market,Lead,5,APAC,Female,Group C,25-34,1,0,18.4,0.9811,3,59.1,10.2,18.9,18.4,-11.68,-0.0107
2205,Marketing,Go-To-Market,Lead,5,North America,Female,Group A,25-34,1,0,47.3,0.8288,5,100.0,3.8,0.0,13.4,29.22,-0.163
2429,Marketing,Go-To-Market,Lead,5,APAC,Male,Group B,35-44,1,0,16.7,1.0292,3,59.0,5.2,4.3,16.7,-11.78,0.0374
2433,Marketing,Go-To-Market,Lead,5,APAC,Male,Group B,45-54,1,0,16.2,0.9877,5,99.5,0.6,4.6,8.2,28.72,-0.0041
2537,Marketing,Go-To-Market,Lead,5,North America,Female,Group A,25-34,1,0,24.0,1.0394,3,88.0,13.2,0.0,16.0,17.22,0.0476
2574,Marketing,Go-To-Market,Lead,5,North America,Male,Group B,55+,1,0,36.8,0.9305,1,71.4,6.5,22.7,16.8,0.62,-0.0613
267,Marketing,Go-To-Market,Manager,6,APAC,Non-binary,Group A,45-54,0,1,42.5,0.8356,3,66.7,11.5,2.1,3.9,-4.08,-0.157
553,Marketing,Go-To-Market,Manager,6,North America,Non-binary,Group B,45-54,1,0,26.4,1.0092,5,49.7,7.0,0.0,9.7,-21.08,0.0166
937,Marketing,Go-To-Market,Manager,6,APAC,Male,Group C,<25,1,0,31.7,1.0407,3,100.0,7.7,0.0,11.5,29.22,0.0481
1163,Marketing,Go-To-Market,Manager,6,North America,Male,Group C,45-54,1,0,85.7,0.9676,3,52.6,5.3,9.9,20.5,-18.18,-0.025
1314,Marketing,Go-To-Market,Manager,6,APAC,Female,Group C,35-44,1,0,13.1,0.9525,4,66.8,13.5,0.0,8.3,-3.98,-0.0401
1391,Marketing,Go-To-Market,Manager,6,North America,Male,Group A,55+,1,0,14.1,0.9789,4,78.8,3.6,7.2,14.1,8.02,-0.0137
1486,Marketing,Go-To-Market,Manager,6,EMEA,Male,Group A,35-44,1,0,74.9,0.9905,3,53.7,10.6,17.8,23.5,-17.08,-0.0021
1904,Marketing,Go-To-Market,Manager,6,North America,Female,Group A,25-34,1,0,59.4,1.029,3,70.3,4.0,0.0,17.2,-0.48,0.0364
1930,Marketing,Go-To-Market,Manager,6,North America,Female,Group B,35-44,1,0,15.7,1.1176,2,77.0,1.4,8.0,15.7,6.22,0.125
1933,Marketing,Go-To-Market,Manager,6,APAC,Female,Group D,25-34,1,0,9.7,0.9494,3,48.7,6.0,11.5,9.7,-22.08,-0.0432
2060,Marketing,Go-To-Market,Manager,6,North America,Female,Group D,35-44,1,0,46.3,0.9,3,61.0,4.0,64.4,18.1,-9.78,-0.0926
2173,Marketing,Go-To-Market,Manager,6,North America,Female,Group D,25-34,1,0,28.5,0.9291,3,64.0,5.7,16.7,11.4,-6.78,-0.0635
2517,Marketing,Go-To-Market,Manager,6,APAC,Female,Group B,35-44,0,1,22.9,0.8548,4,59.9,6.1,1.2,8.0,-10.88,-0.1378
289,Marketing,Go-To-Market,Senior Manager,7,Latin America,Female,Group E,35-44,1,0,21.8,0.9359,4,83.2,9.0,15.2,21.5,12.42,-0.0684
328,Marketing,Go-To-Market,Senior Manager,7,APAC,Male,Group B,<25,1,0,34.1,1.0766,3,74.9,21.1,13.4,17.6,4.12,0.0723
1586,Marketing,Go-To-Market,Senior Manager,7,North America,Male,Group A,35-44,1,0,75.4,0.986,3,75.6,9.4,0.0,7.3,4.82,-0.0183
1703,Marketing,Go-To-Market,Senior Manager,7,North America,Female,Group D,35-44,1,0,98.9,1.0103,4,68.7,8.7,0.0,2.6,-2.08,0.006
1711,Marketing,Go-To-Market,Senior Manager,7,North America,Non-binary,Group D,35-44,1,0,21.6,0.9889,4,70.7,6.1,8.1,21.6,-0.08,-0.0154
1783,Marketing,Go-To-Market,Senior Manager,7,North America,Male,Group B,<25,1,0,82.5,0.9511,5,34.7,1.4,0.0,24.7,-36.08,-0.0532
1942,Marketing,Go-To-Market,Senior Manager,7,North America,Female,Group C,25-34,1,0,30.4,0.8677,3,48.7,6.7,3.7,17.8,-22.08,-0.1366
2090,Marketing,Go-To-Market,Senior Manager,7,APAC,Female,Group B,25-34,1,0,38.4,0.9783,3,71.8,13.6,0.0,13.1,1.02,-0.026
2141,Marketing,Go-To-Market,Senior Manager,7,North America,Male,Group A,25-34,1,0,81.9,1.0424,4,86.4,9.2,26.3,7.5,15.62,0.0381
2271,Marketing,Go-To-Market,Senior Manager,7,APAC,Male,Group C,35-44,1,0,87.7,1.0551,4,69.1,5.0,9.2,6.7,-1.68,0.0508
2483,Marketing,Go-To-Market,Senior Manager,7,APAC,Female,Group C,45-54,1,0,42.6,0.9723,3,79.6,4.9,0.0,7.9,8.82,-0.032
2496,Marketing,Go-To-Market,Senior Manager,7,North America,Male,Group A,45-54,0,1,30.9,0.9936,3,84.4,1.2,3.4,17.5,13.62,-0.0107
2558,Marketing,Go-To-Market,Senior Manager,7,EMEA,Male,Group C,35-44,1,0,5.7,1.0425,3,79.6,4.0,0.0,5.7,8.82,0.0382
2768,Marketing,Go-To-Market,Senior Manager,7,EMEA,Female,Group B,35-44,0,1,13.3,0.9855,2,45.1,10.5,7.2,11.4,-25.68,-0.0188
572,Marketing,Go-To-Market,Director,8,North America,Female,Group A,25-34,1,0,57.4,0.9908,3,87.7,11.3,0.0,8.3,16.92,-0.0041
702,Marketing,Go-To-Market,Director,8,North America,Male,Group B,35-44,0,1,54.8,0.9838,4,56.7,18.9,0.0,9.8,-14.08,-0.0111
791,Marketing,Go-To-Market,Director,8,North America,Female,Group E,25-34,0,1,0.6,0.9708,2,81.3,12.2,0.0,1.5,10.52,-0.0241
1384,Marketing,Go-To-Market,Director,8,APAC,Non-binary,Group A,<25,1,0,82.8,0.9327,2,68.2,2.1,54.5,8.0,-2.58,-0.0622
1834,Marketing,Go-To-Market,Director,8,Latin America,Male,Group D,35-44,0,1,13.2,1.0918,3,88.9,6.9,27.0,12.0,18.12,0.0969
2071,Marketing,Go-To-Market,Director,8,North America,Female,Group B,<25,1,0,91.5,1.0776,1,61.4,8.9,4.2,11.6,-9.38,0.0827
2438,Marketing,Go-To-Market,Director,8,EMEA,Male,Group B,35-44,1,0,81.1,1.0186,1,45.6,10.0,17.7,30.3,-25.18,0.0237
310,Product Management,Technology,Associate,1,EMEA,Male,Group C,45-54,1,0,24.4,0.9681,4,66.4,3.5,10.1,4.9,-0.87,-0.0281
314,Product Management,Technology,Associate,1,APAC,Male,Group C,35-44,1,0,18.7,1.1895,2,36.3,5.0,52.5,18.7,-30.97,0.1933
315,Product Management,Technology,Associate,1,APAC,Female,Group B,35-44,1,0,18.2,1.0256,3,50.3,16.4,8.5,17.9,-16.97,0.0294
414,Product Management,Technology,Associate,1,North America,Male,Group A,55+,1,0,17.8,0.9416,1,88.3,5.0,49.2,13.9,21.03,-0.0546
461,Product Management,Technology,Associate,1,APAC,Male,Group A,35-44,1,0,14.6,1.0613,2,75.6,7.3,10.3,14.6,8.33,0.0651
503,Product Management,Technology,Associate,1,North America,Male,Group A,25-34,1,0,11.8,1.0423,2,98.3,7.3,12.8,3.0,31.03,0.0461
630,Product Management,Technology,Associate,1,North America,Male,Group A,25-34,1,0,12.0,0.9904,4,66.8,6.2,10.6,12.0,-0.47,-0.0058
675,Product Management,Technology,Associate,1,APAC,Male,Group B,45-54,0,1,12.6,0.9947,4,49.4,6.0,15.8,13.9,-17.87,-0.0015
768,Product Management,Technology,Associate,1,North America,Female,Group E,35-44,1,0,20.1,0.94,2,45.2,10.2,0.0,13.2,-22.07,-0.0562
804,Product Management,Technology,Associate,1,APAC,Female,Group B,25-34,0,1,0.4,0.8753,3,44.1,12.8,24.2,1.5,-23.17,-0.1209
813,Product Management,Technology,Associate,1,North America,Male,Group D,25-34,0,1,10.4,0.9615,2,88.5,17.5,4.9,8.4,21.23,-0.0347
838,Product Management,Technology,Associate,1,APAC,Male,Group E,<25,1,0,18.5,0.9218,4,45.6,11.6,0.9,10.9,-21.67,-0.0744
846,Product Management,Technology,Associate,1,APAC,Male,Group E,35-44,1,0,18.5,1.104,4,55.4,3.7,11.1,18.5,-11.87,0.1078
889,Product Management,Technology,Associate,1,APAC,Male,Group C,35-44,1,0,22.4,0.9284,3,56.5,14.9,15.1,16.8,-10.77,-0.0678
896,Product Management,Technology,Associate,1,Latin America,Male,Group C,25-34,0,1,11.9,1.0976,2,49.9,7.1,35.5,10.2,-17.37,0.1014
926,Product Management,Technology,Associate,1,APAC,Male,Group D,55+,1,0,12.9,0.9829,3,94.8,4.0,25.3,4.0,27.53,-0.0133
972,Product Management,Technology,Associate,1,APAC,Male,Group A,35-44,1,0,14.8,0.9715,4,46.8,1.6,8.2,14.8,-20.47,-0.0247
1154,Product Management,Technology,Associate,1,APAC,Female,Group C,35-44,0,1,13.3,0.8761,3,48.0,37.1,14.1,6.0,-19.27,-0.1201
1210,Product Management,Technology,Associate,1,Latin America,Male,Group A,45-54,1,0,16.5,1.121,4,39.0,8.8,3.7,14.6,-28.27,0.1248
1212,Product Management,Technology,Associate,1,EMEA,Male,Group C,35-44,1,0,9.7,0.9159,3,74.0,14.2,10.8,9.7,6.73,-0.0803
1241,Product Management,Technology,Associate,1,APAC,Male,Group A,25-34,1,0,17.7,1.0969,5,77.7,5.8,4.3,17.7,10.43,0.1007
1437,Product Management,Technology,Associate,1,APAC,Female,Group A,35-44,1,0,16.1,1.0131,3,75.0,4.7,55.3,1.6,7.73,0.0169
1464,Product Management,Technology,Associate,1,Latin America,Female,Group A,45-54,1,0,7.3,0.9287,4,80.3,12.5,14.2,7.3,13.03,-0.0675
1589,Product Management,Technology,Associate,1,North America,Male,Group A,25-34,1,0,1.9,1.0326,4,79.2,6.4,13.7,1.9,11.93,0.0364
1595,Product Management,Technology,Associate,1,APAC,Male,Group C,<25,0,1,0.6,1.0809,2,51.7,12.2,2.3,0.8,-15.57,0.0847
1621,Product Management,Technology,Associate,1,APAC,Male,Group D,35-44,1,0,7.6,1.0279,3,69.4,1.8,19.7,7.6,2.13,0.0317
1679,Product Management,Technology,Associate,1,North America,Male,Group C,25-34,0,1,13.4,1.0813,1,78.2,6.8,3.6,13.9,10.93,0.0851
1685,Product Management,Technology,Associate,1,North America,Male,Group A,35-44,1,0,9.5,0.9554,3,66.1,12.0,46.3,9.5,-1.17,-0.0408
1726,Product Management,Technology,Associate,1,EMEA,Female,Group B,25-34,0,1,17.3,0.9866,2,69.9,27.6,11.4,6.6,2.63,-0.0096
1761,Product Management,Technology,Associate,1,North America,Female,Group C,45-54,0,1,8.8,1.0615,3,70.0,10.9,0.0,4.9,2.73,0.0653
1820,Product Management,Technology,Associate,1,North America,Male,Group C,45-54,1,0,17.8,0.9708,4,76.2,3.5,12.0,10.3,8.93,-0.0254
1835,Product Management,Technology,Associate,1,North America,Male,Group A,35-44,0,1,1.8,1.1154,4,83.2,6.7,1.8,2.7,15.93,0.1192
1847,Product Management,Technology,Associate,1,APAC,Male,Group E,35-44,0,1,8.6,0.9596,2,71.7,22.8,24.1,23.8,4.43,-0.0366
2025,Product Management,Technology,Associate,1,EMEA,Male,Group D,25-34,0,1,1.5,0.9741,2,42.3,12.3,12.8,1.8,-24.97,-0.0221
2026,Product Management,Technology,Associate,1,EMEA,Non-binary,Group A,35-44,1,0,22.9,0.8503,2,55.3,21.2,0.0,6.2,-11.97,-0.1459
2039,Product Management,Technology,Associate,1,APAC,Male,Group E,35-44,1,0,15.0,0.9151,2,59.7,8.0,2.9,15.0,-7.57,-0.0811
2067,Product Management,Technology,Associate,1,North America,Male,Group B,35-44,1,0,7.4,1.0365,5,88.4,3.4,0.0,7.4,21.13,0.0403
2077,Product Management,Technology,Associate,1,APAC,Female,Group A,35-44,0,1,0.4,0.9019,4,57.7,4.7,4.7,1.1,-9.57,-0.0943
2123,Product Management,Technology,Associate,1,APAC,Female,Group C,35-44,1,0,4.0,0.9377,4,66.9,12.6,21.7,4.0,-0.37,-0.0585
2224,Product Management,Technology,Associate,1,APAC,Non-binary,Group A,45-54,1,0,18.8,1.1008,2,81.7,5.8,7.8,18.8,14.43,0.1046
2234,Product Management,Technology,Associate,1,North America,Male,Group E,35-44,1,0,22.5,1.0793,3,64.9,4.0,0.0,9.1,-2.37,0.0831
2254,Product Management,Technology,Associate,1,EMEA,Male,Group C,<25,1,0,9.9,0.9824,3,100.0,4.5,16.4,5.1,32.73,-0.0138
2276,Product Management,Technology,Associate,1,EMEA,Female,Group A,<25,1,0,0.9,1.0201,5,59.8,7.2,10.9,0.9,-7.47,0.0239
2425,Product Management,Technology,Associate,1,APAC,Male,Group A,55+,0,1,11.3,0.9758,5,56.0,10.4,6.9,13.3,-11.27,-0.0204
2560,Product Management,Technology,Associate,1,EMEA,Non-binary,Group B,45-54,1,0,20.5,1.0117,3,33.8,9.0,12.9,16.5,-33.47,0.0155
2631,Product Management,Technology,Associate,1,North America,Female,Group A,45-54,1,0,21.0,0.8478,3,51.2,9.2,3.0,15.4,-16.07,-0.1484
2659,Product Management,Technology,Associate,1,North America,Female,Group A,25-34,1,0,12.7,0.9769,4,44.2,6.7,12.3,6.3,-23.07,-0.0193
2758,Product Management,Technology,Associate,1,APAC,Male,Group B,25-34,0,1,1.1,1.0185,2,50.3,7.2,2.1,7.1,-16.97,0.0223
17,Product Management,Technology,Analyst,2,EMEA,Female,Group C,45-54,1,0,12.9,0.832,4,92.3,9.5,0.0,12.9,25.03,-0.1545
84,Product Management,Technology,Analyst,2,North America,Male,Group A,25-34,1,0,4.8,0.8905,5,83.0,10.2,1.5,4.8,15.73,-0.096
119,Product Management,Technology,Analyst,2,EMEA,Male,Group D,25-34,1,0,1.4,0.9784,5,59.4,6.8,2.1,1.4,-7.87,-0.0081
124,Product Management,Technology,Analyst,2,EMEA,Male,Group C,45-54,1,0,30.6,0.9462,4,68.5,7.9,0.0,8.6,1.23,-0.0403
132,Product Management,Technology,Analyst,2,APAC,Male,Group E,<25,0,1,22.8,0.9764,2,80.1,16.0,5.5,9.0,12.83,-0.0101
133,Product Management,Technology,Analyst,2,APAC,Female,Group B,25-34,1,0,23.3,0.9039,3,46.1,2.7,6.3,3.1,-21.17,-0.0826
146,Product Management,Technology,Analyst,2,North America,Female,Group E,25-34,1,0,0.8,0.8914,3,70.8,8.1,4.8,0.8,3.53,-0.0951
225,Product Management,Technology,Analyst,2,APAC,Male,Group B,35-44,1,0,11.5,1.02,3,61.3,1.4,4.1,4.5,-5.97,0.0335
227,Product Management,Technology,Analyst,2,North America,Female,Group C,25-34,0,1,10.9,0.9091,3,59.7,6.6,27.0,7.4,-7.57,-0.0774
237,Product Management,Technology,Analyst,2,North America,Male,Group A,45-54,1,0,36.8,0.9697,2,69.1,13.8,0.0,8.8,1.83,-0.0168
249,Product Management,Technology,Analyst,2,APAC,Male,Group A,35-44,1,0,21.8,1.139,2,66.0,11.9,10.5,7.2,-1.27,0.1525
286,Product Management,Technology,Analyst,2,North America,Non-binary,Group B,35-44,1,0,14.5,1.0863,4,79.2,19.4,0.0,14.5,11.93,0.0998
300,Product Management,Technology,Analyst,2,Latin America,Male,Group E,25-34,1,0,27.3,0.9645,4,57.0,4.2,0.0,19.3,-10.27,-0.022
317,Product Management,Technology,Analyst,2,North America,Male,Group B,25-34,1,0,3.0,1.0337,4,77.2,12.9,52.8,3.0,9.93,0.0472
319,Product Management,Technology,Analyst,2,Latin America,Female,Group A,35-44,1,0,10.5,0.9387,4,58.9,13.9,11.5,10.5,-8.37,-0.0478
413,Product Management,Technology,Analyst,2,EMEA,Male,Group B,45-54,1,0,13.7,0.8853,3,76.7,4.3,6.4,8.9,9.43,-0.1012
469,Product Management,Technology,Analyst,2,EMEA,Male,Group E,25-34,0,1,26.8,0.8827,3,54.4,12.8,16.2,5.0,-12.87,-0.1038
539,Product Management,Technology,Analyst,2,North America,Female,Group A,35-44,0,1,9.9,0.9059,4,71.0,3.8,6.6,9.1,3.73,-0.0806
629,Product Management,Technology,Analyst,2,EMEA,Female,Group E,35-44,1,0,34.4,0.8883,3,78.7,8.5,14.4,7.0,11.43,-0.0982
652,Product Management,Technology,Analyst,2,APAC,Male,Group A,35-44,1,0,13.1,1.1167,1,61.3,13.2,16.2,2.2,-5.97,0.1302
729,Product Management,Technology,Analyst,2,APAC,Female,Group B,35-44,1,0,24.0,1.0075,3,50.1,4.1,8.4,23.8,-17.17,0.021
785,Product Management,Technology,Analyst,2,North America,Female,Group B,25-34,0,1,2.4,0.9591,4,79.5,12.8,8.4,7.1,12.23,-0.0274
830,Product Management,Technology,Analyst,2,North America,Female,Group C,25-34,0,1,17.3,1.0244,4,66.7,4.9,13.9,3.0,-0.57,0.0379
874,Product Management,Technology,Analyst,2,APAC,Male,Group A,25-34,1,0,9.3,0.9989,5,46.9,0.9,13.0,9.3,-20.37,0.0124
919,Product Management,Technology,Analyst,2,APAC,Male,Group A,25-34,1,0,24.8,0.9039,3,53.6,3.8,7.1,18.9,-13.67,-0.0826
957,Product Management,Technology,Analyst,2,APAC,Male,Group D,25-34,0,1,9.2,0.9708,3,78.5,10.8,25.7,13.9,11.23,-0.0157
1017,Product Management,Technology,Analyst,2,North America,Female,Group A,25-34,1,0,19.0,0.9379,3,42.2,4.6,6.4,17.3,-25.07,-0.0486
1022,Product Management,Technology,Analyst,2,APAC,Female,Group A,45-54,0,1,14.4,1.0502,2,74.3,14.6,3.3,2.0,7.03,0.0637
1084,Product Management,Technology,Analyst,2,North America,Female,Group B,25-34,1,0,20.6,0.9091,5,48.2,5.0,9.9,20.6,-19.07,-0.0774
1237,Product Management,Technology,Analyst,2,EMEA,Female,Group D,25-34,1,0,32.8,0.9537,4,87.8,4.2,14.5,22.4,20.53,-0.0328
1421,Product Management,Technology,Analyst,2,North America,Female,Group A,25-34,1,0,16.8,1.1339,2,57.8,8.1,4.0,16.8,-9.47,0.1474
1494,Product Management,Technology,Analyst,2,EMEA,Male,Group B,25-34,1,0,20.0,0.9124,4,66.2,10.6,0.0,20.0,-1.07,-0.0741
1501,Product Management,Technology,Analyst,2,North America,Male,Group B,35-44,1,0,36.7,0.9591,4,61.2,14.7,7.0,12.8,-6.07,-0.0274
1532,Product Management,Technology,Analyst,2,APAC,Male,Group D,35-44,1,0,25.5,0.9404,3,68.4,5.1,31.9,7.7,1.13,-0.0461
1548,Product Management,Technology,Analyst,2,North America,Female,Group C,35-44,0,1,1.8,1.0326,3,62.6,7.2,25.0,3.6,-4.67,0.0461
1572,Product Management,Technology,Analyst,2,Latin America,Male,Group A,55+,1,0,21.8,1.068,4,59.4,5.7,14.7,12.7,-7.87,0.0815
1649,Product Management,Technology,Analyst,2,APAC,Male,Group B,25-34,0,1,25.9,0.9927,4,47.2,15.8,24.4,15.6,-20.07,0.0062
1651,Product Management,Technology,Analyst,2,North America,Female,Group B,25-34,1,0,2.9,0.9929,3,86.5,10.3,8.5,2.9,19.23,0.0064
1656,Product Management,Technology,Analyst,2,APAC,Male,Group A,25-34,1,0,8.6,1.0045,3,78.5,10.8,0.0,6.7,11.23,0.018
1668,Product Management,Technology,Analyst,2,APAC,Female,Group B,45-54,0,1,21.0,0.7419,2,89.4,6.3,10.0,8.2,22.13,-0.2446
1760,Product Management,Technology,Analyst,2,APAC,Male,Group A,25-34,1,0,20.1,0.9203,2,77.2,2.0,9.1,7.7,9.93,-0.0662
1780,Product Management,Technology,Analyst,2,EMEA,Female,Group B,35-44,1,0,4.2,1.0013,4,78.3,5.5,18.6,2.5,11.03,0.0148
1910,Product Management,Technology,Analyst,2,North America,Female,Group E,25-34,1,0,27.7,0.8634,3,72.7,5.3,10.9,18.5,5.43,-0.1231
1931,Product Management,Technology,Analyst,2,APAC,Male,Group C,45-54,1,0,30.9,0.954,5,67.4,8.5,40.4,12.5,0.13,-0.0325
2019,Product Management,Technology,Analyst,2,North America,Male,Group B,45-54,1,0,3.5,0.9773,4,37.8,6.8,10.0,3.5,-29.47,-0.0092
2155,Product Management,Technology,Analyst,2,EMEA,Female,Group A,25-34,1,0,27.6,0.8333,2,74.9,12.0,4.8,7.6,7.63,-0.1532
2204,Product Management,Technology,Analyst,2,APAC,Male,Group B,25-34,1,0,28.4,1.1494,3,49.9,5.3,8.1,28.4,-17.37,0.1629
2215,Product Management,Technology,Analyst,2,APAC,Female,Group B,35-44,1,0,14.1,0.9509,3,82.7,1.8,6.5,14.1,15.43,-0.0356
2239,Product Management,Technology,Analyst,2,North America,Male,Group A,35-44,1,0,10.8,0.9123,3,65.8,8.0,0.0,10.8,-1.47,-0.0742
2247,Product Management,Technology,Analyst,2,APAC,Female,Group D,35-44,1,0,21.9,0.8866,2,91.7,8.2,4.9,16.9,24.43,-0.0999
2264,Product Management,Technology,Analyst,2,North America,Male,Group A,55+,1,0,3.4,1.0134,1,100.0,10.0,0.0,3.4,32.73,0.0269
2311,Product Management,Technology,Analyst,2,North America,Male,Group E,35-44,1,0,9.1,1.0705,2,75.2,1.2,12.5,9.1,7.93,0.084
2523,Product Management,Technology,Analyst,2,EMEA,Male,Group A,25-34,0,1,4.3,1.0343,2,49.0,6.4,2.7,10.8,-18.27,0.0478
2636,Product Management,Technology,Analyst,2,North America,Non-binary,Group A,35-44,1,0,32.6,1.0926,1,74.9,5.0,0.0,25.9,7.63,0.1061
2646,Product Management,Technology,Analyst,2,North America,Male,Group E,35-44,0,1,5.2,1.1435,4,51.3,8.7,3.2,16.0,-15.97,0.157
2690,Product Management,Technology,Analyst,2,APAC,Male,Group A,35-44,0,1,9.8,0.982,2,45.5,15.4,12.0,10.9,-21.77,-0.0045
26,Product Management,Technology,Senior Analyst,3,EMEA,Male,Group B,25-34,1,0,5.0,0.9464,2,54.5,5.4,12.2,5.0,-12.77,-0.0465
29,Product Management,Technology,Senior Analyst,3,North America,Male,Group A,35-44,0,1,4.8,1.0812,4,40.8,7.5,26.3,12.1,-26.47,0.0883
43,Product Management,Technology,Senior Analyst,3,EMEA,Female,Group C,25-34,0,1,9.1,0.9766,3,91.9,15.8,26.6,8.7,24.63,-0.0163
185,Product Management,Technology,Senior Analyst,3,APAC,Female,Group D,25-34,1,0,18.4,1.0387,3,59.9,0.3,8.1,18.4,-7.37,0.0458
211,Product Management,Technology,Senior Analyst,3,North America,Female,Group B,25-34,1,0,22.2,1.0631,3,82.4,13.7,25.0,13.6,15.13,0.0702
224,Product Management,Technology,Senior Analyst,3,North America,Male,Group E,25-34,0,1,37.8,0.9047,2,64.1,8.9,0.0,8.4,-3.17,-0.0882
250,Product Management,Technology,Senior Analyst,3,EMEA,Male,Group A,35-44,1,0,18.7,1.0221,2,74.1,5.2,14.9,6.2,6.83,0.0292
291,Product Management,Technology,Senior Analyst,3,North America,Female,Group C,45-54,0,1,3.2,0.9733,4,44.3,13.4,12.5,8.9,-22.97,-0.0196
318,Product Management,Technology,Senior Analyst,3,North America,Male,Group C,<25,0,1,0.6,1.0232,3,84.9,13.2,9.5,2.6,17.63,0.0303
321,Product Management,Technology,Specialist,3,APAC,Female,Group E,25-34,0,1,1.4,0.9966,3,48.7,9.2,15.0,1.8,-18.57,0.0037
375,Product Management,Technology,Senior Analyst,3,North America,Male,Group C,25-34,1,0,10.1,1.0453,4,58.3,15.2,0.0,10.1,-8.97,0.0524
409,Product Management,Technology,Specialist,3,APAC,Male,Group D,<25,0,1,21.6,0.9125,4,56.6,13.6,4.3,17.5,-10.67,-0.0804
416,Product Management,Technology,Senior Analyst,3,APAC,Female,Group B,25-34,1,0,4.9,0.9756,3,65.3,8.0,2.0,4.9,-1.97,-0.0173
420,Product Management,Technology,Specialist,3,APAC,Female,Group E,<25,0,1,1.3,0.9857,4,65.1,7.3,2.6,1.8,-2.17,-0.0072
433,Product Management,Technology,Specialist,3,EMEA,Female,Group A,35-44,1,0,22.8,0.9157,3,60.0,5.4,2.7,2.9,-7.27,-0.0772
442,Product Management,Technology,Specialist,3,North America,Female,Group C,25-34,1,0,43.9,0.8985,4,68.7,2.8,0.0,21.6,1.43,-0.0944
444,Product Management,Technology,Senior Analyst,3,APAC,Female,Group E,25-34,1,0,6.1,0.9621,3,65.7,4.9,15.0,6.1,-1.57,-0.0308
475,Product Management,Technology,Specialist,3,North America,Female,Group C,45-54,1,0,7.5,1.0976,3,43.4,5.0,4.5,7.4,-23.87,0.1047
481,Product Management,Technology,Senior Analyst,3,APAC,Female,Group B,45-54,1,0,36.7,0.8957,3,71.3,11.2,0.0,8.7,4.03,-0.0972
495,Product Management,Technology,Senior Analyst,3,APAC,Male,Group A,25-34,1,0,48.9,0.9756,3,52.9,2.4,27.7,25.1,-14.37,-0.0173
499,Product Management,Technology,Senior Analyst,3,EMEA,Male,Group C,35-44,1,0,28.4,0.9385,2,82.7,5.4,20.8,4.2,15.43,-0.0544
502,Product Management,Technology,Senior Analyst,3,APAC,Female,Group E,<25,1,0,29.8,0.9165,2,60.5,1.3,10.1,29.8,-6.77,-0.0764
530,Product Management,Technology,Senior Analyst,3,North America,Female,Group A,55+,0,1,0.5,0.8717,3,53.7,14.2,0.0,1.6,-13.57,-0.1212
532,Product Management,Technology,Specialist,3,North America,Male,Group E,<25,1,0,31.4,1.0285,3,70.0,13.4,26.2,7.7,2.73,0.0356
654,Product Management,Technology,Specialist,3,EMEA,Female,Group D,45-54,1,0,24.8,0.9022,5,56.2,19.7,14.2,20.4,-11.07,-0.0907
688,Product Management,Technology,Senior Analyst,3,North America,Female,Group A,55+,1,0,34.4,0.8305,2,72.1,4.7,0.0,33.5,4.83,-0.1624
792,Product Management,Technology,Senior Analyst,3,APAC,Female,Group A,25-34,1,0,24.1,1.005,3,55.4,1.6,7.1,9.4,-11.87,0.0121
858,Product Management,Technology,Specialist,3,APAC,Male,Group C,35-44,0,1,1.7,1.0434,3,70.8,9.3,32.9,2.9,3.53,0.0505
868,Product Management,Technology,Senior Analyst,3,North America,Non-binary,Group B,<25,1,0,46.7,0.9512,3,57.8,13.2,0.0,6.7,-9.47,-0.0417
924,Product Management,Technology,Specialist,3,North America,Male,Group B,<25,1,0,5.2,1.1085,3,73.4,7.3,13.7,5.2,6.13,0.1156
925,Product Management,Technology,Senior Analyst,3,North America,Female,Group E,25-34,1,0,21.2,1.0585,4,64.6,24.1,7.8,21.2,-2.67,0.0656
976,Product Management,Technology,Specialist,3,North America,Female,Group D,45-54,1,0,48.9,1.0199,5,96.7,5.9,9.2,10.1,29.43,0.027
986,Product Management,Technology,Senior Analyst,3,APAC,Male,Group C,35-44,1,0,1.1,0.9982,4,68.6,1.4,0.0,1.1,1.33,0.0053
995,Product Management,Technology,Specialist,3,APAC,Non-binary,Group C,25-34,1,0,10.7,1.0158,3,66.5,5.4,26.0,7.2,-0.77,0.0229
1162,Product Management,Technology,Specialist,3,EMEA,Male,Group A,25-34,0,1,8.0,1.0127,3,68.0,19.8,19.0,13.0,0.73,0.0198
1239,Product Management,Technology,Specialist,3,APAC,Female,Group A,55+,1,0,8.2,0.8032,4,75.9,3.1,7.0,8.2,8.63,-0.1897
1252,Product Management,Technology,Specialist,3,North America,Male,Group A,25-34,1,0,1.3,0.9292,3,56.9,5.3,0.0,1.3,-10.37,-0.0637
1262,Product Management,Technology,Specialist,3,North America,Male,Group D,25-34,1,0,16.4,0.989,3,74.3,12.4,19.0,16.4,7.03,-0.0039
1272,Product Management,Technology,Specialist,3,North America,Male,Group B,25-34,1,0,6.9,0.8897,2,88.5,17.5,0.0,6.9,21.23,-0.1032
1280,Product Management,Technology,Specialist,3,EMEA,Female,Group A,25-34,1,0,31.0,0.7803,4,90.0,1.9,1.5,16.9,22.73,-0.2126
1295,Product Management,Technology,Specialist,3,North America,Female,Group B,25-34,0,1,38.4,0.8999,3,76.8,6.5,0.0,2.2,9.53,-0.093
1438,Product Management,Technology,Senior Analyst,3,EMEA,Male,Group E,35-44,1,0,9.3,1.0282,1,51.4,18.3,6.8,9.3,-15.87,0.0353
1457,Product Management,Technology,Specialist,3,North America,Female,Group C,25-34,0,1,6.8,0.9238,2,80.7,16.2,13.9,8.5,13.43,-0.0691
1470,Product Management,Technology,Specialist,3,APAC,Male,Group A,45-54,1,0,5.6,1.0555,3,64.7,10.2,24.4,5.6,-2.57,0.0626
1533,Product Management,Technology,Senior Analyst,3,APAC,Male,Group E,45-54,1,0,31.0,0.944,3,64.8,6.1,13.1,10.0,-2.47,-0.0489
1671,Product Management,Technology,Specialist,3,EMEA,Female,Group B,45-54,1,0,31.7,1.2257,3,64.8,7.2,0.0,18.9,-2.47,0.2328
1696,Product Management,Technology,Senior Analyst,3,North America,Female,Group C,45-54,0,1,4.4,0.9816,4,75.4,11.8,23.5,8.6,8.13,-0.0113
1719,Product Management,Technology,Specialist,3,North America,Female,Group E,35-44,1,0,25.8,1.0644,5,72.9,8.6,23.7,5.3,5.63,0.0715
1788,Product Management,Technology,Specialist,3,APAC,Non-binary,Group C,35-44,1,0,12.5,0.9251,4,40.9,21.7,10.1,12.5,-26.37,-0.0678
1806,Product Management,Technology,Senior Analyst,3,North America,Male,Group C,35-44,1,0,23.0,1.0602,2,55.6,12.5,0.0,23.0,-11.67,0.0673
1840,Product Management,Technology,Senior Analyst,3,APAC,Female,Group D,35-44,0,1,16.0,0.9124,3,52.8,4.9,9.4,20.6,-14.47,-0.0805
1888,Product Management,Technology,Senior Analyst,3,North America,Male,Group D,55+,1,0,46.7,0.969,4,45.3,5.5,39.8,9.8,-21.97,-0.0239
1937,Product Management,Technology,Senior Analyst,3,North America,Male,Group B,55+,1,0,14.0,0.9221,4,84.6,4.6,0.0,6.8,17.33,-0.0708
2013,Product Management,Technology,Senior Analyst,3,North America,Non-binary,Group A,45-54,1,0,40.4,1.0042,3,73.6,8.5,14.2,9.9,6.33,0.0113
2017,Product Management,Technology,Senior Analyst,3,North America,Female,Group D,35-44,1,0,18.0,0.9706,2,74.0,2.5,0.0,7.6,6.73,-0.0223
2049,Product Management,Technology,Senior Analyst,3,North America,Female,Group A,35-44,1,0,47.2,0.9557,3,61.9,3.2,0.0,9.7,-5.37,-0.0372
2079,Product Management,Technology,Senior Analyst,3,EMEA,Male,Group E,<25,1,0,34.9,1.0872,3,75.6,18.1,0.0,26.5,8.33,0.0943
2089,Product Management,Technology,Senior Analyst,3,EMEA,Female,Group B,45-54,1,0,20.6,1.0021,3,50.2,15.5,13.0,15.4,-17.07,0.0092
2127,Product Management,Technology,Specialist,3,APAC,Female,Group A,25-34,1,0,24.8,1.1018,3,67.9,7.9,33.8,20.4,0.63,0.1089
2137,Product Management,Technology,Specialist,3,APAC,Male,Group A,25-34,1,0,46.7,0.9806,2,97.9,7.1,8.8,43.7,30.63,-0.0123
2161,Product Management,Technology,Specialist,3,North America,Male,Group B,25-34,1,0,31.6,1.0122,2,45.4,0.7,0.0,22.9,-21.87,0.0193
2214,Product Management,Technology,Senior Analyst,3,North America,Female,Group A,45-54,1,0,36.1,0.9805,2,67.3,5.7,7.1,10.4,0.03,-0.0124
2245,Product Management,Technology,Specialist,3,North America,Female,Group D,45-54,0,1,37.1,0.9851,4,49.9,7.0,0.0,27.3,-17.37,-0.0078
2297,Product Management,Technology,Senior Analyst,3,North America,Male,Group A,25-34,1,0,44.8,1.1341,2,49.3,9.3,16.9,17.8,-17.97,0.1412
2309,Product Management,Technology,Senior Analyst,3,North America,Male,Group B,25-34,1,0,13.7,0.9233,2,71.7,8.7,0.0,6.8,4.43,-0.0696
2332,Product Management,Technology,Specialist,3,APAC,Male,Group C,<25,1,0,34.6,1.0261,3,73.6,2.9,19.5,15.6,6.33,0.0332
2353,Product Management,Technology,Senior Analyst,3,North America,Male,Group A,25-34,0,1,7.4,0.9942,2,55.1,22.9,9.8,10.1,-12.17,0.0013
2365,Product Management,Technology,Senior Analyst,3,Latin America,Female,Group D,35-44,0,1,18.7,0.9964,1,70.1,22.6,6.4,29.7,2.83,0.0035
2370,Product Management,Technology,Senior Analyst,3,APAC,Male,Group E,25-34,0,1,12.4,0.9711,2,98.0,3.4,12.0,14.9,30.73,-0.0218
2395,Product Management,Technology,Senior Analyst,3,APAC,Male,Group D,35-44,1,0,38.2,1.0555,3,89.7,25.4,3.0,7.2,22.43,0.0626
2418,Product Management,Technology,Specialist,3,North America,Female,Group A,25-34,1,0,1.4,0.9365,3,67.0,7.8,0.0,1.4,-0.27,-0.0564
2508,Product Management,Technology,Senior Analyst,3,North America,Male,Group B,45-54,1,0,26.4,0.9093,4,76.6,5.1,3.9,24.8,9.33,-0.0836
2562,Product Management,Technology,Specialist,3,APAC,Female,Group B,45-54,1,0,39.8,0.8627,4,100.0,2.9,12.4,7.7,32.73,-0.1302
2623,Product Management,Technology,Senior Analyst,3,North America,Female,Group A,25-34,0,1,15.7,0.9271,3,76.5,0.4,0.0,7.0,9.23,-0.0658
2642,Product Management,Technology,Senior Analyst,3,North America,Male,Group A,25-34,0,1,11.3,1.0549,3,53.2,3.4,2.1,5.9,-14.07,0.062
2682,Product Management,Technology,Senior Analyst,3,APAC,Male,Group A,35-44,1,0,15.7,0.8747,5,76.7,11.4,15.0,15.7,9.43,-0.1182
2699,Product Management,Technology,Senior Analyst,3,APAC,Female,Group B,25-34,1,0,26.1,1.0209,2,81.5,2.9,0.0,8.5,14.23,0.028
2752,Product Management,Technology,Senior Analyst,3,EMEA,Female,Group D,35-44,1,0,33.0,0.9756,3,69.9,0.6,29.3,20.2,2.63,-0.0173
2789,Product Management,Technology,Senior Analyst,3,APAC,Male,Group E,25-34,0,1,24.8,1.0892,4,70.2,10.5,14.6,5.5,2.93,0.0963
138,Product Management,Technology,Senior Specialist,4,Latin America,Male,Group E,45-54,1,0,52.7,1.0428,3,67.9,6.5,6.9,30.2,0.63,0.0529
207,Product Management,Technology,Senior Specialist,4,North America,Male,Group B,25-34,1,0,24.3,0.9848,3,48.1,7.1,15.7,14.4,-19.17,-0.0051
292,Product Management,Technology,Senior Specialist,4,North America,Female,Group D,<25,1,0,14.0,0.8308,4,81.8,4.5,0.0,14.0,14.53,-0.1591
343,Product Management,Technology,Senior Specialist,4,North America,Female,Group D,35-44,1,0,55.8,0.9653,4,62.8,9.0,3.5,16.6,-4.47,-0.0246
546,Product Management,Technology,Senior Specialist,4,North America,Male,Group A,55+,1,0,35.6,1.0038,3,49.5,1.1,0.0,12.6,-17.77,0.0139
619,Product Management,Technology,Senior Specialist,4,North America,Female,Group C,<25,1,0,60.8,1.0408,1,48.4,7.7,8.5,27.6,-18.87,0.0509
696,Product Management,Technology,Senior Specialist,4,North America,Male,Group D,25-34,0,1,1.5,1.0368,3,64.4,16.5,12.4,4.0,-2.87,0.0469
825,Product Management,Technology,Senior Specialist,4,Latin America,Male,Group A,35-44,0,1,3.3,0.9457,3,59.4,11.7,8.1,8.6,-7.87,-0.0442
866,Product Management,Technology,Senior Specialist,4,North America,Male,Group A,45-54,1,0,1.4,0.9985,3,53.8,11.1,0.0,1.4,-13.47,0.0086
922,Product Management,Technology,Senior Specialist,4,North America,Female,Group E,25-34,0,1,15.3,0.9684,1,77.7,12.7,30.8,20.4,10.43,-0.0215
1202,Product Management,Technology,Senior Specialist,4,EMEA,Female,Group A,35-44,1,0,42.1,0.8083,2,81.7,6.9,19.2,8.1,14.43,-0.1816
1231,Product Management,Technology,Senior Specialist,4,EMEA,Non-binary,Group C,25-34,1,0,28.4,0.9774,3,74.6,18.4,6.2,3.0,7.33,-0.0125
1306,Product Management,Technology,Senior Specialist,4,EMEA,Non-binary,Group C,35-44,1,0,46.1,0.976,4,77.8,15.2,5.3,9.7,10.53,-0.0139
1361,Product Management,Technology,Senior Specialist,4,APAC,Male,Group E,35-44,1,0,25.4,1.031,4,97.8,3.7,12.0,4.6,30.53,0.0411
1472,Product Management,Technology,Senior Specialist,4,North America,Female,Group B,35-44,1,0,11.1,0.8786,4,80.5,5.0,4.2,11.1,13.23,-0.1113
1477,Product Management,Technology,Senior Specialist,4,APAC,Male,Group A,45-54,0,1,8.9,0.9033,3,85.2,7.4,10.7,33.0,17.93,-0.0866
1596,Product Management,Technology,Senior Specialist,4,EMEA,Male,Group D,35-44,1,0,60.4,1.1233,3,85.7,20.2,34.1,12.0,18.43,0.1334
1772,Product Management,Technology,Senior Specialist,4,EMEA,Female,Group A,25-34,1,0,4.5,0.8613,4,65.1,1.9,15.0,4.5,-2.17,-0.1286
1798,Product Management,Technology,Senior Specialist,4,APAC,Female,Group B,<25,1,0,22.0,1.0943,4,69.9,1.2,0.0,3.0,2.63,0.1044
1978,Product Management,Technology,Senior Specialist,4,North America,Male,Group A,45-54,1,0,3.0,1.0541,4,47.8,3.5,0.0,3.0,-19.47,0.0642
2001,Product Management,Technology,Senior Specialist,4,EMEA,Female,Group D,35-44,1,0,32.3,0.9117,3,71.4,9.5,12.5,28.9,4.13,-0.0782
2218,Product Management,Technology,Senior Specialist,4,North America,Male,Group D,35-44,1,0,58.0,1.0233,2,83.8,4.6,0.0,42.9,16.53,0.0334
2602,Product Management,Technology,Senior Specialist,4,EMEA,Female,Group A,25-34,1,0,25.0,1.0271,3,71.7,4.0,17.9,25.0,4.43,0.0372
2639,Product Management,Technology,Senior Specialist,4,APAC,Female,Group D,35-44,1,0,20.0,0.9852,3,70.0,10.1,32.4,20.0,2.73,-0.0047
2715,Product Management,Technology,Senior Specialist,4,North America,Female,Group B,<25,1,0,17.3,1.0276,3,62.2,3.0,13.8,17.3,-5.07,0.0377
2717,Product Management,Technology,Senior Specialist,4,North America,Female,Group A,35-44,0,1,16.8,0.8825,2,56.6,13.7,3.2,18.8,-10.67,-0.1074
2719,Product Management,Technology,Senior Specialist,4,North America,Male,Group D,35-44,1,0,20.9,1.0469,5,96.1,7.3,0.0,11.9,28.83,0.057
36,Product Management,Technology,Lead,5,APAC,Female,Group A,<25,1,0,57.4,0.8161,3,65.0,7.0,16.6,4.4,-2.27,-0.1757
179,Product Management,Technology,Lead,5,North America,Female,Group A,25-34,1,0,43.7,0.9875,3,84.8,13.3,0.0,6.0,17.53,-0.0043
183,Product Management,Technology,Lead,5,North America,Male,Group B,45-54,0,1,11.8,0.9898,1,28.7,13.7,4.8,7.7,-38.57,-0.002
209,Product Management,Technology,Lead,5,EMEA,Male,Group D,45-54,0,1,43.1,1.0205,2,82.8,10.2,2.0,6.8,15.53,0.0287
301,Product Management,Technology,Lead,5,APAC,Male,Group D,35-44,0,1,43.8,1.0316,3,78.9,6.4,19.5,3.2,11.63,0.0398
621,Product Management,Technology,Lead,5,APAC,Male,Group A,25-34,0,1,4.9,0.938,3,61.7,10.5,0.0,7.6,-5.57,-0.0538
869,Product Management,Technology,Lead,5,North America,Female,Group D,45-54,1,0,73.3,0.937,3,80.5,9.2,0.0,15.8,13.23,-0.0548
1122,Product Management,Technology,Lead,5,North America,Female,Group A,35-44,1,0,3.4,0.9922,3,56.3,3.0,10.3,3.4,-10.97,0.0004
1427,Product Management,Technology,Lead,5,North America,Male,Group B,45-54,1,0,55.4,0.8786,5,29.1,4.4,8.8,15.7,-38.17,-0.1132
1658,Product Management,Technology,Lead,5,APAC,Female,Group A,35-44,0,1,7.1,1.0546,4,44.8,7.1,15.1,5.8,-22.47,0.0628
2323,Product Management,Technology,Lead,5,North America,Male,Group C,25-34,1,0,27.7,0.903,3,85.9,15.5,13.0,18.1,18.63,-0.0888
2385,Product Management,Technology,Lead,5,North America,Male,Group B,35-44,0,1,38.4,1.1673,2,72.9,12.9,10.7,6.9,5.63,0.1755
2486,Product Management,Technology,Lead,5,North America,Male,Group D,45-54,0,1,9.2,1.0114,2,60.6,3.1,0.0,12.3,-6.67,0.0196
2550,Product Management,Technology,Lead,5,APAC,Female,Group B,35-44,1,0,60.4,1.0138,4,88.7,5.9,42.5,31.0,21.43,0.022
2567,Product Management,Technology,Lead,5,APAC,Female,Group B,35-44,0,1,13.0,0.8178,2,59.7,3.0,0.0,7.0,-7.57,-0.174
2644,Product Management,Technology,Lead,5,North America,Male,Group D,<25,1,0,21.7,1.1136,2,83.8,5.2,18.6,21.7,16.53,0.1218
2669,Product Management,Technology,Lead,5,Latin America,Male,Group B,25-34,0,1,17.9,1.0025,2,59.2,10.3,9.1,37.9,-8.07,0.0107
115,Product Management,Technology,Manager,6,APAC,Female,Group D,25-34,1,0,37.9,0.9422,3,96.5,3.9,3.1,3.8,29.23,-0.0504
216,Product Management,Technology,Manager,6,APAC,Male,Group A,25-34,1,0,34.3,1.0407,2,68.0,7.9,0.0,17.9,0.73,0.0481
288,Product Management,Technology,Manager,6,North America,Female,Group B,35-44,1,0,23.9,1.0052,4,78.9,7.8,16.7,11.1,11.63,0.0126
419,Product Management,Technology,Manager,6,APAC,Female,Group B,35-44,0,1,19.2,0.9207,4,71.7,8.1,10.1,16.4,4.43,-0.0719
488,Product Management,Technology,Manager,6,APAC,Male,Group A,35-44,1,0,86.2,1.0433,3,83.9,9.6,16.4,14.1,16.63,0.0507
607,Product Management,Technology,Manager,6,North America,Male,Group C,35-44,0,1,7.4,0.8477,2,54.9,4.7,7.5,16.6,-12.37,-0.1449
723,Product Management,Technology,Manager,6,North America,Female,Group B,45-54,1,0,17.0,0.9182,4,47.7,1.3,5.0,6.1,-19.57,-0.0744
1135,Product Management,Technology,Manager,6,APAC,Male,Group B,45-54,0,1,57.8,1.0709,3,74.7,2.0,6.3,8.4,7.43,0.0783
1260,Product Management,Technology,Manager,6,APAC,Female,Group C,25-34,0,1,29.9,0.9252,2,74.4,2.7,4.1,42.1,7.13,-0.0674
1506,Product Management,Technology,Manager,6,Latin America,Female,Group A,35-44,1,0,32.8,0.9739,5,65.2,11.5,10.8,31.3,-2.07,-0.0187
1692,Product Management,Technology,Manager,6,North America,Male,Group C,45-54,1,0,28.5,1.0866,3,77.9,3.0,23.3,3.5,10.63,0.094
1734,Product Management,Technology,Manager,6,North America,Male,Group C,25-34,1,0,46.2,1.1161,2,71.6,7.9,0.0,9.1,4.33,0.1235
1818,Product Management,Technology,Manager,6,North America,Male,Group A,25-34,1,0,46.3,0.9768,4,72.7,3.7,14.5,9.8,5.43,-0.0158
1948,Product Management,Technology,Manager,6,APAC,Male,Group C,35-44,1,0,19.7,0.9051,3,79.4,2.6,4.4,19.7,12.13,-0.0875
1971,Product Management,Technology,Manager,6,North America,Male,Group B,25-34,1,0,47.1,0.9853,3,77.9,13.4,0.8,2.1,10.63,-0.0073
2492,Product Management,Technology,Manager,6,North America,Female,Group C,25-34,1,0,42.1,0.944,3,83.0,3.9,17.8,12.0,15.73,-0.0486
2606,Product Management,Technology,Manager,6,North America,Female,Group A,35-44,1,0,7.3,1.0137,3,83.6,18.5,6.2,4.3,16.33,0.0211
2666,Product Management,Technology,Manager,6,EMEA,Female,Group A,35-44,1,0,67.6,1.0073,4,78.1,4.3,16.9,11.9,10.83,0.0147
2693,Product Management,Technology,Manager,6,EMEA,Male,Group E,25-34,1,0,74.7,0.9032,4,46.3,10.6,11.8,7.4,-20.97,-0.0894
2750,Product Management,Technology,Manager,6,EMEA,Male,Group C,25-34,1,0,83.2,0.91,1,78.2,6.7,8.9,36.1,10.93,-0.0826
2770,Product Management,Technology,Manager,6,North America,Female,Group B,25-34,1,0,14.5,1.038,2,74.3,4.6,0.0,14.5,7.03,0.0454
131,Product Management,Technology,Senior Manager,7,APAC,Female,Group A,35-44,0,1,11.6,0.9082,3,69.4,2.0,3.3,12.1,2.13,-0.0961
382,Product Management,Technology,Senior Manager,7,EMEA,Female,Group E,35-44,1,0,15.9,0.88,4,69.3,7.6,17.7,4.5,2.03,-0.1243
594,Product Management,Technology,Senior Manager,7,North America,Male,Group A,45-54,1,0,95.0,0.9652,4,58.6,2.3,0.0,2.6,-8.67,-0.0391
841,Product Management,Technology,Senior Manager,7,North America,Male,Group A,25-34,1,0,93.6,1.0286,2,71.5,1.7,12.9,12.1,4.23,0.0243
1100,Product Management,Technology,Senior Manager,7,North America,Female,Group C,55+,1,0,46.3,1.0436,4,29.8,2.6,10.9,4.8,-37.47,0.0393
1172,Product Management,Technology,Senior Manager,7,North America,Male,Group C,35-44,1,0,85.6,1.086,3,70.9,5.5,13.3,11.7,3.63,0.0817
1713,Product Management,Technology,Senior Manager,7,North America,Male,Group E,45-54,1,0,24.5,1.0441,3,51.6,5.3,0.0,9.1,-15.67,0.0398
1786,Product Management,Technology,Senior Manager,7,North America,Female,Group A,45-54,1,0,46.7,0.9017,5,87.6,2.4,13.3,27.9,20.33,-0.1026
2128,Product Management,Technology,Senior Manager,7,North America,Female,Group B,25-34,1,0,44.5,0.9344,4,50.8,17.2,0.0,10.9,-16.47,-0.0699
2133,Product Management,Technology,Senior Manager,7,North America,Male,Group E,35-44,1,0,0.8,0.9255,3,45.3,5.5,0.0,0.8,-21.97,-0.0788
136,Product Management,Technology,Director,8,North America,Male,Group C,25-34,1,0,7.5,1.0948,3,47.7,8.8,0.0,7.5,-19.57,0.0999
918,Product Management,Technology,Director,8,North America,Male,Group C,25-34,0,1,13.5,1.0056,3,83.4,8.5,30.7,13.7,16.13,0.0107
2653,Product Management,Technology,Director,8,APAC,Female,Group B,35-44,1,0,13.1,1.0,4,87.7,1.7,0.0,13.1,20.43,0.0051
99,Software Engineering,Technology,Associate,1,APAC,Male,Group A,35-44,0,1,4.8,1.0013,4,63.1,4.4,3.6,6.4,-7.06,0.0051
103,Software Engineering,Technology,Associate,1,North America,Male,Group B,25-34,1,0,3.9,0.9431,1,84.6,10.6,13.8,3.9,14.44,-0.0531
128,Software Engineering,Technology,Associate,1,North America,Female,Group B,35-44,1,0,20.0,0.9885,4,59.5,4.3,0.0,20.0,-10.66,-0.0077
325,Software Engineering,Technology,Associate,1,North America,Male,Group C,55+,1,0,2.8,1.0361,4,97.6,3.1,0.0,2.8,27.44,0.0399
663,Software Engineering,Technology,Associate,1,EMEA,Female,Group E,35-44,1,0,21.0,0.9941,3,66.1,1.5,0.0,17.3,-4.06,-0.0021
709,Software Engineering,Technology,Associate,1,APAC,Male,Group D,35-44,1,0,5.8,1.0755,5,47.2,1.5,13.3,5.8,-22.96,0.0793
715,Software Engineering,Technology,Associate,1,Latin America,Female,Group A,25-34,1,0,8.9,1.046,4,88.4,11.2,5.3,2.5,18.24,0.0498
731,Software Engineering,Technology,Associate,1,North America,Female,Group B,35-44,1,0,9.8,0.8633,3,67.7,3.1,10.0,9.8,-2.46,-0.1329
758,Software Engineering,Technology,Associate,1,EMEA,Female,Group D,<25,1,0,0.7,1.061,3,61.3,3.2,0.0,0.7,-8.86,0.0648
822,Software Engineering,Technology,Associate,1,APAC,Female,Group D,25-34,1,0,16.6,0.9687,3,83.7,3.1,19.1,16.6,13.54,-0.0275
1004,Software Engineering,Technology,Associate,1,APAC,Female,Group E,25-34,1,0,5.5,0.99,4,56.9,11.0,17.1,5.5,-13.26,-0.0062
1007,Software Engineering,Technology,Associate,1,APAC,Male,Group D,35-44,1,0,10.7,0.9758,3,73.9,6.5,8.8,10.7,3.74,-0.0204
1015,Software Engineering,Technology,Associate,1,APAC,Female,Group A,25-34,1,0,18.8,0.9758,2,70.7,2.1,5.1,13.0,0.54,-0.0204
1043,Software Engineering,Technology,Associate,1,APAC,Female,Group B,25-34,1,0,21.0,0.9675,3,61.7,7.6,18.8,13.0,-8.46,-0.0287
1060,Software Engineering,Technology,Associate,1,North America,Female,Group A,45-54,1,0,7.5,0.9753,2,85.5,18.0,0.0,7.5,15.34,-0.0209
1093,Software Engineering,Technology,Associate,1,North America,Non-binary,Group E,45-54,1,0,23.2,0.9678,3,70.0,4.3,3.1,1.8,-0.16,-0.0284
1136,Software Engineering,Technology,Associate,1,Latin America,Male,Group A,55+,0,1,5.2,1.0272,1,56.1,7.4,0.0,9.9,-14.06,0.031
1158,Software Engineering,Technology,Associate,1,North America,Female,Group C,35-44,1,0,21.2,0.9996,3,65.4,2.4,0.0,8.6,-4.76,0.0034
1186,Software Engineering,Technology,Associate,1,APAC,Male,Group A,25-34,1,0,15.5,1.0185,5,45.7,0.5,6.2,11.9,-24.46,0.0223
1406,Software Engineering,Technology,Associate,1,North America,Female,Group B,35-44,1,0,22.0,0.8635,5,44.7,7.9,7.3,22.0,-25.46,-0.1327
1455,Software Engineering,Technology,Associate,1,APAC,Male,Group D,<25,1,0,22.6,1.0043,4,92.8,2.0,9.2,8.2,22.64,0.0081
1537,Software Engineering,Technology,Associate,1,North America,Female,Group E,25-34,1,0,24.5,0.8462,3,55.7,13.0,6.8,22.9,-14.46,-0.15
1554,Software Engineering,Technology,Associate,1,North America,Non-binary,Group E,25-34,1,0,12.8,0.9035,2,90.3,5.9,13.4,12.8,20.14,-0.0927
1580,Software Engineering,Technology,Associate,1,North America,Female,Group A,25-34,0,1,11.7,0.8717,5,74.5,5.6,12.2,2.6,4.34,-0.1245
1825,Software Engineering,Technology,Associate,1,North America,Female,Group A,<25,1,0,23.0,0.8627,3,57.5,1.3,0.0,23.0,-12.66,-0.1335
1883,Software Engineering,Technology,Associate,1,North America,Male,Group E,35-44,1,0,1.7,0.971,4,65.2,3.0,0.0,1.7,-4.96,-0.0252
2061,Software Engineering,Technology,Associate,1,APAC,Female,Group A,45-54,1,0,6.5,0.9655,4,81.7,5.8,24.1,6.5,11.54,-0.0307
2138,Software Engineering,Technology,Associate,1,EMEA,Female,Group E,45-54,1,0,7.1,0.9448,2,87.7,24.1,20.3,7.1,17.54,-0.0514
2203,Software Engineering,Technology,Associate,1,North America,Female,Group A,25-34,1,0,21.0,1.0953,4,81.7,2.8,0.0,20.2,11.54,0.0991
2409,Software Engineering,Technology,Associate,1,EMEA,Male,Group A,45-54,0,1,3.6,1.0023,4,66.8,22.2,6.3,8.0,-3.36,0.0061
2440,Software Engineering,Technology,Associate,1,North America,Female,Group A,35-44,1,0,11.5,0.9731,4,84.9,1.6,0.0,11.5,14.74,-0.0231
2510,Software Engineering,Technology,Associate,1,APAC,Female,Group D,55+,0,1,16.6,0.9549,3,55.8,10.2,8.4,16.4,-14.36,-0.0413
2566,Software Engineering,Technology,Associate,1,North America,Male,Group D,<25,1,0,15.6,0.9772,3,81.2,6.2,0.0,9.5,11.04,-0.019
2675,Software Engineering,Technology,Associate,1,EMEA,Female,Group B,35-44,1,0,20.7,1.0388,3,86.6,6.6,11.0,20.7,16.44,0.0426
2718,Software Engineering,Technology,Associate,1,APAC,Male,Group A,55+,1,0,12.4,0.9544,4,84.8,1.2,2.6,12.2,14.64,-0.0418
88,Software Engineering,Technology,Analyst,2,North America,Male,Group C,45-54,1,0,19.1,1.0145,4,80.2,7.9,0.0,5.2,10.04,0.028
117,Software Engineering,Technology,Analyst,2,North America,Female,Group A,<25,1,0,23.9,0.8881,3,57.6,4.4,0.0,23.9,-12.56,-0.0984
160,Software Engineering,Technology,Analyst,2,EMEA,Male,Group A,25-34,1,0,18.2,1.0046,4,86.0,5.1,2.3,18.2,15.84,0.0181
363,Software Engineering,Technology,Analyst,2,EMEA,Male,Group C,25-34,0,1,2.1,0.9515,3,64.0,8.9,0.0,6.1,-6.16,-0.035
466,Software Engineering,Technology,Analyst,2,APAC,Female,Group C,25-34,1,0,35.4,0.9877,3,87.0,2.9,0.0,25.2,16.84,0.0012
507,Software Engineering,Technology,Analyst,2,Latin America,Male,Group B,45-54,0,1,9.2,0.9165,2,63.9,1.4,13.6,2.6,-6.26,-0.07
540,Software Engineering,Technology,Analyst,2,Latin America,Male,Group D,25-34,0,1,2.7,1.0126,2,66.7,8.1,4.4,2.4,-3.46,0.0261
577,Software Engineering,Technology,Analyst,2,APAC,Female,Group A,55+,1,0,3.7,0.93,5,57.3,17.5,16.4,3.7,-12.86,-0.0565
690,Software Engineering,Technology,Analyst,2,APAC,Male,Group A,<25,1,0,10.8,1.0136,3,91.0,17.0,68.8,10.8,20.84,0.0271
724,Software Engineering,Technology,Analyst,2,North America,Female,Group A,35-44,1,0,16.4,0.889,3,60.1,2.2,0.0,9.5,-10.06,-0.0975
817,Software Engineering,Technology,Analyst,2,APAC,Male,Group A,55+,1,0,10.0,0.8923,4,94.6,15.9,13.9,10.0,24.44,-0.0942
971,Software Engineering,Technology,Analyst,2,EMEA,Male,Group D,25-34,1,0,8.6,1.031,3,66.5,6.1,0.0,3.8,-3.66,0.0445
1016,Software Engineering,Technology,Analyst,2,North America,Female,Group E,25-34,0,1,8.7,0.9256,4,44.8,7.9,6.4,12.2,-25.36,-0.0609
1032,Software Engineering,Technology,Analyst,2,EMEA,Male,Group A,25-34,1,0,13.1,0.9527,3,84.4,1.7,30.0,13.1,14.24,-0.0338
1088,Software Engineering,Technology,Analyst,2,APAC,Male,Group D,25-34,1,0,36.8,0.9371,3,59.9,3.9,11.7,17.8,-10.26,-0.0494
1115,Software Engineering,Technology,Analyst,2,North America,Female,Group B,35-44,1,0,17.9,1.0485,4,72.3,4.9,2.8,6.3,2.14,0.062
1139,Software Engineering,Technology,Analyst,2,North America,Female,Group A,45-54,1,0,20.0,1.0061,2,81.1,4.4,0.0,15.8,10.94,0.0196
1185,Software Engineering,Technology,Analyst,2,EMEA,Male,Group A,35-44,1,0,13.2,1.0441,3,70.5,6.8,5.4,13.2,0.34,0.0576
1242,Software Engineering,Technology,Analyst,2,EMEA,Male,Group D,45-54,0,1,11.9,1.0966,4,66.5,13.7,11.5,16.8,-3.66,0.1101
1291,Software Engineering,Technology,Analyst,2,APAC,Male,Group B,<25,0,1,10.8,1.145,4,60.0,11.9,35.6,12.8,-10.16,0.1585
1330,Software Engineering,Technology,Analyst,2,North America,Male,Group C,25-34,1,0,5.2,1.0215,3,67.8,2.8,27.2,5.2,-2.36,0.035
1367,Software Engineering,Technology,Analyst,2,APAC,Male,Group D,25-34,1,0,12.5,1.0658,2,50.4,16.3,6.1,12.5,-19.76,0.0793
1387,Software Engineering,Technology,Analyst,2,North America,Female,Group A,25-34,1,0,8.3,0.8946,2,51.5,11.5,34.1,8.3,-18.66,-0.0919
1392,Software Engineering,Technology,Analyst,2,APAC,Female,Group B,25-34,1,0,3.4,0.8986,3,94.6,3.5,9.6,3.4,24.44,-0.0879
1459,Software Engineering,Technology,Analyst,2,APAC,Female,Group C,45-54,1,0,8.2,0.9561,2,73.7,0.8,4.0,8.2,3.54,-0.0304
1680,Software Engineering,Technology,Analyst,2,North America,Male,Group A,35-44,1,0,1.9,1.0915,2,100.0,12.3,0.0,1.9,29.84,0.105
1744,Software Engineering,Technology,Analyst,2,North America,Male,Group C,35-44,1,0,23.2,0.958,5,82.5,6.5,2.5,15.5,12.34,-0.0285
1956,Software Engineering,Technology,Analyst,2,EMEA,Female,Group B,<25,0,1,1.1,0.921,2,76.8,5.5,0.0,2.2,6.64,-0.0655
2076,Software Engineering,Technology,Analyst,2,Latin America,Female,Group B,35-44,1,0,11.2,0.9497,4,61.9,4.8,0.0,11.2,-8.26,-0.0368
2135,Software Engineering,Technology,Analyst,2,EMEA,Male,Group A,45-54,1,0,18.3,0.9651,3,76.8,3.0,11.2,7.7,6.64,-0.0214
2256,Software Engineering,Technology,Analyst,2,APAC,Female,Group E,25-34,1,0,10.7,0.8725,3,32.7,1.9,4.6,10.7,-37.46,-0.114
2270,Software Engineering,Technology,Analyst,2,North America,Male,Group E,45-54,1,0,32.7,1.0171,1,61.2,10.2,12.7,32.7,-8.96,0.0306
2277,Software Engineering,Technology,Analyst,2,North America,Female,Group B,25-34,1,0,20.2,0.9443,3,81.4,1.9,20.0,9.5,11.24,-0.0422
2362,Software Engineering,Technology,Analyst,2,North America,Male,Group A,<25,1,0,16.6,0.9898,3,72.8,5.1,19.4,16.6,2.64,0.0033
2398,Software Engineering,Technology,Analyst,2,North America,Female,Group A,35-44,1,0,6.7,0.9379,3,61.1,13.9,0.0,6.7,-9.06,-0.0486
2404,Software Engineering,Technology,Analyst,2,North America,Female,Group E,45-54,1,0,21.0,1.0649,3,88.2,3.9,0.0,2.7,18.04,0.0784
2463,Software Engineering,Technology,Analyst,2,North America,Female,Group A,25-34,1,0,7.2,0.7674,5,80.3,8.2,36.6,7.2,10.14,-0.2191
2467,Software Engineering,Technology,Analyst,2,Latin America,Male,Group E,25-34,1,0,3.0,1.068,2,100.0,3.9,0.0,3.0,29.84,0.0815
2530,Software Engineering,Technology,Analyst,2,North America,Female,Group B,25-34,1,0,2.2,0.9766,4,47.2,10.3,10.0,2.2,-22.96,-0.0099
2535,Software Engineering,Technology,Analyst,2,North America,Male,Group C,55+,1,0,8.0,0.9321,3,73.5,5.6,22.9,8.0,3.34,-0.0544
2601,Software Engineering,Technology,Analyst,2,North America,Male,Group E,25-34,0,1,6.1,1.0639,4,45.6,12.6,4.8,19.3,-24.56,0.0774
2722,Software Engineering,Technology,Analyst,2,APAC,Male,Group A,35-44,1,0,25.1,1.1111,5,65.1,9.3,0.0,9.3,-5.06,0.1246
2725,Software Engineering,Technology,Analyst,2,North America,Female,Group C,35-44,1,0,4.6,0.9955,4,84.1,21.8,6.2,4.6,13.94,0.009
2731,Software Engineering,Technology,Analyst,2,North America,Male,Group C,25-34,0,1,20.9,1.0364,3,62.7,3.3,13.2,17.4,-7.46,0.0499
13,Software Engineering,Technology,Senior Analyst,3,APAC,Female,Group A,25-34,1,0,29.0,0.9291,3,78.8,5.0,7.2,17.0,8.64,-0.0638
96,Software Engineering,Technology,Specialist,3,APAC,Male,Group C,25-34,1,0,4.1,0.9798,4,55.8,7.1,14.0,4.1,-14.36,-0.0131
109,Software Engineering,Technology,Specialist,3,North America,Female,Group A,<25,1,0,27.3,0.9609,2,49.3,7.4,8.6,7.5,-20.86,-0.032
139,Software Engineering,Technology,Senior Analyst,3,North America,Female,Group E,25-34,0,1,8.9,0.9319,4,61.1,2.7,0.0,8.9,-9.06,-0.061
164,Software Engineering,Technology,Senior Analyst,3,North America,Female,Group B,45-54,1,0,23.2,0.9593,4,73.6,14.0,4.2,20.7,3.44,-0.0336
181,Software Engineering,Technology,Senior Analyst,3,APAC,Female,Group D,45-54,1,0,28.4,0.9937,3,77.2,6.8,3.9,20.4,7.04,0.0008
194,Software Engineering,Technology,Senior Analyst,3,North America,Male,Group B,25-34,1,0,34.5,0.9634,3,68.9,14.7,3.6,23.1,-1.26,-0.0295
197,Software Engineering,Technology,Senior Analyst,3,North America,Male,Group A,35-44,1,0,41.6,0.9744,3,100.0,4.2,0.0,3.4,29.84,-0.0185
362,Software Engineering,Technology,Senior Analyst,3,EMEA,Male,Group A,35-44,0,1,33.5,1.1532,3,66.6,11.6,20.2,35.8,-3.56,0.1603
368,Software Engineering,Technology,Senior Analyst,3,APAC,Male,Group C,25-34,1,0,42.8,1.0749,2,74.6,15.3,0.0,2.6,4.44,0.082
389,Software Engineering,Technology,Specialist,3,North America,Female,Group B,35-44,1,0,49.8,1.0354,4,59.7,23.6,14.5,6.6,-10.46,0.0425
398,Software Engineering,Technology,Senior Analyst,3,North America,Female,Group B,35-44,0,1,27.0,0.9358,2,61.8,0.5,18.9,18.4,-8.36,-0.0571
432,Software Engineering,Technology,Senior Analyst,3,North America,Non-binary,Group E,<25,1,0,18.4,1.0184,4,80.3,10.8,16.7,6.2,10.14,0.0255
471,Software Engineering,Technology,Specialist,3,North America,Male,Group A,25-34,1,0,46.7,1.0481,3,67.1,6.2,11.6,33.6,-3.06,0.0552
472,Software Engineering,Technology,Senior Analyst,3,EMEA,Female,Group D,<25,0,1,4.1,1.0127,4,96.9,6.8,6.5,7.0,26.74,0.0198
541,Software Engineering,Technology,Specialist,3,EMEA,Female,Group D,45-54,1,0,46.0,0.9756,4,61.2,3.9,16.5,6.4,-8.96,-0.0173
552,Software Engineering,Technology,Specialist,3,North America,Male,Group A,25-34,1,0,11.3,0.9097,3,64.7,4.3,15.2,11.3,-5.46,-0.0832
573,Software Engineering,Technology,Senior Analyst,3,North America,Male,Group D,25-34,1,0,30.2,0.8997,2,49.7,11.3,19.4,13.6,-20.46,-0.0932
608,Software Engineering,Technology,Specialist,3,APAC,Female,Group E,55+,1,0,22.6,0.9892,4,75.5,20.6,10.9,8.5,5.34,-0.0037
631,Software Engineering,Technology,Specialist,3,North America,Female,Group B,35-44,1,0,37.5,0.9713,4,76.0,10.3,7.2,4.1,5.84,-0.0216
638,Software Engineering,Technology,Specialist,3,APAC,Female,Group C,45-54,1,0,16.1,1.0387,4,70.7,8.9,26.1,15.4,0.54,0.0458
643,Software Engineering,Technology,Specialist,3,North America,Male,Group B,25-34,1,0,46.4,0.9993,2,58.0,3.9,0.0,12.5,-12.16,0.0064
650,Software Engineering,Technology,Senior Analyst,3,Latin America,Female,Group E,25-34,1,0,18.7,0.8775,3,75.1,10.6,8.6,18.7,4.94,-0.1154
685,Software Engineering,Technology,Senior Analyst,3,APAC,Female,Group A,35-44,1,0,30.9,0.9462,4,58.6,6.2,13.2,4.5,-11.56,-0.0467
756,Software Engineering,Technology,Senior Analyst,3,North America,Male,Group A,<25,1,0,43.0,0.9498,3,53.8,8.1,21.8,15.8,-16.36,-0.0431
763,Software Engineering,Technology,Specialist,3,North America,Male,Group A,25-34,1,0,4.8,1.0262,5,64.3,9.7,9.9,4.8,-5.86,0.0333
824,Software Engineering,Technology,Senior Analyst,3,North America,Male,Group A,25-34,0,1,1.9,1.1321,3,59.1,6.1,0.0,5.0,-11.06,0.1392
828,Software Engineering,Technology,Senior Analyst,3,APAC,Male,Group E,35-44,0,1,11.1,1.0976,2,45.0,6.3,10.2,4.6,-25.16,0.1047
832,Software Engineering,Technology,Specialist,3,North America,Female,Group A,35-44,0,1,21.8,0.9372,2,64.1,3.5,9.5,12.1,-6.06,-0.0557
920,Software Engineering,Technology,Senior Analyst,3,EMEA,Male,Group B,45-54,0,1,4.2,1.0697,3,66.3,21.7,12.6,16.6,-3.86,0.0768
940,Software Engineering,Technology,Senior Analyst,3,North America,Male,Group A,55+,1,0,4.5,1.0016,2,59.4,23.5,17.0,4.5,-10.76,0.0087
944,Software Engineering,Technology,Senior Analyst,3,North America,Female,Group A,35-44,1,0,46.1,0.9464,3,67.4,5.2,15.4,7.9,-2.76,-0.0465
994,Software Engineering,Technology,Senior Analyst,3,North America,Female,Group C,25-34,1,0,28.0,1.0032,2,65.5,5.8,4.8,24.7,-4.66,0.0103
1023,Software Engineering,Technology,Specialist,3,APAC,Male,Group B,25-34,0,1,16.7,1.1563,1,66.9,11.1,13.7,2.9,-3.26,0.1634
1030,Software Engineering,Technology,Senior Analyst,3,APAC,Female,Group B,55+,1,0,44.5,0.8172,3,95.3,8.5,12.4,7.8,25.14,-0.1757
1099,Software Engineering,Technology,Specialist,3,North America,Female,Group A,35-44,1,0,26.6,1.0122,3,75.5,8.4,31.2,15.8,5.34,0.0193
1165,Software Engineering,Technology,Senior Analyst,3,North America,Male,Group B,35-44,1,0,7.2,1.022,3,82.4,5.6,0.0,7.2,12.24,0.0291
1166,Software Engineering,Technology,Specialist,3,Latin America,Female,Group A,25-34,1,0,45.8,0.9637,3,51.5,2.9,5.7,45.8,-18.66,-0.0292
1214,Software Engineering,Technology,Specialist,3,North America,Male,Group D,35-44,1,0,18.5,0.9169,4,82.2,10.3,2.3,18.5,12.04,-0.076
1221,Software Engineering,Technology,Specialist,3,EMEA,Male,Group C,25-34,1,0,44.7,1.0896,3,47.9,9.8,41.6,28.2,-22.26,0.0967
1234,Software Engineering,Technology,Senior Analyst,3,North America,Male,Group C,25-34,1,0,10.2,0.9358,3,84.2,11.1,6.7,10.2,14.04,-0.0571
1417,Software Engineering,Technology,Senior Analyst,3,Latin America,Male,Group A,55+,0,1,15.8,0.8299,3,69.2,4.4,6.4,18.2,-0.96,-0.163
1428,Software Engineering,Technology,Specialist,3,APAC,Male,Group C,45-54,0,1,14.9,1.0387,2,50.4,1.9,4.0,19.4,-19.76,0.0458
1556,Software Engineering,Technology,Senior Analyst,3,Latin America,Male,Group B,25-34,0,1,23.7,0.8953,2,83.7,2.0,37.1,26.2,13.54,-0.0976
1593,Software Engineering,Technology,Specialist,3,North America,Female,Group E,25-34,0,1,10.0,0.951,4,59.8,15.4,25.8,20.1,-10.36,-0.0419
1681,Software Engineering,Technology,Senior Analyst,3,APAC,Male,Group A,25-34,1,0,32.5,1.0555,2,70.5,13.6,10.3,8.4,0.34,0.0626
1730,Software Engineering,Technology,Senior Analyst,3,APAC,Female,Group B,<25,1,0,13.2,1.1698,3,80.1,6.8,0.0,12.0,9.94,0.1769
1766,Software Engineering,Technology,Senior Analyst,3,North America,Male,Group A,45-54,1,0,31.3,1.017,4,50.5,11.0,0.0,31.3,-19.66,0.0241
1769,Software Engineering,Technology,Specialist,3,EMEA,Male,Group D,25-34,1,0,23.6,0.9684,3,62.1,23.1,25.5,14.4,-8.06,-0.0245
1791,Software Engineering,Technology,Specialist,3,APAC,Female,Group C,35-44,1,0,44.3,1.0027,3,65.8,17.9,8.9,6.1,-4.36,0.0098
1812,Software Engineering,Technology,Specialist,3,North America,Female,Group D,25-34,1,0,18.6,1.0205,2,53.2,3.7,13.1,15.5,-16.96,0.0276
1816,Software Engineering,Technology,Senior Analyst,3,EMEA,Female,Group A,25-34,1,0,17.7,1.0817,3,71.7,3.4,11.3,15.5,1.54,0.0888
1829,Software Engineering,Technology,Senior Analyst,3,North America,Female,Group E,45-54,1,0,18.7,1.0423,4,68.7,5.0,0.0,18.7,-1.46,0.0494
1852,Software Engineering,Technology,Senior Analyst,3,APAC,Female,Group A,25-34,1,0,10.6,0.9462,4,77.0,13.0,7.5,3.9,6.84,-0.0467
1900,Software Engineering,Technology,Senior Analyst,3,North America,Male,Group A,25-34,1,0,6.9,0.9382,4,78.4,14.7,0.0,5.1,8.24,-0.0547
1917,Software Engineering,Technology,Senior Analyst,3,APAC,Non-binary,Group E,45-54,1,0,10.3,0.9937,3,60.2,10.2,20.7,10.3,-9.96,0.0008
2018,Software Engineering,Technology,Senior Analyst,3,APAC,Male,Group B,35-44,1,0,32.6,0.9801,3,76.3,6.5,0.0,23.6,6.14,-0.0128
2022,Software Engineering,Technology,Specialist,3,APAC,Male,Group A,35-44,1,0,26.1,1.0261,3,82.9,11.3,3.8,23.2,12.74,0.0332
2031,Software Engineering,Technology,Specialist,3,North America,Male,Group D,<25,1,0,45.5,1.0134,3,48.9,3.7,13.1,28.4,-21.26,0.0205
2113,Software Engineering,Technology,Specialist,3,North America,Male,Group C,35-44,0,1,2.6,0.8735,3,65.8,9.0,2.5,2.8,-4.36,-0.1194
2131,Software Engineering,Technology,Senior Analyst,3,North America,Male,Group C,35-44,1,0,42.6,0.9722,3,79.7,4.2,7.0,5.2,9.54,-0.0207
2198,Software Engineering,Technology,Senior Analyst,3,North America,Male,Group A,25-34,1,0,13.5,1.0901,3,56.9,7.5,0.0,6.1,-13.26,0.0972
2219,Software Engineering,Technology,Specialist,3,North America,Male,Group B,45-54,1,0,26.1,1.1714,4,72.6,4.8,0.0,21.4,2.44,0.1785
2333,Software Engineering,Technology,Specialist,3,North America,Female,Group A,35-44,1,0,24.9,0.8951,3,61.3,4.5,16.8,23.8,-8.86,-0.0978
2380,Software Engineering,Technology,Senior Analyst,3,North America,Male,Group A,25-34,0,1,12.6,0.9056,3,52.9,8.0,21.7,5.3,-17.26,-0.0873
2519,Software Engineering,Technology,Senior Analyst,3,North America,Male,Group C,25-34,0,1,25.0,1.0849,3,50.7,3.9,0.0,26.2,-19.46,0.092
2520,Software Engineering,Technology,Senior Analyst,3,North America,Male,Group E,55+,1,0,30.9,0.993,3,55.1,1.6,0.0,4.0,-15.06,0.0001
2564,Software Engineering,Technology,Senior Analyst,3,APAC,Male,Group E,25-34,1,0,37.0,0.8672,3,59.4,19.4,9.7,15.0,-10.76,-0.1257
2582,Software Engineering,Technology,Senior Analyst,3,North America,Male,Group E,25-34,1,0,17.8,0.947,3,81.5,2.4,0.0,17.8,11.34,-0.0459
2588,Software Engineering,Technology,Senior Analyst,3,North America,Male,Group C,45-54,1,0,2.7,1.0841,3,47.3,13.4,13.5,2.7,-22.86,0.0912
2686,Software Engineering,Technology,Senior Analyst,3,APAC,Female,Group A,<25,1,0,43.1,1.0117,4,87.2,4.5,13.4,27.7,17.04,0.0188
2724,Software Engineering,Technology,Specialist,3,North America,Male,Group B,35-44,1,0,38.3,1.0592,2,82.5,7.1,4.1,20.7,12.34,0.0663
97,Software Engineering,Technology,Senior Specialist,4,North America,Male,Group A,25-34,1,0,30.2,1.0146,4,80.4,1.5,6.4,16.4,10.24,0.0247
221,Software Engineering,Technology,Senior Specialist,4,APAC,Female,Group A,45-54,1,0,38.9,1.0028,3,68.5,15.8,15.6,13.7,-1.66,0.0129
421,Software Engineering,Technology,Senior Specialist,4,North America,Female,Group C,35-44,1,0,6.9,0.8953,3,43.5,9.3,4.6,6.9,-26.66,-0.0946
457,Software Engineering,Technology,Senior Specialist,4,North America,Non-binary,Group A,55+,1,0,57.5,0.83,5,83.4,4.2,1.6,13.8,13.24,-0.1599
527,Software Engineering,Technology,Senior Specialist,4,APAC,Male,Group E,45-54,0,1,23.8,0.9415,2,70.1,6.1,14.4,31.5,-0.06,-0.0484
535,Software Engineering,Technology,Senior Specialist,4,APAC,Female,Group C,25-34,0,1,22.8,0.9033,3,40.5,13.2,5.3,3.7,-29.66,-0.0866
544,Software Engineering,Technology,Senior Specialist,4,North America,Male,Group B,35-44,1,0,51.5,1.0475,3,57.4,4.4,0.0,24.5,-12.76,0.0576
615,Software Engineering,Technology,Senior Specialist,4,EMEA,Male,Group C,35-44,1,0,23.5,1.0265,2,86.3,1.5,12.5,23.5,16.14,0.0366
640,Software Engineering,Technology,Senior Specialist,4,North America,Female,Group A,25-34,1,0,19.5,0.8276,5,80.6,8.5,7.7,1.2,10.44,-0.1623
687,Software Engineering,Technology,Senior Specialist,4,EMEA,Male,Group A,<25,1,0,10.6,1.0325,2,84.4,9.5,15.5,10.6,14.24,0.0426
808,Software Engineering,Technology,Senior Specialist,4,APAC,Female,Group B,35-44,1,0,48.3,1.0614,4,90.6,14.9,17.2,11.5,20.44,0.0715
809,Software Engineering,Technology,Senior Specialist,4,North America,Female,Group A,35-44,1,0,47.9,0.9017,2,96.7,2.7,29.9,3.5,26.54,-0.0882
871,Software Engineering,Technology,Senior Specialist,4,North America,Male,Group A,25-34,1,0,29.0,0.9908,4,82.3,3.7,0.0,20.1,12.14,0.0009
1199,Software Engineering,Technology,Senior Specialist,4,APAC,Female,Group A,35-44,1,0,11.8,1.045,3,66.0,10.5,11.7,3.3,-4.16,0.0551
1273,Software Engineering,Technology,Senior Specialist,4,APAC,Male,Group A,25-34,0,1,3.4,0.8957,3,85.9,6.6,14.0,4.5,15.74,-0.0942
1287,Software Engineering,Technology,Senior Specialist,4,EMEA,Male,Group C,25-34,1,0,38.7,0.9117,4,67.4,18.0,5.6,19.1,-2.76,-0.0782
1347,Software Engineering,Technology,Senior Specialist,4,APAC,Male,Group A,45-54,1,0,43.2,1.0506,2,82.0,4.7,4.5,5.8,11.84,0.0607
1385,Software Engineering,Technology,Senior Specialist,4,North America,Male,Group A,25-34,1,0,28.7,1.0182,4,65.8,6.8,12.4,16.0,-4.36,0.0283
1458,Software Engineering,Technology,Senior Specialist,4,APAC,Female,Group A,45-54,1,0,28.4,1.0847,3,75.2,2.2,9.8,22.1,5.04,0.0948
1648,Software Engineering,Technology,Senior Specialist,4,North America,Male,Group D,35-44,1,0,26.2,1.0724,3,66.8,8.6,0.8,9.9,-3.36,0.0825
1714,Software Engineering,Technology,Senior Specialist,4,APAC,Female,Group E,35-44,1,0,51.8,0.9751,5,51.8,3.0,4.0,21.5,-18.36,-0.0148
1832,Software Engineering,Technology,Senior Specialist,4,Latin America,Female,Group B,25-34,0,1,16.5,0.9905,3,66.2,5.9,7.2,18.9,-3.96,0.0006
2465,Software Engineering,Technology,Senior Specialist,4,North America,Male,Group D,35-44,1,0,13.3,1.048,4,45.6,4.8,3.1,13.3,-24.56,0.0581
2576,Software Engineering,Technology,Senior Specialist,4,EMEA,Female,Group A,25-34,1,0,42.5,0.9694,5,64.3,7.0,5.9,1.5,-5.86,-0.0205
2627,Software Engineering,Technology,Senior Specialist,4,North America,Female,Group B,35-44,1,0,38.9,1.0846,5,73.0,6.8,24.2,13.3,2.84,0.0947
2755,Software Engineering,Technology,Senior Specialist,4,APAC,Male,Group E,25-34,1,0,32.7,1.1098,4,68.5,4.5,18.4,7.0,-1.66,0.1199
2777,Software Engineering,Technology,Senior Specialist,4,North America,Female,Group E,25-34,1,0,10.4,0.9755,2,85.5,12.3,17.9,1.8,15.34,-0.0144
122,Software Engineering,Technology,Lead,5,North America,Male,Group A,25-34,1,0,34.4,0.9119,3,64.4,12.6,5.2,17.2,-5.76,-0.0799
346,Software Engineering,Technology,Lead,5,North America,Non-binary,Group A,35-44,0,1,2.7,0.9594,2,79.3,5.6,2.8,4.8,9.14,-0.0324
489,Software Engineering,Technology,Lead,5,Latin America,Female,Group C,45-54,1,0,20.5,1.1182,3,87.7,8.8,33.0,11.2,17.54,0.1264
626,Software Engineering,Technology,Lead,5,North America,Male,Group B,35-44,1,0,4.4,0.9661,3,56.1,11.5,9.2,1.3,-14.06,-0.0257
644,Software Engineering,Technology,Lead,5,North America,Female,Group B,55+,0,1,47.7,0.8862,4,74.1,32.3,32.9,4.1,3.94,-0.1056
693,Software Engineering,Technology,Lead,5,North America,Female,Group A,25-34,1,0,6.6,0.9441,3,62.2,2.9,11.1,6.6,-7.96,-0.0477
831,Software Engineering,Technology,Lead,5,North America,Female,Group A,35-44,1,0,14.7,0.9644,2,84.4,3.6,10.6,5.5,14.24,-0.0274
911,Software Engineering,Technology,Lead,5,APAC,Female,Group A,<25,1,0,55.1,1.0578,5,71.6,5.3,11.6,5.7,1.44,0.066
1131,Software Engineering,Technology,Lead,5,APAC,Non-binary,Group A,25-34,1,0,2.2,0.9416,3,31.9,4.9,12.7,2.2,-38.26,-0.0502
1142,Software Engineering,Technology,Lead,5,North America,Female,Group E,35-44,1,0,0.8,1.0341,3,72.9,19.8,1.4,0.8,2.74,0.0423
1484,Software Engineering,Technology,Lead,5,North America,Male,Group C,45-54,1,0,39.5,0.928,4,83.7,21.2,0.0,27.9,13.54,-0.0638
1503,Software Engineering,Technology,Lead,5,EMEA,Male,Group E,25-34,1,0,35.4,1.0161,4,56.2,2.6,8.1,11.0,-13.96,0.0243
1751,Software Engineering,Technology,Lead,5,North America,Female,Group D,25-34,1,0,64.2,1.0233,3,67.1,10.1,0.0,2.5,-3.06,0.0315
1763,Software Engineering,Technology,Lead,5,North America,Male,Group A,25-34,1,0,36.3,1.045,3,67.2,9.7,2.8,11.5,-2.96,0.0532
1787,Software Engineering,Technology,Lead,5,North America,Male,Group A,25-34,1,0,66.5,1.0593,2,80.0,1.8,0.0,39.7,9.84,0.0675
1877,Software Engineering,Technology,Lead,5,North America,Female,Group A,25-34,0,1,18.0,0.9313,2,68.6,12.9,45.6,3.6,-1.56,-0.0605
2197,Software Engineering,Technology,Lead,5,EMEA,Male,Group A,25-34,0,1,23.2,1.0501,2,63.0,4.4,15.7,3.1,-7.16,0.0583
2232,Software Engineering,Technology,Lead,5,Latin America,Female,Group C,35-44,1,0,30.4,0.8433,3,87.6,4.0,32.8,5.9,17.44,-0.1485
2249,Software Engineering,Technology,Lead,5,North America,Male,Group D,55+,0,1,7.1,0.9322,3,62.7,3.9,18.1,12.5,-7.46,-0.0596
2260,Software Engineering,Technology,Lead,5,North America,Female,Group C,25-34,1,0,4.9,1.022,3,74.6,7.1,9.9,4.9,4.44,0.0302
2268,Software Engineering,Technology,Lead,5,North America,Female,Group A,25-34,1,0,69.1,1.0101,4,63.6,5.1,14.1,4.7,-6.56,0.0183
2563,Software Engineering,Technology,Lead,5,North America,Female,Group C,55+,0,1,18.8,0.8619,4,23.6,15.4,0.0,8.2,-46.56,-0.1299
2615,Software Engineering,Technology,Lead,5,North America,Male,Group B,25-34,1,0,34.1,0.9002,3,85.7,5.9,20.8,11.8,15.54,-0.0916
106,Software Engineering,Technology,Manager,6,North America,Male,Group E,45-54,1,0,71.4,1.0984,4,80.1,28.3,6.9,16.5,9.94,0.1058
107,Software Engineering,Technology,Manager,6,North America,Non-binary,Group C,25-34,1,0,80.7,0.9927,4,70.1,32.3,11.7,18.0,-0.06,0.0001
204,Software Engineering,Technology,Manager,6,North America,Male,Group E,55+,1,0,32.0,0.9768,3,85.0,11.6,10.3,23.4,14.84,-0.0158
284,Software Engineering,Technology,Manager,6,North America,Male,Group A,45-54,1,0,42.0,0.9462,4,83.2,5.8,0.8,7.5,13.04,-0.0464
557,Software Engineering,Technology,Manager,6,North America,Male,Group B,45-54,1,0,47.6,1.0331,4,82.5,5.1,18.3,47.6,12.34,0.0405
589,Software Engineering,Technology,Manager,6,EMEA,Female,Group A,25-34,1,0,25.7,1.073,3,66.6,12.1,18.4,25.7,-3.56,0.0804
596,Software Engineering,Technology,Manager,6,APAC,Female,Group B,45-54,0,1,80.5,0.9755,2,64.7,5.7,17.5,17.7,-5.46,-0.0171
842,Software Engineering,Technology,Manager,6,APAC,Male,Group C,35-44,1,0,25.4,1.1195,4,63.8,11.1,8.8,25.4,-6.36,0.1269
1447,Software Engineering,Technology,Manager,6,EMEA,Male,Group A,45-54,1,0,53.1,0.9383,2,73.6,19.3,3.7,10.7,3.44,-0.0543
1670,Software Engineering,Technology,Manager,6,North America,Female,Group A,35-44,1,0,63.1,0.9128,3,75.4,6.6,25.0,15.2,5.24,-0.0798
2324,Software Engineering,Technology,Manager,6,North America,Male,Group E,35-44,0,1,43.2,0.9058,2,67.7,5.7,0.0,3.2,-2.46,-0.0868
2455,Software Engineering,Technology,Manager,6,EMEA,Female,Group B,25-34,0,1,47.5,0.9737,3,69.2,3.5,0.0,17.6,-0.96,-0.0189
2488,Software Engineering,Technology,Manager,6,APAC,Male,Group A,45-54,0,1,6.2,0.9301,5,65.4,10.9,37.0,10.2,-4.76,-0.0625
12,Software Engineering,Technology,Senior Manager,7,North America,Male,Group A,35-44,1,0,60.1,1.1037,3,72.9,4.8,0.0,15.8,2.74,0.0994
87,Software Engineering,Technology,Senior Manager,7,North America,Male,Group C,35-44,1,0,7.9,1.016,4,94.4,14.5,2.2,7.9,24.24,0.0117
252,Software Engineering,Technology,Senior Manager,7,APAC,Male,Group D,35-44,1,0,54.4,1.0265,3,65.6,11.1,0.0,2.7,-4.56,0.0222
449,Software Engineering,Technology,Senior Manager,7,North America,Male,Group A,35-44,1,0,59.6,0.9769,2,68.6,3.6,4.3,32.2,-1.56,-0.0274
587,Software Engineering,Technology,Senior Manager,7,EMEA,Female,Group B,35-44,1,0,30.0,1.048,2,81.3,1.9,8.6,10.7,11.14,0.0437
611,Software Engineering,Technology,Senior Manager,7,North America,Female,Group C,25-34,1,0,36.7,0.9271,3,49.5,4.5,0.0,9.9,-20.66,-0.0772
708,Software Engineering,Technology,Senior Manager,7,EMEA,Female,Group E,35-44,1,0,97.5,0.9656,4,71.7,3.1,14.1,30.2,1.54,-0.0387
933,Software Engineering,Technology,Senior Manager,7,EMEA,Female,Group B,25-34,1,0,30.9,1.0048,4,83.1,9.8,7.7,8.6,12.94,0.0005
951,Software Engineering,Technology,Senior Manager,7,APAC,Female,Group A,25-34,0,1,4.0,0.8742,3,55.1,15.0,1.7,7.7,-15.06,-0.1301
1514,Software Engineering,Technology,Senior Manager,7,North America,Male,Group C,25-34,0,1,12.9,1.1634,4,79.9,7.8,17.0,17.3,9.74,0.1591
1952,Software Engineering,Technology,Senior Manager,7,APAC,Male,Group D,25-34,1,0,68.4,0.9554,4,64.3,11.2,0.0,12.9,-5.86,-0.0489
2054,Software Engineering,Technology,Senior Manager,7,APAC,Female,Group C,35-44,1,0,51.7,0.846,2,64.1,10.6,3.7,9.4,-6.06,-0.1583
2208,Software Engineering,Technology,Senior Manager,7,North America,Male,Group A,55+,1,0,48.5,1.0605,4,75.7,18.3,5.4,17.5,5.54,0.0562
2233,Software Engineering,Technology,Senior Manager,7,North America,Male,Group A,25-34,1,0,53.8,0.9391,5,91.1,5.7,0.0,11.3,20.94,-0.0652
2298,Software Engineering,Technology,Senior Manager,7,North America,Male,Group B,35-44,1,0,77.6,0.9593,3,67.9,5.9,31.9,12.8,-2.26,-0.045
2583,Software Engineering,Technology,Senior Manager,7,APAC,Male,Group C,25-34,1,0,42.6,0.9278,3,75.6,14.9,5.2,8.1,5.44,-0.0765
2754,Software Engineering,Technology,Senior Manager,7,North America,Female,Group B,35-44,1,0,21.3,1.158,3,92.4,8.1,0.0,7.2,22.24,0.1537
149,Software Engineering,Technology,Director,8,EMEA,Female,Group E,35-44,1,0,64.3,0.912,4,68.2,9.8,4.6,35.8,-1.96,-0.0829
299,Software Engineering,Technology,Director,8,EMEA,Male,Group E,35-44,1,0,77.8,1.0827,4,66.7,3.7,5.0,3.0,-3.46,0.0878
330,Software Engineering,Technology,Director,8,EMEA,Male,Group A,35-44,1,0,16.0,0.9493,3,73.4,10.9,16.6,12.0,3.24,-0.0456
2100,Software Engineering,Technology,Director,8,APAC,Female,Group B,25-34,1,0,61.6,0.9101,2,96.1,15.6,6.7,24.5,25.94,-0.0848
2692,Software Engineering,Technology,Director,8,North America,Male,Group E,55+,0,1,84.0,1.0378,2,97.5,11.0,8.9,38.2,27.34,0.0429
23,Supply Chain,Operations,Associate,1,North America,Female,Group C,45-54,1,0,21.8,0.9654,3,85.5,5.9,23.3,19.0,15.63,-0.0308
46,Supply Chain,Operations,Associate,1,North America,Male,Group A,25-34,1,0,4.0,1.0025,4,62.9,2.6,0.0,4.0,-6.97,0.0063
65,Supply Chain,Operations,Associate,1,EMEA,Male,Group C,35-44,0,1,7.9,0.9365,1,76.3,5.7,8.5,9.5,6.43,-0.0597
199,Supply Chain,Operations,Associate,1,EMEA,Female,Group A,25-34,1,0,19.9,1.0275,2,66.7,5.5,9.7,16.1,-3.17,0.0313
277,Supply Chain,Operations,Associate,1,APAC,Female,Group A,35-44,1,0,13.8,0.9416,5,64.6,6.2,8.0,7.5,-5.27,-0.0546
280,Supply Chain,Operations,Associate,1,EMEA,Male,Group D,25-34,1,0,12.9,1.0789,3,78.6,3.1,42.3,12.9,8.73,0.0827
455,Supply Chain,Operations,Associate,1,North America,Female,Group A,35-44,1,0,1.6,1.0459,3,73.8,10.9,0.0,1.6,3.93,0.0497
479,Supply Chain,Operations,Associate,1,APAC,Female,Group B,35-44,0,1,6.0,1.0508,2,57.6,4.9,0.0,8.3,-12.27,0.0546
525,Supply Chain,Operations,Associate,1,Latin America,Male,Group C,25-34,1,0,19.6,1.0319,3,60.6,7.6,9.7,10.3,-9.27,0.0357
677,Supply Chain,Operations,Associate,1,APAC,Female,Group A,25-34,0,1,5.2,1.0328,2,71.7,9.5,26.0,7.5,1.83,0.0366
691,Supply Chain,Operations,Associate,1,North America,Male,Group B,35-44,1,0,10.9,0.9077,4,84.5,3.2,5.8,10.1,14.63,-0.0885
726,Supply Chain,Operations,Associate,1,APAC,Male,Group B,45-54,1,0,4.8,1.0527,2,77.4,4.2,26.7,4.8,7.53,0.0565
984,Supply Chain,Operations,Associate,1,APAC,Male,Group A,25-34,0,1,6.5,1.0684,2,56.7,1.6,2.7,12.3,-13.17,0.0722
1006,Supply Chain,Operations,Associate,1,North America,Male,Group C,35-44,0,1,14.7,1.0414,1,75.8,16.0,5.9,13.6,5.93,0.0452
1051,Supply Chain,Operations,Associate,1,APAC,Female,Group D,35-44,1,0,21.1,0.99,2,80.5,11.4,15.8,19.5,10.63,-0.0062
1059,Supply Chain,Operations,Associate,1,APAC,Male,Group D,25-34,1,0,7.9,1.1467,3,76.5,15.1,25.5,3.3,6.63,0.1505
1076,Supply Chain,Operations,Associate,1,APAC,Male,Group C,45-54,0,1,17.7,1.0256,2,55.7,6.7,3.3,10.8,-14.17,0.0294
1119,Supply Chain,Operations,Associate,1,EMEA,Female,Group A,25-34,1,0,12.1,0.9483,4,99.1,27.8,7.3,12.1,29.23,-0.0479
1187,Supply Chain,Operations,Associate,1,APAC,Male,Group A,45-54,1,0,8.2,1.0613,3,73.0,10.5,2.4,8.2,3.13,0.0651
1279,Supply Chain,Operations,Associate,1,North America,Female,Group A,35-44,1,0,5.7,0.9677,1,73.8,5.3,0.0,5.7,3.93,-0.0285
1304,Supply Chain,Operations,Associate,1,North America,Male,Group A,25-34,1,0,22.6,1.0619,4,47.8,3.9,11.7,22.6,-22.07,0.0657
1354,Supply Chain,Operations,Associate,1,APAC,Female,Group E,35-44,1,0,21.2,1.008,3,68.1,17.2,7.4,4.7,-1.77,0.0118
1468,Supply Chain,Operations,Associate,1,North America,Female,Group A,25-34,0,1,12.8,1.0212,2,66.3,5.7,18.2,8.7,-3.57,0.025
1505,Supply Chain,Operations,Associate,1,APAC,Male,Group D,25-34,1,0,5.4,1.134,3,66.4,2.0,14.8,5.4,-3.47,0.1378
1528,Supply Chain,Operations,Associate,1,North America,Male,Group A,45-54,0,1,18.8,1.0204,4,67.6,0.6,0.0,8.4,-2.27,0.0242
1558,Supply Chain,Operations,Associate,1,EMEA,Male,Group A,45-54,1,0,22.5,1.1033,4,43.8,5.3,5.6,22.5,-26.07,0.1071
1565,Supply Chain,Operations,Associate,1,North America,Male,Group B,25-34,1,0,4.2,1.0821,4,54.1,10.2,0.0,4.2,-15.77,0.0859
1575,Supply Chain,Operations,Associate,1,North America,Female,Group A,35-44,1,0,5.1,0.9198,4,69.0,4.0,0.0,4.6,-0.87,-0.0764
1581,Supply Chain,Operations,Associate,1,EMEA,Female,Group C,35-44,1,0,21.6,0.9615,3,85.1,1.1,9.5,10.0,15.23,-0.0347
1600,Supply Chain,Operations,Associate,1,North America,Male,Group A,35-44,1,0,18.8,0.9423,3,60.0,4.2,16.4,15.1,-9.87,-0.0539
1660,Supply Chain,Operations,Associate,1,EMEA,Male,Group B,25-34,1,0,21.9,0.9281,2,69.3,3.7,0.0,10.4,-0.57,-0.0681
1724,Supply Chain,Operations,Associate,1,North America,Male,Group A,35-44,1,0,6.3,1.0827,2,61.8,7.0,0.0,6.3,-8.07,0.0865
1793,Supply Chain,Operations,Associate,1,North America,Female,Group D,45-54,1,0,9.7,0.8926,5,62.9,8.3,14.5,7.0,-6.97,-0.1036
1895,Supply Chain,Operations,Associate,1,APAC,Male,Group A,25-34,0,1,1.4,0.9748,2,72.0,20.9,15.1,4.2,2.13,-0.0214
1980,Supply Chain,Operations,Associate,1,EMEA,Male,Group D,<25,1,0,7.8,0.8719,5,44.8,8.7,5.6,6.9,-25.07,-0.1243
1998,Supply Chain,Operations,Associate,1,North America,Male,Group B,35-44,1,0,20.2,1.042,4,55.0,3.6,0.0,18.5,-14.87,0.0458
2000,Supply Chain,Operations,Associate,1,EMEA,Female,Group A,25-34,1,0,9.3,0.9785,5,70.3,7.1,11.6,9.3,0.43,-0.0177
2016,Supply Chain,Operations,Associate,1,EMEA,Female,Group C,<25,0,1,8.5,0.9534,4,58.6,2.2,26.9,12.1,-11.27,-0.0428
2225,Supply Chain,Operations,Associate,1,North America,Male,Group B,35-44,0,1,8.3,0.9981,4,71.3,8.1,8.2,11.2,1.43,0.0019
2250,Supply Chain,Operations,Associate,1,EMEA,Female,Group B,45-54,0,1,15.4,0.9289,1,87.7,11.2,5.8,17.2,17.83,-0.0673
2411,Supply Chain,Operations,Associate,1,Latin America,Female,Group D,<25,1,0,4.1,0.9709,3,52.2,12.3,0.0,4.1,-17.67,-0.0253
2658,Supply Chain,Operations,Associate,1,APAC,Male,Group B,25-34,1,0,2.5,0.9952,3,77.3,6.5,10.7,2.5,7.43,-0.001
35,Supply Chain,Operations,Analyst,2,EMEA,Male,Group D,25-34,0,1,29.9,0.9486,3,96.7,17.2,11.0,10.7,26.83,-0.0379
296,Supply Chain,Operations,Analyst,2,APAC,Female,Group A,25-34,1,0,9.5,0.9091,3,54.4,1.5,0.0,9.5,-15.47,-0.0774
297,Supply Chain,Operations,Analyst,2,North America,Female,Group B,35-44,0,1,15.6,0.9219,3,63.9,2.3,0.0,15.7,-5.97,-0.0646
312,Supply Chain,Operations,Analyst,2,North America,Female,Group D,25-34,1,0,24.5,0.8382,4,66.4,6.8,11.8,4.1,-3.47,-0.1483
356,Supply Chain,Operations,Analyst,2,APAC,Female,Group A,35-44,1,0,2.3,0.9561,3,83.5,7.4,3.9,0.9,13.63,-0.0304
370,Supply Chain,Operations,Analyst,2,North America,Female,Group D,45-54,1,0,24.9,0.9405,2,65.8,6.0,0.0,24.9,-4.07,-0.046
446,Supply Chain,Operations,Analyst,2,APAC,Male,Group D,25-34,1,0,24.8,1.0494,4,79.0,14.7,0.0,14.3,9.13,0.0629
547,Supply Chain,Operations,Analyst,2,EMEA,Female,Group D,45-54,1,0,33.1,0.9746,3,66.6,10.6,16.3,15.1,-3.27,-0.0119
605,Supply Chain,Operations,Analyst,2,North America,Male,Group D,35-44,0,1,0.5,0.952,3,81.4,4.4,0.0,0.6,11.53,-0.0345
684,Supply Chain,Operations,Analyst,2,Latin America,Male,Group D,25-34,1,0,27.5,1.0163,3,78.4,9.6,9.9,21.1,8.53,0.0298
705,Supply Chain,Operations,Analyst,2,North America,Female,Group E,45-54,1,0,16.4,1.0997,4,88.7,7.5,11.4,3.0,18.83,0.1132
773,Supply Chain,Operations,Analyst,2,North America,Female,Group B,45-54,1,0,5.2,1.0529,3,70.2,10.7,0.0,5.2,0.33,0.0664
1068,Supply Chain,Operations,Analyst,2,APAC,Male,Group B,35-44,1,0,7.6,0.9613,2,61.9,5.0,57.7,7.6,-7.97,-0.0252
1128,Supply Chain,Operations,Analyst,2,North America,Male,Group B,25-34,1,0,19.7,1.008,5,68.1,4.0,0.0,12.6,-1.77,0.0215
1182,Supply Chain,Operations,Analyst,2,APAC,Non-binary,Group B,35-44,1,0,6.5,0.9404,4,85.1,2.4,7.2,6.5,15.23,-0.0461
1365,Supply Chain,Operations,Analyst,2,North America,Female,Group C,<25,1,0,9.3,0.9964,1,47.5,10.8,18.9,9.3,-22.37,0.0099
1396,Supply Chain,Operations,Analyst,2,EMEA,Male,Group C,55+,0,1,2.0,0.9387,3,74.7,11.0,5.2,3.4,4.83,-0.0478
1424,Supply Chain,Operations,Analyst,2,APAC,Female,Group B,25-34,1,0,32.9,1.0662,2,79.4,1.3,0.0,14.4,9.53,0.0797
1481,Supply Chain,Operations,Analyst,2,North America,Male,Group A,<25,1,0,18.7,1.0638,3,83.8,3.4,11.5,5.4,13.93,0.0773
1520,Supply Chain,Operations,Analyst,2,EMEA,Male,Group A,25-34,1,0,3.8,1.0507,2,76.5,17.4,3.0,3.8,6.63,0.0642
1536,Supply Chain,Operations,Analyst,2,APAC,Female,Group D,25-34,1,0,31.8,0.9039,2,77.2,5.7,4.0,9.5,7.33,-0.0826
1566,Supply Chain,Operations,Analyst,2,North America,Female,Group C,25-34,1,0,0.8,0.9043,4,73.8,12.6,0.0,0.8,3.93,-0.0822
1582,Supply Chain,Operations,Analyst,2,North America,Female,Group E,25-34,1,0,5.5,1.1321,3,66.5,23.4,7.8,5.5,-3.37,0.1456
1740,Supply Chain,Operations,Analyst,2,APAC,Male,Group A,25-34,1,0,35.0,1.024,3,81.9,10.6,3.2,20.4,12.03,0.0375
1792,Supply Chain,Operations,Analyst,2,APAC,Female,Group C,35-44,0,1,1.0,0.7994,3,60.7,2.4,7.8,2.9,-9.17,-0.1871
1802,Supply Chain,Operations,Analyst,2,Latin America,Male,Group A,<25,1,0,17.0,0.8906,2,71.0,12.6,0.0,8.8,1.13,-0.0959
1844,Supply Chain,Operations,Analyst,2,APAC,Female,Group B,55+,1,0,5.3,0.9875,3,94.2,2.6,14.9,5.3,24.33,0.001
1858,Supply Chain,Operations,Analyst,2,North America,Female,Group B,35-44,0,1,27.8,1.0134,2,56.2,1.2,17.3,17.9,-13.67,0.0269
1879,Supply Chain,Operations,Analyst,2,North America,Female,Group E,35-44,1,0,28.1,1.0692,3,50.5,32.2,12.5,9.7,-19.37,0.0827
1908,Supply Chain,Operations,Analyst,2,EMEA,Male,Group D,<25,1,0,28.0,0.9245,4,74.6,6.5,2.7,4.5,4.73,-0.062
1954,Supply Chain,Operations,Analyst,2,North America,Male,Group C,35-44,1,0,35.8,1.0919,4,67.0,22.6,0.8,13.7,-2.87,0.1054
2029,Supply Chain,Operations,Analyst,2,APAC,Female,Group A,25-34,1,0,35.8,0.9822,4,95.7,41.0,0.0,8.5,25.83,-0.0043
2055,Supply Chain,Operations,Analyst,2,North America,Female,Group A,35-44,1,0,29.0,0.9364,3,68.4,9.9,0.0,3.2,-1.47,-0.0501
2078,Supply Chain,Operations,Analyst,2,North America,Female,Group E,35-44,1,0,18.4,0.9601,1,81.3,35.1,0.0,4.5,11.43,-0.0264
2255,Supply Chain,Operations,Analyst,2,APAC,Male,Group A,45-54,1,0,24.1,1.0188,3,93.5,20.2,10.9,16.7,23.63,0.0323
2392,Supply Chain,Operations,Analyst,2,North America,Female,Group D,35-44,1,0,30.2,0.9443,3,60.5,14.8,0.0,7.9,-9.37,-0.0422
2413,Supply Chain,Operations,Analyst,2,North America,Male,Group D,25-34,1,0,21.5,1.0955,5,56.3,0.9,4.7,2.4,-13.57,0.109
2481,Supply Chain,Operations,Analyst,2,APAC,Male,Group B,45-54,1,0,25.2,0.9708,4,97.4,9.4,5.2,25.2,27.53,-0.0157
2557,Supply Chain,Operations,Analyst,2,Latin America,Male,Group C,<25,1,0,16.9,0.9682,1,57.6,11.6,23.8,16.4,-12.27,-0.0183
2608,Supply Chain,Operations,Analyst,2,APAC,Female,Group A,45-54,1,0,25.1,0.9979,3,89.7,3.5,13.6,25.1,19.83,0.0114
2638,Supply Chain,Operations,Analyst,2,EMEA,Male,Group B,25-34,1,0,22.8,1.0903,3,86.2,7.6,2.4,6.6,16.33,0.1038
2645,Supply Chain,Operations,Analyst,2,APAC,Male,Group D,25-34,0,1,4.0,0.9596,4,56.4,17.2,3.5,9.4,-13.47,-0.0269
2661,Supply Chain,Operations,Analyst,2,North America,Male,Group D,25-34,0,1,12.5,0.8977,3,61.1,14.2,11.5,6.2,-8.77,-0.0888
2691,Supply Chain,Operations,Analyst,2,North America,Female,Group B,35-44,1,0,31.7,0.9667,3,71.8,2.4,9.2,31.7,1.93,-0.0198
2738,Supply Chain,Operations,Analyst,2,North America,Male,Group D,35-44,0,1,17.8,1.0509,2,75.3,4.0,0.0,34.3,5.43,0.0644
8,Supply Chain,Operations,Specialist,3,North America,Male,Group A,25-34,1,0,2.5,1.1334,5,74.3,14.1,4.9,2.5,4.43,0.1405
37,Supply Chain,Operations,Senior Analyst,3,APAC,Male,Group B,45-54,1,0,14.3,1.0614,4,59.3,5.3,5.6,14.3,-10.57,0.0685
42,Supply Chain,Operations,Senior Analyst,3,North America,Male,Group A,25-34,1,0,1.6,0.8744,3,68.7,9.0,34.3,1.6,-1.17,-0.1185
91,Supply Chain,Operations,Senior Analyst,3,APAC,Female,Group C,35-44,1,0,34.9,0.9033,5,45.3,10.1,25.0,4.9,-24.57,-0.0896
189,Supply Chain,Operations,Specialist,3,APAC,Female,Group A,25-34,1,0,36.0,0.8495,3,47.7,7.7,3.6,8.2,-22.17,-0.1434
309,Supply Chain,Operations,Senior Analyst,3,APAC,Female,Group A,25-34,1,0,43.0,0.9167,3,47.3,2.2,8.1,24.7,-22.57,-0.0762
426,Supply Chain,Operations,Senior Analyst,3,APAC,Female,Group A,25-34,1,0,37.4,0.9052,4,90.2,3.4,0.0,12.4,20.33,-0.0877
477,Supply Chain,Operations,Senior Analyst,3,North America,Female,Group C,<25,1,0,41.6,1.017,4,65.7,9.1,0.0,4.4,-4.17,0.0241
584,Supply Chain,Operations,Specialist,3,North America,Male,Group B,35-44,0,1,5.7,1.0378,3,86.2,1.1,0.0,8.1,16.33,0.0449
646,Supply Chain,Operations,Specialist,3,EMEA,Male,Group B,25-34,1,0,27.3,1.1179,2,83.4,4.8,9.4,5.3,13.53,0.125
692,Supply Chain,Operations,Specialist,3,North America,Female,Group A,55+,1,0,47.2,1.1143,2,63.7,4.1,4.7,12.7,-6.17,0.1214
711,Supply Chain,Operations,Specialist,3,EMEA,Female,Group C,35-44,1,0,13.3,0.9889,2,64.2,10.1,1.1,13.3,-5.67,-0.004
738,Supply Chain,Operations,Specialist,3,APAC,Male,Group B,45-54,1,0,36.3,1.0976,4,69.9,8.9,8.6,6.2,0.03,0.1047
777,Supply Chain,Operations,Specialist,3,Latin America,Male,Group B,35-44,1,0,6.5,0.9935,4,88.6,7.9,0.0,6.5,18.73,0.0006
780,Supply Chain,Operations,Specialist,3,North America,Male,Group D,45-54,0,1,10.8,1.0354,5,87.9,12.8,14.1,36.6,18.03,0.0425
905,Supply Chain,Operations,Senior Analyst,3,APAC,Female,Group E,35-44,0,1,17.3,0.9294,2,71.2,11.3,17.3,9.2,1.33,-0.0635
956,Supply Chain,Operations,Specialist,3,North America,Male,Group E,25-34,1,0,25.9,1.1762,4,69.4,3.4,17.4,5.9,-0.47,0.1833
979,Supply Chain,Operations,Specialist,3,EMEA,Male,Group E,35-44,0,1,17.1,1.1161,4,65.6,12.1,0.0,27.6,-4.27,0.1232
992,Supply Chain,Operations,Specialist,3,North America,Male,Group C,35-44,0,1,24.3,1.1826,4,83.4,1.0,30.0,27.7,13.53,0.1897
1045,Supply Chain,Operations,Senior Analyst,3,North America,Male,Group E,45-54,0,1,11.3,1.0439,2,68.1,4.5,0.0,13.8,-1.77,0.051
1124,Supply Chain,Operations,Senior Analyst,3,North America,Female,Group A,55+,1,0,45.0,0.9902,3,48.4,1.0,21.1,11.6,-21.47,-0.0027
1150,Supply Chain,Operations,Specialist,3,APAC,Female,Group A,55+,0,1,12.9,0.8957,4,52.3,7.8,6.1,2.5,-17.57,-0.0972
1181,Supply Chain,Operations,Specialist,3,EMEA,Male,Group A,35-44,1,0,19.0,0.9481,4,72.4,4.5,9.8,15.7,2.53,-0.0448
1226,Supply Chain,Operations,Senior Analyst,3,EMEA,Non-binary,Group A,25-34,1,0,18.8,0.9565,3,86.6,7.8,2.3,18.0,16.73,-0.0364
1275,Supply Chain,Operations,Senior Analyst,3,APAC,Female,Group C,35-44,0,1,36.1,0.9756,3,57.2,5.7,14.0,18.0,-12.67,-0.0173
1313,Supply Chain,Operations,Senior Analyst,3,North America,Female,Group A,35-44,1,0,24.1,0.9445,4,46.3,2.4,5.4,24.1,-23.57,-0.0484
1317,Supply Chain,Operations,Specialist,3,Latin America,Male,Group E,55+,0,1,14.1,1.1154,3,55.2,3.9,7.3,15.5,-14.67,0.1225
1485,Supply Chain,Operations,Senior Analyst,3,EMEA,Male,Group E,45-54,1,0,2.0,0.9481,3,52.5,9.3,0.5,2.0,-17.37,-0.0448
1530,Supply Chain,Operations,Specialist,3,North America,Female,Group A,25-34,0,1,6.8,0.9207,2,65.5,7.4,0.0,11.4,-4.37,-0.0722
1577,Supply Chain,Operations,Specialist,3,Latin America,Female,Group D,<25,0,1,10.6,0.9935,3,71.8,15.8,0.0,17.0,1.93,0.0006
1622,Supply Chain,Operations,Specialist,3,APAC,Female,Group A,25-34,1,0,12.4,0.9711,4,82.2,23.2,7.6,8.2,12.33,-0.0218
1633,Supply Chain,Operations,Specialist,3,Latin America,Female,Group B,45-54,1,0,38.9,1.0083,4,73.7,3.4,4.4,12.3,3.83,0.0154
1644,Supply Chain,Operations,Senior Analyst,3,EMEA,Male,Group A,<25,1,0,9.2,0.9959,3,86.8,3.5,14.8,7.6,16.93,0.003
1667,Supply Chain,Operations,Senior Analyst,3,North America,Male,Group C,25-34,1,0,40.2,1.1029,3,71.5,7.9,2.3,40.2,1.63,0.11
1674,Supply Chain,Operations,Specialist,3,North America,Male,Group B,55+,0,1,4.0,0.9963,1,75.5,5.7,8.6,4.2,5.63,0.0034
1700,Supply Chain,Operations,Specialist,3,North America,Male,Group B,45-54,1,0,21.3,0.9622,3,73.4,12.6,4.8,12.1,3.53,-0.0307
1794,Supply Chain,Operations,Specialist,3,North America,Male,Group B,35-44,1,0,5.5,0.952,3,62.5,12.2,0.0,3.8,-7.37,-0.0409
1889,Supply Chain,Operations,Specialist,3,EMEA,Male,Group C,25-34,0,1,7.5,1.0573,3,37.2,1.7,7.3,6.7,-32.67,0.0644
1993,Supply Chain,Operations,Senior Analyst,3,North America,Female,Group A,25-34,1,0,32.3,0.9917,2,54.2,8.6,31.3,6.4,-15.67,-0.0012
2010,Supply Chain,Operations,Senior Analyst,3,Latin America,Female,Group A,55+,1,0,29.3,0.9697,3,43.2,3.7,18.8,29.3,-26.67,-0.0232
2051,Supply Chain,Operations,Specialist,3,North America,Female,Group B,25-34,1,0,19.6,0.9871,4,84.6,12.6,16.3,17.5,14.73,-0.0058
2091,Supply Chain,Operations,Specialist,3,APAC,Male,Group D,<25,0,1,9.7,1.0072,2,65.9,13.8,0.0,12.5,-3.97,0.0143
2092,Supply Chain,Operations,Senior Analyst,3,North America,Male,Group C,25-34,1,0,47.9,0.9618,3,61.7,11.6,1.5,3.8,-8.17,-0.0311
2114,Supply Chain,Operations,Senior Analyst,3,North America,Male,Group C,45-54,1,0,10.6,0.986,4,50.6,0.9,0.0,9.1,-19.27,-0.0069
2126,Supply Chain,Operations,Specialist,3,APAC,Female,Group A,25-34,1,0,34.3,1.0208,3,71.9,9.4,0.0,6.9,2.03,0.0279
2207,Supply Chain,Operations,Specialist,3,North America,Female,Group D,45-54,1,0,48.2,1.0207,2,87.6,6.0,16.9,20.1,17.73,0.0278
2212,Supply Chain,Operations,Senior Analyst,3,EMEA,Female,Group C,25-34,1,0,25.6,0.9732,2,84.2,13.9,11.7,25.6,14.33,-0.0197
2222,Supply Chain,Operations,Specialist,3,APAC,Male,Group B,25-34,0,1,27.8,0.9102,4,75.5,12.9,9.5,3.7,5.63,-0.0827
2223,Supply Chain,Operations,Specialist,3,APAC,Female,Group A,<25,1,0,29.3,1.0681,2,75.2,1.4,24.4,5.1,5.33,0.0752
2286,Supply Chain,Operations,Specialist,3,Latin America,Male,Group B,45-54,1,0,9.1,1.0143,3,83.1,6.6,25.9,5.6,13.23,0.0214
2387,Supply Chain,Operations,Specialist,3,North America,Female,Group A,35-44,1,0,16.9,0.9676,2,61.5,6.5,7.2,1.1,-8.37,-0.0253
2407,Supply Chain,Operations,Specialist,3,APAC,Female,Group B,55+,1,0,13.9,0.9892,5,60.4,5.7,2.6,7.5,-9.47,-0.0037
2584,Supply Chain,Operations,Specialist,3,North America,Male,Group B,35-44,1,0,47.5,0.8906,3,72.8,3.9,2.8,26.5,2.93,-0.1023
2586,Supply Chain,Operations,Senior Analyst,3,Latin America,Female,Group B,45-54,1,0,9.2,1.0321,5,89.6,6.0,8.1,9.2,19.73,0.0392
2598,Supply Chain,Operations,Senior Analyst,3,EMEA,Male,Group E,35-44,1,0,44.8,0.9862,2,67.1,14.8,0.0,7.2,-2.77,-0.0067
2599,Supply Chain,Operations,Senior Analyst,3,APAC,Male,Group A,45-54,1,0,10.2,1.0536,3,68.4,2.1,10.4,10.2,-1.47,0.0607
2611,Supply Chain,Operations,Senior Analyst,3,EMEA,Male,Group E,35-44,1,0,20.0,1.0485,4,47.4,2.3,22.7,20.0,-22.47,0.0556
2621,Supply Chain,Operations,Senior Analyst,3,APAC,Male,Group C,35-44,1,0,39.9,0.9462,3,53.2,7.3,24.1,20.5,-16.67,-0.0467
2701,Supply Chain,Operations,Specialist,3,APAC,Male,Group E,25-34,1,0,37.5,1.0093,3,54.9,10.0,0.0,9.4,-14.97,0.0164
2704,Supply Chain,Operations,Senior Analyst,3,Latin America,Female,Group B,<25,0,1,21.4,0.8923,2,90.2,8.2,19.4,9.4,20.33,-0.1006
2743,Supply Chain,Operations,Specialist,3,North America,Female,Group A,35-44,0,1,5.0,1.0684,4,63.3,12.7,29.5,8.8,-6.57,0.0755
2756,Supply Chain,Operations,Senior Analyst,3,APAC,Male,Group A,45-54,0,1,3.7,1.0723,3,69.6,19.7,7.7,9.7,-0.27,0.0794
2773,Supply Chain,Operations,Senior Analyst,3,North America,Male,Group B,25-34,1,0,32.7,0.9463,4,60.5,3.5,0.0,6.8,-9.37,-0.0466
2788,Supply Chain,Operations,Senior Analyst,3,North America,Male,Group E,35-44,1,0,31.5,1.0326,3,75.3,8.7,6.0,11.6,5.43,0.0397
176,Supply Chain,Operations,Senior Specialist,4,EMEA,Female,Group D,35-44,1,0,32.5,0.9901,3,91.1,2.4,13.7,32.5,21.23,0.0002
364,Supply Chain,Operations,Senior Specialist,4,North America,Male,Group E,45-54,1,0,5.3,0.9622,4,62.6,9.5,5.0,5.3,-7.27,-0.0277
403,Supply Chain,Operations,Senior Specialist,4,APAC,Male,Group E,25-34,0,1,19.0,1.0556,2,39.7,4.9,10.0,8.5,-30.17,0.0657
452,Supply Chain,Operations,Senior Specialist,4,North America,Female,Group A,35-44,0,1,11.8,1.0648,3,65.8,2.9,6.4,9.9,-4.07,0.0749
610,Supply Chain,Operations,Senior Specialist,4,North America,Male,Group B,25-34,1,0,18.6,1.0474,3,100.0,2.9,9.9,11.6,30.13,0.0575
665,Supply Chain,Operations,Senior Specialist,4,APAC,Male,Group A,55+,1,0,16.4,0.9043,4,57.2,2.7,18.4,12.2,-12.67,-0.0856
969,Supply Chain,Operations,Senior Specialist,4,North America,Female,Group D,<25,1,0,56.8,0.8905,5,48.2,7.2,13.2,11.0,-21.67,-0.0994
1184,Supply Chain,Operations,Senior Specialist,4,North America,Male,Group D,<25,1,0,46.8,1.0089,4,60.7,20.2,17.7,23.7,-9.17,0.019
1201,Supply Chain,Operations,Senior Specialist,4,North America,Female,Group A,<25,1,0,12.4,0.908,4,74.4,3.6,0.0,8.3,4.53,-0.0819
1204,Supply Chain,Operations,Senior Specialist,4,EMEA,Male,Group A,25-34,1,0,31.6,1.0424,2,70.1,9.0,19.6,11.8,0.23,0.0525
1220,Supply Chain,Operations,Senior Specialist,4,APAC,Male,Group A,35-44,1,0,3.4,1.0662,2,79.7,4.9,0.0,3.4,9.83,0.0763
1276,Supply Chain,Operations,Senior Specialist,4,EMEA,Male,Group A,55+,1,0,13.1,0.9805,3,61.1,18.6,10.2,3.9,-8.77,-0.0094
1281,Supply Chain,Operations,Senior Specialist,4,North America,Male,Group D,25-34,1,0,10.3,0.9472,2,82.5,2.2,7.0,4.6,12.63,-0.0427
1293,Supply Chain,Operations,Senior Specialist,4,APAC,Female,Group B,35-44,1,0,16.0,0.9486,4,82.4,1.8,54.2,5.1,12.53,-0.0413
1360,Supply Chain,Operations,Senior Specialist,4,North America,Female,Group A,45-54,1,0,53.9,1.0904,3,45.1,4.1,4.0,14.2,-24.77,0.1005
1378,Supply Chain,Operations,Senior Specialist,4,North America,Male,Group E,35-44,1,0,39.8,1.0398,3,48.2,3.1,2.0,11.9,-21.67,0.0499
1407,Supply Chain,Operations,Senior Specialist,4,APAC,Non-binary,Group B,45-54,1,0,17.8,1.0626,4,86.3,7.4,2.9,17.8,16.43,0.0727
1585,Supply Chain,Operations,Senior Specialist,4,North America,Female,Group C,<25,0,1,45.8,0.9992,3,62.4,3.5,5.0,21.5,-7.47,0.0093
1779,Supply Chain,Operations,Senior Specialist,4,APAC,Female,Group A,25-34,1,0,37.3,0.9033,5,91.6,15.8,3.7,9.4,21.73,-0.0866
2081,Supply Chain,Operations,Senior Specialist,4,Latin America,Female,Group B,25-34,1,0,6.3,0.9557,2,75.4,5.1,4.1,1.8,5.53,-0.0342
2094,Supply Chain,Operations,Senior Specialist,4,APAC,Male,Group B,35-44,1,0,17.5,1.0486,4,82.4,11.7,16.5,12.5,12.53,0.0587
2152,Supply Chain,Operations,Senior Specialist,4,North America,Female,Group B,25-34,1,0,58.1,1.0185,3,74.7,9.1,8.9,4.1,4.83,0.0286
2354,Supply Chain,Operations,Senior Specialist,4,APAC,Male,Group A,45-54,1,0,22.5,0.9043,3,74.3,0.5,7.8,5.7,4.43,-0.0856
2378,Supply Chain,Operations,Senior Specialist,4,North America,Male,Group B,35-44,1,0,55.3,0.8934,4,43.8,34.0,19.6,25.1,-26.07,-0.0965
2663,Supply Chain,Operations,Senior Specialist,4,APAC,Male,Group E,25-34,1,0,21.7,0.9993,4,79.1,10.8,12.3,4.4,9.23,0.0094
2747,Supply Chain,Operations,Senior Specialist,4,APAC,Female,Group A,35-44,0,1,9.9,0.8902,4,80.8,9.2,26.1,17.9,10.93,-0.0997
105,Supply Chain,Operations,Lead,5,EMEA,Female,Group C,25-34,1,0,11.8,1.0514,4,56.7,3.5,1.5,6.8,-13.17,0.0596
283,Supply Chain,Operations,Lead,5,North America,Female,Group D,25-34,0,1,21.0,0.8889,4,77.7,1.0,23.5,11.3,7.83,-0.1029
306,Supply Chain,Operations,Lead,5,North America,Male,Group A,35-44,1,0,40.1,0.9538,3,61.6,15.0,12.7,21.8,-8.27,-0.038
308,Supply Chain,Operations,Lead,5,APAC,Female,Group D,35-44,1,0,12.1,1.0111,3,90.1,12.4,17.6,12.1,20.23,0.0193
401,Supply Chain,Operations,Lead,5,Latin America,Female,Group C,25-34,0,1,30.1,0.9281,5,91.9,9.7,10.3,10.4,22.03,-0.0637
571,Supply Chain,Operations,Lead,5,North America,Male,Group D,<25,0,1,4.9,0.9958,4,75.9,3.8,34.6,2.2,6.03,0.004
576,Supply Chain,Operations,Lead,5,North America,Male,Group A,35-44,1,0,48.9,1.0052,4,79.2,9.8,0.0,9.0,9.33,0.0134
673,Supply Chain,Operations,Lead,5,APAC,Female,Group C,<25,1,0,38.0,0.9614,3,74.9,17.3,10.8,8.5,5.03,-0.0304
683,Supply Chain,Operations,Lead,5,North America,Female,Group D,25-34,1,0,10.8,0.9656,3,81.1,6.2,23.1,10.8,11.23,-0.0262
686,Supply Chain,Operations,Lead,5,EMEA,Male,Group E,35-44,1,0,70.3,1.1496,4,78.3,10.4,11.2,28.0,8.43,0.1578
734,Supply Chain,Operations,Lead,5,APAC,Female,Group D,45-54,0,1,27.0,0.9936,4,44.3,2.9,6.8,5.7,-25.57,0.0018
875,Supply Chain,Operations,Lead,5,EMEA,Female,Group E,45-54,1,0,70.9,0.8015,3,78.2,7.8,9.3,18.0,8.33,-0.1903
1046,Supply Chain,Operations,Lead,5,North America,Male,Group C,<25,1,0,27.1,1.0359,4,74.1,5.5,3.0,17.0,4.23,0.0441
1098,Supply Chain,Operations,Lead,5,APAC,Male,Group D,25-34,0,1,0.7,1.0754,3,39.4,4.9,0.0,2.6,-30.47,0.0836
1129,Supply Chain,Operations,Lead,5,APAC,Male,Group B,25-34,1,0,9.6,0.9848,2,88.4,1.5,13.3,9.6,18.53,-0.007
1189,Supply Chain,Operations,Lead,5,EMEA,Female,Group A,35-44,1,0,67.6,1.0427,4,68.3,5.9,20.8,18.1,-1.57,0.0509
1229,Supply Chain,Operations,Lead,5,North America,Female,Group C,35-44,1,0,21.9,0.8626,3,73.8,12.9,16.7,17.2,3.93,-0.1292
1244,Supply Chain,Operations,Lead,5,North America,Male,Group C,25-34,1,0,72.0,0.9517,3,100.0,8.6,1.9,15.7,30.13,-0.0401
1254,Supply Chain,Operations,Lead,5,EMEA,Female,Group B,25-34,1,0,2.4,1.0676,2,82.1,9.8,6.8,2.4,12.23,0.0758
1358,Supply Chain,Operations,Lead,5,North America,Male,Group C,35-44,1,0,12.4,1.1567,3,51.2,2.8,2.3,10.9,-18.67,0.1649
1496,Supply Chain,Operations,Lead,5,EMEA,Female,Group A,25-34,1,0,52.9,1.0409,2,84.8,14.1,0.0,18.7,14.93,0.0491
1497,Supply Chain,Operations,Lead,5,North America,Female,Group C,35-44,1,0,8.1,1.1109,3,87.7,5.8,8.4,1.9,17.83,0.1191
1720,Supply Chain,Operations,Lead,5,North America,Male,Group E,35-44,0,1,6.4,0.9642,2,83.4,8.4,0.0,12.2,13.53,-0.0276
1723,Supply Chain,Operations,Lead,5,EMEA,Male,Group D,25-34,1,0,50.2,0.9164,3,73.0,4.2,4.4,13.5,3.13,-0.0754
1736,Supply Chain,Operations,Lead,5,North America,Female,Group D,<25,1,0,22.7,0.8673,3,65.5,7.4,37.0,22.2,-4.37,-0.1245
1749,Supply Chain,Operations,Lead,5,APAC,Male,Group C,25-34,1,0,50.7,1.0609,2,82.2,5.3,1.2,10.1,12.33,0.0691
1854,Supply Chain,Operations,Lead,5,EMEA,Male,Group D,25-34,1,0,19.2,1.0047,5,73.2,13.0,14.1,19.2,3.33,0.0129
1868,Supply Chain,Operations,Lead,5,North America,Male,Group B,35-44,1,0,39.7,1.0163,4,73.2,4.1,5.3,17.6,3.33,0.0245
1970,Supply Chain,Operations,Lead,5,APAC,Male,Group B,25-34,1,0,36.5,0.9439,4,59.8,5.1,0.0,10.1,-10.07,-0.0479
1982,Supply Chain,Operations,Lead,5,APAC,Female,Group C,35-44,1,0,32.9,0.9605,2,65.8,6.7,11.7,4.0,-4.07,-0.0313
2005,Supply Chain,Operations,Lead,5,North America,Female,Group C,25-34,1,0,23.3,0.8926,2,32.6,12.7,4.9,14.0,-37.27,-0.0992
2058,Supply Chain,Operations,Lead,5,EMEA,Male,Group B,35-44,1,0,55.0,1.1635,4,59.1,3.8,19.8,18.9,-10.77,0.1717
2226,Supply Chain,Operations,Lead,5,Latin America,Male,Group A,55+,1,0,32.1,0.9673,2,70.2,9.0,4.6,24.4,0.33,-0.0245
2258,Supply Chain,Operations,Lead,5,APAC,Female,Group D,35-44,1,0,12.5,0.9699,5,89.3,3.0,20.6,12.5,19.43,-0.0219
2269,Supply Chain,Operations,Lead,5,North America,Male,Group D,35-44,1,0,53.1,1.1288,3,76.3,8.2,8.6,1.6,6.43,0.137
2296,Supply Chain,Operations,Lead,5,APAC,Male,Group A,25-34,1,0,44.3,0.9918,4,70.9,1.7,17.7,5.9,1.03,0.0
2430,Supply Chain,Operations,Lead,5,North America,Female,Group E,45-54,0,1,9.7,0.9899,2,58.7,10.2,19.7,21.8,-11.17,-0.0019
2536,Supply Chain,Operations,Lead,5,APAC,Male,Group A,25-34,0,1,42.3,1.064,2,93.4,2.1,0.0,14.3,23.53,0.0722
2592,Supply Chain,Operations,Lead,5,North America,Male,Group A,35-44,1,0,52.4,0.9194,2,52.5,4.8,0.0,8.2,-17.37,-0.0724
1,Supply Chain,Operations,Manager,6,North America,Female,Group D,25-34,1,0,47.8,1.0242,4,83.2,11.8,3.6,6.4,13.33,0.0316
402,Supply Chain,Operations,Manager,6,North America,Male,Group A,55+,1,0,35.3,1.0655,5,87.2,5.5,9.7,4.5,17.33,0.0729
661,Supply Chain,Operations,Manager,6,Latin America,Male,Group C,55+,1,0,79.2,1.0203,4,48.7,7.0,0.0,9.3,-21.17,0.0277
834,Supply Chain,Operations,Manager,6,North America,Female,Group D,25-34,1,0,76.5,0.927,3,89.0,6.4,0.0,25.3,19.13,-0.0656
954,Supply Chain,Operations,Manager,6,APAC,Male,Group A,<25,0,1,11.4,1.0272,1,56.5,14.2,8.2,13.9,-13.37,0.0346
963,Supply Chain,Operations,Manager,6,North America,Male,Group C,<25,0,1,16.3,1.0524,4,65.9,14.5,7.7,16.8,-3.97,0.0598
981,Supply Chain,Operations,Manager,6,APAC,Male,Group C,25-34,1,0,36.7,0.9883,3,66.1,3.7,66.1,8.1,-3.77,-0.0043
1482,Supply Chain,Operations,Manager,6,North America,Female,Group E,35-44,0,1,8.5,1.033,4,44.8,12.0,0.0,18.7,-25.07,0.0404
1638,Supply Chain,Operations,Manager,6,North America,Male,Group A,25-34,0,1,30.4,0.9007,4,73.2,9.0,6.8,3.1,3.33,-0.0919
1675,Supply Chain,Operations,Manager,6,North America,Male,Group A,35-44,0,1,59.6,1.0497,3,60.1,20.6,25.9,13.3,-9.77,0.0571
1746,Supply Chain,Operations,Manager,6,EMEA,Male,Group D,35-44,1,0,58.4,0.9936,3,54.3,19.0,4.3,13.5,-15.57,0.001
1996,Supply Chain,Operations,Manager,6,North America,Male,Group C,35-44,1,0,10.6,1.0063,3,77.6,2.9,4.0,10.6,7.73,0.0137
2134,Supply Chain,Operations,Manager,6,North America,Male,Group A,45-54,1,0,8.3,0.9428,2,83.3,4.2,0.0,4.0,13.43,-0.0498
2325,Supply Chain,Operations,Manager,6,Latin America,Female,Group D,45-54,1,0,75.1,0.9962,4,76.6,5.0,17.6,13.7,6.73,0.0036
2667,Supply Chain,Operations,Manager,6,North America,Male,Group D,25-34,1,0,19.8,1.0273,3,67.1,8.2,10.9,8.6,-2.77,0.0347
108,Supply Chain,Operations,Senior Manager,7,North America,Male,Group A,35-44,1,0,40.1,1.0723,3,67.0,5.8,0.0,11.0,-2.87,0.068
135,Supply Chain,Operations,Senior Manager,7,EMEA,Male,Group A,35-44,1,0,62.4,0.9975,4,49.6,3.5,12.0,31.0,-20.27,-0.0068
456,Supply Chain,Operations,Senior Manager,7,North America,Female,Group D,25-34,1,0,26.7,1.0617,3,61.5,11.4,8.2,13.9,-8.37,0.0574
484,Supply Chain,Operations,Senior Manager,7,North America,Female,Group B,35-44,1,0,95.3,1.0459,4,78.1,10.6,6.4,9.3,8.23,0.0416
815,Supply Chain,Operations,Senior Manager,7,EMEA,Female,Group C,35-44,1,0,28.1,0.981,3,71.6,6.1,2.3,11.6,1.73,-0.0233
1175,Supply Chain,Operations,Senior Manager,7,North America,Male,Group B,25-34,1,0,44.4,1.0334,3,50.0,4.0,15.0,10.1,-19.87,0.0291
1316,Supply Chain,Operations,Senior Manager,7,EMEA,Male,Group C,25-34,1,0,16.6,0.9884,2,53.7,7.6,4.1,8.3,-16.17,-0.0159
2037,Supply Chain,Operations,Senior Manager,7,North America,Female,Group D,25-34,1,0,71.8,1.0831,3,88.0,8.2,15.4,8.4,18.13,0.0788
2057,Supply Chain,Operations,Senior Manager,7,North America,Male,Group E,35-44,1,0,94.3,0.9407,3,67.3,1.4,28.3,3.7,-2.57,-0.0636
2200,Supply Chain,Operations,Senior Manager,7,APAC,Female,Group B,35-44,0,1,4.7,1.1087,4,59.6,25.5,3.1,10.6,-10.27,0.1044
2629,Supply Chain,Operations,Senior Manager,7,EMEA,Male,Group A,35-44,0,1,21.0,1.0655,2,71.6,9.7,0.0,18.3,1.73,0.0612
231,Supply Chain,Operations,Director,8,EMEA,Male,Group B,35-44,1,0,100.5,0.9992,5,91.2,7.5,3.0,19.6,21.33,0.0043
453,Supply Chain,Operations,Director,8,APAC,Female,Group D,35-44,0,1,7.8,0.9097,3,49.1,14.2,28.3,27.8,-20.77,-0.0852
579,Supply Chain,Operations,Director,8,APAC,Male,Group B,35-44,1,0,70.5,0.9639,4,88.3,4.2,7.3,10.8,18.43,-0.031
2144,Supply Chain,Operations,Director,8,Latin America,Male,Group C,25-34,1,0,55.4,1.1022,1,67.7,4.9,4.1,12.3,-2.17,0.1073
