tenure_months,survival_prob,group_type,group
0.0,1.0,overall,All employees
0.2,0.9984,overall,All employees
0.3,0.9963,overall,All employees
0.4,0.9947,overall,All employees
0.5,0.9942,overall,All employees
0.6,0.9937,overall,All employees
0.7,0.9921,overall,All employees
0.8,0.9905,overall,All employees
0.9,0.99,overall,All employees
1.0,0.9895,overall,All employees
1.1,0.9884,overall,All employees
1.2,0.9857,overall,All employees
1.3,0.9846,overall,All employees
1.4,0.9841,overall,All employees
1.5,0.9825,overall,All employees
1.6,0.982,overall,All employees
1.7,0.9814,overall,All employees
1.8,0.9803,overall,All employees
1.9,0.9798,overall,All employees
2.0,0.9782,overall,All employees
2.1,0.9782,overall,All employees
2.2,0.9782,overall,All employees
2.3,0.9765,overall,All employees
2.4,0.976,overall,All employees
2.5,0.9743,overall,All employees
2.6,0.9743,overall,All employees
2.7,0.9716,overall,All employees
2.8,0.9705,overall,All employees
2.9,0.9688,overall,All employees
3.0,0.9677,overall,All employees
3.1,0.9672,overall,All employees
3.2,0.9661,overall,All employees
3.3,0.9655,overall,All employees
3.4,0.9639,overall,All employees
3.5,0.9622,overall,All employees
3.6,0.9622,overall,All employees
3.7,0.9611,overall,All employees
3.8,0.9605,overall,All employees
3.9,0.9588,overall,All employees
4.0,0.9582,overall,All employees
4.1,0.9577,overall,All employees
4.2,0.9577,overall,All employees
4.3,0.9571,overall,All employees
4.4,0.956,overall,All employees
4.5,0.9554,overall,All employees
4.6,0.9548,overall,All employees
4.7,0.9531,overall,All employees
4.8,0.952,overall,All employees
4.9,0.952,overall,All employees
5.0,0.9514,overall,All employees
5.1,0.9514,overall,All employees
5.2,0.9514,overall,All employees
5.3,0.9503,overall,All employees
5.4,0.9485,overall,All employees
5.5,0.9485,overall,All employees
5.6,0.9479,overall,All employees
5.7,0.9456,overall,All employees
5.8,0.9444,overall,All employees
5.9,0.9432,overall,All employees
6.0,0.9415,overall,All employees
6.1,0.9415,overall,All employees
6.2,0.9397,overall,All employees
6.3,0.9397,overall,All employees
6.4,0.9391,overall,All employees
6.5,0.9385,overall,All employees
6.6,0.9379,overall,All employees
6.7,0.9361,overall,All employees
6.8,0.9361,overall,All employees
6.9,0.9355,overall,All employees
7.0,0.9355,overall,All employees
7.1,0.9337,overall,All employees
7.2,0.9325,overall,All employees
7.3,0.9319,overall,All employees
7.4,0.93,overall,All employees
7.5,0.93,overall,All employees
7.6,0.93,overall,All employees
7.7,0.9294,overall,All employees
7.8,0.9288,overall,All employees
7.9,0.9288,overall,All employees
8.0,0.9288,overall,All employees
8.1,0.927,overall,All employees
8.2,0.9257,overall,All employees
8.3,0.9251,overall,All employees
8.4,0.9232,overall,All employees
8.5,0.9214,overall,All employees
8.6,0.9207,overall,All employees
8.7,0.9207,overall,All employees
8.8,0.9207,overall,All employees
8.9,0.9201,overall,All employees
9.0,0.9195,overall,All employees
9.1,0.9176,overall,All employees
9.2,0.9163,overall,All employees
9.3,0.9157,overall,All employees
9.4,0.915,overall,All employees
9.5,0.9137,overall,All employees
9.6,0.9137,overall,All employees
9.7,0.9131,overall,All employees
9.8,0.9125,overall,All employees
9.9,0.9125,overall,All employees
10.0,0.9118,overall,All employees
10.1,0.9112,overall,All employees
10.2,0.9099,overall,All employees
10.3,0.9099,overall,All employees
10.4,0.9092,overall,All employees
10.5,0.9086,overall,All employees
10.6,0.9079,overall,All employees
10.7,0.9079,overall,All employees
10.8,0.9072,overall,All employees
10.9,0.9066,overall,All employees
11.0,0.9066,overall,All employees
11.1,0.9066,overall,All employees
11.2,0.9066,overall,All employees
11.3,0.9066,overall,All employees
11.4,0.9052,overall,All employees
11.5,0.9039,overall,All employees
11.6,0.9032,overall,All employees
11.7,0.9019,overall,All employees
11.8,0.8998,overall,All employees
11.9,0.8992,overall,All employees
12.0,0.8992,overall,All employees
12.1,0.8985,overall,All employees
12.2,0.8985,overall,All employees
12.3,0.8964,overall,All employees
12.4,0.8957,overall,All employees
12.5,0.8944,overall,All employees
12.6,0.8944,overall,All employees
12.7,0.8944,overall,All employees
12.8,0.8944,overall,All employees
12.9,0.8944,overall,All employees
13.0,0.8936,overall,All employees
13.1,0.8915,overall,All employees
13.2,0.8894,overall,All employees
13.3,0.8887,overall,All employees
13.4,0.8887,overall,All employees
13.5,0.8873,overall,All employees
13.6,0.8873,overall,All employees
13.7,0.8852,overall,All employees
13.8,0.8852,overall,All employees
13.9,0.8844,overall,All employees
14.0,0.8837,overall,All employees
14.1,0.8837,overall,All employees
14.2,0.8823,overall,All employees
14.3,0.8815,overall,All employees
14.4,0.8808,overall,All employees
14.5,0.8808,overall,All employees
14.6,0.8808,overall,All employees
14.7,0.8793,overall,All employees
14.8,0.8793,overall,All employees
14.9,0.8786,overall,All employees
15.0,0.8778,overall,All employees
15.1,0.8778,overall,All employees
15.2,0.8778,overall,All employees
15.3,0.8771,overall,All employees
15.4,0.8763,overall,All employees
15.5,0.8763,overall,All employees
15.6,0.8756,overall,All employees
15.7,0.8748,overall,All employees
15.8,0.8748,overall,All employees
15.9,0.8748,overall,All employees
16.0,0.8748,overall,All employees
16.1,0.874,overall,All employees
16.2,0.874,overall,All employees
16.3,0.874,overall,All employees
16.4,0.874,overall,All employees
16.5,0.874,overall,All employees
16.6,0.8732,overall,All employees
16.7,0.8724,overall,All employees
16.8,0.8717,overall,All employees
16.9,0.8709,overall,All employees
17.0,0.8709,overall,All employees
17.1,0.8677,overall,All employees
17.2,0.8677,overall,All employees
17.3,0.8669,overall,All employees
17.4,0.8669,overall,All employees
17.5,0.8661,overall,All employees
17.6,0.8652,overall,All employees
17.7,0.8636,overall,All employees
17.8,0.8636,overall,All employees
17.9,0.8628,overall,All employees
18.0,0.8628,overall,All employees
18.1,0.8628,overall,All employees
18.2,0.862,overall,All employees
18.3,0.8603,overall,All employees
18.4,0.8594,overall,All employees
18.5,0.8586,overall,All employees
18.6,0.8577,overall,All employees
18.7,0.8577,overall,All employees
18.8,0.8551,overall,All employees
18.9,0.8551,overall,All employees
19.0,0.8551,overall,All employees
19.1,0.8543,overall,All employees
19.2,0.8543,overall,All employees
19.3,0.8534,overall,All employees
19.4,0.8534,overall,All employees
19.5,0.8534,overall,All employees
19.6,0.8525,overall,All employees
19.7,0.8525,overall,All employees
19.8,0.8525,overall,All employees
19.9,0.8498,overall,All employees
20.0,0.8498,overall,All employees
20.1,0.8498,overall,All employees
20.2,0.8498,overall,All employees
20.3,0.8489,overall,All employees
20.4,0.8489,overall,All employees
20.5,0.848,overall,All employees
20.6,0.848,overall,All employees
20.7,0.8471,overall,All employees
20.8,0.8471,overall,All employees
20.9,0.8471,overall,All employees
21.0,0.8471,overall,All employees
21.1,0.8471,overall,All employees
21.2,0.8462,overall,All employees
21.3,0.8462,overall,All employees
21.4,0.8443,overall,All employees
21.5,0.8424,overall,All employees
21.6,0.8424,overall,All employees
21.8,0.8424,overall,All employees
21.9,0.8414,overall,All employees
22.0,0.8405,overall,All employees
22.1,0.8405,overall,All employees
22.2,0.8405,overall,All employees
22.3,0.8405,overall,All employees
22.4,0.8405,overall,All employees
22.5,0.8405,overall,All employees
22.6,0.8405,overall,All employees
22.7,0.8405,overall,All employees
22.8,0.8405,overall,All employees
22.9,0.8405,overall,All employees
23.0,0.8395,overall,All employees
23.1,0.8395,overall,All employees
23.2,0.8395,overall,All employees
23.3,0.8395,overall,All employees
23.4,0.8374,overall,All employees
23.5,0.8374,overall,All employees
23.6,0.8374,overall,All employees
23.7,0.8374,overall,All employees
23.8,0.8374,overall,All employees
23.9,0.8374,overall,All employees
24.0,0.8374,overall,All employees
24.1,0.8374,overall,All employees
24.2,0.8374,overall,All employees
24.3,0.8364,overall,All employees
24.4,0.8364,overall,All employees
24.5,0.8364,overall,All employees
24.6,0.8364,overall,All employees
24.8,0.8364,overall,All employees
24.9,0.8364,overall,All employees
25.0,0.8353,overall,All employees
25.1,0.8353,overall,All employees
25.2,0.8353,overall,All employees
25.3,0.8353,overall,All employees
25.4,0.8353,overall,All employees
25.5,0.8353,overall,All employees
25.6,0.8331,overall,All employees
25.7,0.8331,overall,All employees
25.8,0.8331,overall,All employees
25.9,0.8331,overall,All employees
26.0,0.8331,overall,All employees
26.1,0.8331,overall,All employees
26.2,0.8331,overall,All employees
26.3,0.8331,overall,All employees
26.4,0.8331,overall,All employees
26.5,0.8331,overall,All employees
26.6,0.8331,overall,All employees
26.7,0.8331,overall,All employees
26.8,0.8331,overall,All employees
26.9,0.8331,overall,All employees
27.0,0.8308,overall,All employees
27.1,0.8308,overall,All employees
27.2,0.8308,overall,All employees
27.3,0.8308,overall,All employees
27.5,0.8308,overall,All employees
27.6,0.8308,overall,All employees
27.7,0.8296,overall,All employees
27.8,0.8296,overall,All employees
27.9,0.8296,overall,All employees
28.0,0.8296,overall,All employees
28.1,0.8296,overall,All employees
28.2,0.8272,overall,All employees
28.3,0.826,overall,All employees
28.4,0.8248,overall,All employees
28.5,0.8236,overall,All employees
28.6,0.8236,overall,All employees
28.7,0.8236,overall,All employees
28.8,0.8224,overall,All employees
28.9,0.8224,overall,All employees
29.0,0.8211,overall,All employees
29.1,0.8199,overall,All employees
29.2,0.8186,overall,All employees
29.3,0.8186,overall,All employees
29.4,0.8186,overall,All employees
29.6,0.8186,overall,All employees
29.7,0.8186,overall,All employees
29.8,0.8173,overall,All employees
29.9,0.8173,overall,All employees
30.0,0.8173,overall,All employees
30.1,0.8173,overall,All employees
30.2,0.8173,overall,All employees
30.3,0.8173,overall,All employees
30.5,0.8173,overall,All employees
30.6,0.8147,overall,All employees
30.7,0.8147,overall,All employees
30.8,0.8147,overall,All employees
30.9,0.8134,overall,All employees
31.1,0.8134,overall,All employees
31.2,0.8134,overall,All employees
31.3,0.812,overall,All employees
31.4,0.812,overall,All employees
31.5,0.812,overall,All employees
31.6,0.812,overall,All employees
31.7,0.812,overall,All employees
31.8,0.812,overall,All employees
31.9,0.812,overall,All employees
32.1,0.812,overall,All employees
32.2,0.8106,overall,All employees
32.3,0.8106,overall,All employees
32.4,0.8106,overall,All employees
32.5,0.8092,overall,All employees
32.6,0.8092,overall,All employees
32.7,0.8092,overall,All employees
32.8,0.8092,overall,All employees
32.9,0.8092,overall,All employees
33.0,0.8092,overall,All employees
33.1,0.8092,overall,All employees
33.2,0.8092,overall,All employees
33.3,0.8092,overall,All employees
33.4,0.8077,overall,All employees
33.5,0.8077,overall,All employees
33.6,0.8077,overall,All employees
33.7,0.8077,overall,All employees
33.8,0.8077,overall,All employees
33.9,0.8062,overall,All employees
34.0,0.8062,overall,All employees
34.1,0.8062,overall,All employees
34.2,0.8046,overall,All employees
34.5,0.8046,overall,All employees
34.6,0.803,overall,All employees
34.7,0.803,overall,All employees
34.8,0.803,overall,All employees
34.9,0.803,overall,All employees
35.0,0.803,overall,All employees
35.1,0.8013,overall,All employees
35.2,0.8013,overall,All employees
35.3,0.798,overall,All employees
35.4,0.798,overall,All employees
35.5,0.798,overall,All employees
35.8,0.798,overall,All employees
35.9,0.798,overall,All employees
36.0,0.7963,overall,All employees
36.1,0.7963,overall,All employees
36.2,0.7963,overall,All employees
36.3,0.7963,overall,All employees
36.4,0.7963,overall,All employees
36.5,0.7963,overall,All employees
36.6,0.7963,overall,All employees
36.7,0.7963,overall,All employees
36.8,0.7963,overall,All employees
36.9,0.7963,overall,All employees
37.0,0.7944,overall,All employees
37.1,0.7944,overall,All employees
37.2,0.7944,overall,All employees
37.4,0.7944,overall,All employees
37.5,0.7944,overall,All employees
37.6,0.7944,overall,All employees
37.7,0.7944,overall,All employees
37.8,0.7944,overall,All employees
37.9,0.7944,overall,All employees
38.0,0.7944,overall,All employees
38.1,0.7944,overall,All employees
38.2,0.7944,overall,All employees
38.4,0.7925,overall,All employees
38.5,0.7925,overall,All employees
38.6,0.7925,overall,All employees
38.8,0.7925,overall,All employees
38.9,0.7925,overall,All employees
39.0,0.7925,overall,All employees
39.1,0.7925,overall,All employees
39.2,0.7905,overall,All employees
39.3,0.7905,overall,All employees
39.4,0.7905,overall,All employees
39.5,0.7905,overall,All employees
39.6,0.7905,overall,All employees
39.7,0.7883,overall,All employees
39.8,0.7883,overall,All employees
39.9,0.7883,overall,All employees
40.0,0.7883,overall,All employees
40.1,0.7883,overall,All employees
40.2,0.7883,overall,All employees
40.3,0.7862,overall,All employees
40.4,0.7862,overall,All employees
40.5,0.7862,overall,All employees
40.6,0.7839,overall,All employees
40.7,0.7839,overall,All employees
40.8,0.7839,overall,All employees
40.9,0.7839,overall,All employees
41.0,0.7839,overall,All employees
41.1,0.7839,overall,All employees
41.3,0.7839,overall,All employees
41.6,0.7839,overall,All employees
41.7,0.7839,overall,All employees
41.8,0.7816,overall,All employees
41.9,0.7769,overall,All employees
42.0,0.7769,overall,All employees
42.1,0.7769,overall,All employees
42.2,0.7769,overall,All employees
42.3,0.7769,overall,All employees
42.4,0.7769,overall,All employees
42.5,0.7769,overall,All employees
42.7,0.7769,overall,All employees
42.8,0.7769,overall,All employees
42.9,0.7769,overall,All employees
43.0,0.7769,overall,All employees
43.2,0.7769,overall,All employees
43.3,0.7769,overall,All employees
43.4,0.7769,overall,All employees
43.5,0.7769,overall,All employees
43.6,0.7769,overall,All employees
43.7,0.7769,overall,All employees
43.8,0.7769,overall,All employees
43.9,0.7769,overall,All employees
44.0,0.7717,overall,All employees
44.1,0.7691,overall,All employees
44.3,0.7691,overall,All employees
44.4,0.7691,overall,All employees
44.5,0.7691,overall,All employees
44.6,0.7691,overall,All employees
44.7,0.7691,overall,All employees
44.8,0.7691,overall,All employees
44.9,0.7691,overall,All employees
45.0,0.7691,overall,All employees
45.1,0.7691,overall,All employees
45.2,0.7691,overall,All employees
45.3,0.7691,overall,All employees
45.4,0.7691,overall,All employees
45.5,0.7691,overall,All employees
45.6,0.7663,overall,All employees
45.7,0.7663,overall,All employees
45.8,0.7663,overall,All employees
45.9,0.7633,overall,All employees
46.0,0.7633,overall,All employees
46.1,0.7633,overall,All employees
46.2,0.7633,overall,All employees
46.3,0.7633,overall,All employees
46.4,0.7633,overall,All employees
46.5,0.7603,overall,All employees
46.6,0.7603,overall,All employees
46.7,0.7603,overall,All employees
46.8,0.7603,overall,All employees
46.9,0.7603,overall,All employees
47.0,0.7603,overall,All employees
47.1,0.7603,overall,All employees
47.2,0.7603,overall,All employees
47.3,0.7603,overall,All employees
47.5,0.7603,overall,All employees
47.6,0.7603,overall,All employees
47.7,0.7603,overall,All employees
47.8,0.7603,overall,All employees
48.1,0.7603,overall,All employees
48.2,0.7603,overall,All employees
48.3,0.7603,overall,All employees
48.5,0.7603,overall,All employees
48.7,0.7603,overall,All employees
48.8,0.7603,overall,All employees
48.9,0.7603,overall,All employees
49.0,0.7603,overall,All employees
49.1,0.7567,overall,All employees
49.2,0.7567,overall,All employees
49.3,0.753,overall,All employees
49.4,0.753,overall,All employees
49.5,0.753,overall,All employees
49.6,0.753,overall,All employees
49.7,0.753,overall,All employees
49.8,0.753,overall,All employees
50.0,0.753,overall,All employees
50.1,0.753,overall,All employees
50.2,0.753,overall,All employees
50.5,0.753,overall,All employees
50.6,0.753,overall,All employees
50.7,0.753,overall,All employees
50.8,0.753,overall,All employees
51.1,0.753,overall,All employees
51.3,0.753,overall,All employees
51.6,0.753,overall,All employees
52.1,0.753,overall,All employees
52.2,0.753,overall,All employees
52.3,0.753,overall,All employees
52.4,0.753,overall,All employees
52.6,0.753,overall,All employees
53.2,0.753,overall,All employees
53.3,0.753,overall,All employees
53.5,0.753,overall,All employees
53.7,0.753,overall,All employees
54.1,0.7485,overall,All employees
54.4,0.7485,overall,All employees
54.6,0.7485,overall,All employees
54.8,0.7485,overall,All employees
54.9,0.7485,overall,All employees
55.1,0.7485,overall,All employees
55.2,0.7485,overall,All employees
55.4,0.7485,overall,All employees
55.8,0.7485,overall,All employees
55.9,0.7435,overall,All employees
56.1,0.7435,overall,All employees
56.2,0.7435,overall,All employees
56.3,0.7435,overall,All employees
56.6,0.7435,overall,All employees
57.1,0.7435,overall,All employees
57.3,0.7435,overall,All employees
57.5,0.7435,overall,All employees
57.7,0.7435,overall,All employees
58.2,0.7435,overall,All employees
58.3,0.7435,overall,All employees
58.4,0.7435,overall,All employees
59.0,0.7435,overall,All employees
59.1,0.7435,overall,All employees
59.3,0.7435,overall,All employees
59.4,0.7435,overall,All employees
59.6,0.7435,overall,All employees
59.7,0.7435,overall,All employees
59.8,0.7435,overall,All employees
59.9,0.7435,overall,All employees
60.0,0.7435,overall,All employees
60.1,0.7435,overall,All employees
60.3,0.7435,overall,All employees
60.4,0.7435,overall,All employees
60.6,0.7435,overall,All employees
60.7,0.7435,overall,All employees
60.8,0.7435,overall,All employees
61.0,0.7435,overall,All employees
61.1,0.7435,overall,All employees
61.2,0.7435,overall,All employees
61.3,0.737,overall,All employees
61.5,0.737,overall,All employees
61.8,0.737,overall,All employees
62.0,0.737,overall,All employees
62.3,0.737,overall,All employees
62.5,0.737,overall,All employees
62.6,0.737,overall,All employees
62.8,0.737,overall,All employees
63.4,0.737,overall,All employees
63.5,0.737,overall,All employees
63.7,0.737,overall,All employees
64.1,0.7297,overall,All employees
64.2,0.7297,overall,All employees
64.5,0.7297,overall,All employees
64.8,0.7297,overall,All employees
65.3,0.7297,overall,All employees
65.4,0.7297,overall,All employees
65.8,0.7297,overall,All employees
66.2,0.7297,overall,All employees
66.6,0.7297,overall,All employees
66.8,0.7297,overall,All employees
67.0,0.7297,overall,All employees
67.1,0.7297,overall,All employees
67.3,0.7297,overall,All employees
67.4,0.7297,overall,All employees
67.6,0.7297,overall,All employees
67.8,0.7297,overall,All employees
68.2,0.7297,overall,All employees
68.4,0.7297,overall,All employees
68.6,0.7297,overall,All employees
68.9,0.7297,overall,All employees
69.0,0.7297,overall,All employees
69.1,0.7297,overall,All employees
69.2,0.7297,overall,All employees
69.3,0.7297,overall,All employees
69.4,0.7297,overall,All employees
70.3,0.7297,overall,All employees
70.4,0.7297,overall,All employees
70.9,0.7297,overall,All employees
71.2,0.7177,overall,All employees
71.3,0.7177,overall,All employees
71.5,0.7177,overall,All employees
71.6,0.7177,overall,All employees
71.7,0.7177,overall,All employees
72.1,0.7177,overall,All employees
72.6,0.7177,overall,All employees
72.7,0.7177,overall,All employees
73.0,0.7177,overall,All employees
73.2,0.7177,overall,All employees
73.3,0.7177,overall,All employees
73.5,0.7177,overall,All employees
74.1,0.7018,overall,All employees
74.7,0.7018,overall,All employees
74.8,0.7018,overall,All employees
75.1,0.7018,overall,All employees
75.4,0.7018,overall,All employees
76.5,0.7018,overall,All employees
77.4,0.7018,overall,All employees
78.1,0.7018,overall,All employees
78.7,0.7018,overall,All employees
79.8,0.7018,overall,All employees
79.9,0.7018,overall,All employees
81.2,0.7018,overall,All employees
81.6,0.7018,overall,All employees
82.2,0.7018,overall,All employees
82.4,0.7018,overall,All employees
84.0,0.7018,overall,All employees
85.0,0.7018,overall,All employees
85.2,0.7018,overall,All employees
85.6,0.7018,overall,All employees
85.8,0.7018,overall,All employees
86.2,0.7018,overall,All employees
89.3,0.7018,overall,All employees
89.6,0.7018,overall,All employees
89.9,0.7018,overall,All employees
90.2,0.7018,overall,All employees
90.6,0.7018,overall,All employees
90.9,0.7018,overall,All employees
92.2,0.7018,overall,All employees
94.3,0.7018,overall,All employees
95.0,0.7018,overall,All employees
95.7,0.7018,overall,All employees
95.8,0.7018,overall,All employees
96.7,0.7018,overall,All employees
98.8,0.7018,overall,All employees
99.8,0.7018,overall,All employees
100.3,0.7018,overall,All employees
0.0,1.0,engagement_band,Engagement 60-75
0.3,0.9986,engagement_band,Engagement 60-75
0.5,0.9972,engagement_band,Engagement 60-75
0.6,0.9972,engagement_band,Engagement 60-75
0.7,0.9972,engagement_band,Engagement 60-75
0.8,0.9958,engagement_band,Engagement 60-75
0.9,0.9958,engagement_band,Engagement 60-75
1.0,0.9943,engagement_band,Engagement 60-75
1.1,0.9943,engagement_band,Engagement 60-75
1.2,0.9929,engagement_band,Engagement 60-75
1.3,0.9915,engagement_band,Engagement 60-75
1.4,0.9915,engagement_band,Engagement 60-75
1.5,0.99,engagement_band,Engagement 60-75
1.6,0.99,engagement_band,Engagement 60-75
1.7,0.9886,engagement_band,Engagement 60-75
1.8,0.9857,engagement_band,Engagement 60-75
1.9,0.9857,engagement_band,Engagement 60-75
2.0,0.9842,engagement_band,Engagement 60-75
2.2,0.9842,engagement_band,Engagement 60-75
2.3,0.9827,engagement_band,Engagement 60-75
2.4,0.9813,engagement_band,Engagement 60-75
2.5,0.9783,engagement_band,Engagement 60-75
2.6,0.9783,engagement_band,Engagement 60-75
2.7,0.9739,engagement_band,Engagement 60-75
2.8,0.9724,engagement_band,Engagement 60-75
3.0,0.9709,engagement_band,Engagement 60-75
3.1,0.9709,engagement_band,Engagement 60-75
3.2,0.9694,engagement_band,Engagement 60-75
3.4,0.968,engagement_band,Engagement 60-75
3.5,0.9665,engagement_band,Engagement 60-75
3.6,0.9665,engagement_band,Engagement 60-75
3.7,0.9635,engagement_band,Engagement 60-75
3.8,0.9619,engagement_band,Engagement 60-75
3.9,0.9604,engagement_band,Engagement 60-75
4.0,0.9604,engagement_band,Engagement 60-75
4.1,0.9604,engagement_band,Engagement 60-75
4.2,0.9604,engagement_band,Engagement 60-75
4.3,0.9604,engagement_band,Engagement 60-75
4.4,0.9589,engagement_band,Engagement 60-75
4.6,0.9589,engagement_band,Engagement 60-75
4.7,0.9589,engagement_band,Engagement 60-75
4.8,0.9589,engagement_band,Engagement 60-75
5.0,0.9574,engagement_band,Engagement 60-75
5.1,0.9574,engagement_band,Engagement 60-75
5.2,0.9574,engagement_band,Engagement 60-75
5.3,0.9574,engagement_band,Engagement 60-75
5.4,0.9558,engagement_band,Engagement 60-75
5.5,0.9558,engagement_band,Engagement 60-75
5.6,0.9542,engagement_band,Engagement 60-75
5.7,0.9495,engagement_band,Engagement 60-75
5.8,0.948,engagement_band,Engagement 60-75
6.0,0.9448,engagement_band,Engagement 60-75
6.1,0.9448,engagement_band,Engagement 60-75
6.2,0.9432,engagement_band,Engagement 60-75
6.3,0.9432,engagement_band,Engagement 60-75
6.4,0.9432,engagement_band,Engagement 60-75
6.6,0.9432,engagement_band,Engagement 60-75
6.7,0.9432,engagement_band,Engagement 60-75
6.8,0.9432,engagement_band,Engagement 60-75
6.9,0.9416,engagement_band,Engagement 60-75
7.0,0.9416,engagement_band,Engagement 60-75
7.1,0.94,engagement_band,Engagement 60-75
7.2,0.94,engagement_band,Engagement 60-75
7.3,0.9383,engagement_band,Engagement 60-75
7.4,0.9367,engagement_band,Engagement 60-75
7.6,0.9367,engagement_band,Engagement 60-75
7.7,0.9351,engagement_band,Engagement 60-75
7.9,0.9351,engagement_band,Engagement 60-75
8.0,0.9351,engagement_band,Engagement 60-75
8.1,0.9334,engagement_band,Engagement 60-75
8.2,0.9317,engagement_band,Engagement 60-75
8.3,0.9301,engagement_band,Engagement 60-75
8.4,0.9267,engagement_band,Engagement 60-75
8.5,0.9234,engagement_band,Engagement 60-75
8.6,0.9234,engagement_band,Engagement 60-75
8.7,0.9234,engagement_band,Engagement 60-75
8.8,0.9234,engagement_band,Engagement 60-75
8.9,0.9234,engagement_band,Engagement 60-75
9.0,0.9217,engagement_band,Engagement 60-75
9.1,0.9183,engagement_band,Engagement 60-75
9.2,0.9183,engagement_band,Engagement 60-75
9.3,0.9166,engagement_band,Engagement 60-75
9.4,0.9149,engagement_band,Engagement 60-75
9.5,0.9149,engagement_band,Engagement 60-75
9.6,0.9149,engagement_band,Engagement 60-75
9.7,0.9131,engagement_band,Engagement 60-75
9.8,0.9131,engagement_band,Engagement 60-75
9.9,0.9131,engagement_band,Engagement 60-75
10.1,0.9131,engagement_band,Engagement 60-75
10.2,0.9114,engagement_band,Engagement 60-75
10.3,0.9114,engagement_band,Engagement 60-75
10.5,0.9114,engagement_band,Engagement 60-75
10.6,0.9096,engagement_band,Engagement 60-75
10.7,0.9096,engagement_band,Engagement 60-75
10.8,0.9096,engagement_band,Engagement 60-75
10.9,0.9078,engagement_band,Engagement 60-75
11.0,0.9078,engagement_band,Engagement 60-75
11.1,0.9078,engagement_band,Engagement 60-75
11.2,0.9078,engagement_band,Engagement 60-75
11.4,0.9042,engagement_band,Engagement 60-75
11.5,0.9006,engagement_band,Engagement 60-75
11.6,0.9006,engagement_band,Engagement 60-75
11.7,0.8988,engagement_band,Engagement 60-75
11.9,0.8988,engagement_band,Engagement 60-75
12.1,0.897,engagement_band,Engagement 60-75
12.2,0.897,engagement_band,Engagement 60-75
12.3,0.8933,engagement_band,Engagement 60-75
12.4,0.8915,engagement_band,Engagement 60-75
12.5,0.8896,engagement_band,Engagement 60-75
12.6,0.8896,engagement_band,Engagement 60-75
12.8,0.8896,engagement_band,Engagement 60-75
12.9,0.8896,engagement_band,Engagement 60-75
13.1,0.8859,engagement_band,Engagement 60-75
13.2,0.884,engagement_band,Engagement 60-75
13.3,0.884,engagement_band,Engagement 60-75
13.4,0.884,engagement_band,Engagement 60-75
13.5,0.8821,engagement_band,Engagement 60-75
13.6,0.8821,engagement_band,Engagement 60-75
13.7,0.8782,engagement_band,Engagement 60-75
13.8,0.8782,engagement_band,Engagement 60-75
13.9,0.8763,engagement_band,Engagement 60-75
14.2,0.8763,engagement_band,Engagement 60-75
14.3,0.8763,engagement_band,Engagement 60-75
14.4,0.8743,engagement_band,Engagement 60-75
14.5,0.8743,engagement_band,Engagement 60-75
14.7,0.8743,engagement_band,Engagement 60-75
14.8,0.8743,engagement_band,Engagement 60-75
14.9,0.8743,engagement_band,Engagement 60-75
15.0,0.8743,engagement_band,Engagement 60-75
15.1,0.8743,engagement_band,Engagement 60-75
15.2,0.8743,engagement_band,Engagement 60-75
15.5,0.8743,engagement_band,Engagement 60-75
15.6,0.8743,engagement_band,Engagement 60-75
15.7,0.8743,engagement_band,Engagement 60-75
15.8,0.8743,engagement_band,Engagement 60-75
15.9,0.8743,engagement_band,Engagement 60-75
16.1,0.8743,engagement_band,Engagement 60-75
16.5,0.8743,engagement_band,Engagement 60-75
16.6,0.8722,engagement_band,Engagement 60-75
16.7,0.8722,engagement_band,Engagement 60-75
16.8,0.8701,engagement_band,Engagement 60-75
16.9,0.868,engagement_band,Engagement 60-75
17.0,0.868,engagement_band,Engagement 60-75
17.1,0.8617,engagement_band,Engagement 60-75
17.3,0.8617,engagement_band,Engagement 60-75
17.5,0.8617,engagement_band,Engagement 60-75
17.6,0.8595,engagement_band,Engagement 60-75
17.7,0.8595,engagement_band,Engagement 60-75
17.8,0.8595,engagement_band,Engagement 60-75
17.9,0.8595,engagement_band,Engagement 60-75
18.0,0.8595,engagement_band,Engagement 60-75
18.1,0.8595,engagement_band,Engagement 60-75
18.2,0.8595,engagement_band,Engagement 60-75
18.4,0.8573,engagement_band,Engagement 60-75
18.5,0.855,engagement_band,Engagement 60-75
18.6,0.8528,engagement_band,Engagement 60-75
18.7,0.8528,engagement_band,Engagement 60-75
18.8,0.8528,engagement_band,Engagement 60-75
19.0,0.8528,engagement_band,Engagement 60-75
19.1,0.8528,engagement_band,Engagement 60-75
19.2,0.8528,engagement_band,Engagement 60-75
19.3,0.8504,engagement_band,Engagement 60-75
19.5,0.8504,engagement_band,Engagement 60-75
19.6,0.848,engagement_band,Engagement 60-75
19.7,0.848,engagement_band,Engagement 60-75
19.9,0.8456,engagement_band,Engagement 60-75
20.2,0.8456,engagement_band,Engagement 60-75
20.5,0.8456,engagement_band,Engagement 60-75
20.6,0.8456,engagement_band,Engagement 60-75
20.8,0.8456,engagement_band,Engagement 60-75
20.9,0.8456,engagement_band,Engagement 60-75
21.0,0.8456,engagement_band,Engagement 60-75
21.1,0.8456,engagement_band,Engagement 60-75
21.2,0.8456,engagement_band,Engagement 60-75
21.4,0.8431,engagement_band,Engagement 60-75
21.5,0.8431,engagement_band,Engagement 60-75
21.6,0.8431,engagement_band,Engagement 60-75
21.8,0.8431,engagement_band,Engagement 60-75
21.9,0.8405,engagement_band,Engagement 60-75
22.0,0.8405,engagement_band,Engagement 60-75
22.1,0.8405,engagement_band,Engagement 60-75
22.2,0.8405,engagement_band,Engagement 60-75
22.3,0.8405,engagement_band,Engagement 60-75
22.4,0.8405,engagement_band,Engagement 60-75
22.5,0.8405,engagement_band,Engagement 60-75
22.6,0.8405,engagement_band,Engagement 60-75
22.8,0.8405,engagement_band,Engagement 60-75
22.9,0.8405,engagement_band,Engagement 60-75
23.0,0.8378,engagement_band,Engagement 60-75
23.1,0.8378,engagement_band,Engagement 60-75
23.3,0.8378,engagement_band,Engagement 60-75
23.4,0.835,engagement_band,Engagement 60-75
23.6,0.835,engagement_band,Engagement 60-75
23.7,0.835,engagement_band,Engagement 60-75
23.8,0.835,engagement_band,Engagement 60-75
23.9,0.835,engagement_band,Engagement 60-75
24.0,0.835,engagement_band,Engagement 60-75
24.1,0.835,engagement_band,Engagement 60-75
24.3,0.835,engagement_band,Engagement 60-75
24.4,0.835,engagement_band,Engagement 60-75
24.8,0.835,engagement_band,Engagement 60-75
24.9,0.835,engagement_band,Engagement 60-75
25.0,0.835,engagement_band,Engagement 60-75
25.1,0.835,engagement_band,Engagement 60-75
25.2,0.835,engagement_band,Engagement 60-75
25.3,0.835,engagement_band,Engagement 60-75
25.6,0.832,engagement_band,Engagement 60-75
25.7,0.832,engagement_band,Engagement 60-75
26.0,0.832,engagement_band,Engagement 60-75
26.1,0.832,engagement_band,Engagement 60-75
26.2,0.832,engagement_band,Engagement 60-75
26.3,0.832,engagement_band,Engagement 60-75
26.6,0.832,engagement_band,Engagement 60-75
26.7,0.832,engagement_band,Engagement 60-75
26.8,0.832,engagement_band,Engagement 60-75
26.9,0.832,engagement_band,Engagement 60-75
27.0,0.832,engagement_band,Engagement 60-75
27.3,0.832,engagement_band,Engagement 60-75
27.5,0.832,engagement_band,Engagement 60-75
27.9,0.832,engagement_band,Engagement 60-75
28.0,0.832,engagement_band,Engagement 60-75
28.1,0.832,engagement_band,Engagement 60-75
28.2,0.8288,engagement_band,Engagement 60-75
28.3,0.8288,engagement_band,Engagement 60-75
28.5,0.8255,engagement_band,Engagement 60-75
28.6,0.8255,engagement_band,Engagement 60-75
28.8,0.8222,engagement_band,Engagement 60-75
28.9,0.8222,engagement_band,Engagement 60-75
29.0,0.8222,engagement_band,Engagement 60-75
29.1,0.8222,engagement_band,Engagement 60-75
29.2,0.8222,engagement_band,Engagement 60-75
29.3,0.8222,engagement_band,Engagement 60-75
29.6,0.8222,engagement_band,Engagement 60-75
29.7,0.8222,engagement_band,Engagement 60-75
29.8,0.8187,engagement_band,Engagement 60-75
30.0,0.8187,engagement_band,Engagement 60-75
30.1,0.8187,engagement_band,Engagement 60-75
30.6,0.8152,engagement_band,Engagement 60-75
30.7,0.8152,engagement_band,Engagement 60-75
30.9,0.8152,engagement_band,Engagement 60-75
31.1,0.8152,engagement_band,Engagement 60-75
31.2,0.8152,engagement_band,Engagement 60-75
31.3,0.8115,engagement_band,Engagement 60-75
31.4,0.8115,engagement_band,Engagement 60-75
31.5,0.8115,engagement_band,Engagement 60-75
31.6,0.8115,engagement_band,Engagement 60-75
31.8,0.8115,engagement_band,Engagement 60-75
31.9,0.8115,engagement_band,Engagement 60-75
32.1,0.8115,engagement_band,Engagement 60-75
32.2,0.8115,engagement_band,Engagement 60-75
32.3,0.8115,engagement_band,Engagement 60-75
32.4,0.8115,engagement_band,Engagement 60-75
32.6,0.8115,engagement_band,Engagement 60-75
32.7,0.8115,engagement_band,Engagement 60-75
32.8,0.8115,engagement_band,Engagement 60-75
33.0,0.8115,engagement_band,Engagement 60-75
33.1,0.8115,engagement_band,Engagement 60-75
33.2,0.8115,engagement_band,Engagement 60-75
33.4,0.8115,engagement_band,Engagement 60-75
33.7,0.8115,engagement_band,Engagement 60-75
33.9,0.8115,engagement_band,Engagement 60-75
34.0,0.8115,engagement_band,Engagement 60-75
34.1,0.8115,engagement_band,Engagement 60-75
34.6,0.8073,engagement_band,Engagement 60-75
34.7,0.8073,engagement_band,Engagement 60-75
34.8,0.8073,engagement_band,Engagement 60-75
35.0,0.8073,engagement_band,Engagement 60-75
35.2,0.8073,engagement_band,Engagement 60-75
35.3,0.7985,engagement_band,Engagement 60-75
35.4,0.7985,engagement_band,Engagement 60-75
35.5,0.7985,engagement_band,Engagement 60-75
35.8,0.7985,engagement_band,Engagement 60-75
35.9,0.7985,engagement_band,Engagement 60-75
36.0,0.7938,engagement_band,Engagement 60-75
36.1,0.7938,engagement_band,Engagement 60-75
36.2,0.7938,engagement_band,Engagement 60-75
36.3,0.7938,engagement_band,Engagement 60-75
36.4,0.7938,engagement_band,Engagement 60-75
36.6,0.7938,engagement_band,Engagement 60-75
36.7,0.7938,engagement_band,Engagement 60-75
36.9,0.7938,engagement_band,Engagement 60-75
37.0,0.7888,engagement_band,Engagement 60-75
37.1,0.7888,engagement_band,Engagement 60-75
37.5,0.7888,engagement_band,Engagement 60-75
37.6,0.7888,engagement_band,Engagement 60-75
38.0,0.7888,engagement_band,Engagement 60-75
38.1,0.7888,engagement_band,Engagement 60-75
38.4,0.7836,engagement_band,Engagement 60-75
38.5,0.7836,engagement_band,Engagement 60-75
38.8,0.7836,engagement_band,Engagement 60-75
39.1,0.7836,engagement_band,Engagement 60-75
39.2,0.7781,engagement_band,Engagement 60-75
39.3,0.7781,engagement_band,Engagement 60-75
39.4,0.7781,engagement_band,Engagement 60-75
39.5,0.7781,engagement_band,Engagement 60-75
39.6,0.7781,engagement_band,Engagement 60-75
39.7,0.7723,engagement_band,Engagement 60-75
39.9,0.7723,engagement_band,Engagement 60-75
40.0,0.7723,engagement_band,Engagement 60-75
40.1,0.7723,engagement_band,Engagement 60-75
40.2,0.7723,engagement_band,Engagement 60-75
40.3,0.7664,engagement_band,Engagement 60-75
40.4,0.7664,engagement_band,Engagement 60-75
40.6,0.7605,engagement_band,Engagement 60-75
40.7,0.7605,engagement_band,Engagement 60-75
40.9,0.7605,engagement_band,Engagement 60-75
41.7,0.7605,engagement_band,Engagement 60-75
41.8,0.7605,engagement_band,Engagement 60-75
41.9,0.7478,engagement_band,Engagement 60-75
42.0,0.7478,engagement_band,Engagement 60-75
42.2,0.7478,engagement_band,Engagement 60-75
42.9,0.7478,engagement_band,Engagement 60-75
43.2,0.7478,engagement_band,Engagement 60-75
43.3,0.7478,engagement_band,Engagement 60-75
43.5,0.7478,engagement_band,Engagement 60-75
44.0,0.741,engagement_band,Engagement 60-75
44.3,0.741,engagement_band,Engagement 60-75
44.4,0.741,engagement_band,Engagement 60-75
44.6,0.741,engagement_band,Engagement 60-75
44.7,0.741,engagement_band,Engagement 60-75
45.2,0.741,engagement_band,Engagement 60-75
45.5,0.741,engagement_band,Engagement 60-75
45.6,0.741,engagement_band,Engagement 60-75
46.0,0.741,engagement_band,Engagement 60-75
46.3,0.741,engagement_band,Engagement 60-75
46.4,0.741,engagement_band,Engagement 60-75
46.5,0.733,engagement_band,Engagement 60-75
46.7,0.733,engagement_band,Engagement 60-75
47.2,0.733,engagement_band,Engagement 60-75
47.7,0.733,engagement_band,Engagement 60-75
47.8,0.733,engagement_band,Engagement 60-75
48.1,0.733,engagement_band,Engagement 60-75
48.2,0.733,engagement_band,Engagement 60-75
48.7,0.733,engagement_band,Engagement 60-75
48.8,0.733,engagement_band,Engagement 60-75
48.9,0.733,engagement_band,Engagement 60-75
49.1,0.7242,engagement_band,Engagement 60-75
49.4,0.7242,engagement_band,Engagement 60-75
49.6,0.7242,engagement_band,Engagement 60-75
49.7,0.7242,engagement_band,Engagement 60-75
50.0,0.7242,engagement_band,Engagement 60-75
50.1,0.7242,engagement_band,Engagement 60-75
51.1,0.7242,engagement_band,Engagement 60-75
51.3,0.7242,engagement_band,Engagement 60-75
52.2,0.7242,engagement_band,Engagement 60-75
52.4,0.7242,engagement_band,Engagement 60-75
52.6,0.7242,engagement_band,Engagement 60-75
53.3,0.7242,engagement_band,Engagement 60-75
53.5,0.7242,engagement_band,Engagement 60-75
53.7,0.7242,engagement_band,Engagement 60-75
54.6,0.7242,engagement_band,Engagement 60-75
54.9,0.7242,engagement_band,Engagement 60-75
55.4,0.7242,engagement_band,Engagement 60-75
55.8,0.7242,engagement_band,Engagement 60-75
56.1,0.7242,engagement_band,Engagement 60-75
56.2,0.7242,engagement_band,Engagement 60-75
56.3,0.7242,engagement_band,Engagement 60-75
56.6,0.7242,engagement_band,Engagement 60-75
58.3,0.7242,engagement_band,Engagement 60-75
59.0,0.7242,engagement_band,Engagement 60-75
59.1,0.7242,engagement_band,Engagement 60-75
59.3,0.7242,engagement_band,Engagement 60-75
60.0,0.7242,engagement_band,Engagement 60-75
60.1,0.7242,engagement_band,Engagement 60-75
60.6,0.7242,engagement_band,Engagement 60-75
61.0,0.7242,engagement_band,Engagement 60-75
61.2,0.7242,engagement_band,Engagement 60-75
61.3,0.7088,engagement_band,Engagement 60-75
62.0,0.7088,engagement_band,Engagement 60-75
62.3,0.7088,engagement_band,Engagement 60-75
62.5,0.7088,engagement_band,Engagement 60-75
62.6,0.7088,engagement_band,Engagement 60-75
62.8,0.7088,engagement_band,Engagement 60-75
63.4,0.7088,engagement_band,Engagement 60-75
63.5,0.7088,engagement_band,Engagement 60-75
64.1,0.6901,engagement_band,Engagement 60-75
64.2,0.6901,engagement_band,Engagement 60-75
65.4,0.6901,engagement_band,Engagement 60-75
66.6,0.6901,engagement_band,Engagement 60-75
66.8,0.6901,engagement_band,Engagement 60-75
67.3,0.6901,engagement_band,Engagement 60-75
67.4,0.6901,engagement_band,Engagement 60-75
68.2,0.6901,engagement_band,Engagement 60-75
68.6,0.6901,engagement_band,Engagement 60-75
68.9,0.6901,engagement_band,Engagement 60-75
69.0,0.6901,engagement_band,Engagement 60-75
69.1,0.6901,engagement_band,Engagement 60-75
69.4,0.6901,engagement_band,Engagement 60-75
70.3,0.6901,engagement_band,Engagement 60-75
71.2,0.6588,engagement_band,Engagement 60-75
71.5,0.6588,engagement_band,Engagement 60-75
71.7,0.6588,engagement_band,Engagement 60-75
74.1,0.62,engagement_band,Engagement 60-75
74.7,0.62,engagement_band,Engagement 60-75
74.8,0.62,engagement_band,Engagement 60-75
75.1,0.62,engagement_band,Engagement 60-75
75.4,0.62,engagement_band,Engagement 60-75
76.5,0.62,engagement_band,Engagement 60-75
77.4,0.62,engagement_band,Engagement 60-75
78.1,0.62,engagement_band,Engagement 60-75
85.0,0.62,engagement_band,Engagement 60-75
85.6,0.62,engagement_band,Engagement 60-75
85.8,0.62,engagement_band,Engagement 60-75
86.2,0.62,engagement_band,Engagement 60-75
89.3,0.62,engagement_band,Engagement 60-75
92.2,0.62,engagement_band,Engagement 60-75
98.8,0.62,engagement_band,Engagement 60-75
99.8,0.62,engagement_band,Engagement 60-75
0.0,1.0,engagement_band,Engagement 75+
0.2,0.9972,engagement_band,Engagement 75+
0.3,0.9929,engagement_band,Engagement 75+
0.4,0.9915,engagement_band,Engagement 75+
0.5,0.9915,engagement_band,Engagement 75+
0.6,0.9901,engagement_band,Engagement 75+
0.7,0.9858,engagement_band,Engagement 75+
0.8,0.9858,engagement_band,Engagement 75+
0.9,0.9858,engagement_band,Engagement 75+
1.0,0.9858,engagement_band,Engagement 75+
1.1,0.9858,engagement_band,Engagement 75+
1.2,0.9815,engagement_band,Engagement 75+
1.3,0.98,engagement_band,Engagement 75+
1.4,0.9786,engagement_band,Engagement 75+
1.5,0.9771,engagement_band,Engagement 75+
1.6,0.9771,engagement_band,Engagement 75+
1.7,0.9771,engagement_band,Engagement 75+
1.8,0.9771,engagement_band,Engagement 75+
1.9,0.9757,engagement_band,Engagement 75+
2.0,0.9727,engagement_band,Engagement 75+
2.2,0.9727,engagement_band,Engagement 75+
2.3,0.9727,engagement_band,Engagement 75+
2.4,0.9727,engagement_band,Engagement 75+
2.6,0.9727,engagement_band,Engagement 75+
2.7,0.9713,engagement_band,Engagement 75+
2.9,0.9698,engagement_band,Engagement 75+
3.0,0.9683,engagement_band,Engagement 75+
3.1,0.9668,engagement_band,Engagement 75+
3.2,0.9668,engagement_band,Engagement 75+
3.3,0.9668,engagement_band,Engagement 75+
3.4,0.9638,engagement_band,Engagement 75+
3.5,0.9623,engagement_band,Engagement 75+
3.6,0.9623,engagement_band,Engagement 75+
3.7,0.9623,engagement_band,Engagement 75+
3.9,0.9608,engagement_band,Engagement 75+
4.1,0.9608,engagement_band,Engagement 75+
4.2,0.9608,engagement_band,Engagement 75+
4.3,0.9592,engagement_band,Engagement 75+
4.4,0.9592,engagement_band,Engagement 75+
4.5,0.9577,engagement_band,Engagement 75+
4.7,0.9577,engagement_band,Engagement 75+
4.8,0.9561,engagement_band,Engagement 75+
4.9,0.9561,engagement_band,Engagement 75+
5.0,0.9561,engagement_band,Engagement 75+
5.1,0.9561,engagement_band,Engagement 75+
5.2,0.9561,engagement_band,Engagement 75+
5.3,0.9546,engagement_band,Engagement 75+
5.4,0.953,engagement_band,Engagement 75+
5.5,0.953,engagement_band,Engagement 75+
5.6,0.953,engagement_band,Engagement 75+
5.7,0.953,engagement_band,Engagement 75+
5.9,0.9514,engagement_band,Engagement 75+
6.0,0.9498,engagement_band,Engagement 75+
6.2,0.9482,engagement_band,Engagement 75+
6.3,0.9482,engagement_band,Engagement 75+
6.4,0.9466,engagement_band,Engagement 75+
6.5,0.9466,engagement_band,Engagement 75+
6.7,0.945,engagement_band,Engagement 75+
6.8,0.945,engagement_band,Engagement 75+
6.9,0.945,engagement_band,Engagement 75+
7.0,0.945,engagement_band,Engagement 75+
7.1,0.9433,engagement_band,Engagement 75+
7.2,0.9417,engagement_band,Engagement 75+
7.4,0.9401,engagement_band,Engagement 75+
7.6,0.9401,engagement_band,Engagement 75+
7.8,0.9384,engagement_band,Engagement 75+
7.9,0.9384,engagement_band,Engagement 75+
8.0,0.9384,engagement_band,Engagement 75+
8.1,0.935,engagement_band,Engagement 75+
8.2,0.9334,engagement_band,Engagement 75+
8.3,0.9334,engagement_band,Engagement 75+
8.4,0.9317,engagement_band,Engagement 75+
8.5,0.9317,engagement_band,Engagement 75+
8.7,0.9317,engagement_band,Engagement 75+
8.9,0.9317,engagement_band,Engagement 75+
9.0,0.9317,engagement_band,Engagement 75+
9.1,0.93,engagement_band,Engagement 75+
9.2,0.9282,engagement_band,Engagement 75+
9.4,0.9282,engagement_band,Engagement 75+
9.5,0.9265,engagement_band,Engagement 75+
9.6,0.9265,engagement_band,Engagement 75+
9.9,0.9265,engagement_band,Engagement 75+
10.0,0.9265,engagement_band,Engagement 75+
10.2,0.9248,engagement_band,Engagement 75+
10.3,0.9248,engagement_band,Engagement 75+
10.4,0.923,engagement_band,Engagement 75+
10.5,0.9212,engagement_band,Engagement 75+
10.6,0.9212,engagement_band,Engagement 75+
10.8,0.9194,engagement_band,Engagement 75+
11.0,0.9194,engagement_band,Engagement 75+
11.2,0.9194,engagement_band,Engagement 75+
11.3,0.9194,engagement_band,Engagement 75+
11.4,0.9194,engagement_band,Engagement 75+
11.5,0.9194,engagement_band,Engagement 75+
11.7,0.9176,engagement_band,Engagement 75+
11.8,0.9121,engagement_band,Engagement 75+
11.9,0.9102,engagement_band,Engagement 75+
12.0,0.9102,engagement_band,Engagement 75+
12.1,0.9102,engagement_band,Engagement 75+
12.2,0.9102,engagement_band,Engagement 75+
12.3,0.9084,engagement_band,Engagement 75+
12.4,0.9084,engagement_band,Engagement 75+
12.5,0.9065,engagement_band,Engagement 75+
12.6,0.9065,engagement_band,Engagement 75+
12.7,0.9065,engagement_band,Engagement 75+
12.8,0.9065,engagement_band,Engagement 75+
12.9,0.9065,engagement_band,Engagement 75+
13.1,0.9065,engagement_band,Engagement 75+
13.2,0.9065,engagement_band,Engagement 75+
13.5,0.9045,engagement_band,Engagement 75+
13.7,0.9045,engagement_band,Engagement 75+
13.8,0.9045,engagement_band,Engagement 75+
14.0,0.9026,engagement_band,Engagement 75+
14.1,0.9026,engagement_band,Engagement 75+
14.2,0.9006,engagement_band,Engagement 75+
14.3,0.9006,engagement_band,Engagement 75+
14.4,0.9006,engagement_band,Engagement 75+
14.6,0.9006,engagement_band,Engagement 75+
14.7,0.8986,engagement_band,Engagement 75+
14.8,0.8986,engagement_band,Engagement 75+
14.9,0.8986,engagement_band,Engagement 75+
15.0,0.8986,engagement_band,Engagement 75+
15.2,0.8986,engagement_band,Engagement 75+
15.3,0.8986,engagement_band,Engagement 75+
15.6,0.8986,engagement_band,Engagement 75+
15.7,0.8986,engagement_band,Engagement 75+
15.8,0.8986,engagement_band,Engagement 75+
15.9,0.8986,engagement_band,Engagement 75+
16.0,0.8986,engagement_band,Engagement 75+
16.1,0.8965,engagement_band,Engagement 75+
16.2,0.8965,engagement_band,Engagement 75+
16.3,0.8965,engagement_band,Engagement 75+
16.4,0.8965,engagement_band,Engagement 75+
16.5,0.8965,engagement_band,Engagement 75+
16.6,0.8965,engagement_band,Engagement 75+
16.9,0.8965,engagement_band,Engagement 75+
17.0,0.8965,engagement_band,Engagement 75+
17.1,0.8965,engagement_band,Engagement 75+
17.2,0.8965,engagement_band,Engagement 75+
17.4,0.8965,engagement_band,Engagement 75+
17.5,0.8942,engagement_band,Engagement 75+
17.6,0.8942,engagement_band,Engagement 75+
17.7,0.8942,engagement_band,Engagement 75+
17.8,0.8942,engagement_band,Engagement 75+
17.9,0.8942,engagement_band,Engagement 75+
18.1,0.8942,engagement_band,Engagement 75+
18.2,0.8919,engagement_band,Engagement 75+
18.3,0.8919,engagement_band,Engagement 75+
18.5,0.8919,engagement_band,Engagement 75+
18.6,0.8919,engagement_band,Engagement 75+
18.7,0.8919,engagement_band,Engagement 75+
18.8,0.8848,engagement_band,Engagement 75+
18.9,0.8848,engagement_band,Engagement 75+
19.0,0.8848,engagement_band,Engagement 75+
19.1,0.8848,engagement_band,Engagement 75+
19.3,0.8848,engagement_band,Engagement 75+
19.6,0.8848,engagement_band,Engagement 75+
19.7,0.8848,engagement_band,Engagement 75+
19.8,0.8848,engagement_band,Engagement 75+
19.9,0.8823,engagement_band,Engagement 75+
20.0,0.8823,engagement_band,Engagement 75+
20.1,0.8823,engagement_band,Engagement 75+
20.2,0.8823,engagement_band,Engagement 75+
20.3,0.8798,engagement_band,Engagement 75+
20.6,0.8798,engagement_band,Engagement 75+
20.7,0.8773,engagement_band,Engagement 75+
20.8,0.8773,engagement_band,Engagement 75+
20.9,0.8773,engagement_band,Engagement 75+
21.1,0.8773,engagement_band,Engagement 75+
21.2,0.8773,engagement_band,Engagement 75+
21.5,0.8746,engagement_band,Engagement 75+
21.6,0.8746,engagement_band,Engagement 75+
21.8,0.8746,engagement_band,Engagement 75+
21.9,0.8746,engagement_band,Engagement 75+
22.0,0.8746,engagement_band,Engagement 75+
22.1,0.8746,engagement_band,Engagement 75+
22.2,0.8746,engagement_band,Engagement 75+
22.3,0.8746,engagement_band,Engagement 75+
22.4,0.8746,engagement_band,Engagement 75+
22.5,0.8746,engagement_band,Engagement 75+
22.6,0.8746,engagement_band,Engagement 75+
22.7,0.8746,engagement_band,Engagement 75+
23.0,0.8746,engagement_band,Engagement 75+
23.1,0.8746,engagement_band,Engagement 75+
23.4,0.8746,engagement_band,Engagement 75+
23.5,0.8746,engagement_band,Engagement 75+
23.6,0.8746,engagement_band,Engagement 75+
23.7,0.8746,engagement_band,Engagement 75+
23.9,0.8746,engagement_band,Engagement 75+
24.0,0.8746,engagement_band,Engagement 75+
24.2,0.8746,engagement_band,Engagement 75+
24.3,0.8746,engagement_band,Engagement 75+
24.5,0.8746,engagement_band,Engagement 75+
24.6,0.8746,engagement_band,Engagement 75+
24.8,0.8746,engagement_band,Engagement 75+
24.9,0.8746,engagement_band,Engagement 75+
25.0,0.8746,engagement_band,Engagement 75+
25.2,0.8746,engagement_band,Engagement 75+
25.4,0.8746,engagement_band,Engagement 75+
25.5,0.8746,engagement_band,Engagement 75+
25.6,0.8715,engagement_band,Engagement 75+
25.7,0.8715,engagement_band,Engagement 75+
25.8,0.8715,engagement_band,Engagement 75+
25.9,0.8715,engagement_band,Engagement 75+
26.0,0.8715,engagement_band,Engagement 75+
26.1,0.8715,engagement_band,Engagement 75+
26.2,0.8715,engagement_band,Engagement 75+
26.3,0.8715,engagement_band,Engagement 75+
26.4,0.8715,engagement_band,Engagement 75+
26.5,0.8715,engagement_band,Engagement 75+
26.6,0.8715,engagement_band,Engagement 75+
26.9,0.8715,engagement_band,Engagement 75+
27.0,0.8715,engagement_band,Engagement 75+
27.1,0.8715,engagement_band,Engagement 75+
27.2,0.8715,engagement_band,Engagement 75+
27.3,0.8715,engagement_band,Engagement 75+
27.6,0.8715,engagement_band,Engagement 75+
27.7,0.8715,engagement_band,Engagement 75+
28.0,0.8715,engagement_band,Engagement 75+
28.1,0.8715,engagement_band,Engagement 75+
28.2,0.8681,engagement_band,Engagement 75+
28.4,0.8647,engagement_band,Engagement 75+
28.6,0.8647,engagement_band,Engagement 75+
28.7,0.8647,engagement_band,Engagement 75+
28.9,0.8647,engagement_band,Engagement 75+
29.0,0.8611,engagement_band,Engagement 75+
29.1,0.8576,engagement_band,Engagement 75+
29.2,0.854,engagement_band,Engagement 75+
29.6,0.854,engagement_band,Engagement 75+
29.7,0.854,engagement_band,Engagement 75+
29.8,0.854,engagement_band,Engagement 75+
30.0,0.854,engagement_band,Engagement 75+
30.2,0.854,engagement_band,Engagement 75+
30.3,0.854,engagement_band,Engagement 75+
30.5,0.854,engagement_band,Engagement 75+
30.6,0.854,engagement_band,Engagement 75+
30.7,0.854,engagement_band,Engagement 75+
30.8,0.854,engagement_band,Engagement 75+
30.9,0.854,engagement_band,Engagement 75+
31.1,0.854,engagement_band,Engagement 75+
31.3,0.854,engagement_band,Engagement 75+
31.4,0.854,engagement_band,Engagement 75+
31.7,0.854,engagement_band,Engagement 75+
31.9,0.854,engagement_band,Engagement 75+
32.1,0.854,engagement_band,Engagement 75+
32.2,0.8501,engagement_band,Engagement 75+
32.3,0.8501,engagement_band,Engagement 75+
32.5,0.8461,engagement_band,Engagement 75+
32.6,0.8461,engagement_band,Engagement 75+
32.7,0.8461,engagement_band,Engagement 75+
32.8,0.8461,engagement_band,Engagement 75+
32.9,0.8461,engagement_band,Engagement 75+
33.0,0.8461,engagement_band,Engagement 75+
33.1,0.8461,engagement_band,Engagement 75+
33.2,0.8461,engagement_band,Engagement 75+
33.3,0.8461,engagement_band,Engagement 75+
33.6,0.8461,engagement_band,Engagement 75+
33.7,0.8461,engagement_band,Engagement 75+
33.9,0.8461,engagement_band,Engagement 75+
34.0,0.8461,engagement_band,Engagement 75+
34.2,0.8461,engagement_band,Engagement 75+
34.5,0.8461,engagement_band,Engagement 75+
34.6,0.8461,engagement_band,Engagement 75+
34.7,0.8461,engagement_band,Engagement 75+
34.8,0.8461,engagement_band,Engagement 75+
34.9,0.8461,engagement_band,Engagement 75+
35.0,0.8461,engagement_band,Engagement 75+
35.1,0.8414,engagement_band,Engagement 75+
35.3,0.8414,engagement_band,Engagement 75+
35.4,0.8414,engagement_band,Engagement 75+
35.5,0.8414,engagement_band,Engagement 75+
36.0,0.8414,engagement_band,Engagement 75+
36.1,0.8414,engagement_band,Engagement 75+
36.2,0.8414,engagement_band,Engagement 75+
36.7,0.8414,engagement_band,Engagement 75+
36.8,0.8414,engagement_band,Engagement 75+
37.0,0.8414,engagement_band,Engagement 75+
37.4,0.8414,engagement_band,Engagement 75+
37.6,0.8414,engagement_band,Engagement 75+
37.7,0.8414,engagement_band,Engagement 75+
37.8,0.8414,engagement_band,Engagement 75+
37.9,0.8414,engagement_band,Engagement 75+
38.1,0.8414,engagement_band,Engagement 75+
38.2,0.8414,engagement_band,Engagement 75+
38.4,0.8414,engagement_band,Engagement 75+
38.5,0.8414,engagement_band,Engagement 75+
38.6,0.8414,engagement_band,Engagement 75+
38.9,0.8414,engagement_band,Engagement 75+
39.0,0.8414,engagement_band,Engagement 75+
39.1,0.8414,engagement_band,Engagement 75+
39.2,0.8414,engagement_band,Engagement 75+
39.3,0.8414,engagement_band,Engagement 75+
39.5,0.8414,engagement_band,Engagement 75+
39.8,0.8414,engagement_band,Engagement 75+
40.0,0.8414,engagement_band,Engagement 75+
40.2,0.8414,engagement_band,Engagement 75+
40.3,0.8414,engagement_band,Engagement 75+
40.6,0.8414,engagement_band,Engagement 75+
40.8,0.8414,engagement_band,Engagement 75+
41.1,0.8414,engagement_band,Engagement 75+
41.6,0.8414,engagement_band,Engagement 75+
41.7,0.8414,engagement_band,Engagement 75+
41.9,0.8414,engagement_band,Engagement 75+
42.0,0.8414,engagement_band,Engagement 75+
42.1,0.8414,engagement_band,Engagement 75+
42.3,0.8414,engagement_band,Engagement 75+
42.5,0.8414,engagement_band,Engagement 75+
42.7,0.8414,engagement_band,Engagement 75+
43.2,0.8414,engagement_band,Engagement 75+
43.4,0.8414,engagement_band,Engagement 75+
43.7,0.8414,engagement_band,Engagement 75+
43.8,0.8414,engagement_band,Engagement 75+
43.9,0.8414,engagement_band,Engagement 75+
44.0,0.8338,engagement_band,Engagement 75+
44.3,0.8338,engagement_band,Engagement 75+
44.4,0.8338,engagement_band,Engagement 75+
44.5,0.8338,engagement_band,Engagement 75+
44.7,0.8338,engagement_band,Engagement 75+
44.8,0.8338,engagement_band,Engagement 75+
45.0,0.8338,engagement_band,Engagement 75+
45.1,0.8338,engagement_band,Engagement 75+
45.7,0.8338,engagement_band,Engagement 75+
45.8,0.8338,engagement_band,Engagement 75+
45.9,0.8253,engagement_band,Engagement 75+
46.0,0.8253,engagement_band,Engagement 75+
46.1,0.8253,engagement_band,Engagement 75+
46.2,0.8253,engagement_band,Engagement 75+
46.4,0.8253,engagement_band,Engagement 75+
46.8,0.8253,engagement_band,Engagement 75+
47.1,0.8253,engagement_band,Engagement 75+
47.2,0.8253,engagement_band,Engagement 75+
47.5,0.8253,engagement_band,Engagement 75+
47.6,0.8253,engagement_band,Engagement 75+
47.8,0.8253,engagement_band,Engagement 75+
48.3,0.8253,engagement_band,Engagement 75+
48.5,0.8253,engagement_band,Engagement 75+
48.8,0.8253,engagement_band,Engagement 75+
48.9,0.8253,engagement_band,Engagement 75+
49.0,0.8253,engagement_band,Engagement 75+
49.2,0.8253,engagement_band,Engagement 75+
49.4,0.8253,engagement_band,Engagement 75+
49.7,0.8253,engagement_band,Engagement 75+
50.2,0.8253,engagement_band,Engagement 75+
50.5,0.8253,engagement_band,Engagement 75+
50.6,0.8253,engagement_band,Engagement 75+
50.7,0.8253,engagement_band,Engagement 75+
51.6,0.8253,engagement_band,Engagement 75+
52.1,0.8253,engagement_band,Engagement 75+
52.3,0.8253,engagement_band,Engagement 75+
53.5,0.8253,engagement_band,Engagement 75+
54.4,0.8253,engagement_band,Engagement 75+
54.8,0.8253,engagement_band,Engagement 75+
55.1,0.8253,engagement_band,Engagement 75+
55.9,0.8253,engagement_band,Engagement 75+
57.5,0.8253,engagement_band,Engagement 75+
57.7,0.8253,engagement_band,Engagement 75+
58.4,0.8253,engagement_band,Engagement 75+
59.0,0.8253,engagement_band,Engagement 75+
59.6,0.8253,engagement_band,Engagement 75+
59.7,0.8253,engagement_band,Engagement 75+
59.9,0.8253,engagement_band,Engagement 75+
60.0,0.8253,engagement_band,Engagement 75+
60.7,0.8253,engagement_band,Engagement 75+
61.1,0.8253,engagement_band,Engagement 75+
61.2,0.8253,engagement_band,Engagement 75+
61.5,0.8253,engagement_band,Engagement 75+
64.1,0.8253,engagement_band,Engagement 75+
64.5,0.8253,engagement_band,Engagement 75+
64.8,0.8253,engagement_band,Engagement 75+
65.3,0.8253,engagement_band,Engagement 75+
65.8,0.8253,engagement_band,Engagement 75+
66.2,0.8253,engagement_band,Engagement 75+
66.6,0.8253,engagement_band,Engagement 75+
67.0,0.8253,engagement_band,Engagement 75+
67.1,0.8253,engagement_band,Engagement 75+
67.4,0.8253,engagement_band,Engagement 75+
67.8,0.8253,engagement_band,Engagement 75+
68.4,0.8253,engagement_band,Engagement 75+
69.1,0.8253,engagement_band,Engagement 75+
69.2,0.8253,engagement_band,Engagement 75+
69.3,0.8253,engagement_band,Engagement 75+
70.9,0.8253,engagement_band,Engagement 75+
71.3,0.8253,engagement_band,Engagement 75+
71.6,0.8253,engagement_band,Engagement 75+
71.7,0.8253,engagement_band,Engagement 75+
72.1,0.8253,engagement_band,Engagement 75+
72.6,0.8253,engagement_band,Engagement 75+
73.2,0.8253,engagement_band,Engagement 75+
73.5,0.8253,engagement_band,Engagement 75+
75.4,0.8253,engagement_band,Engagement 75+
76.5,0.8253,engagement_band,Engagement 75+
79.8,0.8253,engagement_band,Engagement 75+
81.2,0.8253,engagement_band,Engagement 75+
81.6,0.8253,engagement_band,Engagement 75+
82.4,0.8253,engagement_band,Engagement 75+
84.0,0.8253,engagement_band,Engagement 75+
85.2,0.8253,engagement_band,Engagement 75+
89.6,0.8253,engagement_band,Engagement 75+
89.9,0.8253,engagement_band,Engagement 75+
90.2,0.8253,engagement_band,Engagement 75+
90.9,0.8253,engagement_band,Engagement 75+
95.0,0.8253,engagement_band,Engagement 75+
95.7,0.8253,engagement_band,Engagement 75+
95.8,0.8253,engagement_band,Engagement 75+
0.0,1.0,engagement_band,Engagement < 60
0.2,0.9979,engagement_band,Engagement < 60
0.4,0.9938,engagement_band,Engagement < 60
0.6,0.9938,engagement_band,Engagement < 60
0.8,0.9897,engagement_band,Engagement < 60
0.9,0.9877,engagement_band,Engagement < 60
1.0,0.9877,engagement_band,Engagement < 60
1.1,0.9835,engagement_band,Engagement < 60
1.2,0.9814,engagement_band,Engagement < 60
1.3,0.9814,engagement_band,Engagement < 60
1.4,0.9814,engagement_band,Engagement < 60
1.5,0.9793,engagement_band,Engagement < 60
1.6,0.9772,engagement_band,Engagement < 60
1.8,0.9772,engagement_band,Engagement < 60
2.1,0.9772,engagement_band,Engagement < 60
2.3,0.9729,engagement_band,Engagement < 60
2.4,0.9729,engagement_band,Engagement < 60
2.5,0.9708,engagement_band,Engagement < 60
2.7,0.9687,engagement_band,Engagement < 60
2.8,0.9665,engagement_band,Engagement < 60
2.9,0.9623,engagement_band,Engagement < 60
3.0,0.9623,engagement_band,Engagement < 60
3.1,0.9623,engagement_band,Engagement < 60
3.2,0.9601,engagement_band,Engagement < 60
3.3,0.9579,engagement_band,Engagement < 60
3.5,0.9558,engagement_band,Engagement < 60
3.6,0.9558,engagement_band,Engagement < 60
3.7,0.9558,engagement_band,Engagement < 60
3.8,0.9558,engagement_band,Engagement < 60
3.9,0.9536,engagement_band,Engagement < 60
4.0,0.9514,engagement_band,Engagement < 60
4.1,0.9492,engagement_band,Engagement < 60
4.2,0.9492,engagement_band,Engagement < 60
4.4,0.947,engagement_band,Engagement < 60
4.5,0.947,engagement_band,Engagement < 60
4.6,0.9448,engagement_band,Engagement < 60
4.7,0.9382,engagement_band,Engagement < 60
4.8,0.936,engagement_band,Engagement < 60
4.9,0.936,engagement_band,Engagement < 60
5.2,0.936,engagement_band,Engagement < 60
5.3,0.9337,engagement_band,Engagement < 60
5.4,0.9315,engagement_band,Engagement < 60
5.5,0.9315,engagement_band,Engagement < 60
5.6,0.9315,engagement_band,Engagement < 60
5.7,0.9292,engagement_band,Engagement < 60
5.8,0.927,engagement_band,Engagement < 60
5.9,0.9247,engagement_band,Engagement < 60
6.0,0.9247,engagement_band,Engagement < 60
6.1,0.9247,engagement_band,Engagement < 60
6.2,0.9224,engagement_band,Engagement < 60
6.3,0.9224,engagement_band,Engagement < 60
6.4,0.9224,engagement_band,Engagement < 60
6.5,0.9201,engagement_band,Engagement < 60
6.6,0.9178,engagement_band,Engagement < 60
6.7,0.9131,engagement_band,Engagement < 60
6.8,0.9131,engagement_band,Engagement < 60
7.0,0.9131,engagement_band,Engagement < 60
7.1,0.9107,engagement_band,Engagement < 60
7.2,0.9084,engagement_band,Engagement < 60
7.3,0.9084,engagement_band,Engagement < 60
7.4,0.906,engagement_band,Engagement < 60
7.5,0.906,engagement_band,Engagement < 60
7.8,0.906,engagement_band,Engagement < 60
7.9,0.906,engagement_band,Engagement < 60
8.0,0.906,engagement_band,Engagement < 60
8.2,0.906,engagement_band,Engagement < 60
8.3,0.906,engagement_band,Engagement < 60
8.4,0.906,engagement_band,Engagement < 60
8.5,0.9036,engagement_band,Engagement < 60
8.6,0.9012,engagement_band,Engagement < 60
8.9,0.8987,engagement_band,Engagement < 60
9.0,0.8987,engagement_band,Engagement < 60
9.1,0.8987,engagement_band,Engagement < 60
9.2,0.8963,engagement_band,Engagement < 60
9.3,0.8963,engagement_band,Engagement < 60
9.4,0.8963,engagement_band,Engagement < 60
9.5,0.8938,engagement_band,Engagement < 60
9.7,0.8938,engagement_band,Engagement < 60
9.8,0.8913,engagement_band,Engagement < 60
10.0,0.8888,engagement_band,Engagement < 60
10.1,0.8863,engagement_band,Engagement < 60
10.2,0.8863,engagement_band,Engagement < 60
10.4,0.8863,engagement_band,Engagement < 60
10.5,0.8863,engagement_band,Engagement < 60
10.7,0.8863,engagement_band,Engagement < 60
10.9,0.8863,engagement_band,Engagement < 60
11.0,0.8863,engagement_band,Engagement < 60
11.1,0.8863,engagement_band,Engagement < 60
11.2,0.8863,engagement_band,Engagement < 60
11.5,0.8863,engagement_band,Engagement < 60
11.6,0.8837,engagement_band,Engagement < 60
11.8,0.8837,engagement_band,Engagement < 60
12.1,0.8837,engagement_band,Engagement < 60
12.2,0.8837,engagement_band,Engagement < 60
12.3,0.8837,engagement_band,Engagement < 60
12.5,0.8837,engagement_band,Engagement < 60
12.9,0.8837,engagement_band,Engagement < 60
13.0,0.881,engagement_band,Engagement < 60
13.1,0.8783,engagement_band,Engagement < 60
13.2,0.8729,engagement_band,Engagement < 60
13.3,0.8702,engagement_band,Engagement < 60
13.4,0.8702,engagement_band,Engagement < 60
13.5,0.8702,engagement_band,Engagement < 60
13.6,0.8702,engagement_band,Engagement < 60
13.7,0.8675,engagement_band,Engagement < 60
13.8,0.8675,engagement_band,Engagement < 60
13.9,0.8675,engagement_band,Engagement < 60
14.0,0.8675,engagement_band,Engagement < 60
14.1,0.8675,engagement_band,Engagement < 60
14.2,0.8647,engagement_band,Engagement < 60
14.3,0.8619,engagement_band,Engagement < 60
14.5,0.8619,engagement_band,Engagement < 60
14.6,0.8619,engagement_band,Engagement < 60
14.7,0.859,engagement_band,Engagement < 60
14.8,0.859,engagement_band,Engagement < 60
14.9,0.8561,engagement_band,Engagement < 60
15.0,0.8532,engagement_band,Engagement < 60
15.1,0.8532,engagement_band,Engagement < 60
15.2,0.8532,engagement_band,Engagement < 60
15.3,0.8503,engagement_band,Engagement < 60
15.4,0.8474,engagement_band,Engagement < 60
15.5,0.8474,engagement_band,Engagement < 60
15.6,0.8444,engagement_band,Engagement < 60
15.7,0.8415,engagement_band,Engagement < 60
15.8,0.8415,engagement_band,Engagement < 60
16.0,0.8415,engagement_band,Engagement < 60
16.5,0.8415,engagement_band,Engagement < 60
16.7,0.8384,engagement_band,Engagement < 60
16.9,0.8384,engagement_band,Engagement < 60
17.1,0.8354,engagement_band,Engagement < 60
17.3,0.8324,engagement_band,Engagement < 60
17.4,0.8324,engagement_band,Engagement < 60
17.7,0.8262,engagement_band,Engagement < 60
17.9,0.8232,engagement_band,Engagement < 60
18.1,0.8232,engagement_band,Engagement < 60
18.2,0.8232,engagement_band,Engagement < 60
18.3,0.8169,engagement_band,Engagement < 60
18.4,0.8169,engagement_band,Engagement < 60
18.5,0.8169,engagement_band,Engagement < 60
18.7,0.8169,engagement_band,Engagement < 60
19.1,0.8136,engagement_band,Engagement < 60
19.2,0.8136,engagement_band,Engagement < 60
19.4,0.8136,engagement_band,Engagement < 60
19.8,0.8136,engagement_band,Engagement < 60
19.9,0.8103,engagement_band,Engagement < 60
20.1,0.8103,engagement_band,Engagement < 60
20.3,0.8103,engagement_band,Engagement < 60
20.4,0.8103,engagement_band,Engagement < 60
20.5,0.8068,engagement_band,Engagement < 60
20.8,0.8068,engagement_band,Engagement < 60
21.0,0.8068,engagement_band,Engagement < 60
21.1,0.8068,engagement_band,Engagement < 60
21.2,0.8033,engagement_band,Engagement < 60
21.3,0.8033,engagement_band,Engagement < 60
21.4,0.7998,engagement_band,Engagement < 60
21.5,0.7963,engagement_band,Engagement < 60
21.6,0.7963,engagement_band,Engagement < 60
21.9,0.7963,engagement_band,Engagement < 60
22.0,0.7927,engagement_band,Engagement < 60
22.1,0.7927,engagement_band,Engagement < 60
22.2,0.7927,engagement_band,Engagement < 60
22.3,0.7927,engagement_band,Engagement < 60
22.4,0.7927,engagement_band,Engagement < 60
22.9,0.7927,engagement_band,Engagement < 60
23.0,0.7927,engagement_band,Engagement < 60
23.1,0.7927,engagement_band,Engagement < 60
23.2,0.7927,engagement_band,Engagement < 60
23.3,0.7927,engagement_band,Engagement < 60
23.4,0.789,engagement_band,Engagement < 60
24.0,0.789,engagement_band,Engagement < 60
24.1,0.789,engagement_band,Engagement < 60
24.3,0.7851,engagement_band,Engagement < 60
24.4,0.7851,engagement_band,Engagement < 60
24.5,0.7851,engagement_band,Engagement < 60
24.6,0.7851,engagement_band,Engagement < 60
24.9,0.7851,engagement_band,Engagement < 60
25.0,0.7812,engagement_band,Engagement < 60
25.3,0.7812,engagement_band,Engagement < 60
25.4,0.7812,engagement_band,Engagement < 60
25.9,0.7812,engagement_band,Engagement < 60
26.0,0.7812,engagement_band,Engagement < 60
26.1,0.7812,engagement_band,Engagement < 60
26.4,0.7812,engagement_band,Engagement < 60
26.6,0.7812,engagement_band,Engagement < 60
26.7,0.7812,engagement_band,Engagement < 60
26.9,0.7812,engagement_band,Engagement < 60
27.0,0.7729,engagement_band,Engagement < 60
27.5,0.7729,engagement_band,Engagement < 60
27.6,0.7729,engagement_band,Engagement < 60
27.7,0.7688,engagement_band,Engagement < 60
27.8,0.7688,engagement_band,Engagement < 60
27.9,0.7688,engagement_band,Engagement < 60
28.0,0.7688,engagement_band,Engagement < 60
28.3,0.7645,engagement_band,Engagement < 60
28.6,0.7645,engagement_band,Engagement < 60
28.7,0.7645,engagement_band,Engagement < 60
28.8,0.7645,engagement_band,Engagement < 60
29.0,0.7645,engagement_band,Engagement < 60
29.1,0.7645,engagement_band,Engagement < 60
29.2,0.7645,engagement_band,Engagement < 60
29.4,0.7645,engagement_band,Engagement < 60
29.8,0.7645,engagement_band,Engagement < 60
29.9,0.7645,engagement_band,Engagement < 60
30.0,0.7645,engagement_band,Engagement < 60
30.2,0.7645,engagement_band,Engagement < 60
30.3,0.7645,engagement_band,Engagement < 60
30.6,0.7597,engagement_band,Engagement < 60
30.7,0.7597,engagement_band,Engagement < 60
30.9,0.7548,engagement_band,Engagement < 60
31.1,0.7548,engagement_band,Engagement < 60
31.3,0.7548,engagement_band,Engagement < 60
31.4,0.7548,engagement_band,Engagement < 60
32.2,0.7548,engagement_band,Engagement < 60
32.3,0.7548,engagement_band,Engagement < 60
32.5,0.7548,engagement_band,Engagement < 60
32.7,0.7548,engagement_band,Engagement < 60
32.8,0.7548,engagement_band,Engagement < 60
33.4,0.7495,engagement_band,Engagement < 60
33.5,0.7495,engagement_band,Engagement < 60
33.6,0.7495,engagement_band,Engagement < 60
33.8,0.7495,engagement_band,Engagement < 60
33.9,0.744,engagement_band,Engagement < 60
34.0,0.744,engagement_band,Engagement < 60
34.1,0.744,engagement_band,Engagement < 60
34.2,0.7383,engagement_band,Engagement < 60
34.5,0.7383,engagement_band,Engagement < 60
34.7,0.7383,engagement_band,Engagement < 60
34.8,0.7383,engagement_band,Engagement < 60
34.9,0.7383,engagement_band,Engagement < 60
35.0,0.7383,engagement_band,Engagement < 60
35.2,0.7383,engagement_band,Engagement < 60
35.3,0.7383,engagement_band,Engagement < 60
35.8,0.7383,engagement_band,Engagement < 60
36.1,0.7383,engagement_band,Engagement < 60
36.3,0.7383,engagement_band,Engagement < 60
36.5,0.7383,engagement_band,Engagement < 60
36.7,0.7383,engagement_band,Engagement < 60
37.2,0.7383,engagement_band,Engagement < 60
37.9,0.7383,engagement_band,Engagement < 60
38.0,0.7383,engagement_band,Engagement < 60
38.1,0.7383,engagement_band,Engagement < 60
38.4,0.7383,engagement_band,Engagement < 60
38.5,0.7383,engagement_band,Engagement < 60
38.8,0.7383,engagement_band,Engagement < 60
39.0,0.7383,engagement_band,Engagement < 60
39.4,0.7383,engagement_band,Engagement < 60
39.6,0.7383,engagement_band,Engagement < 60
40.4,0.7383,engagement_band,Engagement < 60
40.5,0.7383,engagement_band,Engagement < 60
40.6,0.7383,engagement_band,Engagement < 60
40.7,0.7383,engagement_band,Engagement < 60
40.8,0.7383,engagement_band,Engagement < 60
41.0,0.7383,engagement_band,Engagement < 60
41.3,0.7383,engagement_band,Engagement < 60
41.8,0.7302,engagement_band,Engagement < 60
42.4,0.7302,engagement_band,Engagement < 60
42.8,0.7302,engagement_band,Engagement < 60
42.9,0.7302,engagement_band,Engagement < 60
43.0,0.7302,engagement_band,Engagement < 60
43.5,0.7302,engagement_band,Engagement < 60
43.6,0.7302,engagement_band,Engagement < 60
44.0,0.7302,engagement_band,Engagement < 60
44.1,0.7208,engagement_band,Engagement < 60
44.3,0.7208,engagement_band,Engagement < 60
44.5,0.7208,engagement_band,Engagement < 60
44.9,0.7208,engagement_band,Engagement < 60
45.0,0.7208,engagement_band,Engagement < 60
45.3,0.7208,engagement_band,Engagement < 60
45.4,0.7208,engagement_band,Engagement < 60
45.5,0.7208,engagement_band,Engagement < 60
45.6,0.7101,engagement_band,Engagement < 60
45.9,0.7101,engagement_band,Engagement < 60
46.1,0.7101,engagement_band,Engagement < 60
46.5,0.7101,engagement_band,Engagement < 60
46.6,0.7101,engagement_band,Engagement < 60
46.9,0.7101,engagement_band,Engagement < 60
47.0,0.7101,engagement_band,Engagement < 60
47.2,0.7101,engagement_band,Engagement < 60
47.3,0.7101,engagement_band,Engagement < 60
47.6,0.7101,engagement_band,Engagement < 60
47.7,0.7101,engagement_band,Engagement < 60
48.1,0.7101,engagement_band,Engagement < 60
48.9,0.7101,engagement_band,Engagement < 60
49.2,0.7101,engagement_band,Engagement < 60
49.3,0.6953,engagement_band,Engagement < 60
49.5,0.6953,engagement_band,Engagement < 60
49.8,0.6953,engagement_band,Engagement < 60
50.8,0.6953,engagement_band,Engagement < 60
51.3,0.6953,engagement_band,Engagement < 60
51.6,0.6953,engagement_band,Engagement < 60
52.1,0.6953,engagement_band,Engagement < 60
53.2,0.6953,engagement_band,Engagement < 60
53.3,0.6953,engagement_band,Engagement < 60
54.1,0.6765,engagement_band,Engagement < 60
54.6,0.6765,engagement_band,Engagement < 60
54.9,0.6765,engagement_band,Engagement < 60
55.2,0.6765,engagement_band,Engagement < 60
55.9,0.656,engagement_band,Engagement < 60
56.2,0.656,engagement_band,Engagement < 60
57.1,0.656,engagement_band,Engagement < 60
57.3,0.656,engagement_band,Engagement < 60
58.2,0.656,engagement_band,Engagement < 60
59.4,0.656,engagement_band,Engagement < 60
59.8,0.656,engagement_band,Engagement < 60
60.3,0.656,engagement_band,Engagement < 60
60.4,0.656,engagement_band,Engagement < 60
60.8,0.656,engagement_band,Engagement < 60
61.8,0.656,engagement_band,Engagement < 60
63.7,0.656,engagement_band,Engagement < 60
64.1,0.656,engagement_band,Engagement < 60
64.2,0.656,engagement_band,Engagement < 60
64.5,0.656,engagement_band,Engagement < 60
67.6,0.656,engagement_band,Engagement < 60
70.4,0.656,engagement_band,Engagement < 60
71.6,0.656,engagement_band,Engagement < 60
72.7,0.656,engagement_band,Engagement < 60
73.0,0.656,engagement_band,Engagement < 60
73.3,0.656,engagement_band,Engagement < 60
74.7,0.656,engagement_band,Engagement < 60
76.5,0.656,engagement_band,Engagement < 60
77.4,0.656,engagement_band,Engagement < 60
78.7,0.656,engagement_band,Engagement < 60
79.9,0.656,engagement_band,Engagement < 60
82.2,0.656,engagement_band,Engagement < 60
90.6,0.656,engagement_band,Engagement < 60
94.3,0.656,engagement_band,Engagement < 60
96.7,0.656,engagement_band,Engagement < 60
100.3,0.656,engagement_band,Engagement < 60
0.0,1.0,department,Customer Support
0.3,0.9922,department,Customer Support
0.6,0.9922,department,Customer Support
0.8,0.9844,department,Customer Support
0.9,0.9844,department,Customer Support
1.1,0.9844,department,Customer Support
1.3,0.9764,department,Customer Support
1.4,0.9764,department,Customer Support
1.7,0.9764,department,Customer Support
2.3,0.9681,department,Customer Support
2.4,0.9681,department,Customer Support
2.6,0.9681,department,Customer Support
4.5,0.9681,department,Customer Support
4.7,0.9594,department,Customer Support
5.3,0.9594,department,Customer Support
5.6,0.9594,department,Customer Support
5.7,0.9594,department,Customer Support
6.7,0.9504,department,Customer Support
6.8,0.9504,department,Customer Support
6.9,0.9504,department,Customer Support
7.0,0.9504,department,Customer Support
7.2,0.9504,department,Customer Support
7.9,0.9504,department,Customer Support
8.3,0.9504,department,Customer Support
8.5,0.9406,department,Customer Support
9.6,0.9406,department,Customer Support
9.9,0.9406,department,Customer Support
11.1,0.9406,department,Customer Support
11.2,0.9406,department,Customer Support
11.4,0.9304,department,Customer Support
12.1,0.9304,department,Customer Support
12.8,0.9304,department,Customer Support
13.1,0.9304,department,Customer Support
13.5,0.9304,department,Customer Support
14.8,0.9304,department,Customer Support
14.9,0.9304,department,Customer Support
15.0,0.9304,department,Customer Support
15.3,0.9304,department,Customer Support
15.6,0.9304,department,Customer Support
15.7,0.9304,department,Customer Support
15.8,0.9304,department,Customer Support
16.5,0.9304,department,Customer Support
17.3,0.9304,department,Customer Support
17.4,0.9304,department,Customer Support
17.7,0.9304,department,Customer Support
17.8,0.9304,department,Customer Support
17.9,0.9304,department,Customer Support
18.4,0.9304,department,Customer Support
18.5,0.9304,department,Customer Support
19.1,0.9304,department,Customer Support
19.6,0.9304,department,Customer Support
19.7,0.9304,department,Customer Support
19.9,0.9304,department,Customer Support
20.5,0.9304,department,Customer Support
21.1,0.9304,department,Customer Support
22.2,0.9304,department,Customer Support
22.4,0.9304,department,Customer Support
22.5,0.9304,department,Customer Support
22.9,0.9304,department,Customer Support
23.4,0.9304,department,Customer Support
23.7,0.9304,department,Customer Support
23.8,0.9304,department,Customer Support
24.5,0.9304,department,Customer Support
24.8,0.9304,department,Customer Support
24.9,0.9304,department,Customer Support
25.4,0.9304,department,Customer Support
25.9,0.9304,department,Customer Support
26.0,0.9304,department,Customer Support
26.1,0.9304,department,Customer Support
26.3,0.9304,department,Customer Support
29.1,0.9304,department,Customer Support
29.2,0.9304,department,Customer Support
29.3,0.9304,department,Customer Support
29.7,0.9304,department,Customer Support
30.9,0.9304,department,Customer Support
31.3,0.9038,department,Customer Support
31.8,0.9038,department,Customer Support
32.1,0.9038,department,Customer Support
32.8,0.9038,department,Customer Support
33.9,0.9038,department,Customer Support
35.3,0.9038,department,Customer Support
35.5,0.9038,department,Customer Support
36.2,0.9038,department,Customer Support
36.7,0.9038,department,Customer Support
37.8,0.9038,department,Customer Support
37.9,0.9038,department,Customer Support
41.3,0.9038,department,Customer Support
42.0,0.9038,department,Customer Support
42.2,0.9038,department,Customer Support
42.7,0.9038,department,Customer Support
44.3,0.9038,department,Customer Support
44.5,0.9038,department,Customer Support
44.6,0.9038,department,Customer Support
46.8,0.9038,department,Customer Support
48.9,0.9038,department,Customer Support
50.2,0.9038,department,Customer Support
51.1,0.9038,department,Customer Support
51.6,0.9038,department,Customer Support
52.2,0.9038,department,Customer Support
53.3,0.9038,department,Customer Support
54.4,0.9038,department,Customer Support
54.9,0.9038,department,Customer Support
55.1,0.9038,department,Customer Support
58.3,0.9038,department,Customer Support
64.1,0.9038,department,Customer Support
74.7,0.9038,department,Customer Support
89.6,0.9038,department,Customer Support
90.9,0.9038,department,Customer Support
0.0,1.0,department,Data & Analytics
0.3,0.993,department,Data & Analytics
0.6,0.993,department,Data & Analytics
0.9,0.9859,department,Data & Analytics
1.1,0.9859,department,Data & Analytics
1.2,0.9787,department,Data & Analytics
1.4,0.9787,department,Data & Analytics
2.4,0.9787,department,Data & Analytics
2.7,0.9714,department,Data & Analytics
2.8,0.9714,department,Data & Analytics
3.3,0.9714,department,Data & Analytics
3.4,0.9714,department,Data & Analytics
3.8,0.9714,department,Data & Analytics
3.9,0.9638,department,Data & Analytics
4.2,0.9638,department,Data & Analytics
4.4,0.9638,department,Data & Analytics
4.5,0.9561,department,Data & Analytics
5.1,0.9561,department,Data & Analytics
5.2,0.9561,department,Data & Analytics
5.4,0.9482,department,Data & Analytics
5.5,0.9482,department,Data & Analytics
5.6,0.9402,department,Data & Analytics
5.9,0.9402,department,Data & Analytics
6.0,0.9402,department,Data & Analytics
6.2,0.9402,department,Data & Analytics
6.4,0.932,department,Data & Analytics
6.6,0.932,department,Data & Analytics
6.7,0.932,department,Data & Analytics
7.2,0.9236,department,Data & Analytics
8.4,0.9152,department,Data & Analytics
9.0,0.9152,department,Data & Analytics
10.2,0.9152,department,Data & Analytics
10.6,0.9065,department,Data & Analytics
11.0,0.9065,department,Data & Analytics
12.0,0.9065,department,Data & Analytics
12.1,0.9065,department,Data & Analytics
12.2,0.9065,department,Data & Analytics
12.3,0.9065,department,Data & Analytics
13.5,0.8973,department,Data & Analytics
13.7,0.888,department,Data & Analytics
13.8,0.888,department,Data & Analytics
14.2,0.888,department,Data & Analytics
14.5,0.888,department,Data & Analytics
14.7,0.888,department,Data & Analytics
14.8,0.888,department,Data & Analytics
15.0,0.888,department,Data & Analytics
15.2,0.888,department,Data & Analytics
16.0,0.888,department,Data & Analytics
16.2,0.888,department,Data & Analytics
16.4,0.888,department,Data & Analytics
17.1,0.8775,department,Data & Analytics
17.9,0.8669,department,Data & Analytics
18.3,0.8563,department,Data & Analytics
19.3,0.8563,department,Data & Analytics
19.4,0.8563,department,Data & Analytics
19.7,0.8563,department,Data & Analytics
20.1,0.8563,department,Data & Analytics
21.6,0.8563,department,Data & Analytics
21.9,0.8447,department,Data & Analytics
22.0,0.8332,department,Data & Analytics
22.6,0.8332,department,Data & Analytics
23.4,0.8332,department,Data & Analytics
23.5,0.8332,department,Data & Analytics
25.2,0.8332,department,Data & Analytics
25.6,0.8209,department,Data & Analytics
27.0,0.8087,department,Data & Analytics
27.5,0.8087,department,Data & Analytics
28.2,0.7962,department,Data & Analytics
28.3,0.7838,department,Data & Analytics
30.0,0.7838,department,Data & Analytics
30.6,0.7711,department,Data & Analytics
31.1,0.7711,department,Data & Analytics
31.3,0.7711,department,Data & Analytics
31.7,0.7711,department,Data & Analytics
32.5,0.7711,department,Data & Analytics
32.7,0.7711,department,Data & Analytics
33.7,0.7711,department,Data & Analytics
34.0,0.7711,department,Data & Analytics
34.1,0.7711,department,Data & Analytics
34.2,0.7711,department,Data & Analytics
34.6,0.756,department,Data & Analytics
34.7,0.756,department,Data & Analytics
34.8,0.756,department,Data & Analytics
35.3,0.756,department,Data & Analytics
36.7,0.756,department,Data & Analytics
37.0,0.756,department,Data & Analytics
37.4,0.756,department,Data & Analytics
38.5,0.756,department,Data & Analytics
38.9,0.756,department,Data & Analytics
39.7,0.7371,department,Data & Analytics
40.2,0.7371,department,Data & Analytics
40.4,0.7371,department,Data & Analytics
40.6,0.7172,department,Data & Analytics
40.7,0.7172,department,Data & Analytics
41.8,0.7172,department,Data & Analytics
42.5,0.7172,department,Data & Analytics
43.9,0.7172,department,Data & Analytics
44.0,0.6948,department,Data & Analytics
44.1,0.6724,department,Data & Analytics
44.5,0.6724,department,Data & Analytics
45.0,0.6724,department,Data & Analytics
46.5,0.6484,department,Data & Analytics
47.6,0.6484,department,Data & Analytics
48.3,0.6484,department,Data & Analytics
48.7,0.6484,department,Data & Analytics
49.7,0.6484,department,Data & Analytics
50.5,0.6484,department,Data & Analytics
55.4,0.6484,department,Data & Analytics
56.2,0.6484,department,Data & Analytics
58.4,0.6484,department,Data & Analytics
59.0,0.6484,department,Data & Analytics
64.1,0.6484,department,Data & Analytics
64.5,0.6484,department,Data & Analytics
64.8,0.6484,department,Data & Analytics
67.1,0.6484,department,Data & Analytics
67.4,0.6484,department,Data & Analytics
67.8,0.6484,department,Data & Analytics
68.4,0.6484,department,Data & Analytics
70.9,0.6484,department,Data & Analytics
71.5,0.6484,department,Data & Analytics
71.6,0.6484,department,Data & Analytics
71.7,0.6484,department,Data & Analytics
74.8,0.6484,department,Data & Analytics
77.4,0.6484,department,Data & Analytics
82.2,0.6484,department,Data & Analytics
85.8,0.6484,department,Data & Analytics
89.9,0.6484,department,Data & Analytics
94.3,0.6484,department,Data & Analytics
95.0,0.6484,department,Data & Analytics
0.0,1.0,department,Field Sales
0.7,0.994,department,Field Sales
0.8,0.9879,department,Field Sales
0.9,0.9879,department,Field Sales
1.0,0.9818,department,Field Sales
1.3,0.9818,department,Field Sales
1.5,0.9818,department,Field Sales
1.9,0.9818,department,Field Sales
2.1,0.9818,department,Field Sales
3.1,0.9755,department,Field Sales
3.2,0.9755,department,Field Sales
3.4,0.9755,department,Field Sales
3.5,0.969,department,Field Sales
3.7,0.9626,department,Field Sales
5.0,0.9626,department,Field Sales
5.1,0.9626,department,Field Sales
5.7,0.956,department,Field Sales
6.4,0.956,department,Field Sales
6.5,0.956,department,Field Sales
7.3,0.9493,department,Field Sales
7.4,0.9425,department,Field Sales
7.9,0.9425,department,Field Sales
8.2,0.9425,department,Field Sales
8.4,0.9425,department,Field Sales
8.5,0.9285,department,Field Sales
8.7,0.9285,department,Field Sales
9.2,0.9285,department,Field Sales
9.4,0.9215,department,Field Sales
9.5,0.9215,department,Field Sales
9.6,0.9215,department,Field Sales
10.0,0.9142,department,Field Sales
10.3,0.9142,department,Field Sales
10.4,0.9142,department,Field Sales
10.5,0.9142,department,Field Sales
11.1,0.9142,department,Field Sales
11.4,0.9142,department,Field Sales
12.1,0.9142,department,Field Sales
12.2,0.9142,department,Field Sales
12.3,0.9064,department,Field Sales
12.5,0.9064,department,Field Sales
12.9,0.9064,department,Field Sales
13.2,0.8986,department,Field Sales
13.4,0.8986,department,Field Sales
13.5,0.8906,department,Field Sales
14.1,0.8906,department,Field Sales
14.2,0.8906,department,Field Sales
14.6,0.8906,department,Field Sales
14.7,0.8906,department,Field Sales
14.8,0.8906,department,Field Sales
15.2,0.8906,department,Field Sales
15.3,0.8906,department,Field Sales
16.1,0.8906,department,Field Sales
16.5,0.8906,department,Field Sales
16.9,0.8906,department,Field Sales
17.0,0.8906,department,Field Sales
17.1,0.8815,department,Field Sales
17.9,0.8815,department,Field Sales
18.4,0.8815,department,Field Sales
18.5,0.8721,department,Field Sales
18.6,0.8721,department,Field Sales
18.8,0.8721,department,Field Sales
19.0,0.8721,department,Field Sales
19.2,0.8721,department,Field Sales
19.3,0.8721,department,Field Sales
19.5,0.8721,department,Field Sales
19.6,0.8721,department,Field Sales
19.8,0.8721,department,Field Sales
20.1,0.8721,department,Field Sales
20.2,0.8721,department,Field Sales
20.8,0.8721,department,Field Sales
21.2,0.8612,department,Field Sales
21.5,0.8503,department,Field Sales
22.0,0.8503,department,Field Sales
22.2,0.8503,department,Field Sales
22.5,0.8503,department,Field Sales
22.9,0.8503,department,Field Sales
23.9,0.8503,department,Field Sales
24.1,0.8503,department,Field Sales
24.3,0.8503,department,Field Sales
25.8,0.8503,department,Field Sales
26.3,0.8503,department,Field Sales
27.0,0.8503,department,Field Sales
28.1,0.8503,department,Field Sales
28.2,0.8503,department,Field Sales
28.8,0.8373,department,Field Sales
29.0,0.8373,department,Field Sales
29.1,0.8373,department,Field Sales
29.6,0.8373,department,Field Sales
30.3,0.8373,department,Field Sales
30.5,0.8373,department,Field Sales
30.7,0.8373,department,Field Sales
30.9,0.8373,department,Field Sales
31.3,0.8373,department,Field Sales
31.4,0.8373,department,Field Sales
31.9,0.8373,department,Field Sales
32.3,0.8373,department,Field Sales
32.6,0.8373,department,Field Sales
33.4,0.8373,department,Field Sales
33.6,0.8373,department,Field Sales
34.0,0.8373,department,Field Sales
34.2,0.8191,department,Field Sales
34.5,0.8191,department,Field Sales
34.6,0.8191,department,Field Sales
34.9,0.8191,department,Field Sales
35.3,0.8191,department,Field Sales
36.3,0.8191,department,Field Sales
37.6,0.8191,department,Field Sales
37.7,0.8191,department,Field Sales
38.4,0.8191,department,Field Sales
39.0,0.8191,department,Field Sales
39.2,0.8191,department,Field Sales
40.0,0.8191,department,Field Sales
40.1,0.8191,department,Field Sales
40.6,0.8191,department,Field Sales
43.0,0.8191,department,Field Sales
44.7,0.8191,department,Field Sales
44.9,0.8191,department,Field Sales
45.0,0.8191,department,Field Sales
45.9,0.8191,department,Field Sales
46.9,0.8191,department,Field Sales
47.2,0.8191,department,Field Sales
47.3,0.8191,department,Field Sales
47.8,0.8191,department,Field Sales
48.8,0.8191,department,Field Sales
50.1,0.8191,department,Field Sales
51.1,0.8191,department,Field Sales
55.2,0.8191,department,Field Sales
56.3,0.8191,department,Field Sales
57.7,0.8191,department,Field Sales
59.9,0.8191,department,Field Sales
60.1,0.8191,department,Field Sales
60.8,0.8191,department,Field Sales
61.5,0.8191,department,Field Sales
62.0,0.8191,department,Field Sales
62.8,0.8191,department,Field Sales
63.7,0.8191,department,Field Sales
64.1,0.8191,department,Field Sales
64.2,0.8191,department,Field Sales
65.8,0.8191,department,Field Sales
67.1,0.8191,department,Field Sales
67.4,0.8191,department,Field Sales
69.2,0.8191,department,Field Sales
72.1,0.8191,department,Field Sales
73.3,0.8191,department,Field Sales
75.4,0.8191,department,Field Sales
76.5,0.8191,department,Field Sales
0.0,1.0,department,Finance & Accounting
0.8,0.9938,department,Finance & Accounting
1.1,0.9938,department,Finance & Accounting
1.2,0.9813,department,Finance & Accounting
1.4,0.9813,department,Finance & Accounting
1.5,0.975,department,Finance & Accounting
1.6,0.975,department,Finance & Accounting
2.0,0.9686,department,Finance & Accounting
2.2,0.9686,department,Finance & Accounting
2.6,0.9686,department,Finance & Accounting
2.7,0.9686,department,Finance & Accounting
2.9,0.9686,department,Finance & Accounting
3.0,0.962,department,Finance & Accounting
3.4,0.9554,department,Finance & Accounting
3.7,0.9554,department,Finance & Accounting
3.8,0.9554,department,Finance & Accounting
3.9,0.9554,department,Finance & Accounting
4.3,0.9485,department,Finance & Accounting
4.6,0.9415,department,Finance & Accounting
5.6,0.9415,department,Finance & Accounting
5.9,0.9343,department,Finance & Accounting
6.2,0.9272,department,Finance & Accounting
7.4,0.9272,department,Finance & Accounting
7.8,0.9272,department,Finance & Accounting
8.2,0.9272,department,Finance & Accounting
8.3,0.9272,department,Finance & Accounting
8.4,0.9196,department,Finance & Accounting
8.5,0.9196,department,Finance & Accounting
8.7,0.9196,department,Finance & Accounting
9.0,0.9196,department,Finance & Accounting
9.3,0.9119,department,Finance & Accounting
9.5,0.9119,department,Finance & Accounting
9.7,0.9041,department,Finance & Accounting
9.9,0.9041,department,Finance & Accounting
10.1,0.8961,department,Finance & Accounting
10.2,0.8961,department,Finance & Accounting
10.4,0.8961,department,Finance & Accounting
10.6,0.8961,department,Finance & Accounting
10.8,0.8961,department,Finance & Accounting
11.0,0.8961,department,Finance & Accounting
11.4,0.8961,department,Finance & Accounting
11.9,0.8878,department,Finance & Accounting
13.1,0.8793,department,Finance & Accounting
13.8,0.8793,department,Finance & Accounting
13.9,0.8793,department,Finance & Accounting
14.3,0.8793,department,Finance & Accounting
14.4,0.8793,department,Finance & Accounting
15.1,0.8793,department,Finance & Accounting
15.9,0.8793,department,Finance & Accounting
16.0,0.8793,department,Finance & Accounting
16.1,0.8793,department,Finance & Accounting
16.3,0.8793,department,Finance & Accounting
16.4,0.8793,department,Finance & Accounting
17.3,0.8793,department,Finance & Accounting
17.4,0.8793,department,Finance & Accounting
17.7,0.8697,department,Finance & Accounting
18.1,0.8697,department,Finance & Accounting
18.2,0.8697,department,Finance & Accounting
18.3,0.8697,department,Finance & Accounting
18.5,0.8697,department,Finance & Accounting
18.8,0.8596,department,Finance & Accounting
18.9,0.8596,department,Finance & Accounting
19.0,0.8596,department,Finance & Accounting
19.9,0.8493,department,Finance & Accounting
20.2,0.8493,department,Finance & Accounting
20.3,0.8493,department,Finance & Accounting
20.7,0.8384,department,Finance & Accounting
20.9,0.8384,department,Finance & Accounting
21.4,0.8274,department,Finance & Accounting
21.5,0.8274,department,Finance & Accounting
21.9,0.8274,department,Finance & Accounting
22.3,0.8274,department,Finance & Accounting
22.5,0.8274,department,Finance & Accounting
23.0,0.8274,department,Finance & Accounting
23.1,0.8274,department,Finance & Accounting
23.4,0.8152,department,Finance & Accounting
24.3,0.8152,department,Finance & Accounting
24.5,0.8152,department,Finance & Accounting
24.9,0.8152,department,Finance & Accounting
25.0,0.8022,department,Finance & Accounting
25.1,0.8022,department,Finance & Accounting
25.4,0.8022,department,Finance & Accounting
25.6,0.8022,department,Finance & Accounting
25.7,0.8022,department,Finance & Accounting
26.0,0.8022,department,Finance & Accounting
26.1,0.8022,department,Finance & Accounting
26.5,0.8022,department,Finance & Accounting
28.0,0.8022,department,Finance & Accounting
28.1,0.8022,department,Finance & Accounting
29.2,0.7868,department,Finance & Accounting
29.8,0.7868,department,Finance & Accounting
30.6,0.7868,department,Finance & Accounting
30.7,0.7868,department,Finance & Accounting
30.9,0.7868,department,Finance & Accounting
31.4,0.7868,department,Finance & Accounting
31.7,0.7868,department,Finance & Accounting
31.9,0.7868,department,Finance & Accounting
32.1,0.7868,department,Finance & Accounting
32.5,0.7868,department,Finance & Accounting
32.8,0.7868,department,Finance & Accounting
33.1,0.7868,department,Finance & Accounting
34.1,0.7868,department,Finance & Accounting
34.8,0.7868,department,Finance & Accounting
35.0,0.7868,department,Finance & Accounting
35.2,0.7868,department,Finance & Accounting
36.3,0.7868,department,Finance & Accounting
36.4,0.7868,department,Finance & Accounting
36.7,0.7868,department,Finance & Accounting
37.0,0.7606,department,Finance & Accounting
38.0,0.7606,department,Finance & Accounting
38.4,0.7606,department,Finance & Accounting
40.9,0.7606,department,Finance & Accounting
41.9,0.7302,department,Finance & Accounting
44.3,0.7302,department,Finance & Accounting
46.1,0.7302,department,Finance & Accounting
46.2,0.7302,department,Finance & Accounting
46.3,0.7302,department,Finance & Accounting
47.2,0.7302,department,Finance & Accounting
47.7,0.7302,department,Finance & Accounting
48.9,0.7302,department,Finance & Accounting
49.5,0.7302,department,Finance & Accounting
52.3,0.7302,department,Finance & Accounting
52.6,0.7302,department,Finance & Accounting
53.2,0.7302,department,Finance & Accounting
54.6,0.7302,department,Finance & Accounting
54.9,0.7302,department,Finance & Accounting
59.0,0.7302,department,Finance & Accounting
59.3,0.7302,department,Finance & Accounting
63.4,0.7302,department,Finance & Accounting
64.2,0.7302,department,Finance & Accounting
66.2,0.7302,department,Finance & Accounting
69.3,0.7302,department,Finance & Accounting
73.5,0.7302,department,Finance & Accounting
74.7,0.7302,department,Finance & Accounting
75.4,0.7302,department,Finance & Accounting
81.2,0.7302,department,Finance & Accounting
96.7,0.7302,department,Finance & Accounting
0.0,1.0,department,Human Resources
0.6,1.0,department,Human Resources
0.7,0.9939,department,Human Resources
0.8,0.9939,department,Human Resources
1.0,0.9939,department,Human Resources
1.1,0.9877,department,Human Resources
1.6,0.9877,department,Human Resources
1.7,0.9877,department,Human Resources
2.2,0.9877,department,Human Resources
2.5,0.9814,department,Human Resources
2.8,0.9814,department,Human Resources
2.9,0.9814,department,Human Resources
3.0,0.9814,department,Human Resources
3.1,0.9814,department,Human Resources
3.3,0.9748,department,Human Resources
3.6,0.9748,department,Human Resources
3.7,0.9748,department,Human Resources
3.8,0.9748,department,Human Resources
4.2,0.9748,department,Human Resources
4.3,0.9748,department,Human Resources
4.7,0.9748,department,Human Resources
4.9,0.9748,department,Human Resources
5.3,0.9748,department,Human Resources
5.4,0.9678,department,Human Resources
5.7,0.9678,department,Human Resources
6.0,0.9678,department,Human Resources
6.1,0.9678,department,Human Resources
6.3,0.9678,department,Human Resources
7.2,0.9678,department,Human Resources
7.6,0.9678,department,Human Resources
7.7,0.9606,department,Human Resources
7.8,0.9533,department,Human Resources
8.2,0.9533,department,Human Resources
9.1,0.9533,department,Human Resources
9.4,0.9533,department,Human Resources
9.6,0.9533,department,Human Resources
10.0,0.9533,department,Human Resources
10.2,0.9533,department,Human Resources
10.5,0.9456,department,Human Resources
10.6,0.9456,department,Human Resources
10.9,0.9456,department,Human Resources
11.4,0.9456,department,Human Resources
11.5,0.9377,department,Human Resources
11.6,0.9298,department,Human Resources
12.3,0.9298,department,Human Resources
12.5,0.9298,department,Human Resources
12.6,0.9298,department,Human Resources
12.7,0.9298,department,Human Resources
12.9,0.9298,department,Human Resources
13.2,0.9215,department,Human Resources
13.3,0.9132,department,Human Resources
13.6,0.9132,department,Human Resources
13.7,0.9132,department,Human Resources
14.1,0.9132,department,Human Resources
14.7,0.9046,department,Human Resources
15.0,0.9046,department,Human Resources
15.2,0.9046,department,Human Resources
15.3,0.9046,department,Human Resources
15.8,0.9046,department,Human Resources
15.9,0.9046,department,Human Resources
16.6,0.9046,department,Human Resources
17.2,0.9046,department,Human Resources
17.3,0.8951,department,Human Resources
17.5,0.8951,department,Human Resources
17.8,0.8951,department,Human Resources
18.4,0.8951,department,Human Resources
18.5,0.8951,department,Human Resources
18.7,0.8951,department,Human Resources
18.9,0.8951,department,Human Resources
19.0,0.8951,department,Human Resources
19.2,0.8951,department,Human Resources
20.2,0.8951,department,Human Resources
20.5,0.8951,department,Human Resources
21.3,0.8951,department,Human Resources
21.5,0.8951,department,Human Resources
21.9,0.8951,department,Human Resources
22.0,0.8951,department,Human Resources
22.1,0.8951,department,Human Resources
22.2,0.8951,department,Human Resources
22.4,0.8951,department,Human Resources
22.6,0.8951,department,Human Resources
22.7,0.8951,department,Human Resources
23.1,0.8951,department,Human Resources
23.4,0.8951,department,Human Resources
23.6,0.8951,department,Human Resources
24.4,0.8951,department,Human Resources
24.6,0.8951,department,Human Resources
25.0,0.8951,department,Human Resources
25.6,0.8951,department,Human Resources
25.7,0.8951,department,Human Resources
27.3,0.8951,department,Human Resources
28.0,0.8951,department,Human Resources
28.7,0.8951,department,Human Resources
28.9,0.8951,department,Human Resources
29.0,0.8951,department,Human Resources
29.2,0.8951,department,Human Resources
29.9,0.8951,department,Human Resources
30.1,0.8951,department,Human Resources
30.2,0.8951,department,Human Resources
30.3,0.8951,department,Human Resources
30.8,0.8951,department,Human Resources
31.5,0.8951,department,Human Resources
32.3,0.8951,department,Human Resources
32.4,0.8951,department,Human Resources
32.7,0.8951,department,Human Resources
32.8,0.8951,department,Human Resources
32.9,0.8951,department,Human Resources
33.2,0.8951,department,Human Resources
34.6,0.8951,department,Human Resources
35.0,0.8951,department,Human Resources
35.1,0.8748,department,Human Resources
35.2,0.8748,department,Human Resources
35.3,0.854,department,Human Resources
35.4,0.854,department,Human Resources
36.1,0.854,department,Human Resources
36.3,0.854,department,Human Resources
36.6,0.854,department,Human Resources
36.7,0.854,department,Human Resources
37.1,0.854,department,Human Resources
37.6,0.854,department,Human Resources
37.7,0.854,department,Human Resources
37.9,0.854,department,Human Resources
38.2,0.854,department,Human Resources
38.5,0.854,department,Human Resources
38.6,0.854,department,Human Resources
39.5,0.854,department,Human Resources
39.6,0.854,department,Human Resources
40.7,0.854,department,Human Resources
41.8,0.8198,department,Human Resources
41.9,0.8198,department,Human Resources
42.3,0.8198,department,Human Resources
43.5,0.8198,department,Human Resources
43.6,0.8198,department,Human Resources
45.5,0.8198,department,Human Resources
46.4,0.8198,department,Human Resources
48.1,0.8198,department,Human Resources
48.9,0.8198,department,Human Resources
49.0,0.8198,department,Human Resources
49.4,0.8198,department,Human Resources
49.7,0.8198,department,Human Resources
53.5,0.8198,department,Human Resources
54.6,0.8198,department,Human Resources
56.6,0.8198,department,Human Resources
59.0,0.8198,department,Human Resources
60.4,0.8198,department,Human Resources
62.5,0.8198,department,Human Resources
64.5,0.8198,department,Human Resources
69.1,0.8198,department,Human Resources
75.1,0.8198,department,Human Resources
89.3,0.8198,department,Human Resources
99.8,0.8198,department,Human Resources
0.0,1.0,department,IT Operations
0.4,0.9939,department,IT Operations
0.7,0.9939,department,IT Operations
1.0,0.9939,department,IT Operations
1.5,0.9939,department,IT Operations
1.7,0.9939,department,IT Operations
2.7,0.9939,department,IT Operations
2.9,0.9875,department,IT Operations
3.0,0.9875,department,IT Operations
3.2,0.9811,department,IT Operations
3.3,0.9811,department,IT Operations
3.4,0.9746,department,IT Operations
4.0,0.9746,department,IT Operations
4.1,0.968,department,IT Operations
4.8,0.968,department,IT Operations
5.1,0.968,department,IT Operations
5.2,0.968,department,IT Operations
5.4,0.9614,department,IT Operations
5.5,0.9614,department,IT Operations
5.6,0.9614,department,IT Operations
5.7,0.9546,department,IT Operations
6.3,0.9546,department,IT Operations
6.7,0.9546,department,IT Operations
6.8,0.9546,department,IT Operations
6.9,0.9546,department,IT Operations
7.0,0.9546,department,IT Operations
7.2,0.9546,department,IT Operations
8.0,0.9546,department,IT Operations
8.3,0.9546,department,IT Operations
8.6,0.9473,department,IT Operations
8.8,0.9473,department,IT Operations
8.9,0.9399,department,IT Operations
9.0,0.9399,department,IT Operations
9.2,0.9399,department,IT Operations
9.3,0.9399,department,IT Operations
9.4,0.9399,department,IT Operations
9.7,0.9399,department,IT Operations
9.9,0.9399,department,IT Operations
10.0,0.9399,department,IT Operations
10.2,0.932,department,IT Operations
10.4,0.932,department,IT Operations
10.9,0.9239,department,IT Operations
11.5,0.9239,department,IT Operations
11.8,0.9077,department,IT Operations
12.3,0.8996,department,IT Operations
12.4,0.8996,department,IT Operations
12.5,0.8914,department,IT Operations
13.7,0.8833,department,IT Operations
13.8,0.8833,department,IT Operations
14.0,0.8749,department,IT Operations
14.4,0.8749,department,IT Operations
14.5,0.8749,department,IT Operations
14.9,0.8664,department,IT Operations
15.2,0.8664,department,IT Operations
15.4,0.8578,department,IT Operations
15.6,0.8493,department,IT Operations
16.2,0.8493,department,IT Operations
16.3,0.8493,department,IT Operations
16.7,0.8404,department,IT Operations
17.0,0.8404,department,IT Operations
17.1,0.8404,department,IT Operations
17.4,0.8404,department,IT Operations
17.6,0.8312,department,IT Operations
17.7,0.8312,department,IT Operations
18.2,0.8312,department,IT Operations
18.3,0.8217,department,IT Operations
18.4,0.8217,department,IT Operations
18.5,0.8217,department,IT Operations
18.7,0.8217,department,IT Operations
18.9,0.8217,department,IT Operations
19.1,0.8217,department,IT Operations
19.2,0.8217,department,IT Operations
19.8,0.8217,department,IT Operations
19.9,0.8115,department,IT Operations
20.6,0.8115,department,IT Operations
20.8,0.8115,department,IT Operations
20.9,0.8115,department,IT Operations
21.1,0.8115,department,IT Operations
21.2,0.8115,department,IT Operations
21.5,0.8115,department,IT Operations
21.8,0.8115,department,IT Operations
21.9,0.8115,department,IT Operations
22.0,0.8115,department,IT Operations
22.1,0.8115,department,IT Operations
22.3,0.8115,department,IT Operations
22.8,0.8115,department,IT Operations
23.0,0.7992,department,IT Operations
23.4,0.7992,department,IT Operations
23.7,0.7992,department,IT Operations
24.0,0.7992,department,IT Operations
24.2,0.7992,department,IT Operations
24.5,0.7992,department,IT Operations
24.9,0.7992,department,IT Operations
25.2,0.7992,department,IT Operations
26.4,0.7992,department,IT Operations
27.0,0.7846,department,IT Operations
28.0,0.7846,department,IT Operations
28.3,0.7846,department,IT Operations
28.4,0.7693,department,IT Operations
28.6,0.7693,department,IT Operations
28.9,0.7693,department,IT Operations
30.0,0.7693,department,IT Operations
30.2,0.7693,department,IT Operations
30.7,0.7693,department,IT Operations
30.9,0.7693,department,IT Operations
31.2,0.7693,department,IT Operations
31.3,0.7693,department,IT Operations
31.8,0.7693,department,IT Operations
33.9,0.7693,department,IT Operations
34.0,0.7693,department,IT Operations
34.1,0.7693,department,IT Operations
34.8,0.7693,department,IT Operations
34.9,0.7693,department,IT Operations
35.0,0.7693,department,IT Operations
35.8,0.7693,department,IT Operations
35.9,0.7693,department,IT Operations
36.0,0.7693,department,IT Operations
36.1,0.7693,department,IT Operations
38.4,0.7693,department,IT Operations
38.8,0.7693,department,IT Operations
39.2,0.7418,department,IT Operations
40.0,0.7418,department,IT Operations
40.8,0.7418,department,IT Operations
41.9,0.7418,department,IT Operations
42.9,0.7418,department,IT Operations
44.4,0.7418,department,IT Operations
45.0,0.7418,department,IT Operations
45.5,0.7418,department,IT Operations
46.0,0.7418,department,IT Operations
47.6,0.7418,department,IT Operations
47.7,0.7418,department,IT Operations
48.5,0.7418,department,IT Operations
49.7,0.7418,department,IT Operations
49.8,0.7418,department,IT Operations
50.7,0.7418,department,IT Operations
51.6,0.7418,department,IT Operations
57.5,0.7418,department,IT Operations
60.7,0.7418,department,IT Operations
61.1,0.7418,department,IT Operations
61.2,0.7418,department,IT Operations
61.3,0.5934,department,IT Operations
67.6,0.5934,department,IT Operations
76.5,0.5934,department,IT Operations
85.0,0.5934,department,IT Operations
85.2,0.5934,department,IT Operations
0.0,1.0,department,Inside Sales
0.2,0.9941,department,Inside Sales
1.2,0.9941,department,Inside Sales
1.3,0.9882,department,Inside Sales
1.4,0.9823,department,Inside Sales
1.8,0.9704,department,Inside Sales
2.0,0.9645,department,Inside Sales
2.4,0.9645,department,Inside Sales
2.7,0.9645,department,Inside Sales
3.0,0.9645,department,Inside Sales
3.4,0.9645,department,Inside Sales
3.6,0.9645,department,Inside Sales
3.7,0.9645,department,Inside Sales
3.8,0.9583,department,Inside Sales
4.4,0.9583,department,Inside Sales
5.0,0.9521,department,Inside Sales
5.7,0.9458,department,Inside Sales
6.0,0.9331,department,Inside Sales
6.1,0.9331,department,Inside Sales
6.2,0.9203,department,Inside Sales
6.9,0.9139,department,Inside Sales
7.1,0.9075,department,Inside Sales
7.4,0.9075,department,Inside Sales
7.7,0.9075,department,Inside Sales
8.2,0.9075,department,Inside Sales
8.4,0.9075,department,Inside Sales
8.5,0.9075,department,Inside Sales
8.9,0.9075,department,Inside Sales
9.1,0.9008,department,Inside Sales
9.7,0.9008,department,Inside Sales
10.1,0.9008,department,Inside Sales
10.3,0.9008,department,Inside Sales
10.4,0.8939,department,Inside Sales
10.5,0.8939,department,Inside Sales
10.8,0.8868,department,Inside Sales
11.4,0.8798,department,Inside Sales
11.6,0.8798,department,Inside Sales
11.9,0.8798,department,Inside Sales
12.2,0.8798,department,Inside Sales
12.4,0.8798,department,Inside Sales
12.5,0.8798,department,Inside Sales
12.8,0.8798,department,Inside Sales
13.1,0.8722,department,Inside Sales
13.2,0.8722,department,Inside Sales
13.3,0.8722,department,Inside Sales
13.6,0.8722,department,Inside Sales
14.0,0.8722,department,Inside Sales
14.2,0.8722,department,Inside Sales
14.3,0.8722,department,Inside Sales
14.4,0.8722,department,Inside Sales
14.5,0.8722,department,Inside Sales
15.0,0.864,department,Inside Sales
16.9,0.864,department,Inside Sales
17.0,0.864,department,Inside Sales
17.2,0.864,department,Inside Sales
17.3,0.864,department,Inside Sales
17.7,0.864,department,Inside Sales
17.8,0.864,department,Inside Sales
17.9,0.864,department,Inside Sales
18.1,0.864,department,Inside Sales
18.2,0.864,department,Inside Sales
18.4,0.864,department,Inside Sales
18.6,0.864,department,Inside Sales
18.7,0.864,department,Inside Sales
18.8,0.864,department,Inside Sales
19.9,0.864,department,Inside Sales
20.1,0.864,department,Inside Sales
20.8,0.864,department,Inside Sales
20.9,0.864,department,Inside Sales
21.1,0.864,department,Inside Sales
21.2,0.864,department,Inside Sales
22.0,0.864,department,Inside Sales
22.1,0.864,department,Inside Sales
22.4,0.864,department,Inside Sales
23.3,0.864,department,Inside Sales
24.3,0.8529,department,Inside Sales
25.3,0.8529,department,Inside Sales
26.1,0.8529,department,Inside Sales
26.2,0.8529,department,Inside Sales
26.6,0.8529,department,Inside Sales
26.9,0.8529,department,Inside Sales
27.3,0.8529,department,Inside Sales
27.6,0.8529,department,Inside Sales
27.7,0.8529,department,Inside Sales
28.4,0.8529,department,Inside Sales
28.5,0.84,department,Inside Sales
28.7,0.84,department,Inside Sales
28.8,0.84,department,Inside Sales
28.9,0.84,department,Inside Sales
29.2,0.84,department,Inside Sales
30.6,0.84,department,Inside Sales
30.7,0.84,department,Inside Sales
31.4,0.84,department,Inside Sales
32.2,0.84,department,Inside Sales
32.3,0.84,department,Inside Sales
32.8,0.84,department,Inside Sales
33.0,0.84,department,Inside Sales
33.5,0.84,department,Inside Sales
33.7,0.84,department,Inside Sales
33.8,0.84,department,Inside Sales
33.9,0.84,department,Inside Sales
34.2,0.84,department,Inside Sales
34.7,0.84,department,Inside Sales
34.9,0.84,department,Inside Sales
35.1,0.84,department,Inside Sales
35.5,0.84,department,Inside Sales
36.0,0.8204,department,Inside Sales
36.8,0.8204,department,Inside Sales
38.1,0.8204,department,Inside Sales
38.8,0.8204,department,Inside Sales
39.1,0.8204,department,Inside Sales
39.4,0.8204,department,Inside Sales
40.2,0.8204,department,Inside Sales
41.7,0.8204,department,Inside Sales
41.8,0.8204,department,Inside Sales
43.5,0.8204,department,Inside Sales
44.6,0.8204,department,Inside Sales
44.7,0.8204,department,Inside Sales
44.8,0.8204,department,Inside Sales
45.2,0.8204,department,Inside Sales
45.5,0.8204,department,Inside Sales
45.7,0.8204,department,Inside Sales
45.8,0.8204,department,Inside Sales
46.0,0.8204,department,Inside Sales
46.4,0.8204,department,Inside Sales
46.6,0.8204,department,Inside Sales
47.5,0.8204,department,Inside Sales
47.6,0.8204,department,Inside Sales
48.2,0.8204,department,Inside Sales
48.8,0.8204,department,Inside Sales
49.1,0.7692,department,Inside Sales
50.0,0.7692,department,Inside Sales
52.4,0.7692,department,Inside Sales
53.3,0.7692,department,Inside Sales
53.7,0.7692,department,Inside Sales
59.0,0.7692,department,Inside Sales
59.6,0.7692,department,Inside Sales
59.7,0.7692,department,Inside Sales
64.1,0.673,department,Inside Sales
67.8,0.673,department,Inside Sales
68.6,0.673,department,Inside Sales
69.0,0.673,department,Inside Sales
71.5,0.673,department,Inside Sales
81.6,0.673,department,Inside Sales
90.6,0.673,department,Inside Sales
98.8,0.673,department,Inside Sales
0.0,1.0,department,Manufacturing
0.2,0.9929,department,Manufacturing
0.3,0.9858,department,Manufacturing
0.4,0.9787,department,Manufacturing
0.5,0.9787,department,Manufacturing
1.3,0.9787,department,Manufacturing
1.4,0.9787,department,Manufacturing
1.5,0.9715,department,Manufacturing
1.7,0.9715,department,Manufacturing
1.8,0.9715,department,Manufacturing
2.7,0.9641,department,Manufacturing
2.8,0.9568,department,Manufacturing
2.9,0.9494,department,Manufacturing
4.9,0.9494,department,Manufacturing
5.0,0.9494,department,Manufacturing
5.1,0.9494,department,Manufacturing
5.9,0.9494,department,Manufacturing
6.0,0.9494,department,Manufacturing
6.4,0.9494,department,Manufacturing
6.5,0.9494,department,Manufacturing
6.7,0.9416,department,Manufacturing
7.1,0.9259,department,Manufacturing
7.3,0.9259,department,Manufacturing
7.6,0.9259,department,Manufacturing
8.0,0.9259,department,Manufacturing
8.2,0.9178,department,Manufacturing
8.4,0.9178,department,Manufacturing
8.6,0.9178,department,Manufacturing
9.9,0.9178,department,Manufacturing
10.0,0.9178,department,Manufacturing
10.1,0.9178,department,Manufacturing
10.7,0.9178,department,Manufacturing
11.2,0.9178,department,Manufacturing
11.7,0.9091,department,Manufacturing
11.8,0.9091,department,Manufacturing
12.1,0.9002,department,Manufacturing
12.5,0.8914,department,Manufacturing
12.9,0.8914,department,Manufacturing
13.1,0.8823,department,Manufacturing
13.3,0.8823,department,Manufacturing
14.0,0.8823,department,Manufacturing
14.2,0.8633,department,Manufacturing
14.3,0.8633,department,Manufacturing
14.7,0.8536,department,Manufacturing
15.3,0.8439,department,Manufacturing
15.5,0.8439,department,Manufacturing
15.9,0.8439,department,Manufacturing
16.1,0.8439,department,Manufacturing
16.5,0.8439,department,Manufacturing
16.6,0.8336,department,Manufacturing
17.4,0.8336,department,Manufacturing
17.7,0.823,department,Manufacturing
17.8,0.823,department,Manufacturing
18.0,0.823,department,Manufacturing
18.1,0.823,department,Manufacturing
18.3,0.823,department,Manufacturing
18.6,0.823,department,Manufacturing
18.8,0.8114,department,Manufacturing
19.2,0.8114,department,Manufacturing
19.8,0.8114,department,Manufacturing
20.1,0.8114,department,Manufacturing
20.3,0.7991,department,Manufacturing
20.4,0.7991,department,Manufacturing
20.8,0.7991,department,Manufacturing
20.9,0.7991,department,Manufacturing
21.1,0.7991,department,Manufacturing
22.0,0.7991,department,Manufacturing
22.3,0.7991,department,Manufacturing
23.4,0.7855,department,Manufacturing
24.3,0.7855,department,Manufacturing
24.6,0.7855,department,Manufacturing
24.8,0.7855,department,Manufacturing
25.0,0.7855,department,Manufacturing
25.6,0.7707,department,Manufacturing
28.0,0.7707,department,Manufacturing
28.2,0.7556,department,Manufacturing
28.7,0.7556,department,Manufacturing
29.2,0.7556,department,Manufacturing
29.6,0.7556,department,Manufacturing
30.0,0.7556,department,Manufacturing
30.3,0.7556,department,Manufacturing
30.6,0.7556,department,Manufacturing
31.6,0.7556,department,Manufacturing
31.7,0.7556,department,Manufacturing
32.6,0.7556,department,Manufacturing
33.1,0.7556,department,Manufacturing
34.0,0.7556,department,Manufacturing
34.6,0.7556,department,Manufacturing
35.3,0.7357,department,Manufacturing
35.4,0.7357,department,Manufacturing
36.0,0.7357,department,Manufacturing
38.1,0.7357,department,Manufacturing
38.6,0.7357,department,Manufacturing
39.0,0.7357,department,Manufacturing
39.1,0.7357,department,Manufacturing
39.3,0.7357,department,Manufacturing
39.8,0.7357,department,Manufacturing
40.3,0.7085,department,Manufacturing
40.6,0.7085,department,Manufacturing
41.1,0.7085,department,Manufacturing
42.2,0.7085,department,Manufacturing
42.8,0.7085,department,Manufacturing
43.2,0.7085,department,Manufacturing
43.4,0.7085,department,Manufacturing
44.3,0.7085,department,Manufacturing
45.9,0.6712,department,Manufacturing
46.1,0.6712,department,Manufacturing
47.2,0.6712,department,Manufacturing
49.3,0.6292,department,Manufacturing
49.6,0.6292,department,Manufacturing
49.7,0.6292,department,Manufacturing
51.3,0.6292,department,Manufacturing
55.8,0.6292,department,Manufacturing
55.9,0.6292,department,Manufacturing
56.2,0.6292,department,Manufacturing
57.1,0.6292,department,Manufacturing
59.8,0.6292,department,Manufacturing
65.3,0.6292,department,Manufacturing
67.3,0.6292,department,Manufacturing
68.2,0.6292,department,Manufacturing
70.3,0.6292,department,Manufacturing
70.4,0.6292,department,Manufacturing
86.2,0.6292,department,Manufacturing
95.7,0.6292,department,Manufacturing
0.0,1.0,department,Marketing
0.3,0.9932,department,Marketing
1.0,0.9932,department,Marketing
1.1,0.9932,department,Marketing
1.2,0.9862,department,Marketing
2.3,0.9792,department,Marketing
2.4,0.9722,department,Marketing
2.7,0.9581,department,Marketing
2.9,0.9581,department,Marketing
3.0,0.951,department,Marketing
3.4,0.951,department,Marketing
3.5,0.9438,department,Marketing
3.7,0.9366,department,Marketing
3.9,0.9294,department,Marketing
4.0,0.9294,department,Marketing
4.4,0.9222,department,Marketing
4.5,0.9222,department,Marketing
4.7,0.9222,department,Marketing
4.8,0.9148,department,Marketing
5.1,0.9148,department,Marketing
5.2,0.9148,department,Marketing
5.8,0.9073,department,Marketing
5.9,0.9073,department,Marketing
6.1,0.9073,department,Marketing
6.4,0.9073,department,Marketing
6.6,0.9073,department,Marketing
6.7,0.9073,department,Marketing
7.1,0.9073,department,Marketing
7.2,0.9073,department,Marketing
7.4,0.8992,department,Marketing
7.9,0.8992,department,Marketing
8.2,0.8909,department,Marketing
8.4,0.8909,department,Marketing
9.0,0.8823,department,Marketing
9.4,0.8823,department,Marketing
10.1,0.8823,department,Marketing
10.4,0.8823,department,Marketing
10.7,0.8823,department,Marketing
10.9,0.8823,department,Marketing
11.0,0.8823,department,Marketing
11.3,0.8823,department,Marketing
11.5,0.8823,department,Marketing
12.3,0.8823,department,Marketing
12.4,0.8823,department,Marketing
12.6,0.8823,department,Marketing
12.9,0.8823,department,Marketing
13.2,0.8823,department,Marketing
13.4,0.8823,department,Marketing
13.8,0.8823,department,Marketing
13.9,0.8719,department,Marketing
14.5,0.8719,department,Marketing
15.3,0.8719,department,Marketing
15.6,0.8719,department,Marketing
16.6,0.8719,department,Marketing
17.6,0.8719,department,Marketing
17.8,0.8719,department,Marketing
18.3,0.8719,department,Marketing
18.4,0.8603,department,Marketing
18.7,0.8603,department,Marketing
19.1,0.8603,department,Marketing
19.3,0.8603,department,Marketing
20.0,0.8603,department,Marketing
20.3,0.8603,department,Marketing
20.9,0.8603,department,Marketing
21.2,0.8603,department,Marketing
21.4,0.8474,department,Marketing
22.2,0.8474,department,Marketing
22.3,0.8474,department,Marketing
22.5,0.8474,department,Marketing
22.6,0.8474,department,Marketing
23.0,0.8474,department,Marketing
23.5,0.8474,department,Marketing
23.7,0.8474,department,Marketing
24.2,0.8474,department,Marketing
24.5,0.8474,department,Marketing
24.8,0.8474,department,Marketing
25.1,0.8474,department,Marketing
25.5,0.8474,department,Marketing
26.2,0.8474,department,Marketing
26.6,0.8474,department,Marketing
26.8,0.8474,department,Marketing
26.9,0.8474,department,Marketing
27.0,0.8474,department,Marketing
27.1,0.8474,department,Marketing
27.2,0.8474,department,Marketing
27.7,0.8474,department,Marketing
27.8,0.8474,department,Marketing
29.8,0.8286,department,Marketing
30.0,0.8286,department,Marketing
30.9,0.8093,department,Marketing
31.3,0.8093,department,Marketing
32.8,0.8093,department,Marketing
33.0,0.8093,department,Marketing
33.5,0.8093,department,Marketing
34.5,0.8093,department,Marketing
35.4,0.8093,department,Marketing
35.5,0.8093,department,Marketing
36.3,0.8093,department,Marketing
36.5,0.8093,department,Marketing
37.2,0.8093,department,Marketing
38.4,0.8093,department,Marketing
38.5,0.8093,department,Marketing
39.4,0.8093,department,Marketing
40.3,0.8093,department,Marketing
40.4,0.8093,department,Marketing
40.5,0.8093,department,Marketing
41.8,0.8093,department,Marketing
45.1,0.8093,department,Marketing
45.3,0.8093,department,Marketing
46.5,0.8093,department,Marketing
47.7,0.8093,department,Marketing
49.3,0.8093,department,Marketing
49.4,0.8093,department,Marketing
49.5,0.8093,department,Marketing
49.7,0.8093,department,Marketing
52.1,0.8093,department,Marketing
52.2,0.8093,department,Marketing
58.2,0.8093,department,Marketing
59.9,0.8093,department,Marketing
60.6,0.8093,department,Marketing
61.2,0.8093,department,Marketing
61.8,0.8093,department,Marketing
65.4,0.8093,department,Marketing
71.2,0.7194,department,Marketing
71.6,0.7194,department,Marketing
72.7,0.7194,department,Marketing
74.1,0.5755,department,Marketing
76.5,0.5755,department,Marketing
78.7,0.5755,department,Marketing
79.9,0.5755,department,Marketing
0.0,1.0,department,Product Management
0.4,0.9944,department,Product Management
0.7,0.9944,department,Product Management
1.1,0.9888,department,Product Management
1.2,0.9888,department,Product Management
1.3,0.9888,department,Product Management
1.4,0.9888,department,Product Management
1.5,0.9888,department,Product Management
1.9,0.983,department,Product Management
2.7,0.9772,department,Product Management
3.4,0.9714,department,Product Management
3.7,0.9714,department,Product Management
4.4,0.9656,department,Product Management
4.6,0.9656,department,Product Management
4.7,0.9536,department,Product Management
5.3,0.9476,department,Product Management
5.4,0.9476,department,Product Management
5.5,0.9476,department,Product Management
5.6,0.9476,department,Product Management
5.7,0.9476,department,Product Management
5.8,0.9413,department,Product Management
5.9,0.9413,department,Product Management
6.1,0.9413,department,Product Management
6.4,0.9413,department,Product Management
6.7,0.935,department,Product Management
6.8,0.935,department,Product Management
7.9,0.935,department,Product Management
8.1,0.9285,department,Product Management
8.4,0.922,department,Product Management
8.8,0.922,department,Product Management
8.9,0.922,department,Product Management
9.1,0.9154,department,Product Management
9.2,0.9088,department,Product Management
9.5,0.8956,department,Product Management
9.6,0.8956,department,Product Management
9.8,0.8889,department,Product Management
10.2,0.8822,department,Product Management
10.8,0.8822,department,Product Management
11.3,0.8822,department,Product Management
11.4,0.8822,department,Product Management
11.5,0.8753,department,Product Management
11.7,0.8683,department,Product Management
11.8,0.8614,department,Product Management
11.9,0.8614,department,Product Management
12.2,0.8614,department,Product Management
12.3,0.8543,department,Product Management
12.4,0.8543,department,Product Management
12.6,0.8543,department,Product Management
12.9,0.8543,department,Product Management
13.2,0.8471,department,Product Management
13.5,0.8471,department,Product Management
13.7,0.8397,department,Product Management
13.9,0.8397,department,Product Management
14.1,0.8397,department,Product Management
14.3,0.8397,department,Product Management
14.4,0.8321,department,Product Management
14.5,0.8321,department,Product Management
14.9,0.8321,department,Product Management
15.2,0.8321,department,Product Management
15.6,0.8321,department,Product Management
15.7,0.8321,department,Product Management
15.8,0.8321,department,Product Management
16.0,0.8321,department,Product Management
16.9,0.8321,department,Product Management
17.1,0.8321,department,Product Management
17.7,0.8321,department,Product Management
18.0,0.8321,department,Product Management
18.2,0.8321,department,Product Management
18.6,0.8232,department,Product Management
18.7,0.8232,department,Product Management
19.1,0.8141,department,Product Management
19.3,0.8051,department,Product Management
19.9,0.8051,department,Product Management
20.5,0.8051,department,Product Management
20.8,0.8051,department,Product Management
21.0,0.8051,department,Product Management
21.5,0.7955,department,Product Management
22.1,0.7955,department,Product Management
23.1,0.7955,department,Product Management
23.2,0.7955,department,Product Management
23.4,0.7955,department,Product Management
23.5,0.7955,department,Product Management
24.1,0.7955,department,Product Management
24.4,0.7955,department,Product Management
25.2,0.7955,department,Product Management
25.6,0.7955,department,Product Management
25.9,0.7955,department,Product Management
26.0,0.7955,department,Product Management
26.1,0.7955,department,Product Management
26.2,0.7955,department,Product Management
26.4,0.7955,department,Product Management
26.6,0.7955,department,Product Management
26.7,0.7955,department,Product Management
27.5,0.7955,department,Product Management
27.6,0.7955,department,Product Management
27.7,0.7832,department,Product Management
28.1,0.7832,department,Product Management
28.6,0.7832,department,Product Management
28.8,0.7832,department,Product Management
29.0,0.7832,department,Product Management
29.4,0.7832,department,Product Management
29.8,0.7832,department,Product Management
30.7,0.7832,department,Product Management
31.1,0.7832,department,Product Management
31.4,0.7832,department,Product Management
32.5,0.7832,department,Product Management
32.7,0.7832,department,Product Management
33.0,0.7832,department,Product Management
33.2,0.7832,department,Product Management
33.6,0.7832,department,Product Management
34.0,0.7832,department,Product Management
36.9,0.7832,department,Product Management
37.0,0.7832,department,Product Management
38.0,0.7832,department,Product Management
38.6,0.7832,department,Product Management
39.0,0.7832,department,Product Management
39.1,0.7832,department,Product Management
40.4,0.7832,department,Product Management
40.6,0.7832,department,Product Management
42.0,0.7832,department,Product Management
43.8,0.7832,department,Product Management
44.0,0.7595,department,Product Management
44.3,0.7595,department,Product Management
45.6,0.7342,department,Product Management
46.3,0.7342,department,Product Management
46.6,0.7342,department,Product Management
47.0,0.7342,department,Product Management
47.8,0.7342,department,Product Management
49.2,0.7342,department,Product Management
49.4,0.7342,department,Product Management
52.6,0.7342,department,Product Management
54.4,0.7342,department,Product Management
54.8,0.7342,department,Product Management
57.3,0.7342,department,Product Management
60.0,0.7342,department,Product Management
61.0,0.7342,department,Product Management
61.3,0.7342,department,Product Management
62.3,0.7342,department,Product Management
62.6,0.7342,department,Product Management
63.5,0.7342,department,Product Management
64.1,0.7342,department,Product Management
66.6,0.7342,department,Product Management
67.0,0.7342,department,Product Management
68.9,0.7342,department,Product Management
69.1,0.7342,department,Product Management
71.3,0.7342,department,Product Management
78.1,0.7342,department,Product Management
79.8,0.7342,department,Product Management
85.8,0.7342,department,Product Management
90.2,0.7342,department,Product Management
95.8,0.7342,department,Product Management
100.3,0.7342,department,Product Management
0.0,1.0,department,Software Engineering
0.5,0.9941,department,Software Engineering
1.2,0.9941,department,Software Engineering
1.4,0.9941,department,Software Engineering
1.5,0.9881,department,Software Engineering
1.6,0.9821,department,Software Engineering
1.7,0.9761,department,Software Engineering
2.0,0.9761,department,Software Engineering
2.3,0.9701,department,Software Engineering
3.0,0.9701,department,Software Engineering
3.1,0.9701,department,Software Engineering
3.2,0.9639,department,Software Engineering
3.3,0.9639,department,Software Engineering
3.6,0.9639,department,Software Engineering
3.9,0.9577,department,Software Engineering
4.1,0.9577,department,Software Engineering
4.2,0.9577,department,Software Engineering
4.5,0.9577,department,Software Engineering
4.6,0.9577,department,Software Engineering
5.3,0.9513,department,Software Engineering
5.7,0.9513,department,Software Engineering
6.0,0.9448,department,Software Engineering
6.2,0.9448,department,Software Engineering
6.3,0.9448,department,Software Engineering
6.4,0.9448,department,Software Engineering
7.0,0.9448,department,Software Engineering
7.1,0.9448,department,Software Engineering
7.4,0.9448,department,Software Engineering
7.9,0.9448,department,Software Engineering
8.1,0.9379,department,Software Engineering
8.9,0.9379,department,Software Engineering
9.1,0.9379,department,Software Engineering
9.7,0.9379,department,Software Engineering
9.8,0.9379,department,Software Engineering
10.0,0.9379,department,Software Engineering
10.6,0.9379,department,Software Engineering
11.2,0.9379,department,Software Engineering
11.5,0.9379,department,Software Engineering
11.8,0.9379,department,Software Engineering
12.0,0.9379,department,Software Engineering
12.2,0.9379,department,Software Engineering
12.4,0.9302,department,Software Engineering
12.5,0.9302,department,Software Engineering
12.6,0.9302,department,Software Engineering
12.9,0.9302,department,Software Engineering
13.0,0.9222,department,Software Engineering
13.6,0.9222,department,Software Engineering
13.7,0.9222,department,Software Engineering
14.1,0.9222,department,Software Engineering
14.3,0.9222,department,Software Engineering
14.6,0.9222,department,Software Engineering
15.1,0.9222,department,Software Engineering
15.5,0.9222,department,Software Engineering
15.6,0.9222,department,Software Engineering
15.7,0.9134,department,Software Engineering
15.8,0.9134,department,Software Engineering
15.9,0.9134,department,Software Engineering
16.1,0.9045,department,Software Engineering
16.7,0.9045,department,Software Engineering
17.0,0.9045,department,Software Engineering
17.1,0.8952,department,Software Engineering
17.2,0.8952,department,Software Engineering
17.4,0.8952,department,Software Engineering
18.2,0.8856,department,Software Engineering
18.5,0.8856,department,Software Engineering
18.6,0.8856,department,Software Engineering
18.8,0.8758,department,Software Engineering
19.1,0.8758,department,Software Engineering
19.6,0.8658,department,Software Engineering
19.9,0.8559,department,Software Engineering
20.6,0.8559,department,Software Engineering
21.1,0.8559,department,Software Engineering
21.2,0.8559,department,Software Engineering
21.4,0.8559,department,Software Engineering
21.6,0.8559,department,Software Engineering
21.8,0.8559,department,Software Engineering
22.3,0.8559,department,Software Engineering
22.4,0.8559,department,Software Engineering
22.5,0.8559,department,Software Engineering
23.1,0.8559,department,Software Engineering
23.6,0.8559,department,Software Engineering
23.9,0.8559,department,Software Engineering
25.0,0.8559,department,Software Engineering
25.4,0.8559,department,Software Engineering
25.6,0.8559,department,Software Engineering
26.0,0.8559,department,Software Engineering
26.2,0.8559,department,Software Engineering
27.0,0.8559,department,Software Engineering
27.3,0.8559,department,Software Engineering
27.9,0.8559,department,Software Engineering
28.5,0.8559,department,Software Engineering
29.0,0.8425,department,Software Engineering
29.1,0.8425,department,Software Engineering
30.6,0.8425,department,Software Engineering
30.7,0.8425,department,Software Engineering
30.9,0.8425,department,Software Engineering
31.5,0.8425,department,Software Engineering
32.2,0.8277,department,Software Engineering
32.3,0.8277,department,Software Engineering
32.5,0.8277,department,Software Engineering
33.3,0.8277,department,Software Engineering
33.7,0.8277,department,Software Engineering
33.9,0.8112,department,Software Engineering
34.7,0.8112,department,Software Engineering
35.2,0.8112,department,Software Engineering
35.5,0.8112,department,Software Engineering
35.9,0.8112,department,Software Engineering
36.4,0.8112,department,Software Engineering
37.1,0.8112,department,Software Engineering
38.1,0.8112,department,Software Engineering
38.4,0.8112,department,Software Engineering
38.5,0.8112,department,Software Engineering
39.1,0.8112,department,Software Engineering
39.3,0.8112,department,Software Engineering
39.5,0.8112,department,Software Engineering
39.6,0.8112,department,Software Engineering
41.7,0.8112,department,Software Engineering
42.3,0.8112,department,Software Engineering
42.4,0.8112,department,Software Engineering
44.0,0.8112,department,Software Engineering
44.3,0.8112,department,Software Engineering
44.7,0.8112,department,Software Engineering
44.9,0.8112,department,Software Engineering
45.4,0.8112,department,Software Engineering
45.6,0.8112,department,Software Engineering
45.9,0.8112,department,Software Engineering
46.4,0.8112,department,Software Engineering
47.1,0.8112,department,Software Engineering
49.2,0.8112,department,Software Engineering
50.6,0.8112,department,Software Engineering
50.8,0.8112,department,Software Engineering
51.3,0.8112,department,Software Engineering
52.1,0.8112,department,Software Engineering
53.5,0.8112,department,Software Engineering
55.1,0.8112,department,Software Engineering
59.4,0.8112,department,Software Engineering
60.3,0.8112,department,Software Engineering
64.1,0.8112,department,Software Engineering
66.6,0.8112,department,Software Engineering
69.4,0.8112,department,Software Engineering
72.6,0.8112,department,Software Engineering
73.0,0.8112,department,Software Engineering
73.2,0.8112,department,Software Engineering
77.4,0.8112,department,Software Engineering
84.0,0.8112,department,Software Engineering
92.2,0.8112,department,Software Engineering
95.7,0.8112,department,Software Engineering
0.0,1.0,department,Supply Chain
0.2,0.9941,department,Supply Chain
0.6,0.9882,department,Supply Chain
0.7,0.9822,department,Supply Chain
0.8,0.9822,department,Supply Chain
0.9,0.9822,department,Supply Chain
1.1,0.9822,department,Supply Chain
1.2,0.9761,department,Supply Chain
1.5,0.9761,department,Supply Chain
1.8,0.9761,department,Supply Chain
1.9,0.9761,department,Supply Chain
2.0,0.9699,department,Supply Chain
2.3,0.9699,department,Supply Chain
2.4,0.9699,department,Supply Chain
2.5,0.9573,department,Supply Chain
2.8,0.951,department,Supply Chain
2.9,0.9447,department,Supply Chain
3.0,0.9447,department,Supply Chain
3.5,0.9383,department,Supply Chain
4.0,0.9319,department,Supply Chain
4.1,0.9319,department,Supply Chain
4.8,0.9255,department,Supply Chain
4.9,0.9255,department,Supply Chain
5.3,0.9255,department,Supply Chain
5.5,0.9255,department,Supply Chain
5.6,0.9255,department,Supply Chain
5.7,0.9188,department,Supply Chain
5.8,0.9188,department,Supply Chain
5.9,0.912,department,Supply Chain
6.3,0.912,department,Supply Chain
6.5,0.9052,department,Supply Chain
6.6,0.8984,department,Supply Chain
6.9,0.8984,department,Supply Chain
7.1,0.8984,department,Supply Chain
7.2,0.8915,department,Supply Chain
7.4,0.8846,department,Supply Chain
7.5,0.8846,department,Supply Chain
7.9,0.8846,department,Supply Chain
8.1,0.8775,department,Supply Chain
8.3,0.8705,department,Supply Chain
8.4,0.8705,department,Supply Chain
8.5,0.8705,department,Supply Chain
8.6,0.8705,department,Supply Chain
8.9,0.8705,department,Supply Chain
9.0,0.8705,department,Supply Chain
9.1,0.8632,department,Supply Chain
9.2,0.8559,department,Supply Chain
9.4,0.8559,department,Supply Chain
10.0,0.8559,department,Supply Chain
10.3,0.8559,department,Supply Chain
10.4,0.8559,department,Supply Chain
10.5,0.8559,department,Supply Chain
10.8,0.8559,department,Supply Chain
11.0,0.8559,department,Supply Chain
11.6,0.8559,department,Supply Chain
12.5,0.8559,department,Supply Chain
14.2,0.8559,department,Supply Chain
14.3,0.8478,department,Supply Chain
14.4,0.8478,department,Supply Chain
14.6,0.8478,department,Supply Chain
14.8,0.8478,department,Supply Chain
15.1,0.8478,department,Supply Chain
15.2,0.8478,department,Supply Chain
15.3,0.8478,department,Supply Chain
15.6,0.8478,department,Supply Chain
15.7,0.8478,department,Supply Chain
15.8,0.8478,department,Supply Chain
16.5,0.8478,department,Supply Chain
16.8,0.8387,department,Supply Chain
16.9,0.8296,department,Supply Chain
17.1,0.8205,department,Supply Chain
17.5,0.8109,department,Supply Chain
18.1,0.8109,department,Supply Chain
18.2,0.8109,department,Supply Chain
18.4,0.8109,department,Supply Chain
18.8,0.8109,department,Supply Chain
19.1,0.8109,department,Supply Chain
19.9,0.8109,department,Supply Chain
20.5,0.8007,department,Supply Chain
20.6,0.8007,department,Supply Chain
21.1,0.8007,department,Supply Chain
21.8,0.8007,department,Supply Chain
22.0,0.8007,department,Supply Chain
22.2,0.8007,department,Supply Chain
22.5,0.8007,department,Supply Chain
22.8,0.8007,department,Supply Chain
22.9,0.8007,department,Supply Chain
23.3,0.8007,department,Supply Chain
23.7,0.8007,department,Supply Chain
24.0,0.8007,department,Supply Chain
24.4,0.8007,department,Supply Chain
25.3,0.8007,department,Supply Chain
26.1,0.8007,department,Supply Chain
26.7,0.8007,department,Supply Chain
27.0,0.8007,department,Supply Chain
27.7,0.8007,department,Supply Chain
27.9,0.8007,department,Supply Chain
28.8,0.8007,department,Supply Chain
29.1,0.7866,department,Supply Chain
29.2,0.7866,department,Supply Chain
29.7,0.7866,department,Supply Chain
30.6,0.7721,department,Supply Chain
31.5,0.7721,department,Supply Chain
31.8,0.7721,department,Supply Chain
32.5,0.7569,department,Supply Chain
32.7,0.7569,department,Supply Chain
33.1,0.7569,department,Supply Chain
33.4,0.7411,department,Supply Chain
34.5,0.7411,department,Supply Chain
34.7,0.7411,department,Supply Chain
35.2,0.7411,department,Supply Chain
35.8,0.7411,department,Supply Chain
36.1,0.7411,department,Supply Chain
36.2,0.7411,department,Supply Chain
36.5,0.7411,department,Supply Chain
36.6,0.7411,department,Supply Chain
37.1,0.7411,department,Supply Chain
37.5,0.7411,department,Supply Chain
38.4,0.7206,department,Supply Chain
38.5,0.7206,department,Supply Chain
38.8,0.7206,department,Supply Chain
39.1,0.7206,department,Supply Chain
39.5,0.7206,department,Supply Chain
39.9,0.7206,department,Supply Chain
40.8,0.7206,department,Supply Chain
40.9,0.7206,department,Supply Chain
41.0,0.7206,department,Supply Chain
41.6,0.7206,department,Supply Chain
41.9,0.6905,department,Supply Chain
42.0,0.6905,department,Supply Chain
42.1,0.6905,department,Supply Chain
42.9,0.6905,department,Supply Chain
43.2,0.6905,department,Supply Chain
43.3,0.6905,department,Supply Chain
43.6,0.6905,department,Supply Chain
43.7,0.6905,department,Supply Chain
46.7,0.6905,department,Supply Chain
47.2,0.6905,department,Supply Chain
47.8,0.6905,department,Supply Chain
48.1,0.6905,department,Supply Chain
49.0,0.6905,department,Supply Chain
54.1,0.6278,department,Supply Chain
55.9,0.565,department,Supply Chain
56.1,0.565,department,Supply Chain
59.1,0.565,department,Supply Chain
59.6,0.565,department,Supply Chain
60.0,0.565,department,Supply Chain
66.8,0.565,department,Supply Chain
71.7,0.565,department,Supply Chain
78.7,0.565,department,Supply Chain
82.4,0.565,department,Supply Chain
85.6,0.565,department,Supply Chain
