application_id,req_id,department_id,job_id,source,applied_date,reached_screen,reached_interview,reached_offer,hired,offer_accepted,days_to_fill
1,REQ-0001,4,5,Agency,2026-02-02,0,0,0,0,,
2,REQ-0001,4,5,Career Site,2026-01-22,1,0,0,0,,
3,REQ-0001,4,5,Agency,2026-01-26,1,0,0,0,,
4,REQ-0001,4,5,Job Board,2026-01-31,0,0,0,0,,
5,REQ-0001,4,5,Career Site,2026-01-30,0,0,0,0,,
6,REQ-0001,4,5,Agency,2026-02-10,1,1,1,1,1,52
7,REQ-0001,4,5,Employee Referral,2026-01-19,0,0,0,0,,
8,REQ-0001,4,5,LinkedIn,2026-01-30,1,0,0,0,,
9,REQ-0001,4,5,Job Board,2026-02-02,0,0,0,0,,
10,REQ-0001,4,5,LinkedIn,2026-01-27,1,0,0,0,,
11,REQ-0001,4,5,LinkedIn,2026-01-28,1,0,0,0,,
12,REQ-0001,4,5,LinkedIn,2026-01-27,1,0,0,0,,
13,REQ-0001,4,5,LinkedIn,2026-01-18,0,0,0,0,,
14,REQ-0001,4,5,Job Board,2026-02-10,1,0,0,0,,
15,REQ-0001,4,5,Job Board,2026-01-27,0,0,0,0,,
16,REQ-0001,4,5,Employee Referral,2026-01-30,1,1,1,1,1,52
17,REQ-0001,4,5,LinkedIn,2026-02-03,1,0,0,0,,
18,REQ-0001,4,5,Employee Referral,2026-01-31,1,1,1,1,1,52
19,REQ-0001,4,5,LinkedIn,2026-01-22,1,0,0,0,,
20,REQ-0001,4,5,Agency,2026-01-26,1,1,1,1,1,52
21,REQ-0001,4,5,Employee Referral,2026-02-10,1,1,0,0,,
22,REQ-0001,4,5,LinkedIn,2026-02-06,1,1,0,0,,
23,REQ-0001,4,5,Job Board,2026-02-06,0,0,0,0,,
24,REQ-0001,4,5,LinkedIn,2026-02-04,1,1,0,0,,
25,REQ-0001,4,5,Employee Referral,2026-01-31,1,1,0,0,,
26,REQ-0001,4,5,Career Site,2026-02-09,1,1,0,0,,
27,REQ-0001,4,5,Employee Referral,2026-01-27,1,1,0,0,,
28,REQ-0001,4,5,LinkedIn,2026-02-09,1,0,0,0,,
29,REQ-0001,4,5,Career Site,2026-01-24,0,0,0,0,,
30,REQ-0001,4,5,Job Board,2026-02-12,0,0,0,0,,
31,REQ-0001,4,5,LinkedIn,2026-02-11,0,0,0,0,,
32,REQ-0001,4,5,Career Site,2026-01-18,1,1,1,1,1,52
33,REQ-0001,4,5,LinkedIn,2026-02-07,1,1,1,0,0,
34,REQ-0001,4,5,Career Site,2026-01-28,1,1,0,0,,
35,REQ-0001,4,5,LinkedIn,2026-01-31,0,0,0,0,,
36,REQ-0001,4,5,Job Board,2026-02-05,1,0,0,0,,
37,REQ-0001,4,5,Job Board,2026-01-19,0,0,0,0,,
38,REQ-0001,4,5,LinkedIn,2026-01-26,1,0,0,0,,
39,REQ-0001,4,5,Career Site,2026-01-26,0,0,0,0,,
40,REQ-0001,4,5,LinkedIn,2026-02-06,1,1,0,0,,
41,REQ-0001,4,5,LinkedIn,2026-02-04,0,0,0,0,,
42,REQ-0002,3,2,Employee Referral,2024-11-18,1,0,0,0,,
43,REQ-0002,3,2,LinkedIn,2024-11-18,0,0,0,0,,
44,REQ-0002,3,2,Career Site,2024-11-24,1,1,0,0,,
45,REQ-0002,3,2,Job Board,2024-11-03,0,0,0,0,,
46,REQ-0002,3,2,Employee Referral,2024-11-09,1,0,0,0,,
47,REQ-0002,3,2,LinkedIn,2024-11-22,0,0,0,0,,
48,REQ-0002,3,2,Job Board,2024-11-14,1,0,0,0,,
49,REQ-0002,3,2,Career Site,2024-11-22,1,1,1,1,1,49
50,REQ-0002,3,2,Job Board,2024-10-31,1,1,0,0,,
51,REQ-0002,3,2,Employee Referral,2024-11-02,1,0,0,0,,
52,REQ-0002,3,2,Employee Referral,2024-11-20,1,0,0,0,,
53,REQ-0002,3,2,Job Board,2024-11-17,0,0,0,0,,
54,REQ-0002,3,2,Career Site,2024-11-19,1,1,0,0,,
55,REQ-0002,3,2,Employee Referral,2024-11-25,1,1,1,1,1,49
56,REQ-0002,3,2,Job Board,2024-11-16,0,0,0,0,,
57,REQ-0002,3,2,LinkedIn,2024-11-16,1,1,0,0,,
58,REQ-0002,3,2,Agency,2024-11-15,0,0,0,0,,
59,REQ-0002,3,2,Job Board,2024-11-22,0,0,0,0,,
60,REQ-0002,3,2,Employee Referral,2024-11-13,1,1,1,1,1,49
61,REQ-0002,3,2,Career Site,2024-11-05,1,1,0,0,,
62,REQ-0002,3,2,Job Board,2024-11-08,0,0,0,0,,
63,REQ-0002,3,2,Employee Referral,2024-11-13,1,0,0,0,,
64,REQ-0002,3,2,Job Board,2024-11-14,1,1,0,0,,
65,REQ-0002,3,2,LinkedIn,2024-11-02,1,1,0,0,,
66,REQ-0002,3,2,LinkedIn,2024-11-21,1,1,0,0,,
67,REQ-0003,10,5,LinkedIn,2026-04-03,1,1,0,0,,
68,REQ-0003,10,5,Employee Referral,2026-03-24,0,0,0,0,,
69,REQ-0003,10,5,Job Board,2026-04-02,1,1,0,0,,
70,REQ-0003,10,5,LinkedIn,2026-04-01,0,0,0,0,,
71,REQ-0003,10,5,LinkedIn,2026-04-07,1,1,0,0,,
72,REQ-0003,10,5,Employee Referral,2026-04-07,1,1,0,0,,
73,REQ-0003,10,5,Agency,2026-03-29,1,0,0,0,,
74,REQ-0003,10,5,Job Board,2026-04-01,0,0,0,0,,
75,REQ-0003,10,5,LinkedIn,2026-04-03,1,0,0,0,,
76,REQ-0003,10,5,Employee Referral,2026-04-08,0,0,0,0,,
77,REQ-0003,10,5,Agency,2026-03-27,1,1,0,0,,
78,REQ-0003,10,5,LinkedIn,2026-03-19,1,1,0,0,,
79,REQ-0003,10,5,LinkedIn,2026-03-25,0,0,0,0,,
80,REQ-0003,10,5,Job Board,2026-03-26,1,1,0,0,,
81,REQ-0003,10,5,LinkedIn,2026-04-08,1,0,0,0,,
82,REQ-0003,10,5,Agency,2026-04-13,1,1,1,1,1,46
83,REQ-0003,10,5,Job Board,2026-03-19,1,0,0,0,,
84,REQ-0003,10,5,LinkedIn,2026-03-30,1,0,0,0,,
85,REQ-0003,10,5,LinkedIn,2026-03-22,1,0,0,0,,
86,REQ-0003,10,5,Agency,2026-04-07,0,0,0,0,,
87,REQ-0003,10,5,LinkedIn,2026-03-31,0,0,0,0,,
88,REQ-0003,10,5,Career Site,2026-03-28,1,1,0,0,,
89,REQ-0003,10,5,LinkedIn,2026-03-24,1,1,0,0,,
90,REQ-0003,10,5,Career Site,2026-03-26,1,0,0,0,,
91,REQ-0003,10,5,Job Board,2026-04-11,0,0,0,0,,
92,REQ-0003,10,5,Job Board,2026-04-05,0,0,0,0,,
93,REQ-0003,10,5,Employee Referral,2026-03-21,0,0,0,0,,
94,REQ-0003,10,5,LinkedIn,2026-03-31,1,1,1,0,0,
95,REQ-0003,10,5,Employee Referral,2026-04-13,1,0,0,0,,
96,REQ-0003,10,5,Job Board,2026-04-12,0,0,0,0,,
97,REQ-0003,10,5,Job Board,2026-03-23,0,0,0,0,,
98,REQ-0003,10,5,Employee Referral,2026-04-04,0,0,0,0,,
99,REQ-0003,10,5,LinkedIn,2026-03-31,1,0,0,0,,
100,REQ-0003,10,5,Job Board,2026-03-29,0,0,0,0,,
101,REQ-0003,10,5,Job Board,2026-03-31,0,0,0,0,,
102,REQ-0003,10,5,Agency,2026-04-13,1,0,0,0,,
103,REQ-0003,10,5,Career Site,2026-03-23,0,0,0,0,,
104,REQ-0003,10,5,LinkedIn,2026-04-06,0,0,0,0,,
105,REQ-0003,10,5,Agency,2026-03-29,1,0,0,0,,
106,REQ-0003,10,5,Job Board,2026-03-26,0,0,0,0,,
107,REQ-0003,10,5,Job Board,2026-04-03,1,1,0,0,,
108,REQ-0003,10,5,Agency,2026-03-24,0,0,0,0,,
109,REQ-0003,10,5,Job Board,2026-03-21,1,0,0,0,,
110,REQ-0003,10,5,Employee Referral,2026-04-03,1,0,0,0,,
111,REQ-0003,10,5,Employee Referral,2026-04-04,1,1,0,0,,
112,REQ-0003,10,5,Employee Referral,2026-04-02,1,0,0,0,,
113,REQ-0003,10,5,Job Board,2026-03-29,0,0,0,0,,
114,REQ-0003,10,5,Agency,2026-03-20,1,0,0,0,,
115,REQ-0003,10,5,LinkedIn,2026-04-12,0,0,0,0,,
116,REQ-0003,10,5,LinkedIn,2026-04-11,1,1,0,0,,
117,REQ-0003,10,5,Agency,2026-03-25,1,1,0,0,,
118,REQ-0003,10,5,Career Site,2026-03-26,0,0,0,0,,
119,REQ-0003,10,5,Employee Referral,2026-03-31,0,0,0,0,,
120,REQ-0004,10,2,Agency,2025-05-13,0,0,0,0,,
121,REQ-0004,10,2,Agency,2025-05-08,1,0,0,0,,
122,REQ-0004,10,2,Employee Referral,2025-05-20,1,1,0,0,,
123,REQ-0004,10,2,LinkedIn,2025-05-07,1,1,0,0,,
124,REQ-0004,10,2,LinkedIn,2025-05-27,0,0,0,0,,
125,REQ-0004,10,2,Career Site,2025-05-07,0,0,0,0,,
126,REQ-0004,10,2,LinkedIn,2025-05-17,1,0,0,0,,
127,REQ-0004,10,2,Employee Referral,2025-05-22,1,0,0,0,,
128,REQ-0004,10,2,LinkedIn,2025-05-24,0,0,0,0,,
129,REQ-0004,10,2,Job Board,2025-05-19,0,0,0,0,,
130,REQ-0004,10,2,LinkedIn,2025-05-18,1,1,1,1,1,49
131,REQ-0004,10,2,Career Site,2025-05-10,1,1,0,0,,
132,REQ-0004,10,2,LinkedIn,2025-06-01,1,1,1,1,1,49
133,REQ-0004,10,2,Career Site,2025-05-10,1,0,0,0,,
134,REQ-0004,10,2,Job Board,2025-05-25,0,0,0,0,,
135,REQ-0004,10,2,Job Board,2025-05-09,1,0,0,0,,
136,REQ-0004,10,2,Job Board,2025-05-21,0,0,0,0,,
137,REQ-0004,10,2,Career Site,2025-05-08,1,0,0,0,,
138,REQ-0004,10,2,Career Site,2025-05-27,1,1,1,1,1,49
139,REQ-0004,10,2,Career Site,2025-05-10,0,0,0,0,,
140,REQ-0004,10,2,LinkedIn,2025-05-13,1,1,0,0,,
141,REQ-0004,10,2,Career Site,2025-05-13,0,0,0,0,,
142,REQ-0004,10,2,Career Site,2025-05-08,0,0,0,0,,
143,REQ-0004,10,2,Career Site,2025-05-17,1,0,0,0,,
144,REQ-0004,10,2,LinkedIn,2025-05-30,1,0,0,0,,
145,REQ-0004,10,2,LinkedIn,2025-05-16,0,0,0,0,,
146,REQ-0004,10,2,LinkedIn,2025-05-12,1,1,0,0,,
147,REQ-0004,10,2,Career Site,2025-05-24,1,0,0,0,,
148,REQ-0004,10,2,LinkedIn,2025-05-31,0,0,0,0,,
149,REQ-0004,10,2,LinkedIn,2025-05-07,0,0,0,0,,
150,REQ-0004,10,2,Employee Referral,2025-06-01,0,0,0,0,,
151,REQ-0004,10,2,Employee Referral,2025-05-14,1,0,0,0,,
152,REQ-0004,10,2,Job Board,2025-05-23,1,1,0,0,,
153,REQ-0004,10,2,Agency,2025-05-31,1,1,1,1,1,49
154,REQ-0004,10,2,Career Site,2025-05-15,1,0,0,0,,
155,REQ-0004,10,2,Employee Referral,2025-05-31,1,1,1,1,1,49
156,REQ-0004,10,2,Job Board,2025-05-23,1,1,1,1,1,49
157,REQ-0004,10,2,Job Board,2025-05-29,1,0,0,0,,
158,REQ-0004,10,2,Job Board,2025-05-12,1,1,0,0,,
159,REQ-0004,10,2,LinkedIn,2025-05-25,1,0,0,0,,
160,REQ-0004,10,2,LinkedIn,2025-05-13,1,1,1,1,1,49
161,REQ-0004,10,2,Agency,2025-05-12,0,0,0,0,,
162,REQ-0004,10,2,Career Site,2025-05-29,1,1,1,0,0,
163,REQ-0004,10,2,Employee Referral,2025-05-23,0,0,0,0,,
164,REQ-0004,10,2,LinkedIn,2025-05-25,1,0,0,0,,
165,REQ-0004,10,2,Agency,2025-05-10,1,0,0,0,,
166,REQ-0004,10,2,Job Board,2025-05-28,0,0,0,0,,
167,REQ-0004,10,2,Agency,2025-05-07,1,1,0,0,,
168,REQ-0004,10,2,LinkedIn,2025-05-29,1,1,0,0,,
169,REQ-0004,10,2,LinkedIn,2025-05-23,0,0,0,0,,
170,REQ-0004,10,2,Career Site,2025-05-22,1,1,1,0,0,
171,REQ-0004,10,2,Career Site,2025-05-13,1,0,0,0,,
172,REQ-0004,10,2,Job Board,2025-05-23,0,0,0,0,,
173,REQ-0004,10,2,Agency,2025-05-07,1,0,0,0,,
174,REQ-0004,10,2,LinkedIn,2025-05-22,1,1,1,1,1,49
175,REQ-0005,1,5,Career Site,2025-06-07,1,1,0,0,,
176,REQ-0005,1,5,Career Site,2025-06-08,1,0,0,0,,
177,REQ-0005,1,5,Job Board,2025-06-02,0,0,0,0,,
178,REQ-0005,1,5,Career Site,2025-06-09,1,0,0,0,,
179,REQ-0005,1,5,Job Board,2025-06-03,0,0,0,0,,
180,REQ-0005,1,5,LinkedIn,2025-06-09,1,1,0,0,,
181,REQ-0005,1,5,Job Board,2025-06-16,1,0,0,0,,
182,REQ-0005,1,5,Job Board,2025-06-11,0,0,0,0,,
183,REQ-0005,1,5,LinkedIn,2025-06-10,1,1,1,1,1,49
184,REQ-0005,1,5,Job Board,2025-06-06,1,1,0,0,,
185,REQ-0005,1,5,Employee Referral,2025-06-18,1,1,0,0,,
186,REQ-0005,1,5,Job Board,2025-06-07,1,1,1,1,1,49
187,REQ-0005,1,5,Career Site,2025-06-12,0,0,0,0,,
188,REQ-0005,1,5,LinkedIn,2025-06-22,0,0,0,0,,
189,REQ-0005,1,5,Career Site,2025-06-26,0,0,0,0,,
190,REQ-0005,1,5,Job Board,2025-06-19,1,1,1,1,1,49
191,REQ-0005,1,5,Agency,2025-06-14,1,1,0,0,,
192,REQ-0005,1,5,Employee Referral,2025-06-22,0,0,0,0,,
193,REQ-0005,1,5,Employee Referral,2025-06-25,1,1,0,0,,
194,REQ-0005,1,5,LinkedIn,2025-06-02,0,0,0,0,,
195,REQ-0005,1,5,Agency,2025-06-14,1,1,0,0,,
196,REQ-0005,1,5,Employee Referral,2025-06-04,0,0,0,0,,
197,REQ-0005,1,5,Job Board,2025-06-16,0,0,0,0,,
198,REQ-0005,1,5,Job Board,2025-06-27,0,0,0,0,,
199,REQ-0005,1,5,Job Board,2025-06-10,0,0,0,0,,
200,REQ-0005,1,5,Employee Referral,2025-06-24,1,1,1,0,0,
201,REQ-0005,1,5,LinkedIn,2025-06-10,1,1,0,0,,
202,REQ-0005,1,5,Job Board,2025-06-20,0,0,0,0,,
203,REQ-0005,1,5,Job Board,2025-06-21,0,0,0,0,,
204,REQ-0005,1,5,Job Board,2025-06-27,1,1,1,1,1,49
205,REQ-0005,1,5,Employee Referral,2025-06-22,0,0,0,0,,
206,REQ-0005,1,5,LinkedIn,2025-06-02,0,0,0,0,,
207,REQ-0005,1,5,LinkedIn,2025-06-16,1,0,0,0,,
208,REQ-0005,1,5,Job Board,2025-06-09,1,1,1,1,1,49
209,REQ-0005,1,5,Career Site,2025-06-07,1,0,0,0,,
210,REQ-0005,1,5,Employee Referral,2025-06-05,1,0,0,0,,
211,REQ-0005,1,5,Career Site,2025-06-04,0,0,0,0,,
212,REQ-0005,1,5,Employee Referral,2025-06-13,1,0,0,0,,
213,REQ-0005,1,5,LinkedIn,2025-06-09,1,1,0,0,,
214,REQ-0005,1,5,Agency,2025-06-25,1,0,0,0,,
215,REQ-0005,1,5,LinkedIn,2025-06-10,1,1,1,0,0,
216,REQ-0005,1,5,LinkedIn,2025-06-07,1,0,0,0,,
217,REQ-0005,1,5,Employee Referral,2025-06-02,1,1,0,0,,
218,REQ-0005,1,5,Job Board,2025-06-15,1,1,1,1,1,49
219,REQ-0005,1,5,Job Board,2025-06-18,0,0,0,0,,
220,REQ-0005,1,5,Career Site,2025-06-15,1,1,0,0,,
221,REQ-0005,1,5,Agency,2025-06-11,1,0,0,0,,
222,REQ-0005,1,5,Agency,2025-06-12,0,0,0,0,,
223,REQ-0005,1,5,Employee Referral,2025-06-21,1,1,1,0,0,
224,REQ-0005,1,5,LinkedIn,2025-06-19,1,0,0,0,,
225,REQ-0005,1,5,Job Board,2025-06-10,0,0,0,0,,
226,REQ-0005,1,5,Job Board,2025-06-16,1,0,0,0,,
227,REQ-0005,1,5,LinkedIn,2025-06-06,1,0,0,0,,
228,REQ-0005,1,5,Employee Referral,2025-06-23,0,0,0,0,,
229,REQ-0005,1,5,Employee Referral,2025-06-19,0,0,0,0,,
230,REQ-0005,1,5,Job Board,2025-06-14,1,1,0,0,,
231,REQ-0005,1,5,Employee Referral,2025-06-27,1,1,1,1,1,49
232,REQ-0005,1,5,Agency,2025-06-24,1,1,0,0,,
233,REQ-0006,10,6,Career Site,2025-11-09,1,0,0,0,,
234,REQ-0006,10,6,LinkedIn,2025-10-18,1,1,1,1,1,49
235,REQ-0006,10,6,Job Board,2025-10-21,1,0,0,0,,
236,REQ-0006,10,6,Agency,2025-10-15,1,1,0,0,,
237,REQ-0006,10,6,Job Board,2025-10-19,0,0,0,0,,
238,REQ-0006,10,6,Employee Referral,2025-10-28,0,0,0,0,,
239,REQ-0006,10,6,LinkedIn,2025-10-28,0,0,0,0,,
240,REQ-0006,10,6,LinkedIn,2025-11-06,1,0,0,0,,
241,REQ-0006,10,6,LinkedIn,2025-10-17,1,0,0,0,,
242,REQ-0006,10,6,Career Site,2025-10-31,1,0,0,0,,
243,REQ-0006,10,6,Career Site,2025-10-21,1,1,0,0,,
244,REQ-0006,10,6,Job Board,2025-10-31,1,1,0,0,,
245,REQ-0006,10,6,LinkedIn,2025-10-28,0,0,0,0,,
246,REQ-0006,10,6,Career Site,2025-10-15,1,0,0,0,,
247,REQ-0006,10,6,LinkedIn,2025-10-29,1,1,1,0,0,
248,REQ-0006,10,6,LinkedIn,2025-11-01,1,0,0,0,,
249,REQ-0006,10,6,Employee Referral,2025-11-05,1,0,0,0,,
250,REQ-0006,10,6,Job Board,2025-10-30,0,0,0,0,,
251,REQ-0006,10,6,Employee Referral,2025-10-26,0,0,0,0,,
252,REQ-0006,10,6,LinkedIn,2025-11-09,1,1,0,0,,
253,REQ-0006,10,6,Employee Referral,2025-11-04,1,0,0,0,,
254,REQ-0006,10,6,LinkedIn,2025-10-27,1,1,1,1,1,49
255,REQ-0006,10,6,LinkedIn,2025-11-09,1,1,1,1,1,49
256,REQ-0006,10,6,LinkedIn,2025-10-15,0,0,0,0,,
257,REQ-0006,10,6,LinkedIn,2025-10-30,1,0,0,0,,
258,REQ-0006,10,6,Job Board,2025-11-04,1,1,1,1,1,49
259,REQ-0006,10,6,Agency,2025-11-06,1,0,0,0,,
260,REQ-0006,10,6,Career Site,2025-11-03,0,0,0,0,,
261,REQ-0006,10,6,Career Site,2025-11-03,0,0,0,0,,
262,REQ-0006,10,6,Agency,2025-10-30,1,1,1,0,0,
263,REQ-0006,10,6,Career Site,2025-11-03,1,0,0,0,,
264,REQ-0006,10,6,Job Board,2025-10-30,0,0,0,0,,
265,REQ-0006,10,6,LinkedIn,2025-10-19,1,1,0,0,,
266,REQ-0006,10,6,Career Site,2025-10-19,0,0,0,0,,
267,REQ-0006,10,6,Career Site,2025-10-17,0,0,0,0,,
268,REQ-0006,10,6,Career Site,2025-11-07,1,0,0,0,,
269,REQ-0006,10,6,LinkedIn,2025-11-02,0,0,0,0,,
270,REQ-0006,10,6,Career Site,2025-11-05,0,0,0,0,,
271,REQ-0006,10,6,Career Site,2025-11-06,1,1,1,1,1,49
272,REQ-0006,10,6,Agency,2025-10-21,1,0,0,0,,
273,REQ-0006,10,6,Employee Referral,2025-11-04,1,0,0,0,,
274,REQ-0006,10,6,Agency,2025-10-22,0,0,0,0,,
275,REQ-0006,10,6,LinkedIn,2025-10-26,1,1,0,0,,
276,REQ-0006,10,6,Employee Referral,2025-10-22,1,1,0,0,,
277,REQ-0006,10,6,Career Site,2025-10-24,0,0,0,0,,
278,REQ-0006,10,6,LinkedIn,2025-11-03,1,1,0,0,,
279,REQ-0006,10,6,Career Site,2025-10-25,0,0,0,0,,
280,REQ-0006,10,6,Agency,2025-11-09,0,0,0,0,,
281,REQ-0006,10,6,LinkedIn,2025-10-17,1,1,0,0,,
282,REQ-0006,10,6,Job Board,2025-11-04,0,0,0,0,,
283,REQ-0006,10,6,LinkedIn,2025-10-23,1,0,0,0,,
284,REQ-0006,10,6,Job Board,2025-11-04,1,1,0,0,,
285,REQ-0006,10,6,Agency,2025-11-04,0,0,0,0,,
286,REQ-0006,10,6,Career Site,2025-10-21,1,0,0,0,,
287,REQ-0006,10,6,LinkedIn,2025-10-17,1,0,0,0,,
288,REQ-0006,10,6,Employee Referral,2025-10-19,1,1,0,0,,
289,REQ-0006,10,6,LinkedIn,2025-10-29,0,0,0,0,,
290,REQ-0007,7,6,Employee Referral,2025-01-26,1,1,0,0,,
291,REQ-0007,7,6,Employee Referral,2025-02-07,1,1,0,0,,
292,REQ-0007,7,6,Job Board,2025-01-30,0,0,0,0,,
293,REQ-0007,7,6,Agency,2025-02-06,0,0,0,0,,
294,REQ-0007,7,6,LinkedIn,2025-02-12,1,0,0,0,,
295,REQ-0007,7,6,LinkedIn,2025-02-11,1,1,1,1,1,47
296,REQ-0007,7,6,Agency,2025-02-01,0,0,0,0,,
297,REQ-0007,7,6,LinkedIn,2025-01-28,1,0,0,0,,
298,REQ-0007,7,6,Job Board,2025-02-10,1,0,0,0,,
299,REQ-0007,7,6,LinkedIn,2025-02-11,1,1,1,1,1,47
300,REQ-0007,7,6,LinkedIn,2025-01-23,1,0,0,0,,
301,REQ-0007,7,6,Career Site,2025-02-04,0,0,0,0,,
302,REQ-0007,7,6,LinkedIn,2025-01-29,1,1,0,0,,
303,REQ-0007,7,6,Employee Referral,2025-02-11,1,1,0,0,,
304,REQ-0007,7,6,Job Board,2025-02-07,1,0,0,0,,
305,REQ-0007,7,6,Career Site,2025-02-09,1,0,0,0,,
306,REQ-0007,7,6,Career Site,2025-01-30,1,1,0,0,,
307,REQ-0007,7,6,Career Site,2025-01-23,0,0,0,0,,
308,REQ-0007,7,6,LinkedIn,2025-02-01,1,1,1,1,1,47
309,REQ-0007,7,6,Job Board,2025-01-25,0,0,0,0,,
310,REQ-0007,7,6,Employee Referral,2025-01-23,1,0,0,0,,
311,REQ-0007,7,6,LinkedIn,2025-02-10,1,1,0,0,,
312,REQ-0007,7,6,LinkedIn,2025-02-10,1,0,0,0,,
313,REQ-0007,7,6,Job Board,2025-02-12,1,1,1,1,1,47
314,REQ-0007,7,6,Employee Referral,2025-02-09,0,0,0,0,,
315,REQ-0007,7,6,Employee Referral,2025-01-20,1,0,0,0,,
316,REQ-0007,7,6,Job Board,2025-02-07,0,0,0,0,,
317,REQ-0007,7,6,Employee Referral,2025-02-05,0,0,0,0,,
318,REQ-0007,7,6,LinkedIn,2025-02-01,1,0,0,0,,
319,REQ-0007,7,6,Career Site,2025-01-25,0,0,0,0,,
320,REQ-0007,7,6,Career Site,2025-01-22,0,0,0,0,,
321,REQ-0007,7,6,Employee Referral,2025-02-10,1,0,0,0,,
322,REQ-0007,7,6,Employee Referral,2025-01-22,1,1,0,0,,
323,REQ-0007,7,6,LinkedIn,2025-01-27,1,1,0,0,,
324,REQ-0007,7,6,Job Board,2025-01-28,1,1,1,0,0,
325,REQ-0007,7,6,LinkedIn,2025-02-12,1,1,0,0,,
326,REQ-0007,7,6,Employee Referral,2025-02-12,1,1,0,0,,
327,REQ-0007,7,6,Career Site,2025-01-24,0,0,0,0,,
328,REQ-0007,7,6,LinkedIn,2025-02-02,1,1,0,0,,
329,REQ-0007,7,6,LinkedIn,2025-02-09,1,1,0,0,,
330,REQ-0007,7,6,Career Site,2025-02-05,0,0,0,0,,
331,REQ-0007,7,6,Career Site,2025-01-31,0,0,0,0,,
332,REQ-0007,7,6,Agency,2025-01-18,1,1,0,0,,
333,REQ-0007,7,6,Job Board,2025-01-28,0,0,0,0,,
334,REQ-0007,7,6,Employee Referral,2025-01-30,0,0,0,0,,
335,REQ-0007,7,6,LinkedIn,2025-02-07,0,0,0,0,,
336,REQ-0007,7,6,Job Board,2025-02-07,0,0,0,0,,
337,REQ-0007,7,6,Career Site,2025-02-05,0,0,0,0,,
338,REQ-0007,7,6,Career Site,2025-01-19,0,0,0,0,,
339,REQ-0008,3,1,Employee Referral,2025-08-17,1,1,1,1,1,63
340,REQ-0008,3,1,Job Board,2025-08-02,1,1,0,0,,
341,REQ-0008,3,1,Agency,2025-08-05,1,0,0,0,,
342,REQ-0008,3,1,LinkedIn,2025-08-08,1,1,0,0,,
343,REQ-0008,3,1,LinkedIn,2025-08-20,1,0,0,0,,
344,REQ-0008,3,1,Agency,2025-08-13,1,1,0,0,,
345,REQ-0008,3,1,LinkedIn,2025-08-21,1,1,1,1,1,63
346,REQ-0008,3,1,Career Site,2025-08-11,1,0,0,0,,
347,REQ-0008,3,1,Employee Referral,2025-07-31,0,0,0,0,,
348,REQ-0008,3,1,Employee Referral,2025-08-20,1,0,0,0,,
349,REQ-0008,3,1,LinkedIn,2025-08-10,0,0,0,0,,
350,REQ-0008,3,1,Employee Referral,2025-08-18,1,1,1,1,1,63
351,REQ-0008,3,1,Agency,2025-08-19,1,0,0,0,,
352,REQ-0008,3,1,Career Site,2025-08-19,0,0,0,0,,
353,REQ-0008,3,1,Career Site,2025-07-28,1,0,0,0,,
354,REQ-0008,3,1,Career Site,2025-07-31,0,0,0,0,,
355,REQ-0008,3,1,Job Board,2025-08-17,1,1,0,0,,
356,REQ-0008,3,1,LinkedIn,2025-08-14,0,0,0,0,,
357,REQ-0008,3,1,Agency,2025-08-08,1,1,1,1,1,63
358,REQ-0008,3,1,Job Board,2025-08-09,1,0,0,0,,
359,REQ-0008,3,1,LinkedIn,2025-08-16,1,1,0,0,,
360,REQ-0008,3,1,Agency,2025-08-14,1,1,0,0,,
361,REQ-0008,3,1,Career Site,2025-08-10,1,1,0,0,,
362,REQ-0008,3,1,LinkedIn,2025-08-20,0,0,0,0,,
363,REQ-0008,3,1,Agency,2025-08-03,0,0,0,0,,
364,REQ-0008,3,1,Job Board,2025-08-22,0,0,0,0,,
365,REQ-0008,3,1,Career Site,2025-08-12,1,0,0,0,,
366,REQ-0008,3,1,Job Board,2025-08-15,0,0,0,0,,
367,REQ-0008,3,1,Job Board,2025-08-09,1,1,1,1,1,63
368,REQ-0008,3,1,Career Site,2025-08-14,0,0,0,0,,
369,REQ-0008,3,1,Career Site,2025-08-20,1,1,0,0,,
370,REQ-0008,3,1,Job Board,2025-07-30,1,1,0,0,,
371,REQ-0008,3,1,Career Site,2025-08-06,1,1,0,0,,
372,REQ-0008,3,1,Job Board,2025-08-08,1,0,0,0,,
373,REQ-0008,3,1,LinkedIn,2025-08-04,1,0,0,0,,
374,REQ-0008,3,1,Job Board,2025-08-03,0,0,0,0,,
375,REQ-0009,11,5,Career Site,2025-04-01,1,0,0,0,,
376,REQ-0009,11,5,Job Board,2025-03-30,1,0,0,0,,
377,REQ-0009,11,5,LinkedIn,2025-03-21,0,0,0,0,,
378,REQ-0009,11,5,LinkedIn,2025-03-10,0,0,0,0,,
379,REQ-0009,11,5,LinkedIn,2025-03-21,1,0,0,0,,
380,REQ-0009,11,5,Career Site,2025-03-24,1,1,0,0,,
381,REQ-0009,11,5,Career Site,2025-04-02,1,1,0,0,,
382,REQ-0009,11,5,Agency,2025-03-08,1,1,0,0,,
383,REQ-0009,11,5,Job Board,2025-03-22,0,0,0,0,,
384,REQ-0009,11,5,LinkedIn,2025-03-30,0,0,0,0,,
385,REQ-0009,11,5,Job Board,2025-03-10,1,1,0,0,,
386,REQ-0009,11,5,Employee Referral,2025-03-29,1,1,0,0,,
387,REQ-0009,11,5,Job Board,2025-04-02,1,1,0,0,,
388,REQ-0009,11,5,Job Board,2025-03-23,1,0,0,0,,
389,REQ-0009,11,5,LinkedIn,2025-03-22,1,0,0,0,,
390,REQ-0009,11,5,Career Site,2025-03-08,0,0,0,0,,
391,REQ-0009,11,5,Career Site,2025-03-16,0,0,0,0,,
392,REQ-0009,11,5,LinkedIn,2025-03-21,0,0,0,0,,
393,REQ-0009,11,5,Career Site,2025-04-02,1,0,0,0,,
394,REQ-0009,11,5,LinkedIn,2025-03-13,1,1,0,0,,
395,REQ-0009,11,5,LinkedIn,2025-03-18,1,0,0,0,,
396,REQ-0009,11,5,Agency,2025-03-25,1,1,1,1,1,48
397,REQ-0009,11,5,LinkedIn,2025-03-12,1,1,1,0,0,
398,REQ-0009,11,5,Career Site,2025-03-09,0,0,0,0,,
399,REQ-0009,11,5,LinkedIn,2025-03-30,1,1,1,0,0,
400,REQ-0009,11,5,Job Board,2025-03-31,1,0,0,0,,
401,REQ-0009,11,5,Job Board,2025-03-27,1,0,0,0,,
402,REQ-0009,11,5,LinkedIn,2025-03-28,1,1,0,0,,
403,REQ-0009,11,5,LinkedIn,2025-04-02,0,0,0,0,,
404,REQ-0009,11,5,LinkedIn,2025-03-23,0,0,0,0,,
405,REQ-0009,11,5,LinkedIn,2025-03-17,1,1,0,0,,
406,REQ-0009,11,5,Employee Referral,2025-03-27,0,0,0,0,,
407,REQ-0009,11,5,Job Board,2025-04-02,0,0,0,0,,
408,REQ-0009,11,5,Career Site,2025-03-24,1,0,0,0,,
409,REQ-0009,11,5,Job Board,2025-03-28,1,1,0,0,,
410,REQ-0009,11,5,Career Site,2025-03-11,0,0,0,0,,
411,REQ-0009,11,5,Job Board,2025-03-08,1,1,0,0,,
412,REQ-0009,11,5,Employee Referral,2025-03-17,0,0,0,0,,
413,REQ-0009,11,5,Career Site,2025-03-29,1,0,0,0,,
414,REQ-0009,11,5,LinkedIn,2025-03-21,1,0,0,0,,
415,REQ-0009,11,5,Job Board,2025-03-13,1,1,0,0,,
416,REQ-0009,11,5,Job Board,2025-03-15,1,1,0,0,,
417,REQ-0009,11,5,Career Site,2025-03-19,1,1,0,0,,
418,REQ-0009,11,5,Employee Referral,2025-03-20,1,0,0,0,,
419,REQ-0009,11,5,Career Site,2025-03-16,1,1,0,0,,
420,REQ-0009,11,5,Job Board,2025-04-01,1,1,1,1,1,48
421,REQ-0009,11,5,Job Board,2025-03-10,1,0,0,0,,
422,REQ-0009,11,5,Career Site,2025-03-16,0,0,0,0,,
423,REQ-0009,11,5,Career Site,2025-03-26,0,0,0,0,,
424,REQ-0009,11,5,Career Site,2025-03-14,0,0,0,0,,
425,REQ-0009,11,5,Job Board,2025-04-01,1,1,0,0,,
426,REQ-0009,11,5,LinkedIn,2025-03-14,1,0,0,0,,
427,REQ-0010,12,4,LinkedIn,2025-12-20,1,0,0,0,,
428,REQ-0010,12,4,Job Board,2025-12-11,0,0,0,0,,
429,REQ-0010,12,4,Job Board,2025-12-04,1,1,0,0,,
430,REQ-0010,12,4,Job Board,2025-12-12,0,0,0,0,,
431,REQ-0010,12,4,Agency,2025-12-28,1,1,1,1,1,37
432,REQ-0010,12,4,Agency,2025-12-10,0,0,0,0,,
433,REQ-0010,12,4,Job Board,2025-12-10,0,0,0,0,,
434,REQ-0010,12,4,Employee Referral,2025-12-13,0,0,0,0,,
435,REQ-0010,12,4,Job Board,2025-12-17,1,1,0,0,,
436,REQ-0010,12,4,Career Site,2025-12-11,1,1,0,0,,
437,REQ-0010,12,4,LinkedIn,2025-12-06,1,1,0,0,,
438,REQ-0010,12,4,Employee Referral,2025-12-14,1,1,1,1,1,37
439,REQ-0010,12,4,LinkedIn,2025-12-25,1,0,0,0,,
440,REQ-0010,12,4,Job Board,2025-12-17,0,0,0,0,,
441,REQ-0010,12,4,Job Board,2025-12-08,0,0,0,0,,
442,REQ-0010,12,4,Job Board,2025-12-08,1,0,0,0,,
443,REQ-0010,12,4,LinkedIn,2025-12-25,0,0,0,0,,
444,REQ-0010,12,4,LinkedIn,2025-12-06,1,1,1,1,1,37
445,REQ-0010,12,4,Employee Referral,2025-12-12,1,0,0,0,,
446,REQ-0010,12,4,Employee Referral,2025-12-07,0,0,0,0,,
447,REQ-0010,12,4,LinkedIn,2025-12-08,0,0,0,0,,
448,REQ-0010,12,4,Employee Referral,2025-12-16,0,0,0,0,,
449,REQ-0010,12,4,Agency,2025-12-18,1,0,0,0,,
450,REQ-0010,12,4,Employee Referral,2025-12-11,1,1,1,1,1,37
451,REQ-0010,12,4,Career Site,2025-12-04,1,1,0,0,,
452,REQ-0010,12,4,Employee Referral,2025-12-26,1,1,0,0,,
453,REQ-0010,12,4,Career Site,2025-12-05,0,0,0,0,,
454,REQ-0010,12,4,Employee Referral,2025-12-27,1,1,0,0,,
455,REQ-0010,12,4,Job Board,2025-12-14,0,0,0,0,,
456,REQ-0010,12,4,Agency,2025-12-21,1,1,1,1,1,37
457,REQ-0010,12,4,LinkedIn,2025-12-24,0,0,0,0,,
458,REQ-0010,12,4,Job Board,2025-12-17,0,0,0,0,,
459,REQ-0011,12,3,LinkedIn,2024-09-19,1,0,0,0,,
460,REQ-0011,12,3,Employee Referral,2024-09-16,1,0,0,0,,
461,REQ-0011,12,3,Agency,2024-10-03,1,0,0,0,,
462,REQ-0011,12,3,Job Board,2024-09-21,0,0,0,0,,
463,REQ-0011,12,3,LinkedIn,2024-09-24,1,0,0,0,,
464,REQ-0011,12,3,Employee Referral,2024-09-11,0,0,0,0,,
465,REQ-0011,12,3,Agency,2024-09-30,1,1,0,0,,
466,REQ-0011,12,3,Job Board,2024-09-13,1,1,1,0,0,
467,REQ-0011,12,3,Job Board,2024-09-13,0,0,0,0,,
468,REQ-0011,12,3,Career Site,2024-09-27,1,0,0,0,,
469,REQ-0011,12,3,Career Site,2024-09-30,1,1,0,0,,
470,REQ-0011,12,3,Career Site,2024-09-16,1,1,1,1,1,35
471,REQ-0011,12,3,LinkedIn,2024-09-25,1,0,0,0,,
472,REQ-0011,12,3,Employee Referral,2024-09-19,1,1,0,0,,
473,REQ-0011,12,3,Career Site,2024-09-11,0,0,0,0,,
474,REQ-0011,12,3,LinkedIn,2024-09-11,0,0,0,0,,
475,REQ-0011,12,3,Career Site,2024-10-03,0,0,0,0,,
476,REQ-0011,12,3,LinkedIn,2024-09-18,0,0,0,0,,
477,REQ-0011,12,3,LinkedIn,2024-09-29,1,0,0,0,,
478,REQ-0011,12,3,LinkedIn,2024-09-23,1,0,0,0,,
479,REQ-0011,12,3,Employee Referral,2024-09-14,1,1,0,0,,
480,REQ-0012,12,1,Employee Referral,2025-07-12,0,0,0,0,,
481,REQ-0012,12,1,Career Site,2025-06-29,1,1,1,1,1,12
482,REQ-0012,12,1,Agency,2025-07-14,1,1,0,0,,
483,REQ-0012,12,1,LinkedIn,2025-06-30,0,0,0,0,,
484,REQ-0012,12,1,Job Board,2025-07-16,1,0,0,0,,
485,REQ-0012,12,1,LinkedIn,2025-06-25,1,0,0,0,,
486,REQ-0012,12,1,LinkedIn,2025-06-25,1,0,0,0,,
487,REQ-0012,12,1,Employee Referral,2025-07-03,1,0,0,0,,
488,REQ-0012,12,1,Career Site,2025-07-12,0,0,0,0,,
489,REQ-0012,12,1,Job Board,2025-06-30,1,0,0,0,,
490,REQ-0012,12,1,Agency,2025-07-04,1,1,0,0,,
491,REQ-0012,12,1,Employee Referral,2025-07-06,1,1,0,0,,
492,REQ-0012,12,1,Employee Referral,2025-06-26,0,0,0,0,,
493,REQ-0012,12,1,Employee Referral,2025-07-13,0,0,0,0,,
494,REQ-0012,12,1,Employee Referral,2025-06-29,1,1,0,0,,
495,REQ-0012,12,1,Agency,2025-07-02,1,0,0,0,,
496,REQ-0012,12,1,LinkedIn,2025-07-04,1,1,0,0,,
497,REQ-0012,12,1,Job Board,2025-07-04,0,0,0,0,,
498,REQ-0012,12,1,Employee Referral,2025-07-15,1,0,0,0,,
499,REQ-0012,12,1,Job Board,2025-06-30,1,0,0,0,,
500,REQ-0012,12,1,Employee Referral,2025-06-25,1,0,0,0,,
501,REQ-0012,12,1,Agency,2025-07-14,0,0,0,0,,
502,REQ-0012,12,1,Job Board,2025-07-10,1,0,0,0,,
503,REQ-0012,12,1,Career Site,2025-07-06,1,1,1,0,0,
504,REQ-0012,12,1,LinkedIn,2025-06-25,1,1,0,0,,
505,REQ-0012,12,1,Employee Referral,2025-07-06,1,0,0,0,,
506,REQ-0012,12,1,Career Site,2025-07-03,1,0,0,0,,
507,REQ-0012,12,1,Career Site,2025-07-09,1,0,0,0,,
508,REQ-0012,12,1,LinkedIn,2025-06-24,1,0,0,0,,
509,REQ-0012,12,1,Agency,2025-06-25,0,0,0,0,,
510,REQ-0012,12,1,Career Site,2025-06-24,1,1,0,0,,
511,REQ-0012,12,1,Agency,2025-07-08,1,1,0,0,,
512,REQ-0012,12,1,LinkedIn,2025-06-29,1,0,0,0,,
513,REQ-0012,12,1,Career Site,2025-06-24,1,0,0,0,,
514,REQ-0012,12,1,Employee Referral,2025-06-29,1,0,0,0,,
515,REQ-0012,12,1,Job Board,2025-07-03,1,0,0,0,,
516,REQ-0012,12,1,Employee Referral,2025-07-03,1,1,0,0,,
517,REQ-0012,12,1,LinkedIn,2025-07-11,1,0,0,0,,
518,REQ-0012,12,1,LinkedIn,2025-07-02,1,0,0,0,,
519,REQ-0012,12,1,Employee Referral,2025-07-14,1,1,0,0,,
520,REQ-0012,12,1,Employee Referral,2025-07-06,1,0,0,0,,
521,REQ-0012,12,1,LinkedIn,2025-07-03,1,1,1,1,1,12
522,REQ-0012,12,1,LinkedIn,2025-07-06,1,0,0,0,,
523,REQ-0012,12,1,Career Site,2025-07-03,0,0,0,0,,
524,REQ-0012,12,1,Job Board,2025-07-14,0,0,0,0,,
525,REQ-0012,12,1,Career Site,2025-06-21,0,0,0,0,,
526,REQ-0012,12,1,Career Site,2025-07-15,1,0,0,0,,
527,REQ-0012,12,1,Career Site,2025-07-16,0,0,0,0,,
528,REQ-0012,12,1,Employee Referral,2025-06-24,1,1,0,0,,
529,REQ-0012,12,1,LinkedIn,2025-07-07,0,0,0,0,,
530,REQ-0012,12,1,Career Site,2025-07-06,1,1,0,0,,
531,REQ-0013,8,3,Agency,2025-12-16,0,0,0,0,,
532,REQ-0013,8,3,Agency,2025-12-11,0,0,0,0,,
533,REQ-0013,8,3,LinkedIn,2025-12-05,1,0,0,0,,
534,REQ-0013,8,3,Agency,2025-12-21,1,1,0,0,,
535,REQ-0013,8,3,Agency,2025-11-27,1,1,0,0,,
536,REQ-0013,8,3,LinkedIn,2025-12-22,1,1,1,1,1,34
537,REQ-0013,8,3,Agency,2025-11-27,0,0,0,0,,
538,REQ-0013,8,3,LinkedIn,2025-12-01,1,0,0,0,,
539,REQ-0013,8,3,LinkedIn,2025-11-27,1,1,1,1,1,34
540,REQ-0013,8,3,LinkedIn,2025-11-30,0,0,0,0,,
541,REQ-0013,8,3,Career Site,2025-11-30,1,1,0,0,,
542,REQ-0013,8,3,Job Board,2025-12-21,1,0,0,0,,
543,REQ-0013,8,3,LinkedIn,2025-12-03,0,0,0,0,,
544,REQ-0013,8,3,Career Site,2025-12-15,1,0,0,0,,
545,REQ-0013,8,3,Employee Referral,2025-11-27,0,0,0,0,,
546,REQ-0013,8,3,Career Site,2025-12-09,0,0,0,0,,
547,REQ-0013,8,3,LinkedIn,2025-12-04,0,0,0,0,,
548,REQ-0013,8,3,Career Site,2025-12-01,0,0,0,0,,
549,REQ-0013,8,3,Career Site,2025-12-02,1,0,0,0,,
550,REQ-0013,8,3,Job Board,2025-12-10,1,0,0,0,,
551,REQ-0013,8,3,Career Site,2025-12-19,1,0,0,0,,
552,REQ-0013,8,3,Employee Referral,2025-12-05,1,0,0,0,,
553,REQ-0013,8,3,LinkedIn,2025-11-27,1,1,0,0,,
554,REQ-0013,8,3,Employee Referral,2025-12-07,1,0,0,0,,
555,REQ-0013,8,3,LinkedIn,2025-12-05,1,0,0,0,,
556,REQ-0013,8,3,Career Site,2025-11-29,0,0,0,0,,
557,REQ-0013,8,3,LinkedIn,2025-12-08,1,1,0,0,,
558,REQ-0013,8,3,Employee Referral,2025-12-15,1,0,0,0,,
559,REQ-0013,8,3,Employee Referral,2025-12-07,1,1,0,0,,
560,REQ-0013,8,3,Job Board,2025-12-21,1,0,0,0,,
561,REQ-0013,8,3,LinkedIn,2025-12-04,0,0,0,0,,
562,REQ-0013,8,3,Employee Referral,2025-12-01,1,0,0,0,,
563,REQ-0013,8,3,LinkedIn,2025-12-18,1,1,0,0,,
564,REQ-0013,8,3,LinkedIn,2025-12-11,1,1,0,0,,
565,REQ-0013,8,3,Job Board,2025-12-13,1,1,1,0,0,
566,REQ-0013,8,3,Job Board,2025-12-02,1,1,0,0,,
567,REQ-0013,8,3,Employee Referral,2025-12-05,1,0,0,0,,
568,REQ-0013,8,3,Employee Referral,2025-12-19,1,1,0,0,,
569,REQ-0013,8,3,Agency,2025-12-18,1,0,0,0,,
570,REQ-0013,8,3,Employee Referral,2025-12-21,1,1,0,0,,
571,REQ-0013,8,3,Job Board,2025-12-03,1,0,0,0,,
572,REQ-0013,8,3,LinkedIn,2025-12-19,0,0,0,0,,
573,REQ-0013,8,3,LinkedIn,2025-11-28,1,1,0,0,,
574,REQ-0013,8,3,Job Board,2025-12-13,1,1,0,0,,
575,REQ-0013,8,3,Employee Referral,2025-11-29,1,1,0,0,,
576,REQ-0013,8,3,LinkedIn,2025-12-22,1,1,0,0,,
577,REQ-0013,8,3,LinkedIn,2025-12-03,1,0,0,0,,
578,REQ-0013,8,3,Career Site,2025-11-27,0,0,0,0,,
579,REQ-0013,8,3,Agency,2025-12-16,0,0,0,0,,
580,REQ-0013,8,3,Career Site,2025-12-09,0,0,0,0,,
581,REQ-0013,8,3,LinkedIn,2025-11-30,1,1,1,1,1,34
582,REQ-0013,8,3,Job Board,2025-12-21,1,0,0,0,,
583,REQ-0013,8,3,Employee Referral,2025-12-05,1,0,0,0,,
584,REQ-0013,8,3,LinkedIn,2025-12-11,0,0,0,0,,
585,REQ-0013,8,3,LinkedIn,2025-12-12,1,1,1,1,1,34
586,REQ-0013,8,3,Job Board,2025-12-06,0,0,0,0,,
587,REQ-0013,8,3,Employee Referral,2025-12-10,1,1,0,0,,
588,REQ-0013,8,3,Job Board,2025-12-02,0,0,0,0,,
589,REQ-0013,8,3,Job Board,2025-12-07,0,0,0,0,,
590,REQ-0013,8,3,Agency,2025-12-06,1,0,0,0,,
591,REQ-0013,8,3,LinkedIn,2025-12-07,0,0,0,0,,
592,REQ-0014,11,4,Employee Referral,2025-03-10,1,1,1,0,0,
593,REQ-0014,11,4,Job Board,2025-03-24,1,0,0,0,,
594,REQ-0014,11,4,Job Board,2025-03-20,1,1,0,0,,
595,REQ-0014,11,4,Career Site,2025-03-10,1,1,1,0,0,
596,REQ-0014,11,4,Job Board,2025-03-18,1,1,0,0,,
597,REQ-0014,11,4,Career Site,2025-03-30,0,0,0,0,,
598,REQ-0014,11,4,Job Board,2025-03-16,1,0,0,0,,
599,REQ-0014,11,4,Employee Referral,2025-03-19,0,0,0,0,,
600,REQ-0014,11,4,Employee Referral,2025-03-26,0,0,0,0,,
601,REQ-0014,11,4,Job Board,2025-03-07,1,1,0,0,,
602,REQ-0014,11,4,Job Board,2025-03-09,1,1,0,0,,
603,REQ-0014,11,4,LinkedIn,2025-03-07,1,1,0,0,,
604,REQ-0014,11,4,LinkedIn,2025-03-08,1,0,0,0,,
605,REQ-0014,11,4,Career Site,2025-03-10,0,0,0,0,,
606,REQ-0014,11,4,Agency,2025-03-19,1,1,0,0,,
607,REQ-0014,11,4,Employee Referral,2025-03-16,0,0,0,0,,
608,REQ-0014,11,4,LinkedIn,2025-03-19,1,1,0,0,,
609,REQ-0014,11,4,Job Board,2025-03-21,1,1,1,1,1,27
610,REQ-0014,11,4,Employee Referral,2025-03-26,1,0,0,0,,
611,REQ-0014,11,4,Job Board,2025-03-27,0,0,0,0,,
612,REQ-0014,11,4,Agency,2025-03-25,0,0,0,0,,
613,REQ-0014,11,4,Career Site,2025-03-18,1,0,0,0,,
614,REQ-0014,11,4,Career Site,2025-03-24,1,0,0,0,,
615,REQ-0014,11,4,LinkedIn,2025-03-21,1,1,0,0,,
616,REQ-0014,11,4,LinkedIn,2025-03-29,1,1,1,1,1,27
617,REQ-0014,11,4,Career Site,2025-03-12,1,1,1,1,1,27
618,REQ-0014,11,4,Job Board,2025-03-15,0,0,0,0,,
619,REQ-0014,11,4,Employee Referral,2025-03-25,1,0,0,0,,
620,REQ-0014,11,4,LinkedIn,2025-03-27,1,1,1,0,0,
621,REQ-0014,11,4,Employee Referral,2025-03-25,0,0,0,0,,
622,REQ-0014,11,4,Job Board,2025-03-18,0,0,0,0,,
623,REQ-0014,11,4,Job Board,2025-03-06,1,1,0,0,,
624,REQ-0014,11,4,Career Site,2025-03-26,1,1,0,0,,
625,REQ-0014,11,4,Career Site,2025-03-21,0,0,0,0,,
626,REQ-0014,11,4,Career Site,2025-03-06,1,0,0,0,,
627,REQ-0014,11,4,LinkedIn,2025-03-22,1,1,0,0,,
628,REQ-0014,11,4,Job Board,2025-03-21,0,0,0,0,,
629,REQ-0014,11,4,Job Board,2025-03-17,0,0,0,0,,
630,REQ-0014,11,4,Job Board,2025-03-14,0,0,0,0,,
631,REQ-0014,11,4,Job Board,2025-03-12,1,1,1,1,1,27
632,REQ-0014,11,4,Career Site,2025-03-27,0,0,0,0,,
633,REQ-0014,11,4,Career Site,2025-03-31,1,0,0,0,,
634,REQ-0014,11,4,LinkedIn,2025-03-16,1,0,0,0,,
635,REQ-0014,11,4,Agency,2025-03-28,1,0,0,0,,
636,REQ-0014,11,4,Agency,2025-03-31,1,0,0,0,,
637,REQ-0014,11,4,Career Site,2025-03-13,1,0,0,0,,
638,REQ-0014,11,4,Job Board,2025-03-21,1,0,0,0,,
639,REQ-0014,11,4,LinkedIn,2025-03-11,0,0,0,0,,
640,REQ-0014,11,4,LinkedIn,2025-03-28,1,0,0,0,,
641,REQ-0014,11,4,Employee Referral,2025-03-06,1,1,0,0,,
642,REQ-0014,11,4,LinkedIn,2025-03-11,0,0,0,0,,
643,REQ-0014,11,4,Career Site,2025-03-12,1,1,0,0,,
644,REQ-0014,11,4,Employee Referral,2025-03-13,1,1,0,0,,
645,REQ-0014,11,4,Career Site,2025-03-20,0,0,0,0,,
646,REQ-0014,11,4,LinkedIn,2025-03-15,0,0,0,0,,
647,REQ-0014,11,4,LinkedIn,2025-03-23,1,0,0,0,,
648,REQ-0014,11,4,LinkedIn,2025-03-31,1,1,1,1,1,27
649,REQ-0014,11,4,Career Site,2025-03-29,1,1,0,0,,
650,REQ-0014,11,4,Career Site,2025-03-08,0,0,0,0,,
651,REQ-0015,5,3,LinkedIn,2025-12-01,0,0,0,0,,
652,REQ-0015,5,3,LinkedIn,2025-12-14,0,0,0,0,,
653,REQ-0015,5,3,Agency,2025-12-08,1,1,0,0,,
654,REQ-0015,5,3,LinkedIn,2025-12-19,1,1,0,0,,
655,REQ-0015,5,3,Career Site,2025-11-30,0,0,0,0,,
656,REQ-0015,5,3,Employee Referral,2025-12-11,1,0,0,0,,
657,REQ-0015,5,3,Career Site,2025-12-10,1,1,0,0,,
658,REQ-0015,5,3,Job Board,2025-12-17,1,0,0,0,,
659,REQ-0015,5,3,LinkedIn,2025-12-16,0,0,0,0,,
660,REQ-0015,5,3,Job Board,2025-12-14,1,0,0,0,,
661,REQ-0015,5,3,Job Board,2025-11-26,0,0,0,0,,
662,REQ-0015,5,3,LinkedIn,2025-11-29,0,0,0,0,,
663,REQ-0015,5,3,Job Board,2025-12-07,0,0,0,0,,
664,REQ-0015,5,3,Job Board,2025-11-29,1,0,0,0,,
665,REQ-0015,5,3,Employee Referral,2025-12-20,1,1,1,1,1,91
666,REQ-0015,5,3,Job Board,2025-12-02,1,0,0,0,,
667,REQ-0015,5,3,Career Site,2025-11-30,0,0,0,0,,
668,REQ-0015,5,3,Job Board,2025-12-15,0,0,0,0,,
669,REQ-0015,5,3,LinkedIn,2025-12-04,1,1,1,1,1,91
670,REQ-0015,5,3,Employee Referral,2025-12-07,0,0,0,0,,
671,REQ-0015,5,3,LinkedIn,2025-12-05,0,0,0,0,,
672,REQ-0015,5,3,Employee Referral,2025-12-07,1,0,0,0,,
673,REQ-0015,5,3,Employee Referral,2025-12-07,1,0,0,0,,
674,REQ-0015,5,3,Career Site,2025-11-27,0,0,0,0,,
675,REQ-0015,5,3,LinkedIn,2025-12-20,1,1,1,0,0,
676,REQ-0015,5,3,Employee Referral,2025-11-26,1,1,0,0,,
677,REQ-0015,5,3,Career Site,2025-12-02,1,1,0,0,,
678,REQ-0015,5,3,Job Board,2025-12-01,1,0,0,0,,
679,REQ-0015,5,3,Job Board,2025-12-10,0,0,0,0,,
680,REQ-0015,5,3,Employee Referral,2025-12-05,1,1,0,0,,
681,REQ-0015,5,3,Employee Referral,2025-12-08,1,0,0,0,,
682,REQ-0016,5,5,LinkedIn,2024-11-12,1,0,0,0,,
683,REQ-0016,5,5,Agency,2024-11-19,0,0,0,0,,
684,REQ-0016,5,5,Employee Referral,2024-11-13,1,0,0,0,,
685,REQ-0016,5,5,LinkedIn,2024-11-13,1,0,0,0,,
686,REQ-0016,5,5,Employee Referral,2024-11-02,1,1,1,1,1,64
687,REQ-0016,5,5,LinkedIn,2024-11-03,1,0,0,0,,
688,REQ-0016,5,5,LinkedIn,2024-11-07,1,1,0,0,,
689,REQ-0016,5,5,Career Site,2024-11-12,0,0,0,0,,
690,REQ-0016,5,5,Employee Referral,2024-11-07,1,0,0,0,,
691,REQ-0016,5,5,Job Board,2024-11-11,0,0,0,0,,
692,REQ-0016,5,5,LinkedIn,2024-10-30,1,1,1,0,0,
693,REQ-0016,5,5,Job Board,2024-11-16,1,1,0,0,,
694,REQ-0016,5,5,LinkedIn,2024-11-09,1,1,0,0,,
695,REQ-0016,5,5,Employee Referral,2024-11-08,0,0,0,0,,
696,REQ-0016,5,5,Career Site,2024-11-11,1,1,0,0,,
697,REQ-0016,5,5,Career Site,2024-11-19,1,0,0,0,,
698,REQ-0016,5,5,Employee Referral,2024-11-08,1,1,0,0,,
699,REQ-0016,5,5,Employee Referral,2024-10-31,0,0,0,0,,
700,REQ-0016,5,5,Job Board,2024-11-08,0,0,0,0,,
701,REQ-0016,5,5,LinkedIn,2024-11-05,1,1,0,0,,
702,REQ-0016,5,5,LinkedIn,2024-11-14,1,0,0,0,,
703,REQ-0016,5,5,LinkedIn,2024-10-28,1,1,0,0,,
704,REQ-0016,5,5,Employee Referral,2024-10-29,1,0,0,0,,
705,REQ-0016,5,5,Job Board,2024-11-20,1,0,0,0,,
706,REQ-0016,5,5,LinkedIn,2024-11-04,1,1,0,0,,
707,REQ-0016,5,5,LinkedIn,2024-11-11,0,0,0,0,,
708,REQ-0016,5,5,Career Site,2024-11-11,1,1,0,0,,
709,REQ-0016,5,5,Job Board,2024-11-04,0,0,0,0,,
710,REQ-0016,5,5,Job Board,2024-11-19,1,0,0,0,,
711,REQ-0016,5,5,Job Board,2024-10-30,1,1,0,0,,
712,REQ-0016,5,5,LinkedIn,2024-11-11,1,1,1,1,1,64
713,REQ-0016,5,5,Employee Referral,2024-11-15,0,0,0,0,,
714,REQ-0016,5,5,Career Site,2024-11-10,1,1,1,1,1,64
715,REQ-0016,5,5,Job Board,2024-11-10,1,1,0,0,,
716,REQ-0016,5,5,Employee Referral,2024-11-20,1,0,0,0,,
717,REQ-0016,5,5,LinkedIn,2024-11-20,1,1,0,0,,
718,REQ-0016,5,5,LinkedIn,2024-11-14,1,0,0,0,,
719,REQ-0016,5,5,Job Board,2024-11-05,1,0,0,0,,
720,REQ-0016,5,5,Job Board,2024-10-29,1,1,1,1,1,64
721,REQ-0016,5,5,Job Board,2024-11-02,1,0,0,0,,
722,REQ-0016,5,5,Agency,2024-11-05,0,0,0,0,,
723,REQ-0016,5,5,Agency,2024-11-12,0,0,0,0,,
724,REQ-0016,5,5,Career Site,2024-11-03,1,0,0,0,,
725,REQ-0016,5,5,LinkedIn,2024-11-01,1,1,0,0,,
726,REQ-0016,5,5,Agency,2024-11-20,0,0,0,0,,
727,REQ-0016,5,5,Employee Referral,2024-11-01,1,1,1,1,1,64
728,REQ-0016,5,5,LinkedIn,2024-11-14,1,1,0,0,,
729,REQ-0016,5,5,Career Site,2024-10-31,1,1,1,0,0,
730,REQ-0016,5,5,Career Site,2024-11-01,0,0,0,0,,
731,REQ-0016,5,5,Employee Referral,2024-11-19,0,0,0,0,,
732,REQ-0016,5,5,Employee Referral,2024-10-31,0,0,0,0,,
733,REQ-0016,5,5,Employee Referral,2024-11-02,1,1,0,0,,
734,REQ-0016,5,5,Employee Referral,2024-10-29,1,1,0,0,,
735,REQ-0016,5,5,Job Board,2024-11-02,1,0,0,0,,
736,REQ-0016,5,5,Career Site,2024-11-11,1,1,0,0,,
737,REQ-0016,5,5,LinkedIn,2024-11-12,0,0,0,0,,
738,REQ-0016,5,5,Job Board,2024-11-11,1,0,0,0,,
739,REQ-0016,5,5,Agency,2024-11-18,1,0,0,0,,
740,REQ-0016,5,5,Career Site,2024-11-07,1,1,0,0,,
741,REQ-0017,6,1,Job Board,2024-08-29,1,0,0,0,,
742,REQ-0017,6,1,Career Site,2024-09-08,1,1,0,0,,
743,REQ-0017,6,1,Career Site,2024-09-06,1,0,0,0,,
744,REQ-0017,6,1,Job Board,2024-09-13,0,0,0,0,,
745,REQ-0017,6,1,LinkedIn,2024-09-10,1,1,0,0,,
746,REQ-0017,6,1,LinkedIn,2024-09-21,1,0,0,0,,
747,REQ-0017,6,1,Career Site,2024-09-18,1,1,0,0,,
748,REQ-0017,6,1,Job Board,2024-09-18,0,0,0,0,,
749,REQ-0017,6,1,Job Board,2024-09-13,0,0,0,0,,
750,REQ-0017,6,1,Career Site,2024-09-16,0,0,0,0,,
751,REQ-0017,6,1,Employee Referral,2024-08-28,1,1,1,1,1,12
752,REQ-0017,6,1,Job Board,2024-09-09,1,0,0,0,,
753,REQ-0017,6,1,Employee Referral,2024-09-08,1,1,0,0,,
754,REQ-0017,6,1,Job Board,2024-09-11,0,0,0,0,,
755,REQ-0017,6,1,Job Board,2024-08-28,0,0,0,0,,
756,REQ-0017,6,1,Employee Referral,2024-09-17,1,1,0,0,,
757,REQ-0017,6,1,LinkedIn,2024-09-11,1,1,0,0,,
758,REQ-0017,6,1,LinkedIn,2024-09-22,0,0,0,0,,
759,REQ-0017,6,1,LinkedIn,2024-08-31,0,0,0,0,,
760,REQ-0017,6,1,LinkedIn,2024-09-15,0,0,0,0,,
761,REQ-0017,6,1,Career Site,2024-09-09,0,0,0,0,,
762,REQ-0017,6,1,Career Site,2024-09-02,1,1,1,1,1,12
763,REQ-0017,6,1,LinkedIn,2024-09-22,0,0,0,0,,
764,REQ-0017,6,1,LinkedIn,2024-09-12,0,0,0,0,,
765,REQ-0017,6,1,LinkedIn,2024-09-13,0,0,0,0,,
766,REQ-0018,2,6,Agency,2025-07-13,0,0,0,0,,
767,REQ-0018,2,6,Career Site,2025-07-20,1,0,0,0,,
768,REQ-0018,2,6,Career Site,2025-07-15,0,0,0,0,,
769,REQ-0018,2,6,Job Board,2025-07-02,1,0,0,0,,
770,REQ-0018,2,6,Employee Referral,2025-06-29,1,1,0,0,,
771,REQ-0018,2,6,Career Site,2025-07-15,0,0,0,0,,
772,REQ-0018,2,6,Career Site,2025-07-02,0,0,0,0,,
773,REQ-0018,2,6,LinkedIn,2025-07-03,1,1,0,0,,
774,REQ-0018,2,6,LinkedIn,2025-07-06,1,0,0,0,,
775,REQ-0018,2,6,Employee Referral,2025-07-17,1,1,1,1,1,51
776,REQ-0018,2,6,Job Board,2025-07-05,0,0,0,0,,
777,REQ-0018,2,6,LinkedIn,2025-06-27,0,0,0,0,,
778,REQ-0018,2,6,LinkedIn,2025-07-01,0,0,0,0,,
779,REQ-0018,2,6,LinkedIn,2025-06-29,1,1,1,1,1,51
780,REQ-0018,2,6,Agency,2025-06-27,0,0,0,0,,
781,REQ-0018,2,6,Employee Referral,2025-07-17,1,1,0,0,,
782,REQ-0018,2,6,Job Board,2025-07-10,1,0,0,0,,
783,REQ-0018,2,6,LinkedIn,2025-06-30,1,1,0,0,,
784,REQ-0018,2,6,Career Site,2025-07-07,0,0,0,0,,
785,REQ-0018,2,6,Career Site,2025-07-04,1,1,0,0,,
786,REQ-0018,2,6,LinkedIn,2025-07-15,1,0,0,0,,
787,REQ-0018,2,6,Job Board,2025-06-29,1,0,0,0,,
788,REQ-0018,2,6,Job Board,2025-07-05,0,0,0,0,,
789,REQ-0018,2,6,LinkedIn,2025-06-28,0,0,0,0,,
790,REQ-0018,2,6,Career Site,2025-07-15,0,0,0,0,,
791,REQ-0018,2,6,Employee Referral,2025-06-27,1,1,0,0,,
792,REQ-0018,2,6,Job Board,2025-06-25,0,0,0,0,,
793,REQ-0018,2,6,Employee Referral,2025-06-27,0,0,0,0,,
794,REQ-0018,2,6,Career Site,2025-07-13,0,0,0,0,,
795,REQ-0018,2,6,LinkedIn,2025-06-27,1,0,0,0,,
796,REQ-0018,2,6,Career Site,2025-07-20,0,0,0,0,,
797,REQ-0018,2,6,Career Site,2025-07-16,0,0,0,0,,
798,REQ-0018,2,6,LinkedIn,2025-06-25,1,0,0,0,,
799,REQ-0018,2,6,Career Site,2025-07-16,1,1,0,0,,
800,REQ-0018,2,6,Employee Referral,2025-07-05,0,0,0,0,,
801,REQ-0018,2,6,LinkedIn,2025-07-01,0,0,0,0,,
802,REQ-0018,2,6,Employee Referral,2025-07-06,1,1,0,0,,
803,REQ-0018,2,6,LinkedIn,2025-07-13,1,1,0,0,,
804,REQ-0018,2,6,Job Board,2025-07-16,1,0,0,0,,
805,REQ-0018,2,6,Job Board,2025-06-29,0,0,0,0,,
806,REQ-0018,2,6,Job Board,2025-07-10,1,0,0,0,,
807,REQ-0018,2,6,Job Board,2025-07-03,0,0,0,0,,
808,REQ-0018,2,6,Job Board,2025-07-04,1,1,0,0,,
809,REQ-0018,2,6,LinkedIn,2025-07-17,0,0,0,0,,
810,REQ-0018,2,6,Career Site,2025-06-25,1,1,0,0,,
811,REQ-0018,2,6,Job Board,2025-07-09,0,0,0,0,,
812,REQ-0018,2,6,Agency,2025-06-28,1,1,0,0,,
813,REQ-0018,2,6,Career Site,2025-07-09,0,0,0,0,,
814,REQ-0018,2,6,Career Site,2025-07-16,1,0,0,0,,
815,REQ-0018,2,6,Career Site,2025-07-14,1,1,0,0,,
816,REQ-0018,2,6,Job Board,2025-07-20,0,0,0,0,,
817,REQ-0018,2,6,LinkedIn,2025-07-01,0,0,0,0,,
818,REQ-0018,2,6,Job Board,2025-07-16,1,1,0,0,,
819,REQ-0018,2,6,LinkedIn,2025-06-26,1,0,0,0,,
820,REQ-0018,2,6,LinkedIn,2025-07-17,1,0,0,0,,
821,REQ-0018,2,6,Job Board,2025-07-17,0,0,0,0,,
822,REQ-0018,2,6,LinkedIn,2025-07-02,1,1,1,0,0,
823,REQ-0018,2,6,LinkedIn,2025-07-12,1,1,0,0,,
824,REQ-0018,2,6,Job Board,2025-06-28,1,0,0,0,,
825,REQ-0018,2,6,Agency,2025-07-11,0,0,0,0,,
826,REQ-0018,2,6,Job Board,2025-06-29,1,1,1,1,1,51
827,REQ-0018,2,6,Job Board,2025-07-18,1,0,0,0,,
828,REQ-0018,2,6,LinkedIn,2025-06-30,1,1,1,1,1,51
829,REQ-0018,2,6,Career Site,2025-07-02,1,1,1,1,1,51
830,REQ-0018,2,6,Job Board,2025-06-25,1,0,0,0,,
831,REQ-0019,11,5,Career Site,2025-04-13,1,0,0,0,,
832,REQ-0019,11,5,Job Board,2025-04-08,0,0,0,0,,
833,REQ-0019,11,5,Career Site,2025-04-08,0,0,0,0,,
834,REQ-0019,11,5,Career Site,2025-04-25,1,0,0,0,,
835,REQ-0019,11,5,LinkedIn,2025-04-27,1,1,1,1,1,66
836,REQ-0019,11,5,Job Board,2025-04-27,0,0,0,0,,
837,REQ-0019,11,5,LinkedIn,2025-04-15,1,0,0,0,,
838,REQ-0019,11,5,LinkedIn,2025-04-23,1,1,1,1,1,66
839,REQ-0019,11,5,Job Board,2025-04-11,1,1,0,0,,
840,REQ-0019,11,5,Job Board,2025-04-26,1,1,0,0,,
841,REQ-0019,11,5,Career Site,2025-04-22,1,1,0,0,,
842,REQ-0019,11,5,Career Site,2025-04-27,0,0,0,0,,
843,REQ-0019,11,5,Job Board,2025-04-19,1,0,0,0,,
844,REQ-0019,11,5,Employee Referral,2025-04-15,1,0,0,0,,
845,REQ-0019,11,5,Job Board,2025-04-13,0,0,0,0,,
846,REQ-0019,11,5,Agency,2025-04-15,1,0,0,0,,
847,REQ-0019,11,5,LinkedIn,2025-04-22,1,0,0,0,,
848,REQ-0019,11,5,LinkedIn,2025-04-11,1,0,0,0,,
849,REQ-0019,11,5,LinkedIn,2025-04-18,1,1,0,0,,
850,REQ-0019,11,5,LinkedIn,2025-04-11,1,1,0,0,,
851,REQ-0019,11,5,Agency,2025-04-29,1,1,0,0,,
852,REQ-0019,11,5,Employee Referral,2025-04-21,1,0,0,0,,
853,REQ-0020,8,2,Job Board,2024-09-19,0,0,0,0,,
854,REQ-0020,8,2,LinkedIn,2024-09-19,0,0,0,0,,
855,REQ-0020,8,2,Employee Referral,2024-10-09,1,0,0,0,,
856,REQ-0020,8,2,LinkedIn,2024-09-17,1,1,0,0,,
857,REQ-0020,8,2,Job Board,2024-10-04,0,0,0,0,,
858,REQ-0020,8,2,Employee Referral,2024-09-26,1,0,0,0,,
859,REQ-0020,8,2,LinkedIn,2024-09-25,0,0,0,0,,
860,REQ-0020,8,2,Job Board,2024-09-27,1,0,0,0,,
861,REQ-0020,8,2,Agency,2024-09-28,1,1,0,0,,
862,REQ-0020,8,2,Career Site,2024-09-29,1,1,1,1,1,27
863,REQ-0020,8,2,Employee Referral,2024-09-25,1,1,1,1,1,27
864,REQ-0020,8,2,LinkedIn,2024-10-06,1,1,0,0,,
865,REQ-0020,8,2,Employee Referral,2024-09-26,0,0,0,0,,
866,REQ-0020,8,2,Job Board,2024-09-24,0,0,0,0,,
867,REQ-0020,8,2,Job Board,2024-09-18,1,1,0,0,,
868,REQ-0020,8,2,LinkedIn,2024-09-30,0,0,0,0,,
869,REQ-0020,8,2,Employee Referral,2024-09-16,1,1,0,0,,
870,REQ-0020,8,2,Agency,2024-09-29,1,1,0,0,,
871,REQ-0020,8,2,Agency,2024-10-11,0,0,0,0,,
872,REQ-0020,8,2,Career Site,2024-09-27,0,0,0,0,,
873,REQ-0020,8,2,LinkedIn,2024-09-20,1,1,1,1,1,27
874,REQ-0020,8,2,Job Board,2024-09-27,1,0,0,0,,
875,REQ-0020,8,2,LinkedIn,2024-10-11,1,1,1,1,1,27
876,REQ-0020,8,2,Job Board,2024-10-08,0,0,0,0,,
877,REQ-0020,8,2,Agency,2024-09-24,0,0,0,0,,
878,REQ-0020,8,2,Employee Referral,2024-10-03,1,0,0,0,,
879,REQ-0020,8,2,LinkedIn,2024-09-27,0,0,0,0,,
880,REQ-0020,8,2,Job Board,2024-09-19,1,0,0,0,,
881,REQ-0020,8,2,Employee Referral,2024-09-22,0,0,0,0,,
882,REQ-0021,2,3,LinkedIn,2024-10-11,0,0,0,0,,
883,REQ-0021,2,3,LinkedIn,2024-10-12,0,0,0,0,,
884,REQ-0021,2,3,Job Board,2024-10-12,0,0,0,0,,
885,REQ-0021,2,3,Employee Referral,2024-10-15,1,1,0,0,,
886,REQ-0021,2,3,LinkedIn,2024-10-01,0,0,0,0,,
887,REQ-0021,2,3,Career Site,2024-10-03,0,0,0,0,,
888,REQ-0021,2,3,LinkedIn,2024-10-01,0,0,0,0,,
889,REQ-0021,2,3,Career Site,2024-10-22,0,0,0,0,,
890,REQ-0021,2,3,Job Board,2024-10-03,1,0,0,0,,
891,REQ-0021,2,3,LinkedIn,2024-10-24,1,0,0,0,,
892,REQ-0021,2,3,Career Site,2024-10-02,0,0,0,0,,
893,REQ-0021,2,3,LinkedIn,2024-10-20,1,0,0,0,,
894,REQ-0021,2,3,Job Board,2024-10-01,0,0,0,0,,
895,REQ-0021,2,3,Job Board,2024-10-24,0,0,0,0,,
896,REQ-0021,2,3,Employee Referral,2024-10-21,1,1,1,1,1,36
897,REQ-0021,2,3,Employee Referral,2024-10-12,1,0,0,0,,
898,REQ-0021,2,3,LinkedIn,2024-10-01,1,1,0,0,,
899,REQ-0021,2,3,LinkedIn,2024-10-10,0,0,0,0,,
900,REQ-0021,2,3,Job Board,2024-10-02,0,0,0,0,,
901,REQ-0021,2,3,Job Board,2024-10-24,1,0,0,0,,
902,REQ-0021,2,3,Agency,2024-10-24,1,1,0,0,,
903,REQ-0021,2,3,Career Site,2024-10-04,1,0,0,0,,
904,REQ-0021,2,3,Employee Referral,2024-10-07,1,0,0,0,,
905,REQ-0021,2,3,Employee Referral,2024-10-07,0,0,0,0,,
906,REQ-0021,2,3,LinkedIn,2024-10-03,0,0,0,0,,
907,REQ-0021,2,3,Job Board,2024-10-03,0,0,0,0,,
908,REQ-0021,2,3,Employee Referral,2024-09-30,1,1,1,1,1,36
909,REQ-0021,2,3,LinkedIn,2024-09-30,0,0,0,0,,
910,REQ-0021,2,3,Job Board,2024-10-25,1,1,0,0,,
911,REQ-0021,2,3,Job Board,2024-10-07,0,0,0,0,,
912,REQ-0021,2,3,LinkedIn,2024-10-20,0,0,0,0,,
913,REQ-0021,2,3,LinkedIn,2024-10-14,1,1,0,0,,
914,REQ-0022,5,4,Job Board,2025-03-16,1,1,0,0,,
915,REQ-0022,5,4,LinkedIn,2025-04-02,0,0,0,0,,
916,REQ-0022,5,4,Agency,2025-03-23,0,0,0,0,,
917,REQ-0022,5,4,Employee Referral,2025-03-24,1,1,0,0,,
918,REQ-0022,5,4,Career Site,2025-03-25,1,1,1,0,0,
919,REQ-0022,5,4,Job Board,2025-03-16,0,0,0,0,,
920,REQ-0022,5,4,LinkedIn,2025-03-22,1,1,0,0,,
921,REQ-0022,5,4,Career Site,2025-03-27,0,0,0,0,,
922,REQ-0022,5,4,LinkedIn,2025-03-13,1,1,0,0,,
923,REQ-0022,5,4,Employee Referral,2025-03-11,0,0,0,0,,
924,REQ-0022,5,4,Job Board,2025-03-12,1,0,0,0,,
925,REQ-0022,5,4,LinkedIn,2025-03-21,0,0,0,0,,
926,REQ-0022,5,4,LinkedIn,2025-03-08,0,0,0,0,,
927,REQ-0022,5,4,Job Board,2025-03-22,1,0,0,0,,
928,REQ-0022,5,4,Job Board,2025-03-15,0,0,0,0,,
929,REQ-0022,5,4,Career Site,2025-04-01,0,0,0,0,,
930,REQ-0022,5,4,Job Board,2025-03-17,1,0,0,0,,
931,REQ-0022,5,4,LinkedIn,2025-03-30,1,0,0,0,,
932,REQ-0022,5,4,Employee Referral,2025-04-02,1,0,0,0,,
933,REQ-0022,5,4,LinkedIn,2025-04-01,1,0,0,0,,
934,REQ-0022,5,4,Career Site,2025-03-10,1,0,0,0,,
935,REQ-0022,5,4,Employee Referral,2025-03-27,1,0,0,0,,
936,REQ-0022,5,4,Employee Referral,2025-03-29,0,0,0,0,,
937,REQ-0022,5,4,Agency,2025-03-24,1,0,0,0,,
938,REQ-0022,5,4,LinkedIn,2025-03-24,1,0,0,0,,
939,REQ-0022,5,4,Employee Referral,2025-03-29,1,0,0,0,,
940,REQ-0022,5,4,Employee Referral,2025-03-10,1,1,0,0,,
941,REQ-0022,5,4,Agency,2025-03-31,0,0,0,0,,
942,REQ-0022,5,4,Job Board,2025-03-18,1,1,1,1,1,65
943,REQ-0022,5,4,LinkedIn,2025-04-02,0,0,0,0,,
944,REQ-0022,5,4,Job Board,2025-03-18,0,0,0,0,,
945,REQ-0022,5,4,LinkedIn,2025-03-21,1,1,0,0,,
946,REQ-0022,5,4,Job Board,2025-03-21,1,0,0,0,,
947,REQ-0022,5,4,Agency,2025-03-27,1,0,0,0,,
948,REQ-0022,5,4,Employee Referral,2025-03-30,1,1,0,0,,
949,REQ-0022,5,4,Career Site,2025-03-17,1,0,0,0,,
950,REQ-0022,5,4,Agency,2025-03-22,1,1,0,0,,
951,REQ-0022,5,4,Agency,2025-03-11,0,0,0,0,,
952,REQ-0022,5,4,Career Site,2025-03-10,1,1,0,0,,
953,REQ-0022,5,4,Employee Referral,2025-03-12,1,0,0,0,,
954,REQ-0022,5,4,Employee Referral,2025-03-22,1,0,0,0,,
955,REQ-0022,5,4,Career Site,2025-03-22,1,1,0,0,,
956,REQ-0022,5,4,Career Site,2025-03-12,1,1,1,1,1,65
957,REQ-0022,5,4,Agency,2025-03-22,1,1,0,0,,
958,REQ-0022,5,4,Agency,2025-03-25,1,0,0,0,,
959,REQ-0022,5,4,Career Site,2025-03-30,1,1,0,0,,
960,REQ-0022,5,4,LinkedIn,2025-03-11,1,0,0,0,,
961,REQ-0022,5,4,Career Site,2025-03-12,1,1,0,0,,
962,REQ-0022,5,4,Job Board,2025-03-09,0,0,0,0,,
963,REQ-0022,5,4,Job Board,2025-03-14,1,1,0,0,,
964,REQ-0022,5,4,Employee Referral,2025-03-30,0,0,0,0,,
965,REQ-0022,5,4,Agency,2025-03-17,0,0,0,0,,
966,REQ-0022,5,4,Job Board,2025-03-29,1,0,0,0,,
967,REQ-0022,5,4,Agency,2025-03-31,1,0,0,0,,
968,REQ-0022,5,4,LinkedIn,2025-03-10,1,1,0,0,,
969,REQ-0023,7,3,Job Board,2025-11-18,1,0,0,0,,
970,REQ-0023,7,3,Employee Referral,2025-12-01,1,1,1,1,1,21
971,REQ-0023,7,3,LinkedIn,2025-11-22,1,1,0,0,,
972,REQ-0023,7,3,Agency,2025-12-06,1,1,1,0,0,
973,REQ-0023,7,3,LinkedIn,2025-11-24,1,0,0,0,,
974,REQ-0023,7,3,LinkedIn,2025-11-21,0,0,0,0,,
975,REQ-0023,7,3,Job Board,2025-11-12,1,0,0,0,,
976,REQ-0023,7,3,Employee Referral,2025-11-25,1,0,0,0,,
977,REQ-0023,7,3,Agency,2025-11-12,0,0,0,0,,
978,REQ-0023,7,3,Career Site,2025-11-14,1,1,0,0,,
979,REQ-0023,7,3,LinkedIn,2025-11-22,1,0,0,0,,
980,REQ-0023,7,3,Career Site,2025-11-21,0,0,0,0,,
981,REQ-0023,7,3,Job Board,2025-12-03,0,0,0,0,,
982,REQ-0023,7,3,LinkedIn,2025-11-26,0,0,0,0,,
983,REQ-0023,7,3,Career Site,2025-11-26,1,0,0,0,,
984,REQ-0023,7,3,Employee Referral,2025-11-29,1,1,1,1,1,21
985,REQ-0023,7,3,Employee Referral,2025-11-27,1,1,1,0,0,
986,REQ-0023,7,3,Job Board,2025-11-13,0,0,0,0,,
987,REQ-0023,7,3,LinkedIn,2025-11-23,1,1,0,0,,
988,REQ-0023,7,3,Job Board,2025-11-19,1,0,0,0,,
989,REQ-0023,7,3,LinkedIn,2025-12-01,0,0,0,0,,
990,REQ-0023,7,3,Career Site,2025-11-28,0,0,0,0,,
991,REQ-0023,7,3,LinkedIn,2025-11-26,1,1,0,0,,
992,REQ-0023,7,3,Job Board,2025-12-06,1,1,1,1,1,21
993,REQ-0023,7,3,Career Site,2025-11-25,1,0,0,0,,
994,REQ-0023,7,3,Employee Referral,2025-11-17,1,1,0,0,,
995,REQ-0023,7,3,Employee Referral,2025-11-26,1,0,0,0,,
996,REQ-0023,7,3,LinkedIn,2025-12-06,1,0,0,0,,
997,REQ-0023,7,3,Agency,2025-11-20,1,1,1,1,1,21
998,REQ-0023,7,3,LinkedIn,2025-11-17,0,0,0,0,,
999,REQ-0023,7,3,Job Board,2025-11-12,0,0,0,0,,
1000,REQ-0023,7,3,LinkedIn,2025-11-29,0,0,0,0,,
1001,REQ-0023,7,3,Career Site,2025-11-20,1,0,0,0,,
1002,REQ-0023,7,3,Employee Referral,2025-11-22,1,0,0,0,,
1003,REQ-0023,7,3,LinkedIn,2025-12-04,1,1,0,0,,
1004,REQ-0023,7,3,Job Board,2025-11-20,0,0,0,0,,
1005,REQ-0023,7,3,Job Board,2025-12-05,1,0,0,0,,
1006,REQ-0023,7,3,Employee Referral,2025-11-13,0,0,0,0,,
1007,REQ-0023,7,3,LinkedIn,2025-12-02,0,0,0,0,,
1008,REQ-0023,7,3,Career Site,2025-11-12,1,1,0,0,,
1009,REQ-0023,7,3,Job Board,2025-11-27,1,1,1,1,1,21
1010,REQ-0023,7,3,Employee Referral,2025-11-12,1,1,1,0,0,
1011,REQ-0023,7,3,Job Board,2025-11-28,0,0,0,0,,
1012,REQ-0023,7,3,LinkedIn,2025-11-15,0,0,0,0,,
1013,REQ-0023,7,3,Agency,2025-11-21,0,0,0,0,,
1014,REQ-0023,7,3,LinkedIn,2025-11-20,1,0,0,0,,
1015,REQ-0023,7,3,Career Site,2025-11-12,0,0,0,0,,
1016,REQ-0023,7,3,Job Board,2025-11-18,1,0,0,0,,
1017,REQ-0023,7,3,LinkedIn,2025-11-21,1,0,0,0,,
1018,REQ-0023,7,3,LinkedIn,2025-11-28,0,0,0,0,,
1019,REQ-0024,11,3,Job Board,2025-09-27,1,0,0,0,,
1020,REQ-0024,11,3,Employee Referral,2025-09-29,1,1,1,1,1,53
1021,REQ-0024,11,3,Career Site,2025-10-04,1,1,0,0,,
1022,REQ-0024,11,3,Career Site,2025-10-12,1,1,0,0,,
1023,REQ-0024,11,3,Career Site,2025-10-02,1,1,1,0,0,
1024,REQ-0024,11,3,Job Board,2025-10-05,0,0,0,0,,
1025,REQ-0024,11,3,Employee Referral,2025-10-14,1,1,1,1,1,53
1026,REQ-0024,11,3,Employee Referral,2025-10-16,1,0,0,0,,
1027,REQ-0024,11,3,LinkedIn,2025-10-04,1,0,0,0,,
1028,REQ-0024,11,3,Career Site,2025-10-15,1,1,1,1,1,53
1029,REQ-0024,11,3,Job Board,2025-10-08,0,0,0,0,,
1030,REQ-0024,11,3,LinkedIn,2025-09-30,1,1,0,0,,
1031,REQ-0024,11,3,LinkedIn,2025-10-19,1,1,0,0,,
1032,REQ-0024,11,3,Job Board,2025-10-19,1,1,0,0,,
1033,REQ-0024,11,3,LinkedIn,2025-10-17,1,0,0,0,,
1034,REQ-0024,11,3,Career Site,2025-10-11,1,0,0,0,,
1035,REQ-0024,11,3,Job Board,2025-10-10,0,0,0,0,,
1036,REQ-0024,11,3,LinkedIn,2025-10-06,1,1,1,1,1,53
1037,REQ-0024,11,3,LinkedIn,2025-09-26,0,0,0,0,,
1038,REQ-0024,11,3,Career Site,2025-10-01,0,0,0,0,,
1039,REQ-0024,11,3,LinkedIn,2025-10-15,1,0,0,0,,
1040,REQ-0024,11,3,Employee Referral,2025-10-06,1,1,1,1,1,53
1041,REQ-0024,11,3,Employee Referral,2025-09-27,1,1,1,1,1,53
1042,REQ-0024,11,3,Career Site,2025-10-17,0,0,0,0,,
1043,REQ-0024,11,3,Job Board,2025-09-30,0,0,0,0,,
1044,REQ-0024,11,3,Job Board,2025-10-08,0,0,0,0,,
1045,REQ-0024,11,3,Career Site,2025-10-16,1,1,0,0,,
1046,REQ-0024,11,3,LinkedIn,2025-10-16,1,0,0,0,,
1047,REQ-0024,11,3,LinkedIn,2025-09-28,1,1,1,1,1,53
1048,REQ-0024,11,3,Agency,2025-10-15,1,1,1,1,1,53
1049,REQ-0024,11,3,Job Board,2025-09-24,0,0,0,0,,
1050,REQ-0024,11,3,Employee Referral,2025-10-19,0,0,0,0,,
1051,REQ-0024,11,3,Career Site,2025-10-03,0,0,0,0,,
1052,REQ-0024,11,3,LinkedIn,2025-10-03,1,0,0,0,,
1053,REQ-0024,11,3,Job Board,2025-10-19,1,1,0,0,,
1054,REQ-0024,11,3,Employee Referral,2025-10-01,1,0,0,0,,
1055,REQ-0024,11,3,Agency,2025-09-24,1,1,1,1,1,53
1056,REQ-0024,11,3,Career Site,2025-09-28,1,1,0,0,,
1057,REQ-0024,11,3,LinkedIn,2025-10-03,1,0,0,0,,
1058,REQ-0024,11,3,LinkedIn,2025-09-29,0,0,0,0,,
1059,REQ-0024,11,3,Agency,2025-10-19,1,0,0,0,,
1060,REQ-0024,11,3,Employee Referral,2025-10-12,1,1,0,0,,
1061,REQ-0024,11,3,Employee Referral,2025-10-09,0,0,0,0,,
1062,REQ-0024,11,3,Job Board,2025-10-07,1,1,0,0,,
1063,REQ-0024,11,3,LinkedIn,2025-10-03,1,1,0,0,,
1064,REQ-0024,11,3,Employee Referral,2025-10-11,0,0,0,0,,
1065,REQ-0024,11,3,Job Board,2025-10-05,1,0,0,0,,
1066,REQ-0024,11,3,Job Board,2025-09-25,1,0,0,0,,
1067,REQ-0024,11,3,Career Site,2025-10-05,1,0,0,0,,
1068,REQ-0024,11,3,Career Site,2025-10-15,0,0,0,0,,
1069,REQ-0024,11,3,LinkedIn,2025-09-26,1,0,0,0,,
1070,REQ-0024,11,3,LinkedIn,2025-09-30,1,1,0,0,,
1071,REQ-0024,11,3,Agency,2025-09-25,0,0,0,0,,
1072,REQ-0024,11,3,Job Board,2025-10-18,0,0,0,0,,
1073,REQ-0024,11,3,Career Site,2025-10-19,0,0,0,0,,
1074,REQ-0024,11,3,Job Board,2025-10-18,1,0,0,0,,
1075,REQ-0024,11,3,LinkedIn,2025-10-10,0,0,0,0,,
1076,REQ-0024,11,3,LinkedIn,2025-10-01,1,0,0,0,,
1077,REQ-0025,3,5,Job Board,2025-03-13,1,0,0,0,,
1078,REQ-0025,3,5,Job Board,2025-02-25,1,1,1,1,1,58
1079,REQ-0025,3,5,Career Site,2025-03-07,1,1,0,0,,
1080,REQ-0025,3,5,Career Site,2025-03-09,1,1,0,0,,
1081,REQ-0025,3,5,Employee Referral,2025-03-04,0,0,0,0,,
1082,REQ-0025,3,5,Career Site,2025-03-10,0,0,0,0,,
1083,REQ-0025,3,5,LinkedIn,2025-03-07,0,0,0,0,,
1084,REQ-0025,3,5,Career Site,2025-03-15,1,0,0,0,,
1085,REQ-0025,3,5,Agency,2025-02-24,1,1,1,1,1,58
1086,REQ-0025,3,5,LinkedIn,2025-03-13,1,1,0,0,,
1087,REQ-0025,3,5,Agency,2025-03-01,1,1,0,0,,
1088,REQ-0025,3,5,LinkedIn,2025-03-13,0,0,0,0,,
1089,REQ-0025,3,5,LinkedIn,2025-02-22,1,1,0,0,,
1090,REQ-0025,3,5,Job Board,2025-02-25,0,0,0,0,,
1091,REQ-0025,3,5,Agency,2025-02-22,1,1,1,1,1,58
1092,REQ-0025,3,5,Job Board,2025-02-25,0,0,0,0,,
1093,REQ-0025,3,5,Employee Referral,2025-02-27,1,1,1,0,0,
1094,REQ-0025,3,5,LinkedIn,2025-02-27,0,0,0,0,,
1095,REQ-0025,3,5,LinkedIn,2025-02-19,1,1,0,0,,
1096,REQ-0025,3,5,Job Board,2025-02-25,0,0,0,0,,
1097,REQ-0025,3,5,Employee Referral,2025-02-20,0,0,0,0,,
1098,REQ-0025,3,5,Job Board,2025-03-09,1,1,1,0,0,
1099,REQ-0025,3,5,Job Board,2025-02-24,1,1,0,0,,
1100,REQ-0025,3,5,Agency,2025-02-20,0,0,0,0,,
1101,REQ-0025,3,5,Job Board,2025-03-15,0,0,0,0,,
1102,REQ-0025,3,5,LinkedIn,2025-02-22,0,0,0,0,,
1103,REQ-0025,3,5,Agency,2025-03-07,0,0,0,0,,
1104,REQ-0025,3,5,Job Board,2025-02-18,1,1,1,0,0,
1105,REQ-0025,3,5,Job Board,2025-02-26,0,0,0,0,,
1106,REQ-0025,3,5,Job Board,2025-03-05,1,1,0,0,,
1107,REQ-0025,3,5,Employee Referral,2025-03-03,1,1,1,1,1,58
1108,REQ-0025,3,5,Employee Referral,2025-03-14,1,0,0,0,,
1109,REQ-0025,3,5,LinkedIn,2025-03-06,0,0,0,0,,
1110,REQ-0025,3,5,Job Board,2025-02-22,1,0,0,0,,
1111,REQ-0025,3,5,LinkedIn,2025-03-08,1,1,0,0,,
1112,REQ-0025,3,5,Career Site,2025-02-22,0,0,0,0,,
1113,REQ-0025,3,5,Career Site,2025-02-22,0,0,0,0,,
1114,REQ-0025,3,5,Job Board,2025-03-05,0,0,0,0,,
1115,REQ-0025,3,5,Job Board,2025-03-04,1,0,0,0,,
1116,REQ-0025,3,5,Job Board,2025-03-04,1,0,0,0,,
1117,REQ-0025,3,5,Career Site,2025-02-28,0,0,0,0,,
1118,REQ-0025,3,5,Career Site,2025-03-01,1,0,0,0,,
1119,REQ-0025,3,5,LinkedIn,2025-03-04,1,1,0,0,,
1120,REQ-0025,3,5,Agency,2025-03-02,1,0,0,0,,
1121,REQ-0025,3,5,Career Site,2025-03-11,0,0,0,0,,
1122,REQ-0025,3,5,Agency,2025-03-01,1,1,0,0,,
1123,REQ-0025,3,5,Job Board,2025-02-22,1,0,0,0,,
1124,REQ-0025,3,5,Job Board,2025-03-12,1,1,1,1,1,58
1125,REQ-0025,3,5,Career Site,2025-02-21,1,0,0,0,,
1126,REQ-0025,3,5,Job Board,2025-03-01,1,1,1,1,1,58
1127,REQ-0025,3,5,LinkedIn,2025-03-14,1,0,0,0,,
1128,REQ-0025,3,5,LinkedIn,2025-03-13,1,1,0,0,,
1129,REQ-0025,3,5,Career Site,2025-03-13,1,1,1,1,1,58
1130,REQ-0025,3,5,LinkedIn,2025-02-27,1,0,0,0,,
1131,REQ-0025,3,5,Employee Referral,2025-03-01,1,1,1,1,1,58
1132,REQ-0026,10,1,LinkedIn,2025-02-13,1,0,0,0,,
1133,REQ-0026,10,1,Job Board,2025-01-23,1,1,0,0,,
1134,REQ-0026,10,1,LinkedIn,2025-01-24,1,1,0,0,,
1135,REQ-0026,10,1,Job Board,2025-01-22,1,1,0,0,,
1136,REQ-0026,10,1,Employee Referral,2025-02-02,1,0,0,0,,
1137,REQ-0026,10,1,Job Board,2025-02-01,1,0,0,0,,
1138,REQ-0026,10,1,Employee Referral,2025-01-20,0,0,0,0,,
1139,REQ-0026,10,1,LinkedIn,2025-02-11,0,0,0,0,,
1140,REQ-0026,10,1,LinkedIn,2025-01-25,1,0,0,0,,
1141,REQ-0026,10,1,LinkedIn,2025-02-03,0,0,0,0,,
1142,REQ-0026,10,1,LinkedIn,2025-02-03,0,0,0,0,,
1143,REQ-0026,10,1,Job Board,2025-02-07,1,0,0,0,,
1144,REQ-0026,10,1,Career Site,2025-02-08,0,0,0,0,,
1145,REQ-0026,10,1,Job Board,2025-01-22,1,0,0,0,,
1146,REQ-0026,10,1,LinkedIn,2025-02-03,0,0,0,0,,
1147,REQ-0026,10,1,Job Board,2025-01-20,1,1,0,0,,
1148,REQ-0026,10,1,Employee Referral,2025-02-09,1,0,0,0,,
1149,REQ-0026,10,1,Career Site,2025-01-22,0,0,0,0,,
1150,REQ-0026,10,1,Employee Referral,2025-02-09,0,0,0,0,,
1151,REQ-0026,10,1,Career Site,2025-02-08,0,0,0,0,,
1152,REQ-0026,10,1,LinkedIn,2025-01-20,1,0,0,0,,
1153,REQ-0026,10,1,Agency,2025-02-01,1,1,1,1,1,61
1154,REQ-0026,10,1,LinkedIn,2025-01-22,1,1,0,0,,
1155,REQ-0026,10,1,LinkedIn,2025-01-26,1,0,0,0,,
1156,REQ-0026,10,1,Career Site,2025-01-30,1,1,0,0,,
1157,REQ-0026,10,1,Employee Referral,2025-02-07,0,0,0,0,,
1158,REQ-0026,10,1,LinkedIn,2025-02-02,1,1,0,0,,
1159,REQ-0026,10,1,Employee Referral,2025-02-08,1,0,0,0,,
1160,REQ-0026,10,1,LinkedIn,2025-02-10,0,0,0,0,,
1161,REQ-0026,10,1,Agency,2025-02-06,0,0,0,0,,
1162,REQ-0026,10,1,Job Board,2025-02-04,1,1,0,0,,
1163,REQ-0026,10,1,LinkedIn,2025-02-06,1,1,1,1,1,61
1164,REQ-0026,10,1,Job Board,2025-01-20,1,0,0,0,,
1165,REQ-0026,10,1,Employee Referral,2025-02-03,1,1,1,1,1,61
1166,REQ-0026,10,1,LinkedIn,2025-01-24,0,0,0,0,,
1167,REQ-0026,10,1,Job Board,2025-02-11,0,0,0,0,,
1168,REQ-0027,9,3,Job Board,2025-06-13,1,1,1,0,0,
1169,REQ-0027,9,3,Career Site,2025-06-12,1,1,0,0,,
1170,REQ-0027,9,3,Employee Referral,2025-05-31,0,0,0,0,,
1171,REQ-0027,9,3,Career Site,2025-06-15,0,0,0,0,,
1172,REQ-0027,9,3,Job Board,2025-06-13,0,0,0,0,,
1173,REQ-0027,9,3,Employee Referral,2025-06-03,1,1,1,1,1,24
1174,REQ-0027,9,3,LinkedIn,2025-06-17,1,0,0,0,,
1175,REQ-0027,9,3,LinkedIn,2025-06-16,0,0,0,0,,
1176,REQ-0027,9,3,LinkedIn,2025-06-13,1,1,1,0,0,
1177,REQ-0027,9,3,Career Site,2025-06-04,1,0,0,0,,
1178,REQ-0027,9,3,Career Site,2025-05-31,1,0,0,0,,
1179,REQ-0027,9,3,Agency,2025-05-31,1,1,0,0,,
1180,REQ-0027,9,3,LinkedIn,2025-06-07,1,0,0,0,,
1181,REQ-0027,9,3,Job Board,2025-06-05,1,0,0,0,,
1182,REQ-0027,9,3,Agency,2025-06-05,0,0,0,0,,
1183,REQ-0027,9,3,Job Board,2025-06-18,0,0,0,0,,
1184,REQ-0027,9,3,Employee Referral,2025-06-10,0,0,0,0,,
1185,REQ-0027,9,3,LinkedIn,2025-06-19,1,1,1,1,1,24
1186,REQ-0027,9,3,Job Board,2025-06-17,0,0,0,0,,
1187,REQ-0027,9,3,Job Board,2025-06-01,1,0,0,0,,
1188,REQ-0027,9,3,Job Board,2025-06-16,0,0,0,0,,
1189,REQ-0027,9,3,Agency,2025-06-19,1,0,0,0,,
1190,REQ-0027,9,3,LinkedIn,2025-06-15,0,0,0,0,,
1191,REQ-0027,9,3,Career Site,2025-05-29,1,0,0,0,,
1192,REQ-0027,9,3,Career Site,2025-06-06,0,0,0,0,,
1193,REQ-0027,9,3,LinkedIn,2025-06-08,0,0,0,0,,
1194,REQ-0027,9,3,Job Board,2025-06-06,1,1,0,0,,
1195,REQ-0027,9,3,Employee Referral,2025-06-08,1,1,0,0,,
1196,REQ-0027,9,3,LinkedIn,2025-06-08,1,0,0,0,,
1197,REQ-0027,9,3,LinkedIn,2025-05-31,1,1,0,0,,
1198,REQ-0027,9,3,Employee Referral,2025-06-02,1,1,1,1,1,24
1199,REQ-0027,9,3,LinkedIn,2025-06-05,0,0,0,0,,
1200,REQ-0027,9,3,Employee Referral,2025-06-13,1,0,0,0,,
1201,REQ-0027,9,3,LinkedIn,2025-05-31,1,0,0,0,,
1202,REQ-0027,9,3,Job Board,2025-05-28,1,1,1,1,1,24
1203,REQ-0027,9,3,Agency,2025-05-31,1,1,0,0,,
1204,REQ-0027,9,3,LinkedIn,2025-06-12,1,0,0,0,,
1205,REQ-0027,9,3,Agency,2025-06-17,1,1,0,0,,
1206,REQ-0027,9,3,LinkedIn,2025-06-02,1,0,0,0,,
1207,REQ-0027,9,3,Job Board,2025-06-20,0,0,0,0,,
1208,REQ-0027,9,3,LinkedIn,2025-06-01,1,1,0,0,,
1209,REQ-0027,9,3,Employee Referral,2025-06-20,1,0,0,0,,
1210,REQ-0027,9,3,LinkedIn,2025-06-01,0,0,0,0,,
1211,REQ-0027,9,3,Job Board,2025-05-31,0,0,0,0,,
1212,REQ-0027,9,3,Job Board,2025-06-12,0,0,0,0,,
1213,REQ-0027,9,3,Career Site,2025-06-15,0,0,0,0,,
1214,REQ-0027,9,3,Job Board,2025-05-30,1,0,0,0,,
1215,REQ-0027,9,3,Job Board,2025-06-06,1,0,0,0,,
1216,REQ-0027,9,3,Employee Referral,2025-06-08,0,0,0,0,,
1217,REQ-0027,9,3,LinkedIn,2025-06-10,0,0,0,0,,
1218,REQ-0027,9,3,Job Board,2025-05-27,0,0,0,0,,
1219,REQ-0027,9,3,Employee Referral,2025-06-15,1,1,1,1,1,24
1220,REQ-0027,9,3,LinkedIn,2025-06-06,0,0,0,0,,
1221,REQ-0027,9,3,LinkedIn,2025-06-09,1,0,0,0,,
1222,REQ-0027,9,3,LinkedIn,2025-06-09,1,1,0,0,,
1223,REQ-0027,9,3,LinkedIn,2025-05-26,0,0,0,0,,
1224,REQ-0027,9,3,Job Board,2025-06-19,1,1,1,1,1,24
1225,REQ-0028,5,2,Job Board,2025-11-14,1,1,1,1,1,61
1226,REQ-0028,5,2,Employee Referral,2025-11-22,1,0,0,0,,
1227,REQ-0028,5,2,LinkedIn,2025-11-03,0,0,0,0,,
1228,REQ-0028,5,2,Employee Referral,2025-11-21,1,1,0,0,,
1229,REQ-0028,5,2,Career Site,2025-11-24,0,0,0,0,,
1230,REQ-0028,5,2,LinkedIn,2025-11-19,0,0,0,0,,
1231,REQ-0028,5,2,Job Board,2025-11-14,0,0,0,0,,
1232,REQ-0028,5,2,Career Site,2025-11-17,0,0,0,0,,
1233,REQ-0028,5,2,LinkedIn,2025-11-21,1,0,0,0,,
1234,REQ-0028,5,2,LinkedIn,2025-11-11,0,0,0,0,,
1235,REQ-0028,5,2,LinkedIn,2025-11-09,1,0,0,0,,
1236,REQ-0028,5,2,Employee Referral,2025-11-07,0,0,0,0,,
1237,REQ-0028,5,2,Career Site,2025-11-24,1,0,0,0,,
1238,REQ-0028,5,2,Employee Referral,2025-11-03,1,0,0,0,,
1239,REQ-0028,5,2,Career Site,2025-11-13,1,0,0,0,,
1240,REQ-0028,5,2,Agency,2025-11-20,1,0,0,0,,
1241,REQ-0028,5,2,Employee Referral,2025-10-30,1,1,0,0,,
1242,REQ-0028,5,2,Job Board,2025-11-15,1,0,0,0,,
1243,REQ-0028,5,2,LinkedIn,2025-11-22,1,1,1,0,0,
1244,REQ-0028,5,2,LinkedIn,2025-11-22,1,1,0,0,,
1245,REQ-0028,5,2,Job Board,2025-11-20,1,0,0,0,,
1246,REQ-0028,5,2,Employee Referral,2025-11-15,0,0,0,0,,
1247,REQ-0028,5,2,Employee Referral,2025-11-11,0,0,0,0,,
1248,REQ-0028,5,2,Agency,2025-11-16,1,0,0,0,,
1249,REQ-0028,5,2,Job Board,2025-11-07,1,0,0,0,,
1250,REQ-0028,5,2,LinkedIn,2025-11-02,0,0,0,0,,
1251,REQ-0028,5,2,LinkedIn,2025-11-01,0,0,0,0,,
1252,REQ-0028,5,2,Job Board,2025-11-04,0,0,0,0,,
1253,REQ-0028,5,2,LinkedIn,2025-10-30,0,0,0,0,,
1254,REQ-0028,5,2,LinkedIn,2025-11-14,1,1,0,0,,
1255,REQ-0028,5,2,LinkedIn,2025-11-02,0,0,0,0,,
1256,REQ-0028,5,2,LinkedIn,2025-11-22,1,0,0,0,,
1257,REQ-0028,5,2,Employee Referral,2025-10-31,0,0,0,0,,
1258,REQ-0028,5,2,LinkedIn,2025-11-16,1,0,0,0,,
1259,REQ-0028,5,2,Career Site,2025-11-07,0,0,0,0,,
1260,REQ-0028,5,2,LinkedIn,2025-11-13,1,0,0,0,,
1261,REQ-0028,5,2,LinkedIn,2025-11-10,0,0,0,0,,
1262,REQ-0028,5,2,LinkedIn,2025-11-10,1,0,0,0,,
1263,REQ-0028,5,2,Employee Referral,2025-11-24,1,0,0,0,,
1264,REQ-0028,5,2,Job Board,2025-11-11,0,0,0,0,,
1265,REQ-0029,3,3,Job Board,2025-12-31,1,1,1,1,1,61
1266,REQ-0029,3,3,LinkedIn,2026-01-18,1,0,0,0,,
1267,REQ-0029,3,3,Job Board,2026-01-08,1,1,1,0,0,
1268,REQ-0029,3,3,LinkedIn,2026-01-01,0,0,0,0,,
1269,REQ-0029,3,3,Employee Referral,2026-01-14,0,0,0,0,,
1270,REQ-0029,3,3,Job Board,2026-01-21,1,0,0,0,,
1271,REQ-0029,3,3,Career Site,2026-01-18,1,0,0,0,,
1272,REQ-0029,3,3,LinkedIn,2026-01-04,0,0,0,0,,
1273,REQ-0029,3,3,Employee Referral,2026-01-19,1,0,0,0,,
1274,REQ-0029,3,3,Career Site,2026-01-18,1,0,0,0,,
1275,REQ-0029,3,3,LinkedIn,2025-12-29,0,0,0,0,,
1276,REQ-0029,3,3,LinkedIn,2026-01-16,0,0,0,0,,
1277,REQ-0029,3,3,Career Site,2026-01-16,1,1,0,0,,
1278,REQ-0029,3,3,Job Board,2026-01-17,0,0,0,0,,
1279,REQ-0029,3,3,Employee Referral,2025-12-27,1,1,1,1,1,61
1280,REQ-0029,3,3,Agency,2025-12-27,1,0,0,0,,
1281,REQ-0029,3,3,LinkedIn,2026-01-18,1,1,0,0,,
1282,REQ-0029,3,3,Employee Referral,2026-01-19,0,0,0,0,,
1283,REQ-0029,3,3,LinkedIn,2026-01-10,1,0,0,0,,
1284,REQ-0029,3,3,Employee Referral,2025-12-28,0,0,0,0,,
1285,REQ-0029,3,3,Job Board,2026-01-20,0,0,0,0,,
1286,REQ-0029,3,3,LinkedIn,2026-01-04,0,0,0,0,,
1287,REQ-0030,4,4,LinkedIn,2025-01-08,1,1,0,0,,
1288,REQ-0030,4,4,LinkedIn,2025-01-20,1,1,0,0,,
1289,REQ-0030,4,4,Agency,2024-12-29,0,0,0,0,,
1290,REQ-0030,4,4,Agency,2025-01-01,0,0,0,0,,
1291,REQ-0030,4,4,Employee Referral,2024-12-31,0,0,0,0,,
1292,REQ-0030,4,4,Job Board,2025-01-22,1,1,0,0,,
1293,REQ-0030,4,4,Career Site,2025-01-08,1,1,1,0,0,
1294,REQ-0030,4,4,Job Board,2025-01-22,1,1,0,0,,
1295,REQ-0030,4,4,LinkedIn,2025-01-15,0,0,0,0,,
1296,REQ-0030,4,4,Job Board,2025-01-10,0,0,0,0,,
1297,REQ-0030,4,4,LinkedIn,2025-01-09,0,0,0,0,,
1298,REQ-0030,4,4,Job Board,2025-01-15,1,1,0,0,,
1299,REQ-0030,4,4,Career Site,2025-01-20,1,1,0,0,,
1300,REQ-0030,4,4,Employee Referral,2025-01-10,1,1,1,1,1,46
1301,REQ-0030,4,4,LinkedIn,2025-01-06,1,0,0,0,,
1302,REQ-0030,4,4,LinkedIn,2025-01-03,0,0,0,0,,
1303,REQ-0030,4,4,Job Board,2025-01-06,1,1,0,0,,
1304,REQ-0030,4,4,Job Board,2025-01-19,1,0,0,0,,
1305,REQ-0030,4,4,Career Site,2025-01-01,0,0,0,0,,
1306,REQ-0030,4,4,LinkedIn,2025-01-13,0,0,0,0,,
1307,REQ-0030,4,4,Career Site,2025-01-19,0,0,0,0,,
1308,REQ-0030,4,4,LinkedIn,2025-01-14,0,0,0,0,,
1309,REQ-0030,4,4,Job Board,2025-01-07,0,0,0,0,,
1310,REQ-0030,4,4,Career Site,2025-01-19,1,1,0,0,,
1311,REQ-0031,7,3,Employee Referral,2026-05-27,1,1,0,0,,
1312,REQ-0031,7,3,Employee Referral,2026-05-25,1,1,0,0,,
1313,REQ-0031,7,3,LinkedIn,2026-06-02,1,1,0,0,,
1314,REQ-0031,7,3,Career Site,2026-05-19,1,0,0,0,,
1315,REQ-0031,7,3,Employee Referral,2026-05-20,0,0,0,0,,
1316,REQ-0031,7,3,Employee Referral,2026-05-20,1,0,0,0,,
1317,REQ-0031,7,3,Employee Referral,2026-05-28,1,0,0,0,,
1318,REQ-0031,7,3,Employee Referral,2026-06-11,1,0,0,0,,
1319,REQ-0031,7,3,Employee Referral,2026-06-04,0,0,0,0,,
1320,REQ-0031,7,3,Job Board,2026-06-11,0,0,0,0,,
1321,REQ-0031,7,3,Employee Referral,2026-05-22,1,1,1,0,0,
1322,REQ-0031,7,3,Job Board,2026-05-27,0,0,0,0,,
1323,REQ-0031,7,3,LinkedIn,2026-05-23,1,1,1,1,1,51
1324,REQ-0031,7,3,Agency,2026-05-20,0,0,0,0,,
1325,REQ-0031,7,3,Career Site,2026-05-22,0,0,0,0,,
1326,REQ-0031,7,3,Employee Referral,2026-06-11,0,0,0,0,,
1327,REQ-0031,7,3,LinkedIn,2026-05-30,1,0,0,0,,
1328,REQ-0031,7,3,Job Board,2026-06-01,1,0,0,0,,
1329,REQ-0031,7,3,Employee Referral,2026-05-21,0,0,0,0,,
1330,REQ-0031,7,3,Employee Referral,2026-06-09,1,1,1,0,0,
1331,REQ-0031,7,3,Career Site,2026-06-08,1,0,0,0,,
1332,REQ-0031,7,3,Job Board,2026-06-01,1,1,0,0,,
1333,REQ-0031,7,3,Employee Referral,2026-05-21,0,0,0,0,,
1334,REQ-0031,7,3,Employee Referral,2026-06-10,1,0,0,0,,
1335,REQ-0031,7,3,Job Board,2026-05-20,1,1,0,0,,
1336,REQ-0031,7,3,Job Board,2026-05-19,0,0,0,0,,
1337,REQ-0031,7,3,Job Board,2026-05-31,0,0,0,0,,
1338,REQ-0031,7,3,Agency,2026-05-27,1,0,0,0,,
1339,REQ-0031,7,3,Career Site,2026-05-25,1,0,0,0,,
1340,REQ-0031,7,3,Job Board,2026-05-22,0,0,0,0,,
1341,REQ-0031,7,3,Agency,2026-05-24,1,0,0,0,,
1342,REQ-0031,7,3,Employee Referral,2026-05-18,1,0,0,0,,
1343,REQ-0031,7,3,LinkedIn,2026-05-27,1,1,0,0,,
1344,REQ-0031,7,3,LinkedIn,2026-06-01,0,0,0,0,,
1345,REQ-0031,7,3,Employee Referral,2026-05-25,0,0,0,0,,
1346,REQ-0031,7,3,LinkedIn,2026-05-27,0,0,0,0,,
1347,REQ-0031,7,3,LinkedIn,2026-05-20,0,0,0,0,,
1348,REQ-0031,7,3,LinkedIn,2026-06-12,0,0,0,0,,
1349,REQ-0031,7,3,Job Board,2026-06-05,1,0,0,0,,
1350,REQ-0031,7,3,LinkedIn,2026-05-21,0,0,0,0,,
1351,REQ-0031,7,3,Agency,2026-05-25,1,1,1,0,0,
1352,REQ-0031,7,3,Job Board,2026-06-04,1,0,0,0,,
1353,REQ-0031,7,3,Employee Referral,2026-06-06,1,0,0,0,,
1354,REQ-0031,7,3,LinkedIn,2026-06-08,0,0,0,0,,
1355,REQ-0031,7,3,Job Board,2026-05-31,0,0,0,0,,
1356,REQ-0031,7,3,Employee Referral,2026-06-02,1,1,0,0,,
1357,REQ-0031,7,3,Employee Referral,2026-05-24,0,0,0,0,,
1358,REQ-0031,7,3,Employee Referral,2026-05-29,1,0,0,0,,
1359,REQ-0031,7,3,Employee Referral,2026-05-26,1,0,0,0,,
1360,REQ-0031,7,3,LinkedIn,2026-06-08,0,0,0,0,,
1361,REQ-0031,7,3,LinkedIn,2026-05-28,1,1,0,0,,
1362,REQ-0031,7,3,LinkedIn,2026-06-12,1,1,0,0,,
1363,REQ-0031,7,3,Career Site,2026-06-10,1,1,0,0,,
1364,REQ-0031,7,3,Agency,2026-05-22,0,0,0,0,,
1365,REQ-0031,7,3,Employee Referral,2026-06-12,1,1,1,1,1,51
1366,REQ-0031,7,3,Employee Referral,2026-05-29,1,0,0,0,,
1367,REQ-0031,7,3,LinkedIn,2026-05-22,1,1,1,0,0,
1368,REQ-0031,7,3,Employee Referral,2026-05-28,0,0,0,0,,
1369,REQ-0031,7,3,Job Board,2026-05-18,1,1,0,0,,
1370,REQ-0031,7,3,Job Board,2026-06-08,0,0,0,0,,
1371,REQ-0031,7,3,LinkedIn,2026-05-22,0,0,0,0,,
1372,REQ-0031,7,3,LinkedIn,2026-05-27,0,0,0,0,,
1373,REQ-0031,7,3,LinkedIn,2026-06-01,1,1,0,0,,
1374,REQ-0031,7,3,Employee Referral,2026-06-05,0,0,0,0,,
1375,REQ-0031,7,3,Career Site,2026-05-29,0,0,0,0,,
1376,REQ-0031,7,3,Agency,2026-06-10,0,0,0,0,,
1377,REQ-0031,7,3,Career Site,2026-05-27,1,1,0,0,,
1378,REQ-0032,9,1,Agency,2025-10-16,1,1,1,1,1,15
1379,REQ-0032,9,1,LinkedIn,2025-10-20,1,1,1,0,0,
1380,REQ-0032,9,1,Job Board,2025-10-18,1,0,0,0,,
1381,REQ-0032,9,1,LinkedIn,2025-10-19,1,1,0,0,,
1382,REQ-0032,9,1,Agency,2025-10-15,1,0,0,0,,
1383,REQ-0032,9,1,Career Site,2025-10-26,0,0,0,0,,
1384,REQ-0032,9,1,Career Site,2025-10-15,1,1,0,0,,
1385,REQ-0032,9,1,Employee Referral,2025-10-18,0,0,0,0,,
1386,REQ-0032,9,1,Agency,2025-10-21,1,1,0,0,,
1387,REQ-0032,9,1,LinkedIn,2025-10-04,1,0,0,0,,
1388,REQ-0032,9,1,Career Site,2025-10-05,1,0,0,0,,
1389,REQ-0032,9,1,Agency,2025-10-09,1,0,0,0,,
1390,REQ-0032,9,1,LinkedIn,2025-10-03,1,1,0,0,,
1391,REQ-0032,9,1,Employee Referral,2025-10-16,1,1,1,0,0,
1392,REQ-0032,9,1,LinkedIn,2025-10-12,1,0,0,0,,
1393,REQ-0032,9,1,Job Board,2025-10-09,1,0,0,0,,
1394,REQ-0032,9,1,Job Board,2025-10-25,1,1,0,0,,
1395,REQ-0032,9,1,Job Board,2025-10-21,0,0,0,0,,
1396,REQ-0032,9,1,Job Board,2025-10-25,0,0,0,0,,
1397,REQ-0032,9,1,LinkedIn,2025-10-20,1,0,0,0,,
1398,REQ-0032,9,1,Agency,2025-10-03,1,1,0,0,,
1399,REQ-0032,9,1,Job Board,2025-10-10,0,0,0,0,,
1400,REQ-0032,9,1,LinkedIn,2025-10-27,0,0,0,0,,
1401,REQ-0032,9,1,Employee Referral,2025-10-26,1,0,0,0,,
1402,REQ-0032,9,1,LinkedIn,2025-10-03,1,1,0,0,,
1403,REQ-0032,9,1,LinkedIn,2025-10-05,1,1,0,0,,
1404,REQ-0032,9,1,LinkedIn,2025-10-04,0,0,0,0,,
1405,REQ-0032,9,1,LinkedIn,2025-10-05,1,1,1,1,1,15
1406,REQ-0032,9,1,Career Site,2025-10-25,0,0,0,0,,
1407,REQ-0032,9,1,Job Board,2025-10-28,0,0,0,0,,
1408,REQ-0032,9,1,Job Board,2025-10-05,1,0,0,0,,
1409,REQ-0032,9,1,Job Board,2025-10-11,1,1,0,0,,
1410,REQ-0032,9,1,Job Board,2025-10-20,0,0,0,0,,
1411,REQ-0032,9,1,Agency,2025-10-18,1,0,0,0,,
1412,REQ-0032,9,1,Employee Referral,2025-10-15,1,0,0,0,,
1413,REQ-0032,9,1,Career Site,2025-10-03,1,0,0,0,,
1414,REQ-0032,9,1,Career Site,2025-10-10,1,0,0,0,,
1415,REQ-0032,9,1,Agency,2025-10-08,1,1,0,0,,
1416,REQ-0032,9,1,Job Board,2025-10-05,1,1,0,0,,
1417,REQ-0032,9,1,Career Site,2025-10-10,0,0,0,0,,
1418,REQ-0032,9,1,Career Site,2025-10-08,1,0,0,0,,
1419,REQ-0032,9,1,LinkedIn,2025-10-18,0,0,0,0,,
1420,REQ-0032,9,1,LinkedIn,2025-10-09,0,0,0,0,,
1421,REQ-0032,9,1,Job Board,2025-10-12,1,0,0,0,,
1422,REQ-0032,9,1,Job Board,2025-10-19,1,0,0,0,,
1423,REQ-0032,9,1,Job Board,2025-10-11,0,0,0,0,,
1424,REQ-0032,9,1,LinkedIn,2025-10-07,1,1,0,0,,
1425,REQ-0032,9,1,Employee Referral,2025-10-14,1,0,0,0,,
1426,REQ-0032,9,1,Agency,2025-10-13,1,0,0,0,,
1427,REQ-0032,9,1,Employee Referral,2025-10-24,0,0,0,0,,
1428,REQ-0032,9,1,Agency,2025-10-26,1,0,0,0,,
1429,REQ-0032,9,1,LinkedIn,2025-10-26,0,0,0,0,,
1430,REQ-0032,9,1,Job Board,2025-10-08,0,0,0,0,,
1431,REQ-0032,9,1,Career Site,2025-10-23,0,0,0,0,,
1432,REQ-0032,9,1,Agency,2025-10-16,0,0,0,0,,
1433,REQ-0032,9,1,Agency,2025-10-18,1,1,0,0,,
1434,REQ-0032,9,1,Agency,2025-10-10,1,0,0,0,,
1435,REQ-0032,9,1,Agency,2025-10-17,1,0,0,0,,
1436,REQ-0032,9,1,LinkedIn,2025-10-18,1,0,0,0,,
1437,REQ-0032,9,1,Agency,2025-10-27,1,1,1,1,1,15
1438,REQ-0032,9,1,Job Board,2025-10-24,0,0,0,0,,
1439,REQ-0032,9,1,Agency,2025-10-17,0,0,0,0,,
1440,REQ-0032,9,1,Employee Referral,2025-10-09,1,0,0,0,,
1441,REQ-0032,9,1,Career Site,2025-10-16,0,0,0,0,,
1442,REQ-0032,9,1,Employee Referral,2025-10-07,1,0,0,0,,
1443,REQ-0032,9,1,Job Board,2025-10-21,1,1,0,0,,
1444,REQ-0032,9,1,Job Board,2025-10-10,1,1,1,1,1,15
1445,REQ-0032,9,1,Agency,2025-10-16,0,0,0,0,,
1446,REQ-0032,9,1,Job Board,2025-10-07,1,0,0,0,,
1447,REQ-0032,9,1,Job Board,2025-10-28,0,0,0,0,,
1448,REQ-0033,4,1,LinkedIn,2026-03-19,1,1,0,0,,
1449,REQ-0033,4,1,LinkedIn,2026-03-07,1,1,0,0,,
1450,REQ-0033,4,1,Employee Referral,2026-02-24,1,0,0,0,,
1451,REQ-0033,4,1,LinkedIn,2026-02-27,1,1,0,0,,
1452,REQ-0033,4,1,LinkedIn,2026-03-05,0,0,0,0,,
1453,REQ-0033,4,1,Employee Referral,2026-02-28,0,0,0,0,,
1454,REQ-0033,4,1,LinkedIn,2026-03-02,1,1,0,0,,
1455,REQ-0033,4,1,Agency,2026-03-03,1,0,0,0,,
1456,REQ-0033,4,1,Employee Referral,2026-02-27,0,0,0,0,,
1457,REQ-0033,4,1,Career Site,2026-03-21,0,0,0,0,,
1458,REQ-0033,4,1,Employee Referral,2026-03-13,0,0,0,0,,
1459,REQ-0033,4,1,LinkedIn,2026-03-06,1,0,0,0,,
1460,REQ-0033,4,1,LinkedIn,2026-03-14,1,0,0,0,,
1461,REQ-0033,4,1,Career Site,2026-03-12,1,0,0,0,,
1462,REQ-0033,4,1,Agency,2026-03-12,1,1,0,0,,
1463,REQ-0033,4,1,Career Site,2026-03-13,0,0,0,0,,
1464,REQ-0033,4,1,Career Site,2026-03-07,1,1,0,0,,
1465,REQ-0033,4,1,LinkedIn,2026-02-25,0,0,0,0,,
1466,REQ-0033,4,1,Career Site,2026-03-02,0,0,0,0,,
1467,REQ-0033,4,1,Employee Referral,2026-02-27,1,1,1,0,0,
1468,REQ-0033,4,1,Job Board,2026-03-04,1,1,1,1,1,29
1469,REQ-0033,4,1,LinkedIn,2026-03-20,1,0,0,0,,
1470,REQ-0033,4,1,Employee Referral,2026-03-06,1,1,1,1,1,29
1471,REQ-0033,4,1,LinkedIn,2026-03-19,1,0,0,0,,
1472,REQ-0033,4,1,LinkedIn,2026-03-17,1,1,1,0,0,
1473,REQ-0033,4,1,Employee Referral,2026-03-21,1,1,0,0,,
1474,REQ-0033,4,1,LinkedIn,2026-03-18,0,0,0,0,,
1475,REQ-0033,4,1,Job Board,2026-03-15,0,0,0,0,,
1476,REQ-0033,4,1,Agency,2026-03-19,1,0,0,0,,
1477,REQ-0033,4,1,Career Site,2026-03-12,1,0,0,0,,
1478,REQ-0033,4,1,Agency,2026-03-08,1,1,1,1,1,29
1479,REQ-0033,4,1,Job Board,2026-03-21,1,0,0,0,,
1480,REQ-0033,4,1,LinkedIn,2026-02-28,0,0,0,0,,
1481,REQ-0033,4,1,Employee Referral,2026-03-03,0,0,0,0,,
1482,REQ-0033,4,1,LinkedIn,2026-02-25,0,0,0,0,,
1483,REQ-0033,4,1,Job Board,2026-03-07,0,0,0,0,,
1484,REQ-0033,4,1,Job Board,2026-03-03,1,0,0,0,,
1485,REQ-0033,4,1,Employee Referral,2026-03-19,1,1,0,0,,
1486,REQ-0033,4,1,Employee Referral,2026-03-10,1,1,0,0,,
1487,REQ-0033,4,1,LinkedIn,2026-02-25,1,0,0,0,,
1488,REQ-0033,4,1,Career Site,2026-03-01,1,1,1,1,1,29
1489,REQ-0033,4,1,Career Site,2026-03-06,1,0,0,0,,
1490,REQ-0033,4,1,LinkedIn,2026-03-09,1,1,0,0,,
1491,REQ-0033,4,1,LinkedIn,2026-03-17,1,1,1,1,1,29
1492,REQ-0033,4,1,Employee Referral,2026-03-08,0,0,0,0,,
1493,REQ-0033,4,1,LinkedIn,2026-03-05,1,1,0,0,,
1494,REQ-0033,4,1,LinkedIn,2026-03-13,1,0,0,0,,
1495,REQ-0033,4,1,Career Site,2026-02-24,1,1,0,0,,
1496,REQ-0033,4,1,Job Board,2026-03-09,1,0,0,0,,
1497,REQ-0033,4,1,LinkedIn,2026-02-24,0,0,0,0,,
1498,REQ-0033,4,1,LinkedIn,2026-03-04,0,0,0,0,,
1499,REQ-0033,4,1,LinkedIn,2026-03-04,0,0,0,0,,
1500,REQ-0033,4,1,Job Board,2026-02-26,0,0,0,0,,
1501,REQ-0033,4,1,LinkedIn,2026-03-14,1,1,1,1,1,29
1502,REQ-0033,4,1,Career Site,2026-03-13,1,1,1,1,1,29
1503,REQ-0033,4,1,Career Site,2026-03-15,1,0,0,0,,
1504,REQ-0033,4,1,Agency,2026-03-10,1,1,1,1,1,29
1505,REQ-0033,4,1,LinkedIn,2026-02-26,0,0,0,0,,
1506,REQ-0033,4,1,Agency,2026-03-01,1,1,0,0,,
1507,REQ-0033,4,1,Job Board,2026-02-26,1,1,0,0,,
1508,REQ-0033,4,1,Job Board,2026-03-01,1,0,0,0,,
1509,REQ-0033,4,1,Job Board,2026-03-01,0,0,0,0,,
1510,REQ-0033,4,1,Agency,2026-03-20,0,0,0,0,,
1511,REQ-0033,4,1,Job Board,2026-03-11,0,0,0,0,,
1512,REQ-0033,4,1,LinkedIn,2026-03-17,1,0,0,0,,
1513,REQ-0033,4,1,Career Site,2026-03-02,1,0,0,0,,
1514,REQ-0033,4,1,LinkedIn,2026-03-05,1,0,0,0,,
1515,REQ-0033,4,1,LinkedIn,2026-03-16,1,0,0,0,,
1516,REQ-0034,10,4,Agency,2026-04-05,1,1,1,0,0,
1517,REQ-0034,10,4,Employee Referral,2026-03-24,1,1,1,1,1,50
1518,REQ-0034,10,4,Employee Referral,2026-04-02,1,1,0,0,,
1519,REQ-0034,10,4,Agency,2026-03-20,0,0,0,0,,
1520,REQ-0034,10,4,Job Board,2026-03-28,0,0,0,0,,
1521,REQ-0034,10,4,Career Site,2026-04-12,0,0,0,0,,
1522,REQ-0034,10,4,LinkedIn,2026-04-04,0,0,0,0,,
1523,REQ-0034,10,4,Employee Referral,2026-04-05,1,0,0,0,,
1524,REQ-0034,10,4,LinkedIn,2026-04-06,1,0,0,0,,
1525,REQ-0034,10,4,LinkedIn,2026-03-25,1,1,1,1,1,50
1526,REQ-0034,10,4,Career Site,2026-04-04,1,0,0,0,,
1527,REQ-0034,10,4,Job Board,2026-03-24,1,0,0,0,,
1528,REQ-0034,10,4,Agency,2026-04-05,1,0,0,0,,
1529,REQ-0034,10,4,Career Site,2026-03-20,0,0,0,0,,
1530,REQ-0034,10,4,Employee Referral,2026-03-22,0,0,0,0,,
1531,REQ-0034,10,4,Employee Referral,2026-03-30,1,0,0,0,,
1532,REQ-0034,10,4,LinkedIn,2026-03-29,1,1,0,0,,
1533,REQ-0034,10,4,Employee Referral,2026-04-09,1,0,0,0,,
1534,REQ-0034,10,4,Agency,2026-04-04,1,0,0,0,,
1535,REQ-0034,10,4,Job Board,2026-04-08,0,0,0,0,,
1536,REQ-0034,10,4,LinkedIn,2026-04-07,1,1,0,0,,
1537,REQ-0034,10,4,Job Board,2026-04-09,0,0,0,0,,
1538,REQ-0034,10,4,Employee Referral,2026-04-04,1,1,0,0,,
1539,REQ-0034,10,4,Agency,2026-03-28,1,1,0,0,,
1540,REQ-0034,10,4,Career Site,2026-04-09,1,1,0,0,,
1541,REQ-0034,10,4,Employee Referral,2026-03-29,1,1,1,0,0,
1542,REQ-0034,10,4,Employee Referral,2026-03-22,1,1,0,0,,
1543,REQ-0034,10,4,Job Board,2026-04-05,1,1,1,1,1,50
1544,REQ-0034,10,4,LinkedIn,2026-03-20,1,0,0,0,,
1545,REQ-0034,10,4,Job Board,2026-04-02,1,1,0,0,,
1546,REQ-0034,10,4,LinkedIn,2026-03-28,1,0,0,0,,
1547,REQ-0034,10,4,Agency,2026-04-04,1,0,0,0,,
1548,REQ-0034,10,4,Job Board,2026-04-08,1,0,0,0,,
1549,REQ-0034,10,4,Job Board,2026-04-03,1,1,0,0,,
1550,REQ-0034,10,4,Job Board,2026-04-01,1,1,1,1,1,50
1551,REQ-0034,10,4,LinkedIn,2026-03-18,1,1,1,1,1,50
1552,REQ-0034,10,4,Career Site,2026-03-21,1,1,0,0,,
1553,REQ-0035,6,1,Career Site,2026-01-15,1,0,0,0,,
1554,REQ-0035,6,1,Agency,2026-01-23,1,1,0,0,,
1555,REQ-0035,6,1,Career Site,2026-01-15,0,0,0,0,,
1556,REQ-0035,6,1,Job Board,2026-01-08,1,1,1,1,1,50
1557,REQ-0035,6,1,LinkedIn,2026-01-08,1,1,0,0,,
1558,REQ-0035,6,1,Employee Referral,2026-01-23,1,0,0,0,,
1559,REQ-0035,6,1,Job Board,2025-12-29,1,0,0,0,,
1560,REQ-0035,6,1,LinkedIn,2026-01-03,1,1,0,0,,
1561,REQ-0035,6,1,LinkedIn,2026-01-02,0,0,0,0,,
1562,REQ-0035,6,1,LinkedIn,2026-01-03,1,1,0,0,,
1563,REQ-0035,6,1,LinkedIn,2026-01-11,1,1,1,1,1,50
1564,REQ-0035,6,1,LinkedIn,2026-01-23,1,1,1,0,0,
1565,REQ-0035,6,1,Career Site,2026-01-08,1,0,0,0,,
1566,REQ-0035,6,1,Job Board,2026-01-10,0,0,0,0,,
1567,REQ-0035,6,1,Agency,2026-01-10,1,1,0,0,,
1568,REQ-0035,6,1,Career Site,2026-01-20,1,0,0,0,,
1569,REQ-0035,6,1,LinkedIn,2026-01-03,1,0,0,0,,
1570,REQ-0035,6,1,Employee Referral,2026-01-16,1,0,0,0,,
1571,REQ-0035,6,1,Employee Referral,2026-01-17,1,1,0,0,,
1572,REQ-0035,6,1,Job Board,2025-12-31,0,0,0,0,,
1573,REQ-0035,6,1,LinkedIn,2026-01-07,1,1,0,0,,
1574,REQ-0035,6,1,Career Site,2026-01-10,1,0,0,0,,
1575,REQ-0035,6,1,Employee Referral,2026-01-04,0,0,0,0,,
1576,REQ-0035,6,1,Job Board,2026-01-20,1,1,1,1,1,50
1577,REQ-0035,6,1,Agency,2026-01-17,1,0,0,0,,
1578,REQ-0035,6,1,Agency,2026-01-07,1,0,0,0,,
1579,REQ-0035,6,1,LinkedIn,2026-01-18,1,1,0,0,,
1580,REQ-0035,6,1,Career Site,2026-01-22,0,0,0,0,,
1581,REQ-0035,6,1,Job Board,2026-01-22,1,1,1,1,1,50
1582,REQ-0035,6,1,LinkedIn,2026-01-06,1,0,0,0,,
1583,REQ-0035,6,1,Career Site,2025-12-29,1,1,1,1,1,50
1584,REQ-0035,6,1,Career Site,2026-01-15,0,0,0,0,,
1585,REQ-0035,6,1,LinkedIn,2025-12-29,1,1,1,1,1,50
1586,REQ-0035,6,1,Employee Referral,2026-01-22,1,1,0,0,,
1587,REQ-0035,6,1,Career Site,2025-12-30,1,1,1,1,1,50
1588,REQ-0035,6,1,LinkedIn,2026-01-16,1,0,0,0,,
1589,REQ-0035,6,1,Employee Referral,2026-01-04,1,1,1,0,0,
1590,REQ-0035,6,1,Job Board,2026-01-01,1,1,0,0,,
1591,REQ-0035,6,1,Agency,2026-01-03,1,0,0,0,,
1592,REQ-0035,6,1,Career Site,2026-01-01,1,1,0,0,,
1593,REQ-0035,6,1,LinkedIn,2026-01-07,1,1,0,0,,
1594,REQ-0035,6,1,Career Site,2026-01-19,0,0,0,0,,
1595,REQ-0035,6,1,Employee Referral,2026-01-05,1,0,0,0,,
1596,REQ-0036,1,4,Career Site,2025-03-11,1,0,0,0,,
1597,REQ-0036,1,4,Job Board,2025-03-18,0,0,0,0,,
1598,REQ-0036,1,4,LinkedIn,2025-03-10,1,1,0,0,,
1599,REQ-0036,1,4,Job Board,2025-03-12,1,0,0,0,,
1600,REQ-0036,1,4,Agency,2025-03-06,0,0,0,0,,
1601,REQ-0036,1,4,Employee Referral,2025-03-27,1,0,0,0,,
1602,REQ-0036,1,4,LinkedIn,2025-03-19,1,1,1,1,1,57
1603,REQ-0036,1,4,Employee Referral,2025-03-04,1,1,1,1,1,57
1604,REQ-0036,1,4,Job Board,2025-03-05,1,0,0,0,,
1605,REQ-0036,1,4,Employee Referral,2025-03-07,0,0,0,0,,
1606,REQ-0036,1,4,Employee Referral,2025-03-19,0,0,0,0,,
1607,REQ-0036,1,4,LinkedIn,2025-03-23,0,0,0,0,,
1608,REQ-0036,1,4,Job Board,2025-03-22,1,0,0,0,,
1609,REQ-0036,1,4,Employee Referral,2025-03-16,1,0,0,0,,
1610,REQ-0036,1,4,LinkedIn,2025-03-19,1,1,0,0,,
1611,REQ-0036,1,4,Career Site,2025-03-23,1,0,0,0,,
1612,REQ-0036,1,4,Career Site,2025-03-13,0,0,0,0,,
1613,REQ-0036,1,4,LinkedIn,2025-03-02,1,1,0,0,,
1614,REQ-0036,1,4,Job Board,2025-03-24,0,0,0,0,,
1615,REQ-0036,1,4,Job Board,2025-03-17,0,0,0,0,,
1616,REQ-0036,1,4,Job Board,2025-03-18,0,0,0,0,,
1617,REQ-0036,1,4,Employee Referral,2025-03-25,0,0,0,0,,
1618,REQ-0036,1,4,Career Site,2025-03-08,1,0,0,0,,
1619,REQ-0036,1,4,Employee Referral,2025-03-09,0,0,0,0,,
1620,REQ-0036,1,4,LinkedIn,2025-03-10,1,0,0,0,,
1621,REQ-0036,1,4,Career Site,2025-03-17,0,0,0,0,,
1622,REQ-0036,1,4,Job Board,2025-03-15,1,1,1,1,1,57
1623,REQ-0036,1,4,Agency,2025-03-14,1,1,0,0,,
1624,REQ-0036,1,4,LinkedIn,2025-03-12,1,0,0,0,,
1625,REQ-0036,1,4,LinkedIn,2025-03-06,0,0,0,0,,
1626,REQ-0036,1,4,Career Site,2025-03-09,0,0,0,0,,
1627,REQ-0036,1,4,Career Site,2025-03-11,0,0,0,0,,
1628,REQ-0036,1,4,Career Site,2025-03-05,1,1,1,1,1,57
1629,REQ-0036,1,4,Job Board,2025-03-13,1,1,0,0,,
1630,REQ-0036,1,4,Job Board,2025-03-07,1,0,0,0,,
1631,REQ-0036,1,4,Job Board,2025-03-16,1,1,0,0,,
1632,REQ-0036,1,4,LinkedIn,2025-03-26,0,0,0,0,,
1633,REQ-0036,1,4,Career Site,2025-03-09,1,0,0,0,,
1634,REQ-0036,1,4,LinkedIn,2025-03-02,1,0,0,0,,
1635,REQ-0036,1,4,Employee Referral,2025-03-16,1,0,0,0,,
1636,REQ-0036,1,4,Job Board,2025-03-07,0,0,0,0,,
1637,REQ-0036,1,4,Career Site,2025-03-02,0,0,0,0,,
1638,REQ-0036,1,4,LinkedIn,2025-03-10,1,0,0,0,,
1639,REQ-0036,1,4,LinkedIn,2025-03-08,1,0,0,0,,
1640,REQ-0036,1,4,Job Board,2025-03-11,1,0,0,0,,
1641,REQ-0036,1,4,Job Board,2025-03-25,1,1,0,0,,
1642,REQ-0036,1,4,Employee Referral,2025-03-03,0,0,0,0,,
1643,REQ-0036,1,4,Employee Referral,2025-03-12,1,1,0,0,,
1644,REQ-0036,1,4,Job Board,2025-03-22,1,1,0,0,,
1645,REQ-0036,1,4,Career Site,2025-03-24,1,0,0,0,,
1646,REQ-0036,1,4,LinkedIn,2025-03-17,0,0,0,0,,
1647,REQ-0036,1,4,Job Board,2025-03-14,1,0,0,0,,
1648,REQ-0036,1,4,LinkedIn,2025-03-16,0,0,0,0,,
1649,REQ-0036,1,4,Job Board,2025-03-11,1,1,0,0,,
1650,REQ-0036,1,4,LinkedIn,2025-03-08,0,0,0,0,,
1651,REQ-0037,10,4,Job Board,2025-03-23,1,1,0,0,,
1652,REQ-0037,10,4,Employee Referral,2025-03-22,0,0,0,0,,
1653,REQ-0037,10,4,LinkedIn,2025-04-07,0,0,0,0,,
1654,REQ-0037,10,4,Job Board,2025-04-08,0,0,0,0,,
1655,REQ-0037,10,4,Career Site,2025-04-08,0,0,0,0,,
1656,REQ-0037,10,4,Employee Referral,2025-03-18,1,1,1,1,1,12
1657,REQ-0037,10,4,LinkedIn,2025-03-29,0,0,0,0,,
1658,REQ-0037,10,4,Employee Referral,2025-03-16,1,1,0,0,,
1659,REQ-0037,10,4,Employee Referral,2025-03-26,1,0,0,0,,
1660,REQ-0037,10,4,Job Board,2025-03-19,1,1,0,0,,
1661,REQ-0037,10,4,LinkedIn,2025-04-02,0,0,0,0,,
1662,REQ-0037,10,4,Agency,2025-03-14,1,1,1,1,1,12
1663,REQ-0037,10,4,Job Board,2025-03-26,1,1,0,0,,
1664,REQ-0037,10,4,LinkedIn,2025-04-07,0,0,0,0,,
1665,REQ-0037,10,4,LinkedIn,2025-03-22,1,1,1,1,1,12
1666,REQ-0037,10,4,LinkedIn,2025-04-03,0,0,0,0,,
1667,REQ-0037,10,4,LinkedIn,2025-04-04,1,0,0,0,,
1668,REQ-0037,10,4,LinkedIn,2025-03-24,1,1,0,0,,
1669,REQ-0037,10,4,LinkedIn,2025-04-05,1,0,0,0,,
1670,REQ-0037,10,4,Job Board,2025-04-08,0,0,0,0,,
1671,REQ-0037,10,4,Employee Referral,2025-03-14,0,0,0,0,,
1672,REQ-0037,10,4,LinkedIn,2025-03-31,0,0,0,0,,
1673,REQ-0037,10,4,Employee Referral,2025-03-21,1,1,0,0,,
1674,REQ-0037,10,4,Career Site,2025-03-21,1,1,1,1,1,12
1675,REQ-0037,10,4,LinkedIn,2025-03-24,0,0,0,0,,
1676,REQ-0037,10,4,Agency,2025-03-21,1,0,0,0,,
1677,REQ-0037,10,4,Job Board,2025-03-30,0,0,0,0,,
1678,REQ-0037,10,4,Career Site,2025-04-04,0,0,0,0,,
1679,REQ-0037,10,4,Job Board,2025-03-28,1,1,0,0,,
1680,REQ-0037,10,4,LinkedIn,2025-04-03,1,0,0,0,,
1681,REQ-0037,10,4,Career Site,2025-03-16,0,0,0,0,,
1682,REQ-0037,10,4,Employee Referral,2025-03-15,1,0,0,0,,
1683,REQ-0037,10,4,Employee Referral,2025-03-17,1,0,0,0,,
1684,REQ-0037,10,4,LinkedIn,2025-03-15,1,1,0,0,,
1685,REQ-0037,10,4,Employee Referral,2025-03-30,1,0,0,0,,
1686,REQ-0037,10,4,Job Board,2025-03-31,0,0,0,0,,
1687,REQ-0037,10,4,Employee Referral,2025-03-17,0,0,0,0,,
1688,REQ-0037,10,4,Career Site,2025-03-31,1,1,0,0,,
1689,REQ-0037,10,4,Job Board,2025-04-01,1,0,0,0,,
1690,REQ-0037,10,4,Career Site,2025-04-06,1,1,0,0,,
1691,REQ-0037,10,4,Employee Referral,2025-03-20,1,0,0,0,,
1692,REQ-0037,10,4,Agency,2025-03-15,1,1,0,0,,
1693,REQ-0037,10,4,LinkedIn,2025-04-04,1,1,0,0,,
1694,REQ-0037,10,4,LinkedIn,2025-04-04,0,0,0,0,,
1695,REQ-0037,10,4,LinkedIn,2025-03-18,1,0,0,0,,
1696,REQ-0037,10,4,Career Site,2025-03-25,0,0,0,0,,
1697,REQ-0037,10,4,LinkedIn,2025-03-20,0,0,0,0,,
1698,REQ-0037,10,4,LinkedIn,2025-03-16,0,0,0,0,,
1699,REQ-0037,10,4,Job Board,2025-03-17,0,0,0,0,,
1700,REQ-0037,10,4,LinkedIn,2025-03-22,0,0,0,0,,
1701,REQ-0037,10,4,Employee Referral,2025-04-07,1,1,1,1,1,12
1702,REQ-0037,10,4,Employee Referral,2025-03-17,0,0,0,0,,
1703,REQ-0037,10,4,Employee Referral,2025-03-21,1,0,0,0,,
1704,REQ-0037,10,4,LinkedIn,2025-03-20,1,0,0,0,,
1705,REQ-0037,10,4,Career Site,2025-04-06,0,0,0,0,,
1706,REQ-0037,10,4,LinkedIn,2025-03-23,0,0,0,0,,
1707,REQ-0037,10,4,Employee Referral,2025-03-18,1,1,0,0,,
1708,REQ-0037,10,4,LinkedIn,2025-04-08,0,0,0,0,,
1709,REQ-0037,10,4,LinkedIn,2025-03-16,0,0,0,0,,
1710,REQ-0037,10,4,LinkedIn,2025-04-05,1,1,0,0,,
1711,REQ-0037,10,4,Agency,2025-03-26,1,0,0,0,,
1712,REQ-0037,10,4,Job Board,2025-04-05,0,0,0,0,,
1713,REQ-0037,10,4,LinkedIn,2025-03-27,1,1,1,0,0,
1714,REQ-0037,10,4,Employee Referral,2025-04-08,1,1,1,1,1,12
1715,REQ-0038,9,5,LinkedIn,2024-11-25,1,1,1,1,1,31
1716,REQ-0038,9,5,Career Site,2024-11-21,0,0,0,0,,
1717,REQ-0038,9,5,Job Board,2024-11-20,1,0,0,0,,
1718,REQ-0038,9,5,Job Board,2024-11-22,1,1,0,0,,
1719,REQ-0038,9,5,Career Site,2024-11-22,1,0,0,0,,
1720,REQ-0038,9,5,Job Board,2024-12-02,1,1,0,0,,
1721,REQ-0038,9,5,LinkedIn,2024-11-29,0,0,0,0,,
1722,REQ-0038,9,5,Career Site,2024-11-25,1,0,0,0,,
1723,REQ-0038,9,5,Career Site,2024-12-06,0,0,0,0,,
1724,REQ-0038,9,5,Job Board,2024-11-22,0,0,0,0,,
1725,REQ-0038,9,5,Career Site,2024-12-14,1,1,1,1,1,31
1726,REQ-0038,9,5,LinkedIn,2024-11-25,1,1,1,0,0,
1727,REQ-0038,9,5,Job Board,2024-11-28,0,0,0,0,,
1728,REQ-0038,9,5,Job Board,2024-11-23,1,0,0,0,,
1729,REQ-0038,9,5,LinkedIn,2024-12-14,0,0,0,0,,
1730,REQ-0038,9,5,Employee Referral,2024-12-13,0,0,0,0,,
1731,REQ-0038,9,5,LinkedIn,2024-12-04,1,1,0,0,,
1732,REQ-0038,9,5,Employee Referral,2024-12-12,0,0,0,0,,
1733,REQ-0038,9,5,Agency,2024-11-26,0,0,0,0,,
1734,REQ-0038,9,5,LinkedIn,2024-11-23,0,0,0,0,,
1735,REQ-0038,9,5,Employee Referral,2024-12-03,1,1,1,0,0,
1736,REQ-0038,9,5,Job Board,2024-11-27,1,1,0,0,,
1737,REQ-0038,9,5,LinkedIn,2024-11-28,1,1,0,0,,
1738,REQ-0038,9,5,Job Board,2024-12-14,0,0,0,0,,
1739,REQ-0038,9,5,Job Board,2024-12-06,1,0,0,0,,
1740,REQ-0038,9,5,Job Board,2024-12-05,1,0,0,0,,
1741,REQ-0038,9,5,LinkedIn,2024-11-24,0,0,0,0,,
1742,REQ-0038,9,5,Job Board,2024-11-26,0,0,0,0,,
1743,REQ-0038,9,5,LinkedIn,2024-11-22,1,1,0,0,,
1744,REQ-0038,9,5,LinkedIn,2024-11-22,0,0,0,0,,
1745,REQ-0038,9,5,LinkedIn,2024-12-03,0,0,0,0,,
1746,REQ-0038,9,5,Career Site,2024-12-09,1,0,0,0,,
1747,REQ-0038,9,5,Career Site,2024-12-12,1,0,0,0,,
1748,REQ-0038,9,5,LinkedIn,2024-12-10,0,0,0,0,,
1749,REQ-0038,9,5,LinkedIn,2024-12-14,1,0,0,0,,
1750,REQ-0038,9,5,LinkedIn,2024-12-10,1,0,0,0,,
1751,REQ-0038,9,5,Employee Referral,2024-11-21,1,0,0,0,,
1752,REQ-0038,9,5,LinkedIn,2024-11-20,0,0,0,0,,
1753,REQ-0038,9,5,Employee Referral,2024-12-07,1,1,1,1,1,31
1754,REQ-0038,9,5,LinkedIn,2024-11-29,0,0,0,0,,
1755,REQ-0039,9,1,LinkedIn,2025-09-19,0,0,0,0,,
1756,REQ-0039,9,1,Agency,2025-09-13,1,1,0,0,,
1757,REQ-0039,9,1,Agency,2025-09-21,0,0,0,0,,
1758,REQ-0039,9,1,LinkedIn,2025-09-21,1,1,0,0,,
1759,REQ-0039,9,1,LinkedIn,2025-09-16,0,0,0,0,,
1760,REQ-0039,9,1,Employee Referral,2025-09-23,0,0,0,0,,
1761,REQ-0039,9,1,Employee Referral,2025-09-21,1,1,1,1,1,51
1762,REQ-0039,9,1,LinkedIn,2025-10-03,1,1,0,0,,
1763,REQ-0039,9,1,LinkedIn,2025-10-07,1,0,0,0,,
1764,REQ-0039,9,1,LinkedIn,2025-09-16,1,1,0,0,,
1765,REQ-0039,9,1,Career Site,2025-09-24,0,0,0,0,,
1766,REQ-0039,9,1,LinkedIn,2025-10-05,1,0,0,0,,
1767,REQ-0039,9,1,Job Board,2025-09-22,1,1,1,1,1,51
1768,REQ-0039,9,1,LinkedIn,2025-09-15,0,0,0,0,,
1769,REQ-0039,9,1,Agency,2025-09-19,0,0,0,0,,
1770,REQ-0039,9,1,LinkedIn,2025-09-17,1,0,0,0,,
1771,REQ-0039,9,1,LinkedIn,2025-09-24,1,0,0,0,,
1772,REQ-0039,9,1,LinkedIn,2025-09-23,1,1,0,0,,
1773,REQ-0039,9,1,LinkedIn,2025-09-19,1,0,0,0,,
1774,REQ-0039,9,1,Career Site,2025-10-07,1,0,0,0,,
1775,REQ-0039,9,1,Job Board,2025-09-22,1,1,0,0,,
1776,REQ-0039,9,1,LinkedIn,2025-09-21,1,0,0,0,,
1777,REQ-0040,12,2,Job Board,2025-11-25,1,0,0,0,,
1778,REQ-0040,12,2,Job Board,2025-11-25,0,0,0,0,,
1779,REQ-0040,12,2,Job Board,2025-11-10,1,1,1,0,0,
1780,REQ-0040,12,2,LinkedIn,2025-11-23,0,0,0,0,,
1781,REQ-0040,12,2,Career Site,2025-11-08,0,0,0,0,,
1782,REQ-0040,12,2,Job Board,2025-11-06,0,0,0,0,,
1783,REQ-0040,12,2,LinkedIn,2025-11-11,0,0,0,0,,
1784,REQ-0040,12,2,Career Site,2025-11-23,0,0,0,0,,
1785,REQ-0040,12,2,Job Board,2025-11-03,1,1,0,0,,
1786,REQ-0040,12,2,Employee Referral,2025-11-14,1,1,0,0,,
1787,REQ-0040,12,2,Employee Referral,2025-11-27,1,0,0,0,,
1788,REQ-0040,12,2,Employee Referral,2025-11-08,1,1,0,0,,
1789,REQ-0040,12,2,Career Site,2025-11-15,1,1,0,0,,
1790,REQ-0040,12,2,Career Site,2025-11-22,0,0,0,0,,
1791,REQ-0040,12,2,LinkedIn,2025-11-16,1,1,0,0,,
1792,REQ-0040,12,2,Employee Referral,2025-11-18,1,0,0,0,,
1793,REQ-0040,12,2,LinkedIn,2025-11-15,1,1,1,1,1,54
1794,REQ-0040,12,2,Job Board,2025-11-20,1,0,0,0,,
1795,REQ-0040,12,2,LinkedIn,2025-11-12,0,0,0,0,,
1796,REQ-0040,12,2,Career Site,2025-11-07,0,0,0,0,,
1797,REQ-0040,12,2,Agency,2025-11-27,0,0,0,0,,
1798,REQ-0040,12,2,Agency,2025-11-05,0,0,0,0,,
1799,REQ-0040,12,2,Career Site,2025-11-10,0,0,0,0,,
1800,REQ-0040,12,2,Agency,2025-11-21,1,1,1,1,1,54
1801,REQ-0040,12,2,Job Board,2025-11-09,0,0,0,0,,
1802,REQ-0040,12,2,LinkedIn,2025-11-24,1,0,0,0,,
1803,REQ-0040,12,2,Career Site,2025-11-17,0,0,0,0,,
1804,REQ-0040,12,2,LinkedIn,2025-11-26,0,0,0,0,,
1805,REQ-0040,12,2,Employee Referral,2025-11-16,1,0,0,0,,
1806,REQ-0040,12,2,Job Board,2025-11-23,1,0,0,0,,
1807,REQ-0040,12,2,LinkedIn,2025-11-27,1,1,0,0,,
1808,REQ-0040,12,2,Agency,2025-11-16,1,0,0,0,,
1809,REQ-0040,12,2,LinkedIn,2025-11-24,0,0,0,0,,
1810,REQ-0040,12,2,Job Board,2025-11-15,0,0,0,0,,
1811,REQ-0040,12,2,Job Board,2025-11-28,1,0,0,0,,
1812,REQ-0040,12,2,Job Board,2025-11-12,1,1,0,0,,
1813,REQ-0040,12,2,Employee Referral,2025-11-12,1,1,0,0,,
1814,REQ-0040,12,2,LinkedIn,2025-11-07,1,1,1,1,1,54
1815,REQ-0040,12,2,LinkedIn,2025-11-09,1,0,0,0,,
1816,REQ-0040,12,2,LinkedIn,2025-11-17,0,0,0,0,,
1817,REQ-0040,12,2,Job Board,2025-11-06,0,0,0,0,,
1818,REQ-0040,12,2,Career Site,2025-11-13,1,0,0,0,,
1819,REQ-0040,12,2,Career Site,2025-11-15,0,0,0,0,,
1820,REQ-0040,12,2,LinkedIn,2025-11-10,1,0,0,0,,
1821,REQ-0040,12,2,LinkedIn,2025-11-20,0,0,0,0,,
1822,REQ-0040,12,2,Employee Referral,2025-11-26,1,1,1,1,1,54
1823,REQ-0040,12,2,Job Board,2025-11-10,1,0,0,0,,
1824,REQ-0040,12,2,Job Board,2025-11-26,1,0,0,0,,
1825,REQ-0040,12,2,LinkedIn,2025-11-10,1,1,1,1,1,54
1826,REQ-0040,12,2,Employee Referral,2025-11-24,1,1,0,0,,
1827,REQ-0040,12,2,LinkedIn,2025-11-21,1,1,0,0,,
1828,REQ-0040,12,2,LinkedIn,2025-11-17,0,0,0,0,,
1829,REQ-0040,12,2,Career Site,2025-11-08,1,0,0,0,,
1830,REQ-0040,12,2,Job Board,2025-11-05,1,1,0,0,,
1831,REQ-0040,12,2,Job Board,2025-11-03,1,0,0,0,,
1832,REQ-0040,12,2,Job Board,2025-11-03,1,0,0,0,,
1833,REQ-0040,12,2,LinkedIn,2025-11-19,0,0,0,0,,
1834,REQ-0041,9,1,Job Board,2025-06-21,1,1,0,0,,
1835,REQ-0041,9,1,Career Site,2025-06-05,1,1,0,0,,
1836,REQ-0041,9,1,Employee Referral,2025-06-16,0,0,0,0,,
1837,REQ-0041,9,1,Employee Referral,2025-06-29,0,0,0,0,,
1838,REQ-0041,9,1,Employee Referral,2025-06-16,1,0,0,0,,
1839,REQ-0041,9,1,Agency,2025-06-13,1,1,0,0,,
1840,REQ-0041,9,1,Agency,2025-06-13,0,0,0,0,,
1841,REQ-0041,9,1,Agency,2025-06-21,0,0,0,0,,
1842,REQ-0041,9,1,Employee Referral,2025-06-22,1,1,1,1,1,25
1843,REQ-0041,9,1,Career Site,2025-06-23,0,0,0,0,,
1844,REQ-0041,9,1,LinkedIn,2025-06-19,1,0,0,0,,
1845,REQ-0041,9,1,Job Board,2025-06-25,1,0,0,0,,
1846,REQ-0041,9,1,Employee Referral,2025-06-28,1,0,0,0,,
1847,REQ-0041,9,1,Job Board,2025-06-26,0,0,0,0,,
1848,REQ-0041,9,1,LinkedIn,2025-06-06,0,0,0,0,,
1849,REQ-0041,9,1,Job Board,2025-06-06,0,0,0,0,,
1850,REQ-0041,9,1,Career Site,2025-06-27,1,1,0,0,,
1851,REQ-0041,9,1,Employee Referral,2025-06-14,0,0,0,0,,
1852,REQ-0041,9,1,Employee Referral,2025-06-05,0,0,0,0,,
1853,REQ-0041,9,1,Career Site,2025-06-18,1,1,1,1,1,25
1854,REQ-0041,9,1,Job Board,2025-06-29,1,0,0,0,,
1855,REQ-0041,9,1,Employee Referral,2025-06-10,0,0,0,0,,
1856,REQ-0041,9,1,Career Site,2025-06-17,0,0,0,0,,
1857,REQ-0041,9,1,Job Board,2025-06-10,0,0,0,0,,
1858,REQ-0041,9,1,LinkedIn,2025-06-08,1,1,0,0,,
1859,REQ-0041,9,1,LinkedIn,2025-06-09,1,1,0,0,,
1860,REQ-0041,9,1,Job Board,2025-06-14,1,0,0,0,,
1861,REQ-0041,9,1,Job Board,2025-06-29,1,1,0,0,,
1862,REQ-0041,9,1,Career Site,2025-06-13,0,0,0,0,,
1863,REQ-0041,9,1,LinkedIn,2025-06-07,1,1,0,0,,
1864,REQ-0042,11,4,Job Board,2024-09-16,1,1,1,0,0,
1865,REQ-0042,11,4,LinkedIn,2024-09-24,0,0,0,0,,
1866,REQ-0042,11,4,Employee Referral,2024-10-01,1,0,0,0,,
1867,REQ-0042,11,4,Employee Referral,2024-10-03,1,1,0,0,,
1868,REQ-0042,11,4,Employee Referral,2024-10-01,1,1,0,0,,
1869,REQ-0042,11,4,Career Site,2024-09-26,1,0,0,0,,
1870,REQ-0042,11,4,Agency,2024-09-28,1,0,0,0,,
1871,REQ-0042,11,4,Job Board,2024-09-21,1,1,0,0,,
1872,REQ-0042,11,4,Career Site,2024-10-01,0,0,0,0,,
1873,REQ-0042,11,4,Career Site,2024-09-19,0,0,0,0,,
1874,REQ-0042,11,4,Job Board,2024-10-06,0,0,0,0,,
1875,REQ-0042,11,4,Employee Referral,2024-09-24,0,0,0,0,,
1876,REQ-0042,11,4,Job Board,2024-09-16,1,1,1,1,1,69
1877,REQ-0042,11,4,Career Site,2024-09-21,1,1,0,0,,
1878,REQ-0042,11,4,LinkedIn,2024-10-02,1,1,1,1,1,69
1879,REQ-0042,11,4,Agency,2024-10-02,0,0,0,0,,
1880,REQ-0042,11,4,Career Site,2024-09-26,1,1,0,0,,
1881,REQ-0042,11,4,Agency,2024-09-26,0,0,0,0,,
1882,REQ-0042,11,4,Career Site,2024-09-22,1,1,0,0,,
1883,REQ-0042,11,4,Employee Referral,2024-10-04,0,0,0,0,,
1884,REQ-0042,11,4,LinkedIn,2024-09-25,1,1,0,0,,
1885,REQ-0042,11,4,LinkedIn,2024-09-17,0,0,0,0,,
1886,REQ-0042,11,4,Agency,2024-10-05,0,0,0,0,,
1887,REQ-0042,11,4,Job Board,2024-09-24,0,0,0,0,,
1888,REQ-0042,11,4,LinkedIn,2024-09-25,1,0,0,0,,
1889,REQ-0042,11,4,LinkedIn,2024-10-01,1,1,0,0,,
1890,REQ-0042,11,4,LinkedIn,2024-10-02,1,0,0,0,,
1891,REQ-0042,11,4,LinkedIn,2024-09-23,1,1,0,0,,
1892,REQ-0042,11,4,Career Site,2024-09-13,1,0,0,0,,
1893,REQ-0042,11,4,Job Board,2024-09-15,1,0,0,0,,
1894,REQ-0042,11,4,Job Board,2024-10-04,0,0,0,0,,
1895,REQ-0042,11,4,LinkedIn,2024-09-27,0,0,0,0,,
1896,REQ-0042,11,4,Employee Referral,2024-09-17,1,1,0,0,,
1897,REQ-0042,11,4,Career Site,2024-09-28,1,1,1,1,1,69
1898,REQ-0042,11,4,LinkedIn,2024-09-12,1,1,0,0,,
1899,REQ-0042,11,4,Job Board,2024-10-01,1,1,0,0,,
1900,REQ-0043,11,2,Agency,2025-09-06,1,0,0,0,,
1901,REQ-0043,11,2,Career Site,2025-08-26,0,0,0,0,,
1902,REQ-0043,11,2,Agency,2025-09-06,1,0,0,0,,
1903,REQ-0043,11,2,Employee Referral,2025-08-28,1,1,0,0,,
1904,REQ-0043,11,2,LinkedIn,2025-09-17,1,0,0,0,,
1905,REQ-0043,11,2,LinkedIn,2025-09-18,1,1,1,1,1,69
1906,REQ-0043,11,2,Job Board,2025-09-07,1,1,1,0,0,
1907,REQ-0043,11,2,Career Site,2025-09-16,1,1,0,0,,
1908,REQ-0043,11,2,LinkedIn,2025-09-10,1,0,0,0,,
1909,REQ-0043,11,2,Job Board,2025-09-09,1,0,0,0,,
1910,REQ-0043,11,2,Career Site,2025-09-01,0,0,0,0,,
1911,REQ-0043,11,2,Job Board,2025-08-27,1,1,0,0,,
1912,REQ-0043,11,2,Agency,2025-09-09,1,1,1,1,1,69
1913,REQ-0043,11,2,Agency,2025-08-29,0,0,0,0,,
1914,REQ-0043,11,2,LinkedIn,2025-09-02,1,0,0,0,,
1915,REQ-0043,11,2,LinkedIn,2025-09-05,0,0,0,0,,
1916,REQ-0043,11,2,Career Site,2025-09-12,1,1,1,1,1,69
1917,REQ-0043,11,2,Career Site,2025-09-15,1,1,1,1,1,69
1918,REQ-0043,11,2,LinkedIn,2025-09-04,0,0,0,0,,
1919,REQ-0043,11,2,LinkedIn,2025-09-19,0,0,0,0,,
1920,REQ-0043,11,2,LinkedIn,2025-09-03,0,0,0,0,,
1921,REQ-0043,11,2,Job Board,2025-08-28,1,1,1,1,1,69
1922,REQ-0043,11,2,Employee Referral,2025-09-12,1,1,0,0,,
1923,REQ-0043,11,2,LinkedIn,2025-08-27,1,0,0,0,,
1924,REQ-0043,11,2,Employee Referral,2025-09-19,1,0,0,0,,
1925,REQ-0044,7,2,Employee Referral,2025-08-01,1,0,0,0,,
1926,REQ-0044,7,2,Career Site,2025-08-03,1,0,0,0,,
1927,REQ-0044,7,2,LinkedIn,2025-08-19,1,1,0,0,,
1928,REQ-0044,7,2,Employee Referral,2025-08-15,1,1,0,0,,
1929,REQ-0044,7,2,Employee Referral,2025-08-17,0,0,0,0,,
1930,REQ-0044,7,2,LinkedIn,2025-08-08,1,0,0,0,,
1931,REQ-0044,7,2,Job Board,2025-08-02,1,1,0,0,,
1932,REQ-0044,7,2,LinkedIn,2025-08-06,1,0,0,0,,
1933,REQ-0044,7,2,Career Site,2025-07-30,0,0,0,0,,
1934,REQ-0044,7,2,LinkedIn,2025-08-23,1,1,1,1,1,31
1935,REQ-0044,7,2,Job Board,2025-08-22,1,0,0,0,,
1936,REQ-0044,7,2,Employee Referral,2025-08-22,1,1,1,0,0,
1937,REQ-0044,7,2,Job Board,2025-08-18,0,0,0,0,,
1938,REQ-0044,7,2,Job Board,2025-08-22,1,1,0,0,,
1939,REQ-0044,7,2,Career Site,2025-08-09,0,0,0,0,,
1940,REQ-0044,7,2,LinkedIn,2025-08-08,1,0,0,0,,
1941,REQ-0044,7,2,Career Site,2025-08-10,1,1,0,0,,
1942,REQ-0044,7,2,LinkedIn,2025-07-30,1,0,0,0,,
1943,REQ-0044,7,2,Employee Referral,2025-08-22,1,1,1,1,1,31
1944,REQ-0044,7,2,Employee Referral,2025-08-19,0,0,0,0,,
1945,REQ-0044,7,2,Career Site,2025-08-04,0,0,0,0,,
1946,REQ-0044,7,2,LinkedIn,2025-08-03,0,0,0,0,,
1947,REQ-0044,7,2,Agency,2025-08-20,0,0,0,0,,
1948,REQ-0044,7,2,Job Board,2025-08-21,1,1,0,0,,
1949,REQ-0044,7,2,Job Board,2025-08-01,0,0,0,0,,
1950,REQ-0044,7,2,Employee Referral,2025-08-19,0,0,0,0,,
1951,REQ-0044,7,2,Career Site,2025-08-11,0,0,0,0,,
1952,REQ-0044,7,2,LinkedIn,2025-08-13,1,0,0,0,,
1953,REQ-0044,7,2,LinkedIn,2025-08-22,1,1,0,0,,
1954,REQ-0044,7,2,Employee Referral,2025-08-01,1,0,0,0,,
1955,REQ-0044,7,2,Career Site,2025-08-24,1,0,0,0,,
1956,REQ-0044,7,2,LinkedIn,2025-07-30,1,0,0,0,,
1957,REQ-0044,7,2,Job Board,2025-08-16,0,0,0,0,,
1958,REQ-0044,7,2,Job Board,2025-08-05,0,0,0,0,,
1959,REQ-0044,7,2,Job Board,2025-08-05,1,1,1,1,1,31
1960,REQ-0044,7,2,LinkedIn,2025-08-18,1,1,1,1,1,31
1961,REQ-0044,7,2,LinkedIn,2025-08-09,1,1,0,0,,
1962,REQ-0044,7,2,LinkedIn,2025-08-09,1,0,0,0,,
1963,REQ-0044,7,2,Employee Referral,2025-08-18,1,1,0,0,,
1964,REQ-0044,7,2,LinkedIn,2025-08-01,1,1,1,1,1,31
1965,REQ-0044,7,2,Employee Referral,2025-08-09,1,1,1,1,1,31
1966,REQ-0044,7,2,LinkedIn,2025-08-01,1,1,1,1,1,31
1967,REQ-0044,7,2,LinkedIn,2025-08-15,0,0,0,0,,
1968,REQ-0044,7,2,Career Site,2025-08-04,1,0,0,0,,
1969,REQ-0045,8,5,Job Board,2025-07-30,1,1,0,0,,
1970,REQ-0045,8,5,Job Board,2025-07-27,1,1,0,0,,
1971,REQ-0045,8,5,Career Site,2025-07-29,0,0,0,0,,
1972,REQ-0045,8,5,Career Site,2025-08-06,1,0,0,0,,
1973,REQ-0045,8,5,LinkedIn,2025-08-04,1,0,0,0,,
1974,REQ-0045,8,5,Job Board,2025-07-31,0,0,0,0,,
1975,REQ-0045,8,5,Job Board,2025-07-16,1,1,0,0,,
1976,REQ-0045,8,5,Employee Referral,2025-07-20,0,0,0,0,,
1977,REQ-0045,8,5,Employee Referral,2025-07-21,1,0,0,0,,
1978,REQ-0045,8,5,LinkedIn,2025-08-03,0,0,0,0,,
1979,REQ-0045,8,5,Career Site,2025-07-25,0,0,0,0,,
1980,REQ-0045,8,5,Employee Referral,2025-07-28,1,1,0,0,,
1981,REQ-0045,8,5,Job Board,2025-07-17,1,1,0,0,,
1982,REQ-0045,8,5,Job Board,2025-07-25,0,0,0,0,,
1983,REQ-0045,8,5,Career Site,2025-07-19,1,1,1,1,1,64
1984,REQ-0045,8,5,Job Board,2025-07-28,1,1,0,0,,
1985,REQ-0045,8,5,Career Site,2025-08-02,1,0,0,0,,
1986,REQ-0045,8,5,Employee Referral,2025-07-20,0,0,0,0,,
1987,REQ-0045,8,5,LinkedIn,2025-07-24,1,1,1,0,0,
1988,REQ-0045,8,5,Employee Referral,2025-07-23,0,0,0,0,,
1989,REQ-0045,8,5,LinkedIn,2025-08-06,1,0,0,0,,
1990,REQ-0045,8,5,Job Board,2025-08-08,1,0,0,0,,
1991,REQ-0045,8,5,LinkedIn,2025-07-15,0,0,0,0,,
1992,REQ-0045,8,5,LinkedIn,2025-07-21,1,0,0,0,,
1993,REQ-0045,8,5,Employee Referral,2025-07-22,1,1,0,0,,
1994,REQ-0045,8,5,LinkedIn,2025-07-29,0,0,0,0,,
1995,REQ-0045,8,5,Career Site,2025-07-22,1,0,0,0,,
1996,REQ-0045,8,5,LinkedIn,2025-07-20,0,0,0,0,,
1997,REQ-0045,8,5,Employee Referral,2025-07-24,0,0,0,0,,
1998,REQ-0045,8,5,Employee Referral,2025-07-25,0,0,0,0,,
1999,REQ-0045,8,5,Employee Referral,2025-08-02,1,1,1,1,1,64
2000,REQ-0045,8,5,LinkedIn,2025-07-18,1,1,1,0,0,
2001,REQ-0045,8,5,LinkedIn,2025-07-29,1,1,1,1,1,64
2002,REQ-0045,8,5,Employee Referral,2025-08-04,1,1,0,0,,
2003,REQ-0045,8,5,Employee Referral,2025-07-30,1,0,0,0,,
2004,REQ-0045,8,5,Job Board,2025-07-19,0,0,0,0,,
2005,REQ-0045,8,5,Employee Referral,2025-07-29,1,1,0,0,,
2006,REQ-0045,8,5,Employee Referral,2025-07-24,0,0,0,0,,
2007,REQ-0046,10,4,Job Board,2025-09-22,0,0,0,0,,
2008,REQ-0046,10,4,Career Site,2025-10-03,0,0,0,0,,
2009,REQ-0046,10,4,Job Board,2025-09-21,1,0,0,0,,
2010,REQ-0046,10,4,Job Board,2025-10-02,1,0,0,0,,
2011,REQ-0046,10,4,Employee Referral,2025-09-11,1,0,0,0,,
2012,REQ-0046,10,4,Job Board,2025-10-04,0,0,0,0,,
2013,REQ-0046,10,4,LinkedIn,2025-09-15,0,0,0,0,,
2014,REQ-0046,10,4,Career Site,2025-10-03,1,1,0,0,,
2015,REQ-0046,10,4,LinkedIn,2025-09-30,1,1,1,1,1,45
2016,REQ-0046,10,4,Job Board,2025-09-27,1,1,1,0,0,
2017,REQ-0046,10,4,Agency,2025-09-13,0,0,0,0,,
2018,REQ-0046,10,4,Job Board,2025-09-22,1,1,0,0,,
2019,REQ-0046,10,4,Job Board,2025-09-14,0,0,0,0,,
2020,REQ-0046,10,4,LinkedIn,2025-09-13,0,0,0,0,,
2021,REQ-0046,10,4,LinkedIn,2025-10-02,1,1,0,0,,
2022,REQ-0046,10,4,Job Board,2025-09-29,0,0,0,0,,
2023,REQ-0046,10,4,Employee Referral,2025-09-16,1,0,0,0,,
2024,REQ-0046,10,4,Career Site,2025-10-03,0,0,0,0,,
2025,REQ-0046,10,4,LinkedIn,2025-09-14,1,1,0,0,,
2026,REQ-0046,10,4,Employee Referral,2025-09-18,1,1,0,0,,
2027,REQ-0046,10,4,Career Site,2025-09-17,1,1,0,0,,
2028,REQ-0046,10,4,Employee Referral,2025-10-05,1,1,0,0,,
2029,REQ-0046,10,4,LinkedIn,2025-09-19,0,0,0,0,,
2030,REQ-0046,10,4,Career Site,2025-09-13,1,1,0,0,,
2031,REQ-0046,10,4,Career Site,2025-10-05,0,0,0,0,,
2032,REQ-0046,10,4,Career Site,2025-10-03,0,0,0,0,,
2033,REQ-0046,10,4,Employee Referral,2025-09-26,0,0,0,0,,
2034,REQ-0046,10,4,Career Site,2025-09-17,1,1,0,0,,
2035,REQ-0046,10,4,LinkedIn,2025-09-22,1,1,0,0,,
2036,REQ-0046,10,4,Career Site,2025-09-12,1,1,1,1,1,45
2037,REQ-0046,10,4,Agency,2025-09-26,1,0,0,0,,
2038,REQ-0046,10,4,Employee Referral,2025-09-18,0,0,0,0,,
2039,REQ-0046,10,4,Employee Referral,2025-09-21,1,1,1,1,1,45
2040,REQ-0046,10,4,Career Site,2025-09-27,0,0,0,0,,
2041,REQ-0047,7,2,Career Site,2025-04-14,0,0,0,0,,
2042,REQ-0047,7,2,Agency,2025-04-19,0,0,0,0,,
2043,REQ-0047,7,2,Agency,2025-04-14,0,0,0,0,,
2044,REQ-0047,7,2,Career Site,2025-04-15,1,0,0,0,,
2045,REQ-0047,7,2,Career Site,2025-04-08,0,0,0,0,,
2046,REQ-0047,7,2,Career Site,2025-04-06,0,0,0,0,,
2047,REQ-0047,7,2,Career Site,2025-04-18,1,0,0,0,,
2048,REQ-0047,7,2,Employee Referral,2025-04-07,1,1,1,0,0,
2049,REQ-0047,7,2,Job Board,2025-04-17,1,1,1,1,1,42
2050,REQ-0047,7,2,LinkedIn,2025-04-06,1,1,0,0,,
2051,REQ-0047,7,2,Agency,2025-04-06,0,0,0,0,,
2052,REQ-0047,7,2,LinkedIn,2025-04-07,0,0,0,0,,
2053,REQ-0047,7,2,Agency,2025-04-20,1,1,0,0,,
2054,REQ-0047,7,2,Career Site,2025-04-23,1,1,1,1,1,42
2055,REQ-0047,7,2,Employee Referral,2025-04-24,1,1,1,1,1,42
2056,REQ-0047,7,2,LinkedIn,2025-03-31,0,0,0,0,,
2057,REQ-0047,7,2,Employee Referral,2025-04-15,1,1,0,0,,
2058,REQ-0047,7,2,Employee Referral,2025-04-20,1,1,0,0,,
2059,REQ-0047,7,2,LinkedIn,2025-04-17,1,0,0,0,,
2060,REQ-0047,7,2,LinkedIn,2025-04-16,1,1,0,0,,
2061,REQ-0047,7,2,Job Board,2025-04-05,0,0,0,0,,
2062,REQ-0047,7,2,Agency,2025-04-09,1,1,1,1,1,42
2063,REQ-0047,7,2,LinkedIn,2025-04-04,0,0,0,0,,
2064,REQ-0047,7,2,Career Site,2025-04-22,0,0,0,0,,
2065,REQ-0047,7,2,LinkedIn,2025-04-08,0,0,0,0,,
2066,REQ-0047,7,2,Career Site,2025-04-18,0,0,0,0,,
2067,REQ-0047,7,2,Agency,2025-04-03,0,0,0,0,,
2068,REQ-0047,7,2,Employee Referral,2025-04-03,0,0,0,0,,
2069,REQ-0047,7,2,Agency,2025-04-08,0,0,0,0,,
2070,REQ-0047,7,2,LinkedIn,2025-04-19,0,0,0,0,,
2071,REQ-0047,7,2,LinkedIn,2025-04-02,0,0,0,0,,
2072,REQ-0047,7,2,Job Board,2025-04-03,1,0,0,0,,
2073,REQ-0047,7,2,Job Board,2025-04-08,1,0,0,0,,
2074,REQ-0047,7,2,Job Board,2025-04-22,1,1,1,1,1,42
2075,REQ-0047,7,2,Career Site,2025-04-15,0,0,0,0,,
2076,REQ-0047,7,2,LinkedIn,2025-04-20,1,0,0,0,,
2077,REQ-0047,7,2,Agency,2025-04-23,0,0,0,0,,
2078,REQ-0047,7,2,LinkedIn,2025-04-25,0,0,0,0,,
2079,REQ-0047,7,2,Job Board,2025-04-24,0,0,0,0,,
2080,REQ-0047,7,2,LinkedIn,2025-04-14,1,0,0,0,,
2081,REQ-0047,7,2,LinkedIn,2025-04-17,1,1,1,1,1,42
2082,REQ-0047,7,2,LinkedIn,2025-04-16,0,0,0,0,,
2083,REQ-0047,7,2,LinkedIn,2025-04-11,1,1,1,1,1,42
2084,REQ-0047,7,2,Job Board,2025-04-20,0,0,0,0,,
2085,REQ-0047,7,2,Job Board,2025-04-14,1,0,0,0,,
2086,REQ-0047,7,2,Job Board,2025-04-03,0,0,0,0,,
2087,REQ-0047,7,2,Career Site,2025-04-09,0,0,0,0,,
2088,REQ-0047,7,2,Employee Referral,2025-04-20,1,0,0,0,,
2089,REQ-0047,7,2,Career Site,2025-04-14,0,0,0,0,,
2090,REQ-0047,7,2,Career Site,2025-04-15,1,1,0,0,,
2091,REQ-0047,7,2,LinkedIn,2025-04-15,0,0,0,0,,
2092,REQ-0047,7,2,Employee Referral,2025-04-05,1,0,0,0,,
2093,REQ-0047,7,2,Agency,2025-04-11,0,0,0,0,,
2094,REQ-0047,7,2,LinkedIn,2025-03-31,0,0,0,0,,
2095,REQ-0047,7,2,Career Site,2025-04-23,0,0,0,0,,
2096,REQ-0047,7,2,Job Board,2025-04-10,0,0,0,0,,
2097,REQ-0047,7,2,LinkedIn,2025-04-19,0,0,0,0,,
2098,REQ-0047,7,2,Career Site,2025-04-03,0,0,0,0,,
2099,REQ-0047,7,2,Employee Referral,2025-04-21,0,0,0,0,,
2100,REQ-0047,7,2,Employee Referral,2025-04-20,1,0,0,0,,
2101,REQ-0047,7,2,Employee Referral,2025-04-15,1,0,0,0,,
2102,REQ-0047,7,2,Employee Referral,2025-04-20,0,0,0,0,,
2103,REQ-0047,7,2,Career Site,2025-04-18,0,0,0,0,,
2104,REQ-0047,7,2,Job Board,2025-04-11,0,0,0,0,,
2105,REQ-0047,7,2,Job Board,2025-04-19,0,0,0,0,,
2106,REQ-0047,7,2,Career Site,2025-04-20,1,0,0,0,,
2107,REQ-0047,7,2,Employee Referral,2025-04-16,1,0,0,0,,
2108,REQ-0048,12,1,Job Board,2025-05-01,0,0,0,0,,
2109,REQ-0048,12,1,Employee Referral,2025-04-24,1,1,1,1,1,17
2110,REQ-0048,12,1,Career Site,2025-05-02,1,0,0,0,,
2111,REQ-0048,12,1,Job Board,2025-04-27,0,0,0,0,,
2112,REQ-0048,12,1,LinkedIn,2025-05-02,1,0,0,0,,
2113,REQ-0048,12,1,Agency,2025-04-18,1,1,0,0,,
2114,REQ-0048,12,1,Agency,2025-04-15,1,1,0,0,,
2115,REQ-0048,12,1,Career Site,2025-04-21,1,1,0,0,,
2116,REQ-0048,12,1,Career Site,2025-05-04,1,1,0,0,,
2117,REQ-0048,12,1,Employee Referral,2025-04-27,0,0,0,0,,
2118,REQ-0048,12,1,Job Board,2025-04-19,1,0,0,0,,
2119,REQ-0048,12,1,Career Site,2025-04-12,1,0,0,0,,
2120,REQ-0048,12,1,Employee Referral,2025-04-26,0,0,0,0,,
2121,REQ-0048,12,1,Career Site,2025-04-16,0,0,0,0,,
2122,REQ-0048,12,1,Employee Referral,2025-04-14,0,0,0,0,,
2123,REQ-0048,12,1,Career Site,2025-04-29,0,0,0,0,,
2124,REQ-0048,12,1,Job Board,2025-04-10,1,1,1,0,0,
2125,REQ-0048,12,1,LinkedIn,2025-04-22,1,1,0,0,,
2126,REQ-0048,12,1,LinkedIn,2025-04-13,1,1,0,0,,
2127,REQ-0048,12,1,Career Site,2025-04-28,0,0,0,0,,
2128,REQ-0048,12,1,Career Site,2025-05-02,0,0,0,0,,
2129,REQ-0048,12,1,Job Board,2025-04-15,0,0,0,0,,
2130,REQ-0048,12,1,Career Site,2025-05-04,0,0,0,0,,
2131,REQ-0048,12,1,LinkedIn,2025-04-16,0,0,0,0,,
2132,REQ-0048,12,1,Career Site,2025-04-19,0,0,0,0,,
2133,REQ-0048,12,1,LinkedIn,2025-04-11,0,0,0,0,,
2134,REQ-0048,12,1,Career Site,2025-04-27,0,0,0,0,,
2135,REQ-0048,12,1,Job Board,2025-05-03,1,1,1,1,1,17
2136,REQ-0048,12,1,LinkedIn,2025-04-12,1,0,0,0,,
2137,REQ-0048,12,1,Job Board,2025-04-11,1,1,1,1,1,17
2138,REQ-0048,12,1,Job Board,2025-04-19,1,1,0,0,,
2139,REQ-0048,12,1,Job Board,2025-04-25,0,0,0,0,,
2140,REQ-0048,12,1,Agency,2025-04-23,1,1,0,0,,
2141,REQ-0048,12,1,LinkedIn,2025-04-10,0,0,0,0,,
2142,REQ-0048,12,1,Agency,2025-04-18,0,0,0,0,,
2143,REQ-0048,12,1,Job Board,2025-04-28,0,0,0,0,,
2144,REQ-0048,12,1,Employee Referral,2025-04-16,0,0,0,0,,
2145,REQ-0048,12,1,LinkedIn,2025-04-21,1,1,0,0,,
2146,REQ-0048,12,1,Agency,2025-04-28,0,0,0,0,,
2147,REQ-0048,12,1,Agency,2025-04-24,0,0,0,0,,
2148,REQ-0048,12,1,LinkedIn,2025-05-02,1,1,0,0,,
2149,REQ-0048,12,1,Job Board,2025-04-26,0,0,0,0,,
2150,REQ-0048,12,1,Job Board,2025-04-25,0,0,0,0,,
2151,REQ-0048,12,1,Job Board,2025-04-29,1,0,0,0,,
2152,REQ-0048,12,1,Job Board,2025-04-22,1,0,0,0,,
2153,REQ-0048,12,1,Agency,2025-04-25,0,0,0,0,,
2154,REQ-0048,12,1,Agency,2025-05-04,0,0,0,0,,
2155,REQ-0048,12,1,LinkedIn,2025-04-28,1,1,1,1,1,17
2156,REQ-0049,12,3,Employee Referral,2024-12-07,0,0,0,0,,
2157,REQ-0049,12,3,Employee Referral,2024-12-04,0,0,0,0,,
2158,REQ-0049,12,3,LinkedIn,2024-11-21,0,0,0,0,,
2159,REQ-0049,12,3,Agency,2024-12-04,1,0,0,0,,
2160,REQ-0049,12,3,Agency,2024-11-17,1,0,0,0,,
2161,REQ-0049,12,3,LinkedIn,2024-11-26,0,0,0,0,,
2162,REQ-0049,12,3,LinkedIn,2024-12-05,0,0,0,0,,
2163,REQ-0049,12,3,Job Board,2024-11-26,1,1,0,0,,
2164,REQ-0049,12,3,LinkedIn,2024-11-24,1,1,0,0,,
2165,REQ-0049,12,3,Agency,2024-11-28,1,1,1,1,1,66
2166,REQ-0049,12,3,Employee Referral,2024-11-30,1,1,0,0,,
2167,REQ-0049,12,3,Employee Referral,2024-12-03,1,1,0,0,,
2168,REQ-0049,12,3,Job Board,2024-11-29,1,1,0,0,,
2169,REQ-0049,12,3,Job Board,2024-11-25,0,0,0,0,,
2170,REQ-0049,12,3,LinkedIn,2024-11-29,0,0,0,0,,
2171,REQ-0049,12,3,Job Board,2024-11-19,1,1,1,1,1,66
2172,REQ-0049,12,3,Employee Referral,2024-12-05,1,0,0,0,,
2173,REQ-0049,12,3,LinkedIn,2024-12-08,1,1,0,0,,
2174,REQ-0049,12,3,LinkedIn,2024-12-03,1,0,0,0,,
2175,REQ-0049,12,3,Career Site,2024-12-05,0,0,0,0,,
2176,REQ-0049,12,3,Career Site,2024-12-06,0,0,0,0,,
2177,REQ-0049,12,3,Career Site,2024-12-03,0,0,0,0,,
2178,REQ-0049,12,3,Job Board,2024-11-19,1,1,1,1,1,66
2179,REQ-0049,12,3,Career Site,2024-12-01,0,0,0,0,,
2180,REQ-0049,12,3,Job Board,2024-11-27,1,0,0,0,,
2181,REQ-0049,12,3,Job Board,2024-11-20,1,0,0,0,,
2182,REQ-0049,12,3,Job Board,2024-12-05,1,0,0,0,,
2183,REQ-0049,12,3,LinkedIn,2024-12-04,1,1,0,0,,
2184,REQ-0049,12,3,LinkedIn,2024-11-25,0,0,0,0,,
2185,REQ-0049,12,3,LinkedIn,2024-11-20,0,0,0,0,,
2186,REQ-0049,12,3,Employee Referral,2024-12-10,0,0,0,0,,
2187,REQ-0049,12,3,LinkedIn,2024-11-18,0,0,0,0,,
2188,REQ-0049,12,3,Agency,2024-12-04,1,0,0,0,,
2189,REQ-0049,12,3,Employee Referral,2024-11-17,1,0,0,0,,
2190,REQ-0049,12,3,Career Site,2024-11-28,1,0,0,0,,
2191,REQ-0049,12,3,LinkedIn,2024-11-21,1,0,0,0,,
2192,REQ-0049,12,3,LinkedIn,2024-12-10,0,0,0,0,,
2193,REQ-0049,12,3,LinkedIn,2024-11-21,1,1,1,1,1,66
2194,REQ-0049,12,3,Job Board,2024-11-23,1,1,1,1,1,66
2195,REQ-0049,12,3,LinkedIn,2024-12-04,0,0,0,0,,
2196,REQ-0049,12,3,LinkedIn,2024-11-15,1,1,0,0,,
2197,REQ-0049,12,3,LinkedIn,2024-11-23,1,1,0,0,,
2198,REQ-0049,12,3,Job Board,2024-11-20,1,1,1,1,1,66
2199,REQ-0049,12,3,LinkedIn,2024-11-24,1,0,0,0,,
2200,REQ-0049,12,3,Employee Referral,2024-12-07,1,1,1,0,0,
2201,REQ-0049,12,3,LinkedIn,2024-11-26,1,1,0,0,,
2202,REQ-0049,12,3,LinkedIn,2024-11-22,1,0,0,0,,
2203,REQ-0049,12,3,LinkedIn,2024-12-07,0,0,0,0,,
2204,REQ-0049,12,3,Career Site,2024-11-22,1,1,0,0,,
2205,REQ-0049,12,3,LinkedIn,2024-11-19,1,1,0,0,,
2206,REQ-0049,12,3,Employee Referral,2024-12-10,0,0,0,0,,
2207,REQ-0049,12,3,LinkedIn,2024-11-20,1,1,0,0,,
2208,REQ-0049,12,3,Career Site,2024-12-06,1,0,0,0,,
2209,REQ-0049,12,3,Agency,2024-11-22,1,0,0,0,,
2210,REQ-0049,12,3,Job Board,2024-11-27,1,1,0,0,,
2211,REQ-0049,12,3,Job Board,2024-11-19,1,0,0,0,,
2212,REQ-0049,12,3,Employee Referral,2024-11-25,0,0,0,0,,
2213,REQ-0049,12,3,LinkedIn,2024-11-21,1,1,0,0,,
2214,REQ-0050,8,5,Job Board,2025-07-26,1,0,0,0,,
2215,REQ-0050,8,5,LinkedIn,2025-07-17,1,1,0,0,,
2216,REQ-0050,8,5,LinkedIn,2025-07-01,1,1,1,1,1,37
2217,REQ-0050,8,5,Job Board,2025-07-09,0,0,0,0,,
2218,REQ-0050,8,5,Career Site,2025-07-16,1,0,0,0,,
2219,REQ-0050,8,5,LinkedIn,2025-07-11,1,0,0,0,,
2220,REQ-0050,8,5,Job Board,2025-07-08,1,1,0,0,,
2221,REQ-0050,8,5,LinkedIn,2025-07-15,1,0,0,0,,
2222,REQ-0050,8,5,Agency,2025-07-02,1,0,0,0,,
2223,REQ-0050,8,5,Career Site,2025-07-13,1,0,0,0,,
2224,REQ-0050,8,5,Job Board,2025-07-19,0,0,0,0,,
2225,REQ-0050,8,5,LinkedIn,2025-07-26,0,0,0,0,,
2226,REQ-0050,8,5,Career Site,2025-07-26,1,1,0,0,,
2227,REQ-0050,8,5,LinkedIn,2025-07-09,1,0,0,0,,
2228,REQ-0050,8,5,Job Board,2025-07-14,1,1,0,0,,
2229,REQ-0050,8,5,LinkedIn,2025-07-16,1,1,0,0,,
2230,REQ-0050,8,5,Career Site,2025-07-18,1,1,1,0,0,
2231,REQ-0050,8,5,LinkedIn,2025-07-02,0,0,0,0,,
2232,REQ-0050,8,5,LinkedIn,2025-07-18,0,0,0,0,,
2233,REQ-0050,8,5,Employee Referral,2025-07-14,1,0,0,0,,
2234,REQ-0050,8,5,LinkedIn,2025-07-18,0,0,0,0,,
2235,REQ-0050,8,5,Job Board,2025-07-01,1,0,0,0,,
2236,REQ-0050,8,5,LinkedIn,2025-07-04,1,0,0,0,,
2237,REQ-0050,8,5,LinkedIn,2025-07-18,0,0,0,0,,
2238,REQ-0050,8,5,Job Board,2025-07-16,1,0,0,0,,
2239,REQ-0050,8,5,Employee Referral,2025-07-08,1,1,1,1,1,37
2240,REQ-0050,8,5,Job Board,2025-07-14,1,1,0,0,,
2241,REQ-0050,8,5,Job Board,2025-07-09,1,0,0,0,,
2242,REQ-0050,8,5,LinkedIn,2025-07-14,1,0,0,0,,
2243,REQ-0050,8,5,Employee Referral,2025-07-02,0,0,0,0,,
2244,REQ-0050,8,5,Career Site,2025-07-17,0,0,0,0,,
2245,REQ-0050,8,5,LinkedIn,2025-07-07,1,1,1,1,1,37
2246,REQ-0050,8,5,Job Board,2025-07-10,0,0,0,0,,
2247,REQ-0050,8,5,Agency,2025-07-12,0,0,0,0,,
2248,REQ-0050,8,5,Job Board,2025-07-22,1,1,0,0,,
2249,REQ-0050,8,5,Career Site,2025-07-10,0,0,0,0,,
2250,REQ-0050,8,5,LinkedIn,2025-07-09,1,0,0,0,,
2251,REQ-0050,8,5,Job Board,2025-07-22,1,1,1,0,0,
2252,REQ-0050,8,5,Career Site,2025-07-19,1,1,0,0,,
2253,REQ-0050,8,5,Career Site,2025-07-13,0,0,0,0,,
2254,REQ-0050,8,5,Job Board,2025-07-01,1,1,0,0,,
2255,REQ-0050,8,5,Career Site,2025-07-01,0,0,0,0,,
2256,REQ-0050,8,5,Agency,2025-07-03,1,1,1,0,0,
2257,REQ-0050,8,5,Employee Referral,2025-07-20,1,0,0,0,,
2258,REQ-0050,8,5,Job Board,2025-07-25,0,0,0,0,,
2259,REQ-0050,8,5,Career Site,2025-07-18,0,0,0,0,,
2260,REQ-0050,8,5,Job Board,2025-07-07,1,0,0,0,,
2261,REQ-0050,8,5,Job Board,2025-07-20,0,0,0,0,,
2262,REQ-0050,8,5,LinkedIn,2025-07-14,0,0,0,0,,
2263,REQ-0050,8,5,Employee Referral,2025-07-15,0,0,0,0,,
2264,REQ-0050,8,5,Employee Referral,2025-07-15,1,1,0,0,,
2265,REQ-0050,8,5,Employee Referral,2025-07-23,1,1,0,0,,
2266,REQ-0050,8,5,Career Site,2025-07-16,0,0,0,0,,
2267,REQ-0050,8,5,LinkedIn,2025-07-22,0,0,0,0,,
2268,REQ-0050,8,5,Job Board,2025-07-15,1,1,0,0,,
2269,REQ-0050,8,5,LinkedIn,2025-07-22,1,1,0,0,,
2270,REQ-0050,8,5,Career Site,2025-07-09,0,0,0,0,,
2271,REQ-0050,8,5,Job Board,2025-07-13,1,0,0,0,,
2272,REQ-0050,8,5,Agency,2025-07-25,1,1,1,1,1,37
2273,REQ-0050,8,5,LinkedIn,2025-07-08,1,0,0,0,,
2274,REQ-0050,8,5,Job Board,2025-07-26,0,0,0,0,,
2275,REQ-0050,8,5,LinkedIn,2025-07-13,1,0,0,0,,
2276,REQ-0050,8,5,Job Board,2025-07-06,1,1,1,1,1,37
2277,REQ-0050,8,5,LinkedIn,2025-07-15,1,1,0,0,,
2278,REQ-0051,5,1,Career Site,2026-03-15,1,1,0,0,,
2279,REQ-0051,5,1,LinkedIn,2026-04-03,1,0,0,0,,
2280,REQ-0051,5,1,LinkedIn,2026-03-26,1,1,1,1,1,56
2281,REQ-0051,5,1,Agency,2026-03-13,0,0,0,0,,
2282,REQ-0051,5,1,Agency,2026-03-24,1,1,1,1,1,56
2283,REQ-0051,5,1,LinkedIn,2026-03-16,1,0,0,0,,
2284,REQ-0051,5,1,Career Site,2026-03-22,1,0,0,0,,
2285,REQ-0051,5,1,Employee Referral,2026-03-19,0,0,0,0,,
2286,REQ-0051,5,1,Agency,2026-03-13,0,0,0,0,,
2287,REQ-0051,5,1,LinkedIn,2026-03-14,0,0,0,0,,
2288,REQ-0051,5,1,Career Site,2026-03-29,1,0,0,0,,
2289,REQ-0051,5,1,LinkedIn,2026-03-24,1,1,0,0,,
2290,REQ-0051,5,1,LinkedIn,2026-03-13,1,1,1,0,0,
2291,REQ-0051,5,1,Employee Referral,2026-03-12,1,1,1,1,1,56
2292,REQ-0051,5,1,Job Board,2026-04-03,0,0,0,0,,
2293,REQ-0051,5,1,LinkedIn,2026-04-02,1,0,0,0,,
2294,REQ-0051,5,1,Job Board,2026-04-03,1,1,1,1,1,56
2295,REQ-0051,5,1,Job Board,2026-03-23,1,1,0,0,,
2296,REQ-0051,5,1,Job Board,2026-04-04,0,0,0,0,,
2297,REQ-0051,5,1,Employee Referral,2026-04-04,1,0,0,0,,
2298,REQ-0051,5,1,Career Site,2026-03-20,0,0,0,0,,
2299,REQ-0051,5,1,Job Board,2026-03-15,1,1,1,0,0,
2300,REQ-0051,5,1,LinkedIn,2026-03-12,1,1,0,0,,
2301,REQ-0052,3,5,Job Board,2025-07-19,0,0,0,0,,
2302,REQ-0052,3,5,Career Site,2025-07-25,0,0,0,0,,
2303,REQ-0052,3,5,Job Board,2025-07-20,0,0,0,0,,
2304,REQ-0052,3,5,LinkedIn,2025-07-20,1,1,0,0,,
2305,REQ-0052,3,5,LinkedIn,2025-08-10,0,0,0,0,,
2306,REQ-0052,3,5,Career Site,2025-08-06,1,1,0,0,,
2307,REQ-0052,3,5,Agency,2025-07-19,0,0,0,0,,
2308,REQ-0052,3,5,Employee Referral,2025-07-31,0,0,0,0,,
2309,REQ-0052,3,5,Career Site,2025-07-22,0,0,0,0,,
2310,REQ-0052,3,5,Employee Referral,2025-08-04,1,0,0,0,,
2311,REQ-0052,3,5,LinkedIn,2025-07-25,1,1,0,0,,
2312,REQ-0052,3,5,Job Board,2025-07-24,0,0,0,0,,
2313,REQ-0052,3,5,Career Site,2025-08-02,1,1,0,0,,
2314,REQ-0052,3,5,LinkedIn,2025-07-20,1,1,0,0,,
2315,REQ-0052,3,5,Career Site,2025-07-25,0,0,0,0,,
2316,REQ-0052,3,5,Job Board,2025-08-07,1,1,0,0,,
2317,REQ-0052,3,5,Job Board,2025-07-25,1,0,0,0,,
2318,REQ-0052,3,5,Career Site,2025-07-21,0,0,0,0,,
2319,REQ-0052,3,5,Agency,2025-07-28,1,1,0,0,,
2320,REQ-0052,3,5,LinkedIn,2025-07-31,1,0,0,0,,
2321,REQ-0052,3,5,Employee Referral,2025-07-31,1,1,1,1,1,23
2322,REQ-0052,3,5,Agency,2025-07-21,0,0,0,0,,
2323,REQ-0053,12,5,Career Site,2025-08-08,0,0,0,0,,
2324,REQ-0053,12,5,LinkedIn,2025-07-29,1,0,0,0,,
2325,REQ-0053,12,5,Employee Referral,2025-08-11,1,1,0,0,,
2326,REQ-0053,12,5,Employee Referral,2025-07-27,0,0,0,0,,
2327,REQ-0053,12,5,LinkedIn,2025-08-04,1,1,0,0,,
2328,REQ-0053,12,5,Employee Referral,2025-07-23,0,0,0,0,,
2329,REQ-0053,12,5,Agency,2025-08-12,1,1,0,0,,
2330,REQ-0053,12,5,Career Site,2025-08-09,1,1,0,0,,
2331,REQ-0053,12,5,LinkedIn,2025-08-14,1,1,0,0,,
2332,REQ-0053,12,5,Employee Referral,2025-08-08,1,0,0,0,,
2333,REQ-0053,12,5,Career Site,2025-07-31,0,0,0,0,,
2334,REQ-0053,12,5,Employee Referral,2025-08-08,0,0,0,0,,
2335,REQ-0053,12,5,Career Site,2025-08-09,0,0,0,0,,
2336,REQ-0053,12,5,Employee Referral,2025-08-09,0,0,0,0,,
2337,REQ-0053,12,5,Employee Referral,2025-07-26,0,0,0,0,,
2338,REQ-0053,12,5,Career Site,2025-07-23,0,0,0,0,,
2339,REQ-0053,12,5,Job Board,2025-08-11,0,0,0,0,,
2340,REQ-0053,12,5,Career Site,2025-08-17,1,0,0,0,,
2341,REQ-0053,12,5,Employee Referral,2025-08-14,1,1,1,1,1,28
2342,REQ-0053,12,5,Job Board,2025-08-03,0,0,0,0,,
2343,REQ-0053,12,5,LinkedIn,2025-07-24,1,0,0,0,,
2344,REQ-0053,12,5,Job Board,2025-08-06,1,1,0,0,,
2345,REQ-0053,12,5,Career Site,2025-08-10,1,0,0,0,,
2346,REQ-0053,12,5,Job Board,2025-08-05,0,0,0,0,,
2347,REQ-0053,12,5,Employee Referral,2025-08-01,1,0,0,0,,
2348,REQ-0053,12,5,Agency,2025-07-27,1,1,1,1,1,28
2349,REQ-0053,12,5,Agency,2025-08-17,1,1,0,0,,
2350,REQ-0054,5,2,Career Site,2025-10-25,1,1,0,0,,
2351,REQ-0054,5,2,Agency,2025-10-03,1,1,0,0,,
2352,REQ-0054,5,2,LinkedIn,2025-10-17,1,0,0,0,,
2353,REQ-0054,5,2,Job Board,2025-10-21,1,0,0,0,,
2354,REQ-0054,5,2,Employee Referral,2025-10-22,1,1,0,0,,
2355,REQ-0054,5,2,Career Site,2025-10-22,1,0,0,0,,
2356,REQ-0054,5,2,Job Board,2025-10-22,1,0,0,0,,
2357,REQ-0054,5,2,Agency,2025-10-20,1,0,0,0,,
2358,REQ-0054,5,2,Job Board,2025-10-10,1,1,0,0,,
2359,REQ-0054,5,2,Job Board,2025-10-16,1,0,0,0,,
2360,REQ-0054,5,2,LinkedIn,2025-10-07,1,1,0,0,,
2361,REQ-0054,5,2,Job Board,2025-10-28,1,0,0,0,,
2362,REQ-0054,5,2,Agency,2025-10-07,0,0,0,0,,
2363,REQ-0054,5,2,Career Site,2025-10-10,1,0,0,0,,
2364,REQ-0054,5,2,Job Board,2025-10-14,1,1,0,0,,
2365,REQ-0054,5,2,Career Site,2025-10-26,1,1,1,0,0,
2366,REQ-0054,5,2,Career Site,2025-10-08,0,0,0,0,,
2367,REQ-0054,5,2,Career Site,2025-10-14,1,1,0,0,,
2368,REQ-0054,5,2,Employee Referral,2025-10-18,1,1,0,0,,
2369,REQ-0054,5,2,LinkedIn,2025-10-07,0,0,0,0,,
2370,REQ-0054,5,2,Job Board,2025-10-11,1,1,0,0,,
2371,REQ-0054,5,2,LinkedIn,2025-10-12,0,0,0,0,,
2372,REQ-0054,5,2,Job Board,2025-10-04,1,0,0,0,,
2373,REQ-0054,5,2,Career Site,2025-10-11,0,0,0,0,,
2374,REQ-0054,5,2,Job Board,2025-10-20,0,0,0,0,,
2375,REQ-0054,5,2,LinkedIn,2025-10-27,1,0,0,0,,
2376,REQ-0054,5,2,Job Board,2025-10-04,1,0,0,0,,
2377,REQ-0054,5,2,Agency,2025-10-16,1,1,0,0,,
2378,REQ-0054,5,2,Agency,2025-10-08,0,0,0,0,,
2379,REQ-0054,5,2,Agency,2025-10-07,0,0,0,0,,
2380,REQ-0054,5,2,Career Site,2025-10-14,0,0,0,0,,
2381,REQ-0054,5,2,Career Site,2025-10-11,0,0,0,0,,
2382,REQ-0054,5,2,Agency,2025-10-25,1,1,0,0,,
2383,REQ-0054,5,2,Agency,2025-10-21,0,0,0,0,,
2384,REQ-0054,5,2,Job Board,2025-10-22,0,0,0,0,,
2385,REQ-0054,5,2,Employee Referral,2025-10-04,1,1,0,0,,
2386,REQ-0054,5,2,Job Board,2025-10-20,1,1,0,0,,
2387,REQ-0054,5,2,Job Board,2025-10-06,1,0,0,0,,
2388,REQ-0054,5,2,Job Board,2025-10-17,1,1,0,0,,
2389,REQ-0054,5,2,LinkedIn,2025-10-27,0,0,0,0,,
2390,REQ-0054,5,2,Career Site,2025-10-04,1,1,1,1,1,60
2391,REQ-0054,5,2,Employee Referral,2025-10-10,0,0,0,0,,
2392,REQ-0054,5,2,Job Board,2025-10-14,1,1,0,0,,
2393,REQ-0054,5,2,Job Board,2025-10-12,1,1,0,0,,
2394,REQ-0054,5,2,Job Board,2025-10-23,0,0,0,0,,
2395,REQ-0054,5,2,Employee Referral,2025-10-04,1,1,0,0,,
2396,REQ-0054,5,2,LinkedIn,2025-10-21,1,1,0,0,,
2397,REQ-0054,5,2,LinkedIn,2025-10-21,0,0,0,0,,
2398,REQ-0054,5,2,Career Site,2025-10-19,1,0,0,0,,
2399,REQ-0054,5,2,Employee Referral,2025-10-18,1,1,1,1,1,60
2400,REQ-0054,5,2,LinkedIn,2025-10-07,1,1,0,0,,
2401,REQ-0054,5,2,Career Site,2025-10-13,1,1,1,1,1,60
2402,REQ-0054,5,2,Job Board,2025-10-16,1,0,0,0,,
2403,REQ-0054,5,2,LinkedIn,2025-10-10,1,1,0,0,,
2404,REQ-0054,5,2,Job Board,2025-10-10,0,0,0,0,,
2405,REQ-0054,5,2,Job Board,2025-10-14,1,0,0,0,,
2406,REQ-0054,5,2,Employee Referral,2025-10-13,1,1,0,0,,
2407,REQ-0054,5,2,Employee Referral,2025-10-21,1,1,1,1,1,60
2408,REQ-0054,5,2,Job Board,2025-10-17,0,0,0,0,,
2409,REQ-0054,5,2,Job Board,2025-10-24,1,0,0,0,,
2410,REQ-0054,5,2,Job Board,2025-10-20,0,0,0,0,,
2411,REQ-0054,5,2,Career Site,2025-10-17,0,0,0,0,,
2412,REQ-0054,5,2,Career Site,2025-10-06,1,1,0,0,,
2413,REQ-0054,5,2,Job Board,2025-10-15,0,0,0,0,,
2414,REQ-0055,4,5,Career Site,2025-04-22,1,1,1,0,0,
2415,REQ-0055,4,5,Career Site,2025-04-19,1,0,0,0,,
2416,REQ-0055,4,5,Job Board,2025-04-14,0,0,0,0,,
2417,REQ-0055,4,5,Job Board,2025-04-30,1,1,0,0,,
2418,REQ-0055,4,5,Career Site,2025-04-29,1,0,0,0,,
2419,REQ-0055,4,5,Job Board,2025-04-21,0,0,0,0,,
2420,REQ-0055,4,5,LinkedIn,2025-05-08,1,0,0,0,,
2421,REQ-0055,4,5,Job Board,2025-04-20,1,0,0,0,,
2422,REQ-0055,4,5,Job Board,2025-05-07,0,0,0,0,,
2423,REQ-0055,4,5,Job Board,2025-05-01,0,0,0,0,,
2424,REQ-0055,4,5,Career Site,2025-04-16,0,0,0,0,,
2425,REQ-0055,4,5,Employee Referral,2025-05-05,0,0,0,0,,
2426,REQ-0055,4,5,Career Site,2025-05-08,1,1,0,0,,
2427,REQ-0055,4,5,Career Site,2025-04-30,1,0,0,0,,
2428,REQ-0055,4,5,LinkedIn,2025-05-04,0,0,0,0,,
2429,REQ-0055,4,5,LinkedIn,2025-04-24,1,1,0,0,,
2430,REQ-0055,4,5,LinkedIn,2025-04-15,1,1,0,0,,
2431,REQ-0055,4,5,Employee Referral,2025-04-15,1,0,0,0,,
2432,REQ-0055,4,5,LinkedIn,2025-05-03,1,1,0,0,,
2433,REQ-0055,4,5,Career Site,2025-04-15,1,0,0,0,,
2434,REQ-0055,4,5,Employee Referral,2025-04-26,0,0,0,0,,
2435,REQ-0055,4,5,Agency,2025-05-01,0,0,0,0,,
2436,REQ-0055,4,5,LinkedIn,2025-04-19,0,0,0,0,,
2437,REQ-0055,4,5,Employee Referral,2025-05-06,1,0,0,0,,
2438,REQ-0055,4,5,LinkedIn,2025-04-16,1,0,0,0,,
2439,REQ-0055,4,5,LinkedIn,2025-04-22,0,0,0,0,,
2440,REQ-0055,4,5,LinkedIn,2025-04-19,0,0,0,0,,
2441,REQ-0055,4,5,LinkedIn,2025-05-04,1,0,0,0,,
2442,REQ-0055,4,5,LinkedIn,2025-04-28,1,0,0,0,,
2443,REQ-0055,4,5,LinkedIn,2025-04-22,1,1,1,1,1,47
2444,REQ-0055,4,5,Agency,2025-05-04,1,0,0,0,,
2445,REQ-0055,4,5,Career Site,2025-04-27,1,0,0,0,,
2446,REQ-0055,4,5,Employee Referral,2025-04-21,0,0,0,0,,
2447,REQ-0055,4,5,Agency,2025-04-18,1,1,0,0,,
2448,REQ-0055,4,5,LinkedIn,2025-05-03,1,0,0,0,,
2449,REQ-0055,4,5,Career Site,2025-05-02,1,1,0,0,,
2450,REQ-0055,4,5,Agency,2025-04-16,0,0,0,0,,
2451,REQ-0055,4,5,Employee Referral,2025-05-04,1,1,1,1,1,47
2452,REQ-0055,4,5,Job Board,2025-04-23,1,0,0,0,,
2453,REQ-0055,4,5,Job Board,2025-04-20,0,0,0,0,,
2454,REQ-0055,4,5,Job Board,2025-04-23,1,1,0,0,,
2455,REQ-0055,4,5,LinkedIn,2025-05-03,1,0,0,0,,
2456,REQ-0055,4,5,Career Site,2025-04-29,0,0,0,0,,
2457,REQ-0055,4,5,Job Board,2025-04-22,0,0,0,0,,
2458,REQ-0055,4,5,LinkedIn,2025-04-25,1,0,0,0,,
2459,REQ-0055,4,5,LinkedIn,2025-04-28,1,1,0,0,,
2460,REQ-0055,4,5,Career Site,2025-04-21,0,0,0,0,,
2461,REQ-0055,4,5,Career Site,2025-04-29,1,1,1,0,0,
2462,REQ-0055,4,5,Employee Referral,2025-04-21,0,0,0,0,,
2463,REQ-0055,4,5,Job Board,2025-05-07,1,1,1,0,0,
2464,REQ-0055,4,5,Career Site,2025-04-27,1,0,0,0,,
2465,REQ-0055,4,5,LinkedIn,2025-04-27,1,1,1,1,1,47
2466,REQ-0055,4,5,Agency,2025-04-27,1,0,0,0,,
2467,REQ-0055,4,5,Job Board,2025-04-27,1,1,0,0,,
2468,REQ-0055,4,5,LinkedIn,2025-05-09,1,1,0,0,,
2469,REQ-0055,4,5,Job Board,2025-04-29,0,0,0,0,,
2470,REQ-0055,4,5,Career Site,2025-05-01,0,0,0,0,,
2471,REQ-0055,4,5,LinkedIn,2025-05-02,1,0,0,0,,
2472,REQ-0055,4,5,LinkedIn,2025-05-09,0,0,0,0,,
2473,REQ-0055,4,5,Job Board,2025-04-30,0,0,0,0,,
2474,REQ-0055,4,5,Career Site,2025-04-21,1,0,0,0,,
2475,REQ-0055,4,5,Agency,2025-04-18,0,0,0,0,,
2476,REQ-0055,4,5,LinkedIn,2025-04-16,0,0,0,0,,
2477,REQ-0055,4,5,Employee Referral,2025-04-21,1,0,0,0,,
2478,REQ-0055,4,5,LinkedIn,2025-04-22,1,1,0,0,,
2479,REQ-0055,4,5,Job Board,2025-04-16,0,0,0,0,,
2480,REQ-0055,4,5,Job Board,2025-04-26,1,0,0,0,,
2481,REQ-0055,4,5,LinkedIn,2025-04-28,0,0,0,0,,
2482,REQ-0056,2,6,Job Board,2024-10-31,1,1,1,1,1,16
2483,REQ-0056,2,6,Agency,2024-11-02,1,0,0,0,,
2484,REQ-0056,2,6,Job Board,2024-11-02,0,0,0,0,,
2485,REQ-0056,2,6,LinkedIn,2024-10-22,0,0,0,0,,
2486,REQ-0056,2,6,Job Board,2024-10-23,1,0,0,0,,
2487,REQ-0056,2,6,Job Board,2024-11-01,0,0,0,0,,
2488,REQ-0056,2,6,Employee Referral,2024-10-29,1,1,0,0,,
2489,REQ-0056,2,6,Job Board,2024-10-24,1,1,1,1,1,16
2490,REQ-0056,2,6,LinkedIn,2024-11-05,0,0,0,0,,
2491,REQ-0056,2,6,LinkedIn,2024-10-25,0,0,0,0,,
2492,REQ-0056,2,6,Employee Referral,2024-11-02,1,1,1,1,1,16
2493,REQ-0056,2,6,LinkedIn,2024-11-09,1,1,1,1,1,16
2494,REQ-0056,2,6,Career Site,2024-11-09,0,0,0,0,,
2495,REQ-0056,2,6,Career Site,2024-11-08,0,0,0,0,,
2496,REQ-0056,2,6,Employee Referral,2024-11-06,1,0,0,0,,
2497,REQ-0056,2,6,LinkedIn,2024-10-25,1,0,0,0,,
2498,REQ-0056,2,6,LinkedIn,2024-11-08,1,0,0,0,,
2499,REQ-0056,2,6,Employee Referral,2024-10-28,0,0,0,0,,
2500,REQ-0056,2,6,Career Site,2024-10-22,1,1,0,0,,
2501,REQ-0056,2,6,Job Board,2024-11-16,1,0,0,0,,
2502,REQ-0056,2,6,Agency,2024-11-14,1,1,0,0,,
2503,REQ-0056,2,6,LinkedIn,2024-11-05,1,1,0,0,,
2504,REQ-0056,2,6,LinkedIn,2024-11-06,0,0,0,0,,
2505,REQ-0056,2,6,LinkedIn,2024-10-26,1,1,1,1,1,16
2506,REQ-0056,2,6,Job Board,2024-11-09,0,0,0,0,,
2507,REQ-0056,2,6,Career Site,2024-10-31,0,0,0,0,,
2508,REQ-0056,2,6,Job Board,2024-11-04,0,0,0,0,,
2509,REQ-0056,2,6,Job Board,2024-10-28,0,0,0,0,,
2510,REQ-0056,2,6,LinkedIn,2024-11-02,0,0,0,0,,
2511,REQ-0056,2,6,LinkedIn,2024-11-14,0,0,0,0,,
2512,REQ-0056,2,6,Job Board,2024-11-14,1,0,0,0,,
2513,REQ-0056,2,6,Job Board,2024-11-02,1,1,0,0,,
2514,REQ-0056,2,6,Employee Referral,2024-10-30,0,0,0,0,,
2515,REQ-0056,2,6,LinkedIn,2024-11-05,1,1,0,0,,
2516,REQ-0056,2,6,Career Site,2024-10-27,0,0,0,0,,
2517,REQ-0056,2,6,Career Site,2024-11-03,1,1,0,0,,
2518,REQ-0056,2,6,Employee Referral,2024-10-25,1,1,0,0,,
2519,REQ-0056,2,6,Job Board,2024-11-05,0,0,0,0,,
2520,REQ-0056,2,6,LinkedIn,2024-11-07,1,1,0,0,,
2521,REQ-0056,2,6,Employee Referral,2024-11-08,0,0,0,0,,
2522,REQ-0056,2,6,Employee Referral,2024-10-30,0,0,0,0,,
2523,REQ-0056,2,6,Employee Referral,2024-11-13,1,0,0,0,,
2524,REQ-0056,2,6,Employee Referral,2024-10-29,1,1,1,1,1,16
2525,REQ-0056,2,6,LinkedIn,2024-11-15,1,0,0,0,,
2526,REQ-0056,2,6,Agency,2024-11-02,1,1,1,1,1,16
2527,REQ-0056,2,6,Employee Referral,2024-10-28,0,0,0,0,,
2528,REQ-0056,2,6,Agency,2024-10-27,0,0,0,0,,
2529,REQ-0056,2,6,Employee Referral,2024-11-16,0,0,0,0,,
2530,REQ-0056,2,6,Career Site,2024-10-29,1,1,0,0,,
2531,REQ-0056,2,6,LinkedIn,2024-11-10,0,0,0,0,,
2532,REQ-0056,2,6,Career Site,2024-10-28,1,0,0,0,,
2533,REQ-0056,2,6,LinkedIn,2024-10-29,0,0,0,0,,
2534,REQ-0056,2,6,Employee Referral,2024-11-11,0,0,0,0,,
2535,REQ-0056,2,6,LinkedIn,2024-11-07,1,0,0,0,,
2536,REQ-0056,2,6,LinkedIn,2024-10-23,0,0,0,0,,
2537,REQ-0056,2,6,LinkedIn,2024-11-10,0,0,0,0,,
2538,REQ-0056,2,6,Employee Referral,2024-11-13,1,1,0,0,,
2539,REQ-0056,2,6,Job Board,2024-10-28,0,0,0,0,,
2540,REQ-0056,2,6,LinkedIn,2024-10-24,0,0,0,0,,
2541,REQ-0057,1,2,Job Board,2025-12-07,0,0,0,0,,
2542,REQ-0057,1,2,LinkedIn,2025-12-23,0,0,0,0,,
2543,REQ-0057,1,2,Career Site,2025-12-10,0,0,0,0,,
2544,REQ-0057,1,2,Career Site,2025-12-20,0,0,0,0,,
2545,REQ-0057,1,2,LinkedIn,2025-12-10,1,0,0,0,,
2546,REQ-0057,1,2,Career Site,2025-12-13,1,0,0,0,,
2547,REQ-0057,1,2,LinkedIn,2025-12-19,1,0,0,0,,
2548,REQ-0057,1,2,Agency,2025-12-27,1,1,0,0,,
2549,REQ-0057,1,2,LinkedIn,2025-12-27,1,1,0,0,,
2550,REQ-0057,1,2,Career Site,2025-12-05,1,0,0,0,,
2551,REQ-0057,1,2,Career Site,2025-12-28,1,0,0,0,,
2552,REQ-0057,1,2,Job Board,2025-12-22,1,1,0,0,,
2553,REQ-0057,1,2,LinkedIn,2025-12-27,1,0,0,0,,
2554,REQ-0057,1,2,LinkedIn,2025-12-19,1,1,0,0,,
2555,REQ-0057,1,2,Job Board,2025-12-06,0,0,0,0,,
2556,REQ-0057,1,2,Employee Referral,2025-12-15,1,1,0,0,,
2557,REQ-0057,1,2,Job Board,2025-12-15,1,0,0,0,,
2558,REQ-0057,1,2,LinkedIn,2025-12-27,1,1,0,0,,
2559,REQ-0057,1,2,Job Board,2025-12-04,1,1,0,0,,
2560,REQ-0057,1,2,LinkedIn,2025-12-11,0,0,0,0,,
2561,REQ-0057,1,2,Career Site,2025-12-24,1,0,0,0,,
2562,REQ-0057,1,2,Agency,2025-12-07,1,0,0,0,,
2563,REQ-0057,1,2,Career Site,2025-12-27,0,0,0,0,,
2564,REQ-0057,1,2,Job Board,2025-12-21,0,0,0,0,,
2565,REQ-0057,1,2,Career Site,2025-12-18,1,0,0,0,,
2566,REQ-0057,1,2,Employee Referral,2025-12-27,1,0,0,0,,
2567,REQ-0057,1,2,Job Board,2025-12-17,1,1,1,1,1,82
2568,REQ-0057,1,2,Employee Referral,2025-12-19,1,1,0,0,,
2569,REQ-0057,1,2,Agency,2025-12-14,1,0,0,0,,
2570,REQ-0057,1,2,Job Board,2025-12-20,0,0,0,0,,
2571,REQ-0057,1,2,LinkedIn,2025-12-15,0,0,0,0,,
2572,REQ-0057,1,2,LinkedIn,2025-12-05,0,0,0,0,,
2573,REQ-0058,12,1,Job Board,2026-01-12,0,0,0,0,,
2574,REQ-0058,12,1,LinkedIn,2026-01-22,0,0,0,0,,
2575,REQ-0058,12,1,Job Board,2026-01-01,1,0,0,0,,
2576,REQ-0058,12,1,Job Board,2026-01-03,1,1,0,0,,
2577,REQ-0058,12,1,Employee Referral,2026-01-18,1,0,0,0,,
2578,REQ-0058,12,1,Employee Referral,2026-01-11,1,1,0,0,,
2579,REQ-0058,12,1,Career Site,2026-01-06,0,0,0,0,,
2580,REQ-0058,12,1,Career Site,2026-01-03,0,0,0,0,,
2581,REQ-0058,12,1,Job Board,2026-01-22,0,0,0,0,,
2582,REQ-0058,12,1,Employee Referral,2026-01-08,1,0,0,0,,
2583,REQ-0058,12,1,Job Board,2026-01-12,0,0,0,0,,
2584,REQ-0058,12,1,LinkedIn,2026-01-19,1,0,0,0,,
2585,REQ-0058,12,1,LinkedIn,2026-01-20,0,0,0,0,,
2586,REQ-0058,12,1,Agency,2026-01-11,1,1,0,0,,
2587,REQ-0058,12,1,Career Site,2026-01-21,1,0,0,0,,
2588,REQ-0058,12,1,LinkedIn,2026-01-02,0,0,0,0,,
2589,REQ-0058,12,1,Agency,2026-01-25,1,0,0,0,,
2590,REQ-0058,12,1,Job Board,2026-01-13,1,0,0,0,,
2591,REQ-0058,12,1,Employee Referral,2026-01-26,1,0,0,0,,
2592,REQ-0058,12,1,Job Board,2026-01-17,0,0,0,0,,
2593,REQ-0058,12,1,Agency,2026-01-24,1,0,0,0,,
2594,REQ-0058,12,1,LinkedIn,2026-01-18,0,0,0,0,,
2595,REQ-0058,12,1,Career Site,2026-01-12,0,0,0,0,,
2596,REQ-0058,12,1,LinkedIn,2026-01-23,1,1,0,0,,
2597,REQ-0058,12,1,LinkedIn,2026-01-10,1,0,0,0,,
2598,REQ-0058,12,1,LinkedIn,2026-01-12,0,0,0,0,,
2599,REQ-0058,12,1,Job Board,2026-01-18,0,0,0,0,,
2600,REQ-0058,12,1,LinkedIn,2026-01-18,0,0,0,0,,
2601,REQ-0059,2,1,Career Site,2025-03-14,0,0,0,0,,
2602,REQ-0059,2,1,Career Site,2025-03-03,1,1,0,0,,
2603,REQ-0059,2,1,Career Site,2025-03-17,0,0,0,0,,
2604,REQ-0059,2,1,Employee Referral,2025-03-20,1,0,0,0,,
2605,REQ-0059,2,1,Employee Referral,2025-03-22,0,0,0,0,,
2606,REQ-0059,2,1,LinkedIn,2025-03-03,0,0,0,0,,
2607,REQ-0059,2,1,Agency,2025-02-27,1,1,0,0,,
2608,REQ-0059,2,1,Job Board,2025-03-09,0,0,0,0,,
2609,REQ-0059,2,1,LinkedIn,2025-03-09,1,0,0,0,,
2610,REQ-0059,2,1,Job Board,2025-03-07,0,0,0,0,,
2611,REQ-0059,2,1,Employee Referral,2025-03-07,0,0,0,0,,
2612,REQ-0059,2,1,Employee Referral,2025-03-15,0,0,0,0,,
2613,REQ-0059,2,1,LinkedIn,2025-03-17,0,0,0,0,,
2614,REQ-0059,2,1,Employee Referral,2025-03-16,0,0,0,0,,
2615,REQ-0059,2,1,Career Site,2025-03-02,0,0,0,0,,
2616,REQ-0059,2,1,LinkedIn,2025-03-02,1,1,1,1,1,27
2617,REQ-0059,2,1,Career Site,2025-03-11,0,0,0,0,,
2618,REQ-0059,2,1,LinkedIn,2025-03-22,1,0,0,0,,
2619,REQ-0059,2,1,Job Board,2025-02-27,0,0,0,0,,
2620,REQ-0059,2,1,Job Board,2025-03-15,0,0,0,0,,
2621,REQ-0059,2,1,Career Site,2025-03-08,0,0,0,0,,
2622,REQ-0059,2,1,Career Site,2025-03-16,0,0,0,0,,
2623,REQ-0059,2,1,Agency,2025-03-22,0,0,0,0,,
2624,REQ-0059,2,1,LinkedIn,2025-03-07,0,0,0,0,,
2625,REQ-0059,2,1,Job Board,2025-03-09,0,0,0,0,,
2626,REQ-0059,2,1,Employee Referral,2025-03-18,0,0,0,0,,
2627,REQ-0059,2,1,Career Site,2025-03-22,1,0,0,0,,
2628,REQ-0059,2,1,LinkedIn,2025-03-20,1,0,0,0,,
2629,REQ-0059,2,1,LinkedIn,2025-03-15,0,0,0,0,,
2630,REQ-0059,2,1,LinkedIn,2025-03-04,0,0,0,0,,
2631,REQ-0059,2,1,Job Board,2025-03-11,0,0,0,0,,
2632,REQ-0059,2,1,LinkedIn,2025-02-27,1,1,0,0,,
2633,REQ-0059,2,1,Employee Referral,2025-02-26,0,0,0,0,,
2634,REQ-0059,2,1,Job Board,2025-03-22,0,0,0,0,,
2635,REQ-0059,2,1,Agency,2025-03-16,1,1,0,0,,
2636,REQ-0059,2,1,LinkedIn,2025-03-15,1,1,1,1,1,27
2637,REQ-0059,2,1,Job Board,2025-03-14,1,1,0,0,,
2638,REQ-0059,2,1,Agency,2025-03-08,0,0,0,0,,
2639,REQ-0059,2,1,Job Board,2025-03-02,0,0,0,0,,
2640,REQ-0059,2,1,Career Site,2025-03-14,0,0,0,0,,
2641,REQ-0059,2,1,LinkedIn,2025-03-05,0,0,0,0,,
2642,REQ-0059,2,1,Employee Referral,2025-03-03,0,0,0,0,,
2643,REQ-0059,2,1,Job Board,2025-02-28,1,1,0,0,,
2644,REQ-0059,2,1,Job Board,2025-02-27,1,1,0,0,,
2645,REQ-0060,12,4,Job Board,2025-09-28,0,0,0,0,,
2646,REQ-0060,12,4,LinkedIn,2025-10-13,1,0,0,0,,
2647,REQ-0060,12,4,Career Site,2025-10-10,1,0,0,0,,
2648,REQ-0060,12,4,LinkedIn,2025-10-09,0,0,0,0,,
2649,REQ-0060,12,4,Career Site,2025-10-15,0,0,0,0,,
2650,REQ-0060,12,4,Job Board,2025-10-14,0,0,0,0,,
2651,REQ-0060,12,4,Employee Referral,2025-10-07,1,1,0,0,,
2652,REQ-0060,12,4,Employee Referral,2025-09-26,0,0,0,0,,
2653,REQ-0060,12,4,Employee Referral,2025-09-27,1,1,0,0,,
2654,REQ-0060,12,4,LinkedIn,2025-10-14,1,1,0,0,,
2655,REQ-0060,12,4,Agency,2025-10-07,1,1,0,0,,
2656,REQ-0060,12,4,Agency,2025-10-08,1,0,0,0,,
2657,REQ-0060,12,4,LinkedIn,2025-10-05,1,1,1,1,1,56
2658,REQ-0060,12,4,LinkedIn,2025-10-04,0,0,0,0,,
2659,REQ-0060,12,4,LinkedIn,2025-10-01,1,1,1,0,0,
2660,REQ-0060,12,4,Job Board,2025-10-01,1,0,0,0,,
2661,REQ-0060,12,4,Career Site,2025-10-16,1,1,0,0,,
2662,REQ-0060,12,4,Employee Referral,2025-10-03,1,1,0,0,,
2663,REQ-0060,12,4,LinkedIn,2025-09-26,0,0,0,0,,
2664,REQ-0060,12,4,Career Site,2025-09-22,1,0,0,0,,
2665,REQ-0060,12,4,Employee Referral,2025-10-09,1,0,0,0,,
2666,REQ-0060,12,4,LinkedIn,2025-09-23,0,0,0,0,,
2667,REQ-0060,12,4,LinkedIn,2025-10-09,1,1,0,0,,
2668,REQ-0060,12,4,LinkedIn,2025-10-16,1,0,0,0,,
2669,REQ-0060,12,4,Career Site,2025-10-09,1,1,0,0,,
2670,REQ-0060,12,4,Job Board,2025-09-24,1,1,0,0,,
2671,REQ-0060,12,4,Agency,2025-09-27,1,0,0,0,,
2672,REQ-0060,12,4,LinkedIn,2025-10-10,1,1,0,0,,
2673,REQ-0060,12,4,Employee Referral,2025-09-23,1,0,0,0,,
2674,REQ-0060,12,4,Job Board,2025-09-22,1,0,0,0,,
2675,REQ-0060,12,4,Job Board,2025-09-25,1,1,1,0,0,
2676,REQ-0060,12,4,LinkedIn,2025-10-03,1,1,0,0,,
2677,REQ-0060,12,4,Career Site,2025-10-11,0,0,0,0,,
2678,REQ-0060,12,4,Job Board,2025-10-04,1,0,0,0,,
2679,REQ-0060,12,4,Agency,2025-09-27,1,0,0,0,,
2680,REQ-0060,12,4,Employee Referral,2025-09-27,0,0,0,0,,
2681,REQ-0060,12,4,Agency,2025-09-27,1,1,0,0,,
2682,REQ-0060,12,4,Job Board,2025-10-17,1,0,0,0,,
2683,REQ-0060,12,4,Agency,2025-09-29,0,0,0,0,,
2684,REQ-0060,12,4,LinkedIn,2025-10-08,1,0,0,0,,
2685,REQ-0060,12,4,LinkedIn,2025-10-06,1,1,0,0,,
2686,REQ-0060,12,4,Job Board,2025-09-28,1,0,0,0,,
2687,REQ-0060,12,4,Agency,2025-09-25,1,0,0,0,,
2688,REQ-0060,12,4,Agency,2025-09-23,1,1,0,0,,
2689,REQ-0060,12,4,Employee Referral,2025-09-26,1,1,0,0,,
2690,REQ-0060,12,4,Employee Referral,2025-10-03,1,1,0,0,,
2691,REQ-0060,12,4,Career Site,2025-09-24,1,1,0,0,,
2692,REQ-0060,12,4,Career Site,2025-10-10,1,0,0,0,,
2693,REQ-0060,12,4,LinkedIn,2025-09-29,1,1,0,0,,
2694,REQ-0060,12,4,Career Site,2025-10-16,1,1,0,0,,
2695,REQ-0060,12,4,LinkedIn,2025-10-07,0,0,0,0,,
2696,REQ-0060,12,4,Agency,2025-10-16,0,0,0,0,,
2697,REQ-0060,12,4,LinkedIn,2025-10-12,1,1,1,0,0,
2698,REQ-0061,2,1,Agency,2025-06-13,1,0,0,0,,
2699,REQ-0061,2,1,Career Site,2025-06-20,1,1,0,0,,
2700,REQ-0061,2,1,LinkedIn,2025-05-31,1,0,0,0,,
2701,REQ-0061,2,1,Job Board,2025-06-10,1,1,0,0,,
2702,REQ-0061,2,1,Job Board,2025-06-05,1,1,0,0,,
2703,REQ-0061,2,1,Career Site,2025-06-03,0,0,0,0,,
2704,REQ-0061,2,1,Employee Referral,2025-06-09,1,0,0,0,,
2705,REQ-0061,2,1,Employee Referral,2025-06-01,0,0,0,0,,
2706,REQ-0061,2,1,Job Board,2025-06-12,0,0,0,0,,
2707,REQ-0061,2,1,Employee Referral,2025-06-11,1,0,0,0,,
2708,REQ-0061,2,1,Employee Referral,2025-06-02,1,0,0,0,,
2709,REQ-0061,2,1,Career Site,2025-06-07,1,1,0,0,,
2710,REQ-0061,2,1,Job Board,2025-06-09,1,0,0,0,,
2711,REQ-0061,2,1,Employee Referral,2025-06-05,0,0,0,0,,
2712,REQ-0061,2,1,Job Board,2025-06-19,0,0,0,0,,
2713,REQ-0061,2,1,LinkedIn,2025-06-18,0,0,0,0,,
2714,REQ-0061,2,1,Employee Referral,2025-06-08,1,1,0,0,,
2715,REQ-0061,2,1,LinkedIn,2025-06-14,0,0,0,0,,
2716,REQ-0061,2,1,Job Board,2025-05-29,1,0,0,0,,
2717,REQ-0061,2,1,Job Board,2025-05-30,0,0,0,0,,
2718,REQ-0061,2,1,Career Site,2025-06-10,0,0,0,0,,
2719,REQ-0061,2,1,Agency,2025-06-14,0,0,0,0,,
2720,REQ-0061,2,1,LinkedIn,2025-06-03,0,0,0,0,,
2721,REQ-0061,2,1,Employee Referral,2025-06-21,1,1,0,0,,
2722,REQ-0061,2,1,Employee Referral,2025-05-31,1,1,1,1,1,48
2723,REQ-0061,2,1,Agency,2025-06-06,1,1,0,0,,
2724,REQ-0061,2,1,Agency,2025-05-28,1,1,1,1,1,48
2725,REQ-0061,2,1,Job Board,2025-06-11,0,0,0,0,,
2726,REQ-0061,2,1,Career Site,2025-06-14,0,0,0,0,,
2727,REQ-0061,2,1,LinkedIn,2025-06-11,0,0,0,0,,
2728,REQ-0061,2,1,Career Site,2025-05-30,0,0,0,0,,
2729,REQ-0061,2,1,Employee Referral,2025-06-15,0,0,0,0,,
2730,REQ-0061,2,1,Career Site,2025-06-05,1,1,0,0,,
2731,REQ-0061,2,1,Employee Referral,2025-06-02,1,1,1,1,1,48
2732,REQ-0061,2,1,Career Site,2025-06-08,1,1,1,0,0,
2733,REQ-0061,2,1,Agency,2025-05-30,1,0,0,0,,
2734,REQ-0061,2,1,Agency,2025-06-14,1,0,0,0,,
2735,REQ-0061,2,1,Employee Referral,2025-06-18,1,1,0,0,,
2736,REQ-0061,2,1,LinkedIn,2025-06-13,0,0,0,0,,
2737,REQ-0061,2,1,LinkedIn,2025-05-30,0,0,0,0,,
2738,REQ-0061,2,1,LinkedIn,2025-06-18,1,1,0,0,,
2739,REQ-0062,3,3,Employee Referral,2026-02-02,0,0,0,0,,
2740,REQ-0062,3,3,Job Board,2026-02-10,0,0,0,0,,
2741,REQ-0062,3,3,LinkedIn,2026-01-29,1,1,0,0,,
2742,REQ-0062,3,3,Job Board,2026-02-14,0,0,0,0,,
2743,REQ-0062,3,3,Job Board,2026-02-16,0,0,0,0,,
2744,REQ-0062,3,3,Job Board,2026-02-13,1,0,0,0,,
2745,REQ-0062,3,3,Agency,2026-01-29,1,1,0,0,,
2746,REQ-0062,3,3,Job Board,2026-02-12,0,0,0,0,,
2747,REQ-0062,3,3,Career Site,2026-01-28,0,0,0,0,,
2748,REQ-0062,3,3,Agency,2026-02-07,1,0,0,0,,
2749,REQ-0062,3,3,Employee Referral,2026-02-15,0,0,0,0,,
2750,REQ-0062,3,3,LinkedIn,2026-02-05,1,0,0,0,,
2751,REQ-0062,3,3,Career Site,2026-02-02,0,0,0,0,,
2752,REQ-0062,3,3,Job Board,2026-02-15,0,0,0,0,,
2753,REQ-0062,3,3,Job Board,2026-01-27,1,0,0,0,,
2754,REQ-0062,3,3,Employee Referral,2026-02-06,1,0,0,0,,
2755,REQ-0062,3,3,Job Board,2026-01-31,1,1,0,0,,
2756,REQ-0062,3,3,LinkedIn,2026-02-05,0,0,0,0,,
2757,REQ-0062,3,3,LinkedIn,2026-01-31,1,0,0,0,,
2758,REQ-0062,3,3,Career Site,2026-02-10,1,0,0,0,,
2759,REQ-0063,9,5,Job Board,2024-11-17,0,0,0,0,,
2760,REQ-0063,9,5,LinkedIn,2024-11-07,1,0,0,0,,
2761,REQ-0063,9,5,Agency,2024-11-07,0,0,0,0,,
2762,REQ-0063,9,5,Job Board,2024-11-22,1,1,0,0,,
2763,REQ-0063,9,5,Career Site,2024-11-25,1,1,1,0,0,
2764,REQ-0063,9,5,Career Site,2024-11-06,1,0,0,0,,
2765,REQ-0063,9,5,Career Site,2024-11-12,1,1,0,0,,
2766,REQ-0063,9,5,Agency,2024-11-17,0,0,0,0,,
2767,REQ-0063,9,5,Agency,2024-11-20,1,0,0,0,,
2768,REQ-0063,9,5,LinkedIn,2024-11-17,0,0,0,0,,
2769,REQ-0063,9,5,LinkedIn,2024-11-16,1,0,0,0,,
2770,REQ-0063,9,5,Job Board,2024-11-09,0,0,0,0,,
2771,REQ-0063,9,5,Agency,2024-11-20,0,0,0,0,,
2772,REQ-0063,9,5,Career Site,2024-11-14,0,0,0,0,,
2773,REQ-0063,9,5,LinkedIn,2024-11-12,1,1,1,1,1,34
2774,REQ-0063,9,5,Agency,2024-11-25,1,0,0,0,,
2775,REQ-0063,9,5,Career Site,2024-11-15,1,1,0,0,,
2776,REQ-0063,9,5,Employee Referral,2024-11-24,0,0,0,0,,
2777,REQ-0063,9,5,Job Board,2024-11-05,0,0,0,0,,
2778,REQ-0063,9,5,Job Board,2024-11-13,1,0,0,0,,
2779,REQ-0063,9,5,LinkedIn,2024-11-02,1,1,0,0,,
2780,REQ-0063,9,5,Job Board,2024-11-04,1,1,1,0,0,
2781,REQ-0063,9,5,LinkedIn,2024-11-26,1,1,1,1,1,34
2782,REQ-0063,9,5,Agency,2024-11-09,0,0,0,0,,
2783,REQ-0063,9,5,Job Board,2024-11-17,1,1,1,1,1,34
2784,REQ-0063,9,5,Career Site,2024-11-03,1,1,0,0,,
2785,REQ-0063,9,5,LinkedIn,2024-11-09,1,1,1,0,0,
2786,REQ-0063,9,5,LinkedIn,2024-11-17,1,1,0,0,,
2787,REQ-0063,9,5,Employee Referral,2024-11-05,0,0,0,0,,
2788,REQ-0063,9,5,Career Site,2024-11-17,1,1,0,0,,
2789,REQ-0063,9,5,Job Board,2024-11-08,0,0,0,0,,
2790,REQ-0063,9,5,Job Board,2024-11-10,0,0,0,0,,
2791,REQ-0063,9,5,Career Site,2024-11-02,1,0,0,0,,
2792,REQ-0064,11,1,Career Site,2025-06-27,0,0,0,0,,
2793,REQ-0064,11,1,Employee Referral,2025-07-09,0,0,0,0,,
2794,REQ-0064,11,1,Career Site,2025-06-29,0,0,0,0,,
2795,REQ-0064,11,1,LinkedIn,2025-07-11,1,0,0,0,,
2796,REQ-0064,11,1,Employee Referral,2025-07-13,1,0,0,0,,
2797,REQ-0064,11,1,LinkedIn,2025-07-04,1,1,1,0,0,
2798,REQ-0064,11,1,LinkedIn,2025-07-21,0,0,0,0,,
2799,REQ-0064,11,1,Employee Referral,2025-07-13,1,1,0,0,,
2800,REQ-0064,11,1,Job Board,2025-07-14,1,0,0,0,,
2801,REQ-0064,11,1,LinkedIn,2025-07-11,0,0,0,0,,
2802,REQ-0064,11,1,Agency,2025-07-01,1,0,0,0,,
2803,REQ-0064,11,1,LinkedIn,2025-07-10,1,0,0,0,,
2804,REQ-0064,11,1,LinkedIn,2025-07-18,0,0,0,0,,
2805,REQ-0064,11,1,Job Board,2025-07-02,1,0,0,0,,
2806,REQ-0064,11,1,Agency,2025-07-07,0,0,0,0,,
2807,REQ-0064,11,1,Agency,2025-07-13,1,0,0,0,,
2808,REQ-0064,11,1,LinkedIn,2025-07-04,1,1,0,0,,
2809,REQ-0064,11,1,LinkedIn,2025-07-09,1,0,0,0,,
2810,REQ-0064,11,1,Job Board,2025-07-16,1,1,1,1,1,93
2811,REQ-0065,11,4,LinkedIn,2025-12-08,0,0,0,0,,
2812,REQ-0065,11,4,LinkedIn,2025-11-24,1,0,0,0,,
2813,REQ-0065,11,4,LinkedIn,2025-11-22,1,1,0,0,,
2814,REQ-0065,11,4,Career Site,2025-12-03,0,0,0,0,,
2815,REQ-0065,11,4,Agency,2025-11-30,0,0,0,0,,
2816,REQ-0065,11,4,Employee Referral,2025-11-17,1,1,0,0,,
2817,REQ-0065,11,4,Job Board,2025-11-23,1,0,0,0,,
2818,REQ-0065,11,4,Job Board,2025-11-17,0,0,0,0,,
2819,REQ-0065,11,4,Career Site,2025-12-08,0,0,0,0,,
2820,REQ-0065,11,4,Employee Referral,2025-12-06,1,1,1,0,0,
2821,REQ-0065,11,4,Job Board,2025-11-26,1,0,0,0,,
2822,REQ-0065,11,4,Career Site,2025-11-27,0,0,0,0,,
2823,REQ-0065,11,4,LinkedIn,2025-11-18,1,0,0,0,,
2824,REQ-0065,11,4,Job Board,2025-12-05,1,1,1,1,1,45
2825,REQ-0065,11,4,Agency,2025-11-30,0,0,0,0,,
2826,REQ-0065,11,4,LinkedIn,2025-12-08,1,1,1,1,1,45
2827,REQ-0065,11,4,Employee Referral,2025-11-22,0,0,0,0,,
2828,REQ-0065,11,4,Job Board,2025-12-02,0,0,0,0,,
2829,REQ-0065,11,4,Job Board,2025-11-20,1,1,0,0,,
2830,REQ-0065,11,4,LinkedIn,2025-12-02,0,0,0,0,,
2831,REQ-0065,11,4,LinkedIn,2025-11-25,1,1,0,0,,
2832,REQ-0065,11,4,Agency,2025-11-22,0,0,0,0,,
2833,REQ-0065,11,4,LinkedIn,2025-12-09,0,0,0,0,,
2834,REQ-0066,10,4,Job Board,2025-10-11,0,0,0,0,,
2835,REQ-0066,10,4,LinkedIn,2025-10-11,0,0,0,0,,
2836,REQ-0066,10,4,Agency,2025-10-13,1,1,0,0,,
2837,REQ-0066,10,4,Job Board,2025-10-01,0,0,0,0,,
2838,REQ-0066,10,4,LinkedIn,2025-10-01,1,1,0,0,,
2839,REQ-0066,10,4,Job Board,2025-10-11,0,0,0,0,,
2840,REQ-0066,10,4,Agency,2025-09-28,1,1,0,0,,
2841,REQ-0066,10,4,LinkedIn,2025-10-14,0,0,0,0,,
2842,REQ-0066,10,4,Career Site,2025-10-03,1,1,1,1,1,54
2843,REQ-0066,10,4,LinkedIn,2025-10-16,1,0,0,0,,
2844,REQ-0066,10,4,Job Board,2025-10-03,0,0,0,0,,
2845,REQ-0066,10,4,LinkedIn,2025-09-24,0,0,0,0,,
2846,REQ-0066,10,4,Job Board,2025-10-01,1,0,0,0,,
2847,REQ-0066,10,4,Job Board,2025-10-11,0,0,0,0,,
2848,REQ-0066,10,4,Career Site,2025-10-09,1,1,0,0,,
2849,REQ-0066,10,4,LinkedIn,2025-10-11,1,0,0,0,,
2850,REQ-0066,10,4,Employee Referral,2025-10-05,1,1,0,0,,
2851,REQ-0066,10,4,LinkedIn,2025-10-02,0,0,0,0,,
2852,REQ-0066,10,4,Job Board,2025-09-26,1,1,0,0,,
2853,REQ-0066,10,4,Employee Referral,2025-10-01,1,0,0,0,,
2854,REQ-0066,10,4,Agency,2025-09-24,0,0,0,0,,
2855,REQ-0066,10,4,Career Site,2025-09-23,0,0,0,0,,
2856,REQ-0067,12,2,Employee Referral,2026-01-10,1,0,0,0,,
2857,REQ-0067,12,2,Agency,2026-01-22,1,1,0,0,,
2858,REQ-0067,12,2,LinkedIn,2026-01-15,0,0,0,0,,
2859,REQ-0067,12,2,Career Site,2026-01-01,1,1,0,0,,
2860,REQ-0067,12,2,LinkedIn,2026-01-15,1,1,0,0,,
2861,REQ-0067,12,2,Employee Referral,2026-01-17,0,0,0,0,,
2862,REQ-0067,12,2,LinkedIn,2026-01-04,1,0,0,0,,
2863,REQ-0067,12,2,Job Board,2026-01-07,1,0,0,0,,
2864,REQ-0067,12,2,Job Board,2026-01-21,0,0,0,0,,
2865,REQ-0067,12,2,LinkedIn,2026-01-15,0,0,0,0,,
2866,REQ-0067,12,2,Career Site,2026-01-22,1,1,0,0,,
2867,REQ-0067,12,2,Job Board,2026-01-03,1,0,0,0,,
2868,REQ-0067,12,2,LinkedIn,2026-01-02,1,1,0,0,,
2869,REQ-0067,12,2,Career Site,2026-01-23,1,0,0,0,,
2870,REQ-0067,12,2,LinkedIn,2026-01-09,0,0,0,0,,
2871,REQ-0067,12,2,LinkedIn,2026-01-19,1,0,0,0,,
2872,REQ-0067,12,2,LinkedIn,2025-12-31,1,1,0,0,,
2873,REQ-0067,12,2,Employee Referral,2026-01-07,1,1,0,0,,
2874,REQ-0068,10,2,LinkedIn,2026-03-10,0,0,0,0,,
2875,REQ-0068,10,2,LinkedIn,2026-03-18,1,1,0,0,,
2876,REQ-0068,10,2,LinkedIn,2026-03-15,0,0,0,0,,
2877,REQ-0068,10,2,Job Board,2026-03-09,1,1,0,0,,
2878,REQ-0068,10,2,Job Board,2026-03-01,1,1,0,0,,
2879,REQ-0068,10,2,Career Site,2026-02-28,0,0,0,0,,
2880,REQ-0068,10,2,Job Board,2026-03-02,0,0,0,0,,
2881,REQ-0068,10,2,Employee Referral,2026-03-17,0,0,0,0,,
2882,REQ-0068,10,2,Career Site,2026-03-11,0,0,0,0,,
2883,REQ-0068,10,2,Career Site,2026-03-23,0,0,0,0,,
2884,REQ-0068,10,2,Career Site,2026-03-23,1,1,0,0,,
2885,REQ-0068,10,2,LinkedIn,2026-03-02,1,0,0,0,,
2886,REQ-0068,10,2,Employee Referral,2026-03-12,1,0,0,0,,
2887,REQ-0068,10,2,Job Board,2026-03-13,1,1,0,0,,
2888,REQ-0068,10,2,LinkedIn,2026-03-23,1,1,0,0,,
2889,REQ-0068,10,2,Career Site,2026-03-03,1,1,0,0,,
2890,REQ-0068,10,2,Career Site,2026-03-15,1,1,0,0,,
2891,REQ-0068,10,2,Job Board,2026-03-12,0,0,0,0,,
2892,REQ-0068,10,2,Employee Referral,2026-03-17,1,1,0,0,,
2893,REQ-0068,10,2,LinkedIn,2026-03-21,1,0,0,0,,
2894,REQ-0068,10,2,LinkedIn,2026-03-14,1,1,0,0,,
2895,REQ-0068,10,2,Career Site,2026-03-12,1,0,0,0,,
2896,REQ-0068,10,2,Employee Referral,2026-03-02,0,0,0,0,,
2897,REQ-0068,10,2,Career Site,2026-03-20,1,1,0,0,,
2898,REQ-0068,10,2,LinkedIn,2026-03-18,1,1,1,1,1,19
2899,REQ-0068,10,2,Career Site,2026-03-23,1,0,0,0,,
2900,REQ-0068,10,2,LinkedIn,2026-03-06,0,0,0,0,,
2901,REQ-0068,10,2,Job Board,2026-03-06,1,1,0,0,,
2902,REQ-0068,10,2,Agency,2026-03-13,0,0,0,0,,
2903,REQ-0068,10,2,LinkedIn,2026-02-28,1,1,1,1,1,19
2904,REQ-0068,10,2,Employee Referral,2026-03-15,1,1,0,0,,
2905,REQ-0068,10,2,Job Board,2026-02-26,0,0,0,0,,
2906,REQ-0068,10,2,Job Board,2026-02-28,1,1,1,1,1,19
2907,REQ-0068,10,2,Career Site,2026-03-22,0,0,0,0,,
2908,REQ-0068,10,2,Agency,2026-03-10,1,0,0,0,,
2909,REQ-0068,10,2,Job Board,2026-03-11,1,0,0,0,,
2910,REQ-0068,10,2,Career Site,2026-03-18,0,0,0,0,,
2911,REQ-0068,10,2,Employee Referral,2026-03-21,1,1,0,0,,
2912,REQ-0068,10,2,Career Site,2026-03-07,1,0,0,0,,
2913,REQ-0068,10,2,Employee Referral,2026-03-04,1,0,0,0,,
2914,REQ-0068,10,2,LinkedIn,2026-03-11,0,0,0,0,,
2915,REQ-0068,10,2,Career Site,2026-03-20,0,0,0,0,,
2916,REQ-0068,10,2,LinkedIn,2026-03-02,1,1,0,0,,
2917,REQ-0068,10,2,Employee Referral,2026-03-23,0,0,0,0,,
2918,REQ-0068,10,2,Employee Referral,2026-02-27,1,0,0,0,,
2919,REQ-0068,10,2,Agency,2026-03-01,1,0,0,0,,
2920,REQ-0068,10,2,LinkedIn,2026-03-23,1,1,1,1,1,19
2921,REQ-0069,1,3,Career Site,2024-08-15,1,1,0,0,,
2922,REQ-0069,1,3,LinkedIn,2024-08-22,1,1,1,1,1,41
2923,REQ-0069,1,3,LinkedIn,2024-08-30,1,0,0,0,,
2924,REQ-0069,1,3,Career Site,2024-08-29,1,1,0,0,,
2925,REQ-0069,1,3,LinkedIn,2024-08-31,1,0,0,0,,
2926,REQ-0069,1,3,Job Board,2024-08-17,1,0,0,0,,
2927,REQ-0069,1,3,Employee Referral,2024-08-07,1,1,0,0,,
2928,REQ-0069,1,3,Employee Referral,2024-08-10,1,0,0,0,,
2929,REQ-0069,1,3,Job Board,2024-08-24,0,0,0,0,,
2930,REQ-0069,1,3,Employee Referral,2024-08-19,1,1,1,1,1,41
2931,REQ-0069,1,3,LinkedIn,2024-08-19,1,0,0,0,,
2932,REQ-0069,1,3,LinkedIn,2024-08-12,1,1,0,0,,
2933,REQ-0069,1,3,Employee Referral,2024-08-11,1,0,0,0,,
2934,REQ-0069,1,3,LinkedIn,2024-08-26,1,0,0,0,,
2935,REQ-0069,1,3,Employee Referral,2024-08-25,1,1,0,0,,
2936,REQ-0069,1,3,LinkedIn,2024-08-30,0,0,0,0,,
2937,REQ-0069,1,3,Job Board,2024-08-28,1,0,0,0,,
2938,REQ-0069,1,3,Job Board,2024-08-23,1,1,0,0,,
2939,REQ-0069,1,3,LinkedIn,2024-08-17,0,0,0,0,,
2940,REQ-0069,1,3,Agency,2024-08-15,1,1,0,0,,
2941,REQ-0069,1,3,LinkedIn,2024-08-14,1,0,0,0,,
2942,REQ-0069,1,3,LinkedIn,2024-08-07,1,0,0,0,,
2943,REQ-0069,1,3,LinkedIn,2024-08-15,1,0,0,0,,
2944,REQ-0069,1,3,LinkedIn,2024-08-23,0,0,0,0,,
2945,REQ-0069,1,3,Job Board,2024-08-08,0,0,0,0,,
2946,REQ-0069,1,3,Job Board,2024-08-25,1,0,0,0,,
2947,REQ-0069,1,3,Job Board,2024-08-23,1,0,0,0,,
2948,REQ-0069,1,3,Employee Referral,2024-08-30,1,0,0,0,,
2949,REQ-0069,1,3,Employee Referral,2024-08-06,1,1,0,0,,
2950,REQ-0069,1,3,Career Site,2024-08-06,1,0,0,0,,
2951,REQ-0069,1,3,Job Board,2024-08-23,1,0,0,0,,
2952,REQ-0069,1,3,Employee Referral,2024-08-29,0,0,0,0,,
2953,REQ-0069,1,3,Agency,2024-08-06,0,0,0,0,,
2954,REQ-0069,1,3,Employee Referral,2024-08-21,0,0,0,0,,
2955,REQ-0069,1,3,Job Board,2024-08-22,1,1,0,0,,
2956,REQ-0069,1,3,Job Board,2024-08-08,1,0,0,0,,
2957,REQ-0069,1,3,Job Board,2024-08-17,0,0,0,0,,
2958,REQ-0070,7,2,Career Site,2025-12-18,0,0,0,0,,
2959,REQ-0070,7,2,Job Board,2025-12-13,1,1,0,0,,
2960,REQ-0070,7,2,Employee Referral,2025-12-17,0,0,0,0,,
2961,REQ-0070,7,2,Employee Referral,2025-12-17,1,1,0,0,,
2962,REQ-0070,7,2,Career Site,2025-11-24,1,0,0,0,,
2963,REQ-0070,7,2,LinkedIn,2025-12-02,1,1,1,1,1,31
2964,REQ-0070,7,2,Employee Referral,2025-12-06,1,1,1,1,1,31
2965,REQ-0070,7,2,Career Site,2025-12-03,0,0,0,0,,
2966,REQ-0070,7,2,Employee Referral,2025-12-04,1,1,1,1,1,31
2967,REQ-0070,7,2,Employee Referral,2025-12-10,0,0,0,0,,
2968,REQ-0070,7,2,Agency,2025-12-07,1,1,1,1,1,31
2969,REQ-0070,7,2,Employee Referral,2025-12-16,1,1,1,0,0,
2970,REQ-0070,7,2,Job Board,2025-12-02,1,1,1,0,0,
2971,REQ-0070,7,2,LinkedIn,2025-12-19,1,0,0,0,,
2972,REQ-0070,7,2,Job Board,2025-12-08,0,0,0,0,,
2973,REQ-0070,7,2,Employee Referral,2025-11-24,0,0,0,0,,
2974,REQ-0070,7,2,LinkedIn,2025-12-09,1,1,0,0,,
2975,REQ-0070,7,2,LinkedIn,2025-12-17,0,0,0,0,,
2976,REQ-0070,7,2,Job Board,2025-12-15,1,0,0,0,,
2977,REQ-0070,7,2,Employee Referral,2025-12-19,0,0,0,0,,
2978,REQ-0070,7,2,Job Board,2025-12-06,1,0,0,0,,
2979,REQ-0070,7,2,Job Board,2025-12-15,0,0,0,0,,
2980,REQ-0070,7,2,Agency,2025-12-07,0,0,0,0,,
2981,REQ-0070,7,2,Job Board,2025-11-30,1,1,0,0,,
2982,REQ-0070,7,2,Agency,2025-12-09,0,0,0,0,,
2983,REQ-0070,7,2,Job Board,2025-11-24,1,1,1,0,0,
2984,REQ-0070,7,2,LinkedIn,2025-12-02,0,0,0,0,,
2985,REQ-0070,7,2,LinkedIn,2025-12-01,1,1,0,0,,
2986,REQ-0070,7,2,LinkedIn,2025-12-09,0,0,0,0,,
2987,REQ-0070,7,2,LinkedIn,2025-11-28,0,0,0,0,,
2988,REQ-0070,7,2,Job Board,2025-11-29,1,1,0,0,,
2989,REQ-0070,7,2,LinkedIn,2025-11-24,0,0,0,0,,
2990,REQ-0070,7,2,Employee Referral,2025-12-13,1,0,0,0,,
2991,REQ-0070,7,2,Career Site,2025-11-28,0,0,0,0,,
2992,REQ-0070,7,2,Agency,2025-11-25,1,1,0,0,,
2993,REQ-0070,7,2,LinkedIn,2025-12-10,1,0,0,0,,
2994,REQ-0070,7,2,Employee Referral,2025-12-04,1,0,0,0,,
2995,REQ-0070,7,2,Job Board,2025-12-05,0,0,0,0,,
2996,REQ-0070,7,2,Employee Referral,2025-12-12,1,0,0,0,,
2997,REQ-0070,7,2,Employee Referral,2025-12-12,1,0,0,0,,
2998,REQ-0070,7,2,LinkedIn,2025-12-17,0,0,0,0,,
2999,REQ-0070,7,2,LinkedIn,2025-12-09,0,0,0,0,,
3000,REQ-0070,7,2,Agency,2025-12-08,1,0,0,0,,
3001,REQ-0070,7,2,Career Site,2025-12-12,1,1,0,0,,
3002,REQ-0070,7,2,Employee Referral,2025-12-02,1,1,0,0,,
3003,REQ-0070,7,2,Employee Referral,2025-12-11,0,0,0,0,,
3004,REQ-0070,7,2,Career Site,2025-12-08,1,0,0,0,,
3005,REQ-0070,7,2,Career Site,2025-12-06,1,0,0,0,,
3006,REQ-0070,7,2,Agency,2025-12-12,1,1,0,0,,
3007,REQ-0070,7,2,Job Board,2025-11-27,1,0,0,0,,
3008,REQ-0070,7,2,Job Board,2025-12-19,1,0,0,0,,
3009,REQ-0071,4,3,Employee Referral,2025-05-08,1,1,0,0,,
3010,REQ-0071,4,3,LinkedIn,2025-05-10,1,1,0,0,,
3011,REQ-0071,4,3,Job Board,2025-05-06,1,1,0,0,,
3012,REQ-0071,4,3,Employee Referral,2025-04-28,1,0,0,0,,
3013,REQ-0071,4,3,Agency,2025-04-25,0,0,0,0,,
3014,REQ-0071,4,3,LinkedIn,2025-05-01,1,1,1,0,0,
3015,REQ-0071,4,3,Job Board,2025-05-05,1,0,0,0,,
3016,REQ-0071,4,3,LinkedIn,2025-05-09,1,0,0,0,,
3017,REQ-0071,4,3,Career Site,2025-04-28,1,1,0,0,,
3018,REQ-0071,4,3,Agency,2025-05-17,0,0,0,0,,
3019,REQ-0071,4,3,Career Site,2025-05-05,0,0,0,0,,
3020,REQ-0071,4,3,Career Site,2025-05-04,0,0,0,0,,
3021,REQ-0071,4,3,LinkedIn,2025-05-04,1,0,0,0,,
3022,REQ-0071,4,3,Career Site,2025-05-16,1,0,0,0,,
3023,REQ-0071,4,3,Job Board,2025-04-26,1,0,0,0,,
3024,REQ-0071,4,3,LinkedIn,2025-04-26,1,0,0,0,,
3025,REQ-0071,4,3,Job Board,2025-04-24,1,1,0,0,,
3026,REQ-0071,4,3,Career Site,2025-05-01,0,0,0,0,,
3027,REQ-0071,4,3,Agency,2025-05-11,1,0,0,0,,
3028,REQ-0071,4,3,Job Board,2025-04-27,1,1,0,0,,
3029,REQ-0071,4,3,Employee Referral,2025-05-13,0,0,0,0,,
3030,REQ-0071,4,3,LinkedIn,2025-05-16,1,0,0,0,,
3031,REQ-0071,4,3,Employee Referral,2025-04-30,0,0,0,0,,
3032,REQ-0071,4,3,Career Site,2025-05-03,0,0,0,0,,
3033,REQ-0071,4,3,Job Board,2025-05-04,1,1,1,1,1,32
3034,REQ-0071,4,3,Career Site,2025-05-09,0,0,0,0,,
3035,REQ-0071,4,3,Job Board,2025-05-06,0,0,0,0,,
3036,REQ-0071,4,3,Agency,2025-05-05,0,0,0,0,,
3037,REQ-0071,4,3,Employee Referral,2025-04-26,1,1,0,0,,
3038,REQ-0071,4,3,LinkedIn,2025-05-18,1,1,0,0,,
3039,REQ-0071,4,3,Career Site,2025-05-16,1,0,0,0,,
3040,REQ-0071,4,3,Employee Referral,2025-05-04,1,1,0,0,,
3041,REQ-0071,4,3,Employee Referral,2025-05-10,1,0,0,0,,
3042,REQ-0071,4,3,Agency,2025-04-23,1,1,0,0,,
3043,REQ-0071,4,3,Job Board,2025-04-24,1,1,1,1,1,32
3044,REQ-0071,4,3,Job Board,2025-05-14,1,0,0,0,,
3045,REQ-0071,4,3,Job Board,2025-05-12,1,0,0,0,,
3046,REQ-0071,4,3,Agency,2025-04-29,0,0,0,0,,
3047,REQ-0071,4,3,Employee Referral,2025-04-23,0,0,0,0,,
3048,REQ-0071,4,3,LinkedIn,2025-05-06,1,1,1,1,1,32
3049,REQ-0071,4,3,Job Board,2025-04-30,1,0,0,0,,
3050,REQ-0071,4,3,LinkedIn,2025-05-13,1,0,0,0,,
3051,REQ-0071,4,3,Agency,2025-05-15,1,0,0,0,,
3052,REQ-0071,4,3,Employee Referral,2025-05-12,1,0,0,0,,
3053,REQ-0071,4,3,Job Board,2025-05-06,0,0,0,0,,
3054,REQ-0071,4,3,Job Board,2025-05-01,0,0,0,0,,
3055,REQ-0071,4,3,Career Site,2025-05-11,0,0,0,0,,
3056,REQ-0071,4,3,LinkedIn,2025-05-08,1,1,0,0,,
3057,REQ-0071,4,3,LinkedIn,2025-04-30,0,0,0,0,,
3058,REQ-0071,4,3,Job Board,2025-05-03,1,1,1,1,1,32
3059,REQ-0071,4,3,Agency,2025-05-15,1,0,0,0,,
3060,REQ-0071,4,3,Job Board,2025-05-15,1,1,0,0,,
3061,REQ-0071,4,3,Career Site,2025-05-14,0,0,0,0,,
3062,REQ-0071,4,3,Career Site,2025-04-24,1,1,0,0,,
3063,REQ-0071,4,3,Agency,2025-04-28,0,0,0,0,,
3064,REQ-0071,4,3,LinkedIn,2025-04-23,1,1,0,0,,
3065,REQ-0071,4,3,LinkedIn,2025-04-29,1,1,0,0,,
3066,REQ-0071,4,3,Job Board,2025-04-27,1,1,0,0,,
3067,REQ-0071,4,3,Employee Referral,2025-05-15,1,1,0,0,,
3068,REQ-0071,4,3,Agency,2025-04-27,1,0,0,0,,
3069,REQ-0071,4,3,Career Site,2025-05-04,1,0,0,0,,
3070,REQ-0071,4,3,LinkedIn,2025-05-12,0,0,0,0,,
3071,REQ-0072,12,2,LinkedIn,2024-07-28,1,0,0,0,,
3072,REQ-0072,12,2,Job Board,2024-07-31,0,0,0,0,,
3073,REQ-0072,12,2,LinkedIn,2024-08-03,0,0,0,0,,
3074,REQ-0072,12,2,Career Site,2024-07-25,1,1,0,0,,
3075,REQ-0072,12,2,Job Board,2024-08-03,1,0,0,0,,
3076,REQ-0072,12,2,LinkedIn,2024-07-28,0,0,0,0,,
3077,REQ-0072,12,2,LinkedIn,2024-07-23,1,1,1,0,0,
3078,REQ-0072,12,2,LinkedIn,2024-08-04,1,1,0,0,,
3079,REQ-0072,12,2,Career Site,2024-08-08,0,0,0,0,,
3080,REQ-0072,12,2,Career Site,2024-07-25,1,0,0,0,,
3081,REQ-0072,12,2,Job Board,2024-07-24,0,0,0,0,,
3082,REQ-0072,12,2,Employee Referral,2024-07-26,1,0,0,0,,
3083,REQ-0072,12,2,Agency,2024-08-15,1,1,1,1,1,38
3084,REQ-0072,12,2,Career Site,2024-07-21,1,1,0,0,,
3085,REQ-0072,12,2,Career Site,2024-07-21,0,0,0,0,,
3086,REQ-0072,12,2,Job Board,2024-07-31,1,1,0,0,,
3087,REQ-0072,12,2,LinkedIn,2024-07-29,0,0,0,0,,
3088,REQ-0072,12,2,Employee Referral,2024-08-14,0,0,0,0,,
3089,REQ-0072,12,2,Career Site,2024-07-25,0,0,0,0,,
3090,REQ-0072,12,2,LinkedIn,2024-07-31,1,0,0,0,,
3091,REQ-0072,12,2,LinkedIn,2024-07-22,0,0,0,0,,
3092,REQ-0072,12,2,Employee Referral,2024-08-07,0,0,0,0,,
3093,REQ-0072,12,2,Employee Referral,2024-08-13,1,0,0,0,,
3094,REQ-0072,12,2,Employee Referral,2024-07-27,1,0,0,0,,
3095,REQ-0072,12,2,Agency,2024-07-31,0,0,0,0,,
3096,REQ-0072,12,2,Employee Referral,2024-08-05,1,1,0,0,,
3097,REQ-0072,12,2,LinkedIn,2024-08-13,1,1,1,1,1,38
3098,REQ-0072,12,2,Employee Referral,2024-08-08,1,1,0,0,,
3099,REQ-0072,12,2,Employee Referral,2024-07-28,1,1,1,0,0,
3100,REQ-0072,12,2,LinkedIn,2024-07-22,0,0,0,0,,
3101,REQ-0072,12,2,LinkedIn,2024-08-15,1,1,1,0,0,
3102,REQ-0072,12,2,Employee Referral,2024-08-08,0,0,0,0,,
3103,REQ-0072,12,2,Job Board,2024-08-06,0,0,0,0,,
3104,REQ-0072,12,2,LinkedIn,2024-07-30,1,1,0,0,,
3105,REQ-0072,12,2,Job Board,2024-08-08,1,1,0,0,,
3106,REQ-0073,1,3,Employee Referral,2025-03-18,1,0,0,0,,
3107,REQ-0073,1,3,Career Site,2025-03-14,1,1,1,0,0,
3108,REQ-0073,1,3,Job Board,2025-03-06,1,0,0,0,,
3109,REQ-0073,1,3,LinkedIn,2025-03-19,1,0,0,0,,
3110,REQ-0073,1,3,LinkedIn,2025-03-18,1,0,0,0,,
3111,REQ-0073,1,3,Employee Referral,2025-03-20,1,1,0,0,,
3112,REQ-0073,1,3,LinkedIn,2025-03-10,1,0,0,0,,
3113,REQ-0073,1,3,LinkedIn,2025-03-19,1,1,0,0,,
3114,REQ-0073,1,3,Career Site,2025-03-17,1,0,0,0,,
3115,REQ-0073,1,3,LinkedIn,2025-03-11,0,0,0,0,,
3116,REQ-0073,1,3,Job Board,2025-03-16,1,0,0,0,,
3117,REQ-0073,1,3,LinkedIn,2025-03-20,1,1,1,0,0,
3118,REQ-0073,1,3,Employee Referral,2025-02-27,0,0,0,0,,
3119,REQ-0073,1,3,LinkedIn,2025-03-13,1,1,0,0,,
3120,REQ-0073,1,3,LinkedIn,2025-03-16,0,0,0,0,,
3121,REQ-0073,1,3,Agency,2025-03-23,1,1,1,1,1,71
3122,REQ-0073,1,3,Agency,2025-03-04,0,0,0,0,,
3123,REQ-0073,1,3,Employee Referral,2025-03-24,0,0,0,0,,
3124,REQ-0073,1,3,Career Site,2025-03-08,1,1,1,1,1,71
3125,REQ-0073,1,3,Career Site,2025-03-18,0,0,0,0,,
3126,REQ-0073,1,3,Employee Referral,2025-03-24,1,1,0,0,,
3127,REQ-0073,1,3,Job Board,2025-03-06,0,0,0,0,,
3128,REQ-0073,1,3,Employee Referral,2025-03-07,1,1,0,0,,
3129,REQ-0073,1,3,Job Board,2025-03-20,1,1,1,1,1,71
3130,REQ-0073,1,3,Job Board,2025-03-21,1,1,0,0,,
3131,REQ-0073,1,3,Job Board,2025-03-01,1,0,0,0,,
3132,REQ-0073,1,3,LinkedIn,2025-03-21,0,0,0,0,,
3133,REQ-0073,1,3,Job Board,2025-02-28,1,0,0,0,,
3134,REQ-0073,1,3,Job Board,2025-03-17,1,1,0,0,,
3135,REQ-0073,1,3,Job Board,2025-03-22,0,0,0,0,,
3136,REQ-0073,1,3,Career Site,2025-02-27,1,1,0,0,,
3137,REQ-0073,1,3,Job Board,2025-03-19,0,0,0,0,,
3138,REQ-0073,1,3,LinkedIn,2025-02-27,0,0,0,0,,
3139,REQ-0073,1,3,Employee Referral,2025-03-08,1,1,1,1,1,71
3140,REQ-0073,1,3,Career Site,2025-03-12,0,0,0,0,,
3141,REQ-0073,1,3,Job Board,2025-03-06,0,0,0,0,,
3142,REQ-0073,1,3,Agency,2025-03-06,0,0,0,0,,
3143,REQ-0073,1,3,LinkedIn,2025-02-28,1,0,0,0,,
3144,REQ-0073,1,3,Career Site,2025-03-12,0,0,0,0,,
3145,REQ-0073,1,3,Employee Referral,2025-03-20,1,0,0,0,,
3146,REQ-0073,1,3,Job Board,2025-03-10,0,0,0,0,,
3147,REQ-0073,1,3,Employee Referral,2025-03-17,1,1,1,1,1,71
3148,REQ-0073,1,3,LinkedIn,2025-03-08,1,0,0,0,,
3149,REQ-0073,1,3,LinkedIn,2025-03-05,1,0,0,0,,
3150,REQ-0073,1,3,LinkedIn,2025-03-04,1,1,0,0,,
3151,REQ-0073,1,3,LinkedIn,2025-03-06,0,0,0,0,,
3152,REQ-0073,1,3,Career Site,2025-03-14,0,0,0,0,,
3153,REQ-0073,1,3,Job Board,2025-02-27,1,1,1,1,1,71
3154,REQ-0073,1,3,Employee Referral,2025-03-17,1,1,1,0,0,
3155,REQ-0074,3,6,Job Board,2026-03-17,1,1,0,0,,
3156,REQ-0074,3,6,Job Board,2026-03-13,0,0,0,0,,
3157,REQ-0074,3,6,Agency,2026-03-05,1,0,0,0,,
3158,REQ-0074,3,6,Job Board,2026-03-25,0,0,0,0,,
3159,REQ-0074,3,6,LinkedIn,2026-03-09,0,0,0,0,,
3160,REQ-0074,3,6,LinkedIn,2026-03-03,1,1,0,0,,
3161,REQ-0074,3,6,Career Site,2026-03-03,0,0,0,0,,
3162,REQ-0074,3,6,Career Site,2026-03-26,1,0,0,0,,
3163,REQ-0074,3,6,LinkedIn,2026-03-05,0,0,0,0,,
3164,REQ-0074,3,6,Employee Referral,2026-03-24,0,0,0,0,,
3165,REQ-0074,3,6,LinkedIn,2026-03-08,1,1,0,0,,
3166,REQ-0074,3,6,Job Board,2026-03-04,0,0,0,0,,
3167,REQ-0074,3,6,LinkedIn,2026-03-05,0,0,0,0,,
3168,REQ-0074,3,6,LinkedIn,2026-03-27,1,1,0,0,,
3169,REQ-0074,3,6,Career Site,2026-03-20,1,1,0,0,,
3170,REQ-0074,3,6,Job Board,2026-03-04,1,1,1,0,0,
3171,REQ-0074,3,6,LinkedIn,2026-03-23,1,0,0,0,,
3172,REQ-0074,3,6,LinkedIn,2026-03-07,0,0,0,0,,
3173,REQ-0074,3,6,LinkedIn,2026-03-19,0,0,0,0,,
3174,REQ-0074,3,6,LinkedIn,2026-03-12,1,0,0,0,,
3175,REQ-0074,3,6,Career Site,2026-03-09,1,1,0,0,,
3176,REQ-0074,3,6,LinkedIn,2026-03-03,1,0,0,0,,
3177,REQ-0074,3,6,Agency,2026-03-16,1,1,0,0,,
3178,REQ-0074,3,6,Job Board,2026-03-04,0,0,0,0,,
3179,REQ-0074,3,6,Job Board,2026-03-25,1,1,0,0,,
3180,REQ-0074,3,6,Career Site,2026-03-15,1,0,0,0,,
3181,REQ-0074,3,6,LinkedIn,2026-03-11,1,1,1,1,1,12
3182,REQ-0074,3,6,Employee Referral,2026-03-26,0,0,0,0,,
3183,REQ-0074,3,6,Employee Referral,2026-03-13,0,0,0,0,,
3184,REQ-0074,3,6,Agency,2026-03-02,0,0,0,0,,
3185,REQ-0074,3,6,LinkedIn,2026-03-14,1,0,0,0,,
3186,REQ-0074,3,6,Career Site,2026-03-21,1,1,0,0,,
3187,REQ-0074,3,6,Career Site,2026-03-22,0,0,0,0,,
3188,REQ-0074,3,6,Employee Referral,2026-03-04,1,1,0,0,,
3189,REQ-0074,3,6,Agency,2026-03-27,1,1,0,0,,
3190,REQ-0074,3,6,Job Board,2026-03-23,1,0,0,0,,
3191,REQ-0074,3,6,Employee Referral,2026-03-02,0,0,0,0,,
3192,REQ-0074,3,6,Career Site,2026-03-09,0,0,0,0,,
3193,REQ-0074,3,6,Agency,2026-03-02,1,0,0,0,,
3194,REQ-0074,3,6,Job Board,2026-03-07,1,0,0,0,,
3195,REQ-0074,3,6,Job Board,2026-03-06,0,0,0,0,,
3196,REQ-0074,3,6,Employee Referral,2026-03-27,1,0,0,0,,
3197,REQ-0074,3,6,Agency,2026-03-08,1,1,0,0,,
3198,REQ-0074,3,6,Career Site,2026-03-04,1,1,0,0,,
3199,REQ-0074,3,6,Employee Referral,2026-03-27,1,1,0,0,,
3200,REQ-0074,3,6,Career Site,2026-03-20,1,0,0,0,,
3201,REQ-0074,3,6,LinkedIn,2026-03-09,1,0,0,0,,
3202,REQ-0074,3,6,Job Board,2026-03-18,1,0,0,0,,
3203,REQ-0074,3,6,Job Board,2026-03-09,1,1,1,1,1,12
3204,REQ-0074,3,6,Job Board,2026-03-19,1,0,0,0,,
3205,REQ-0074,3,6,Career Site,2026-03-09,1,1,0,0,,
3206,REQ-0074,3,6,Agency,2026-03-27,0,0,0,0,,
3207,REQ-0074,3,6,Employee Referral,2026-03-11,0,0,0,0,,
3208,REQ-0074,3,6,Job Board,2026-03-24,0,0,0,0,,
3209,REQ-0074,3,6,LinkedIn,2026-03-22,0,0,0,0,,
3210,REQ-0074,3,6,Agency,2026-03-08,0,0,0,0,,
3211,REQ-0074,3,6,Agency,2026-03-08,1,1,1,1,1,12
3212,REQ-0074,3,6,Employee Referral,2026-03-13,0,0,0,0,,
3213,REQ-0074,3,6,Employee Referral,2026-03-03,1,1,0,0,,
3214,REQ-0074,3,6,LinkedIn,2026-03-11,0,0,0,0,,
3215,REQ-0074,3,6,Employee Referral,2026-03-20,0,0,0,0,,
3216,REQ-0074,3,6,Career Site,2026-03-23,0,0,0,0,,
3217,REQ-0074,3,6,Career Site,2026-03-13,1,0,0,0,,
3218,REQ-0075,8,5,LinkedIn,2025-10-07,1,1,1,0,0,
3219,REQ-0075,8,5,Job Board,2025-10-12,1,0,0,0,,
3220,REQ-0075,8,5,LinkedIn,2025-10-10,0,0,0,0,,
3221,REQ-0075,8,5,Career Site,2025-10-12,1,1,0,0,,
3222,REQ-0075,8,5,Career Site,2025-10-15,1,1,0,0,,
3223,REQ-0075,8,5,Employee Referral,2025-10-01,1,0,0,0,,
3224,REQ-0075,8,5,LinkedIn,2025-10-10,0,0,0,0,,
3225,REQ-0075,8,5,Employee Referral,2025-09-22,0,0,0,0,,
3226,REQ-0075,8,5,Job Board,2025-10-04,1,0,0,0,,
3227,REQ-0075,8,5,Agency,2025-10-08,1,0,0,0,,
3228,REQ-0075,8,5,Career Site,2025-09-27,0,0,0,0,,
3229,REQ-0075,8,5,LinkedIn,2025-10-03,1,0,0,0,,
3230,REQ-0075,8,5,LinkedIn,2025-09-24,1,1,1,1,1,39
3231,REQ-0075,8,5,Job Board,2025-09-26,1,0,0,0,,
3232,REQ-0075,8,5,Job Board,2025-10-04,1,0,0,0,,
3233,REQ-0075,8,5,Employee Referral,2025-10-05,1,0,0,0,,
3234,REQ-0075,8,5,Agency,2025-10-06,1,0,0,0,,
3235,REQ-0075,8,5,LinkedIn,2025-10-05,0,0,0,0,,
3236,REQ-0075,8,5,Employee Referral,2025-10-09,1,0,0,0,,
3237,REQ-0075,8,5,Employee Referral,2025-09-23,0,0,0,0,,
3238,REQ-0075,8,5,LinkedIn,2025-10-03,1,1,1,0,0,
3239,REQ-0075,8,5,LinkedIn,2025-10-13,1,0,0,0,,
3240,REQ-0075,8,5,Job Board,2025-10-13,0,0,0,0,,
3241,REQ-0075,8,5,LinkedIn,2025-10-10,0,0,0,0,,
3242,REQ-0075,8,5,Agency,2025-09-28,1,0,0,0,,
3243,REQ-0075,8,5,Employee Referral,2025-10-05,0,0,0,0,,
3244,REQ-0075,8,5,Employee Referral,2025-10-13,1,1,0,0,,
3245,REQ-0075,8,5,Job Board,2025-10-14,0,0,0,0,,
3246,REQ-0075,8,5,Career Site,2025-09-26,1,0,0,0,,
3247,REQ-0075,8,5,LinkedIn,2025-10-03,0,0,0,0,,
3248,REQ-0075,8,5,Job Board,2025-09-23,1,0,0,0,,
3249,REQ-0075,8,5,LinkedIn,2025-09-24,1,0,0,0,,
3250,REQ-0075,8,5,Career Site,2025-09-23,0,0,0,0,,
3251,REQ-0075,8,5,Agency,2025-09-30,1,0,0,0,,
3252,REQ-0075,8,5,LinkedIn,2025-10-03,0,0,0,0,,
3253,REQ-0075,8,5,Job Board,2025-10-08,0,0,0,0,,
3254,REQ-0075,8,5,LinkedIn,2025-09-24,0,0,0,0,,
3255,REQ-0075,8,5,Job Board,2025-10-08,1,0,0,0,,
3256,REQ-0075,8,5,Job Board,2025-10-01,0,0,0,0,,
3257,REQ-0075,8,5,Employee Referral,2025-10-15,0,0,0,0,,
3258,REQ-0075,8,5,Employee Referral,2025-10-04,0,0,0,0,,
3259,REQ-0075,8,5,LinkedIn,2025-10-07,1,1,1,1,1,39
3260,REQ-0075,8,5,Job Board,2025-10-09,1,0,0,0,,
3261,REQ-0075,8,5,Career Site,2025-09-23,0,0,0,0,,
3262,REQ-0075,8,5,Job Board,2025-09-27,0,0,0,0,,
3263,REQ-0075,8,5,Agency,2025-09-24,0,0,0,0,,
3264,REQ-0075,8,5,Job Board,2025-09-24,0,0,0,0,,
3265,REQ-0075,8,5,Job Board,2025-10-01,1,0,0,0,,
3266,REQ-0075,8,5,LinkedIn,2025-10-10,1,0,0,0,,
3267,REQ-0075,8,5,Job Board,2025-10-12,0,0,0,0,,
3268,REQ-0075,8,5,LinkedIn,2025-10-08,0,0,0,0,,
3269,REQ-0075,8,5,Job Board,2025-10-14,1,0,0,0,,
3270,REQ-0075,8,5,Agency,2025-09-22,1,0,0,0,,
3271,REQ-0075,8,5,Job Board,2025-10-05,1,0,0,0,,
3272,REQ-0075,8,5,Employee Referral,2025-09-22,0,0,0,0,,
3273,REQ-0075,8,5,Career Site,2025-10-11,0,0,0,0,,
3274,REQ-0075,8,5,Employee Referral,2025-09-25,0,0,0,0,,
3275,REQ-0075,8,5,Career Site,2025-10-07,1,0,0,0,,
3276,REQ-0075,8,5,Employee Referral,2025-09-30,0,0,0,0,,
3277,REQ-0075,8,5,Employee Referral,2025-09-27,1,0,0,0,,
3278,REQ-0075,8,5,Agency,2025-10-05,0,0,0,0,,
3279,REQ-0076,8,3,Job Board,2026-03-21,0,0,0,0,,
3280,REQ-0076,8,3,Job Board,2026-03-16,1,1,0,0,,
3281,REQ-0076,8,3,Career Site,2026-04-06,0,0,0,0,,
3282,REQ-0076,8,3,Job Board,2026-03-24,0,0,0,0,,
3283,REQ-0076,8,3,Job Board,2026-03-30,1,0,0,0,,
3284,REQ-0076,8,3,Job Board,2026-03-21,0,0,0,0,,
3285,REQ-0076,8,3,Job Board,2026-03-21,1,0,0,0,,
3286,REQ-0076,8,3,Career Site,2026-04-04,0,0,0,0,,
3287,REQ-0076,8,3,Employee Referral,2026-03-20,1,1,0,0,,
3288,REQ-0076,8,3,Career Site,2026-03-14,0,0,0,0,,
3289,REQ-0076,8,3,Job Board,2026-03-17,1,0,0,0,,
3290,REQ-0076,8,3,Career Site,2026-03-20,0,0,0,0,,
3291,REQ-0076,8,3,Career Site,2026-03-29,1,1,0,0,,
3292,REQ-0076,8,3,Employee Referral,2026-03-20,1,1,0,0,,
3293,REQ-0076,8,3,Career Site,2026-03-17,0,0,0,0,,
3294,REQ-0076,8,3,Employee Referral,2026-03-27,0,0,0,0,,
3295,REQ-0076,8,3,Employee Referral,2026-04-03,0,0,0,0,,
3296,REQ-0076,8,3,LinkedIn,2026-03-25,1,0,0,0,,
3297,REQ-0076,8,3,Agency,2026-03-26,1,1,1,1,1,26
3298,REQ-0076,8,3,Employee Referral,2026-03-31,1,0,0,0,,
3299,REQ-0076,8,3,LinkedIn,2026-03-22,1,1,0,0,,
3300,REQ-0076,8,3,Employee Referral,2026-04-03,1,0,0,0,,
3301,REQ-0076,8,3,LinkedIn,2026-03-17,1,1,0,0,,
3302,REQ-0076,8,3,Employee Referral,2026-03-22,1,0,0,0,,
3303,REQ-0076,8,3,Job Board,2026-04-03,0,0,0,0,,
3304,REQ-0076,8,3,LinkedIn,2026-03-24,1,0,0,0,,
3305,REQ-0076,8,3,Job Board,2026-03-29,0,0,0,0,,
3306,REQ-0076,8,3,Job Board,2026-04-04,1,0,0,0,,
3307,REQ-0076,8,3,Employee Referral,2026-03-19,1,1,0,0,,
3308,REQ-0076,8,3,Employee Referral,2026-03-19,1,0,0,0,,
3309,REQ-0076,8,3,LinkedIn,2026-03-27,1,0,0,0,,
3310,REQ-0076,8,3,Job Board,2026-04-07,0,0,0,0,,
3311,REQ-0076,8,3,Career Site,2026-03-18,1,0,0,0,,
3312,REQ-0076,8,3,LinkedIn,2026-03-19,1,0,0,0,,
3313,REQ-0076,8,3,Career Site,2026-03-19,1,0,0,0,,
3314,REQ-0076,8,3,Job Board,2026-03-31,0,0,0,0,,
3315,REQ-0076,8,3,Employee Referral,2026-03-14,0,0,0,0,,
3316,REQ-0076,8,3,Job Board,2026-04-02,0,0,0,0,,
3317,REQ-0076,8,3,Job Board,2026-03-16,0,0,0,0,,
3318,REQ-0076,8,3,Career Site,2026-04-02,1,1,0,0,,
3319,REQ-0076,8,3,LinkedIn,2026-03-28,1,0,0,0,,
3320,REQ-0076,8,3,Employee Referral,2026-03-31,1,0,0,0,,
3321,REQ-0076,8,3,Employee Referral,2026-03-29,1,1,1,1,1,26
3322,REQ-0076,8,3,Agency,2026-04-04,0,0,0,0,,
3323,REQ-0076,8,3,LinkedIn,2026-04-08,1,1,0,0,,
3324,REQ-0076,8,3,LinkedIn,2026-03-30,1,0,0,0,,
3325,REQ-0076,8,3,Career Site,2026-03-31,1,0,0,0,,
3326,REQ-0076,8,3,LinkedIn,2026-04-06,0,0,0,0,,
3327,REQ-0076,8,3,Employee Referral,2026-03-30,1,0,0,0,,
3328,REQ-0076,8,3,Career Site,2026-04-04,1,1,0,0,,
3329,REQ-0076,8,3,LinkedIn,2026-03-16,0,0,0,0,,
3330,REQ-0076,8,3,Career Site,2026-03-22,0,0,0,0,,
3331,REQ-0076,8,3,Job Board,2026-03-26,0,0,0,0,,
3332,REQ-0076,8,3,Job Board,2026-04-02,1,0,0,0,,
3333,REQ-0076,8,3,LinkedIn,2026-03-27,1,1,0,0,,
3334,REQ-0076,8,3,Job Board,2026-04-02,0,0,0,0,,
3335,REQ-0076,8,3,LinkedIn,2026-03-19,0,0,0,0,,
3336,REQ-0076,8,3,Career Site,2026-03-24,1,0,0,0,,
3337,REQ-0076,8,3,Job Board,2026-03-16,1,0,0,0,,
3338,REQ-0076,8,3,LinkedIn,2026-04-08,1,0,0,0,,
3339,REQ-0076,8,3,Job Board,2026-03-22,1,1,0,0,,
3340,REQ-0076,8,3,Career Site,2026-03-31,1,0,0,0,,
3341,REQ-0076,8,3,Agency,2026-03-28,0,0,0,0,,
3342,REQ-0076,8,3,Job Board,2026-03-21,1,0,0,0,,
3343,REQ-0076,8,3,Career Site,2026-03-23,1,0,0,0,,
3344,REQ-0076,8,3,LinkedIn,2026-03-28,1,1,0,0,,
3345,REQ-0076,8,3,LinkedIn,2026-04-04,1,0,0,0,,
3346,REQ-0076,8,3,Job Board,2026-03-28,0,0,0,0,,
3347,REQ-0076,8,3,Career Site,2026-03-25,0,0,0,0,,
3348,REQ-0077,2,3,Career Site,2025-07-14,1,0,0,0,,
3349,REQ-0077,2,3,Agency,2025-07-21,0,0,0,0,,
3350,REQ-0077,2,3,Job Board,2025-07-17,0,0,0,0,,
3351,REQ-0077,2,3,Job Board,2025-07-06,1,1,0,0,,
3352,REQ-0077,2,3,LinkedIn,2025-07-04,1,0,0,0,,
3353,REQ-0077,2,3,Agency,2025-07-19,1,1,1,1,1,56
3354,REQ-0077,2,3,Career Site,2025-07-14,1,1,1,0,0,
3355,REQ-0077,2,3,LinkedIn,2025-07-12,1,1,0,0,,
3356,REQ-0077,2,3,Employee Referral,2025-07-22,1,0,0,0,,
3357,REQ-0077,2,3,Career Site,2025-07-09,1,0,0,0,,
3358,REQ-0077,2,3,Job Board,2025-07-07,1,0,0,0,,
3359,REQ-0077,2,3,Employee Referral,2025-07-17,1,1,1,1,1,56
3360,REQ-0077,2,3,Agency,2025-07-10,1,0,0,0,,
3361,REQ-0077,2,3,Job Board,2025-07-12,0,0,0,0,,
3362,REQ-0077,2,3,Employee Referral,2025-07-17,1,0,0,0,,
3363,REQ-0077,2,3,LinkedIn,2025-07-09,1,1,0,0,,
3364,REQ-0077,2,3,LinkedIn,2025-07-13,0,0,0,0,,
3365,REQ-0077,2,3,Employee Referral,2025-07-23,1,0,0,0,,
3366,REQ-0077,2,3,LinkedIn,2025-07-05,1,1,1,1,1,56
3367,REQ-0077,2,3,Career Site,2025-07-22,0,0,0,0,,
3368,REQ-0077,2,3,Job Board,2025-07-18,0,0,0,0,,
3369,REQ-0077,2,3,LinkedIn,2025-07-21,1,1,1,1,1,56
3370,REQ-0077,2,3,LinkedIn,2025-07-19,0,0,0,0,,
3371,REQ-0077,2,3,LinkedIn,2025-07-26,0,0,0,0,,
3372,REQ-0077,2,3,Employee Referral,2025-07-24,1,1,1,1,1,56
3373,REQ-0077,2,3,Agency,2025-07-18,0,0,0,0,,
3374,REQ-0077,2,3,Job Board,2025-07-12,0,0,0,0,,
3375,REQ-0077,2,3,Job Board,2025-07-02,0,0,0,0,,
3376,REQ-0077,2,3,Job Board,2025-07-21,1,1,0,0,,
3377,REQ-0077,2,3,Employee Referral,2025-07-16,1,0,0,0,,
3378,REQ-0077,2,3,LinkedIn,2025-07-25,1,1,0,0,,
3379,REQ-0077,2,3,Job Board,2025-07-05,0,0,0,0,,
3380,REQ-0077,2,3,Employee Referral,2025-07-05,0,0,0,0,,
3381,REQ-0077,2,3,Career Site,2025-07-08,1,1,0,0,,
3382,REQ-0077,2,3,Job Board,2025-07-08,1,0,0,0,,
3383,REQ-0077,2,3,Employee Referral,2025-07-14,1,1,0,0,,
3384,REQ-0077,2,3,Job Board,2025-07-27,1,0,0,0,,
3385,REQ-0077,2,3,Job Board,2025-07-14,1,1,0,0,,
3386,REQ-0077,2,3,Job Board,2025-07-27,0,0,0,0,,
3387,REQ-0077,2,3,Agency,2025-07-07,0,0,0,0,,
3388,REQ-0077,2,3,Employee Referral,2025-07-08,1,1,1,0,0,
3389,REQ-0077,2,3,Job Board,2025-07-11,1,0,0,0,,
3390,REQ-0077,2,3,Career Site,2025-07-25,0,0,0,0,,
3391,REQ-0077,2,3,LinkedIn,2025-07-22,1,1,0,0,,
3392,REQ-0077,2,3,Job Board,2025-07-12,1,0,0,0,,
3393,REQ-0077,2,3,LinkedIn,2025-07-10,1,0,0,0,,
3394,REQ-0077,2,3,LinkedIn,2025-07-27,1,0,0,0,,
3395,REQ-0077,2,3,Job Board,2025-07-15,1,1,1,1,1,56
3396,REQ-0078,10,6,Job Board,2024-10-27,0,0,0,0,,
3397,REQ-0078,10,6,LinkedIn,2024-10-30,0,0,0,0,,
3398,REQ-0078,10,6,LinkedIn,2024-11-12,1,0,0,0,,
3399,REQ-0078,10,6,Employee Referral,2024-10-31,1,1,0,0,,
3400,REQ-0078,10,6,Career Site,2024-11-10,0,0,0,0,,
3401,REQ-0078,10,6,Agency,2024-10-27,1,0,0,0,,
3402,REQ-0078,10,6,Agency,2024-10-25,1,0,0,0,,
3403,REQ-0078,10,6,Job Board,2024-11-10,0,0,0,0,,
3404,REQ-0078,10,6,Career Site,2024-10-24,1,1,1,1,1,19
3405,REQ-0078,10,6,Job Board,2024-11-10,0,0,0,0,,
3406,REQ-0078,10,6,Employee Referral,2024-11-07,1,1,0,0,,
3407,REQ-0078,10,6,Job Board,2024-10-29,1,0,0,0,,
3408,REQ-0078,10,6,Agency,2024-10-26,1,0,0,0,,
3409,REQ-0078,10,6,Career Site,2024-11-05,1,0,0,0,,
3410,REQ-0078,10,6,Employee Referral,2024-11-10,1,0,0,0,,
3411,REQ-0078,10,6,LinkedIn,2024-11-15,1,0,0,0,,
3412,REQ-0078,10,6,Employee Referral,2024-11-15,0,0,0,0,,
3413,REQ-0078,10,6,Career Site,2024-11-13,1,1,1,1,1,19
3414,REQ-0078,10,6,Agency,2024-10-23,1,1,0,0,,
3415,REQ-0078,10,6,LinkedIn,2024-11-13,0,0,0,0,,
3416,REQ-0079,5,6,LinkedIn,2024-10-04,0,0,0,0,,
3417,REQ-0079,5,6,Agency,2024-10-03,0,0,0,0,,
3418,REQ-0079,5,6,Job Board,2024-10-04,1,1,0,0,,
3419,REQ-0079,5,6,Agency,2024-09-29,0,0,0,0,,
3420,REQ-0079,5,6,LinkedIn,2024-10-04,1,0,0,0,,
3421,REQ-0079,5,6,Career Site,2024-09-21,0,0,0,0,,
3422,REQ-0079,5,6,Agency,2024-09-24,1,1,1,1,1,47
3423,REQ-0079,5,6,Job Board,2024-09-29,1,1,0,0,,
3424,REQ-0079,5,6,LinkedIn,2024-10-07,0,0,0,0,,
3425,REQ-0079,5,6,Job Board,2024-10-05,0,0,0,0,,
3426,REQ-0079,5,6,LinkedIn,2024-09-28,1,1,0,0,,
3427,REQ-0079,5,6,Agency,2024-10-11,1,0,0,0,,
3428,REQ-0079,5,6,Job Board,2024-10-05,1,0,0,0,,
3429,REQ-0079,5,6,Job Board,2024-10-10,0,0,0,0,,
3430,REQ-0079,5,6,LinkedIn,2024-10-02,1,1,1,1,1,47
3431,REQ-0079,5,6,Job Board,2024-09-23,1,0,0,0,,
3432,REQ-0079,5,6,Employee Referral,2024-10-01,0,0,0,0,,
3433,REQ-0079,5,6,Employee Referral,2024-09-21,0,0,0,0,,
3434,REQ-0079,5,6,Employee Referral,2024-09-22,1,1,0,0,,
3435,REQ-0079,5,6,LinkedIn,2024-10-01,0,0,0,0,,
3436,REQ-0079,5,6,LinkedIn,2024-09-24,1,1,0,0,,
3437,REQ-0079,5,6,LinkedIn,2024-10-07,0,0,0,0,,
3438,REQ-0079,5,6,Job Board,2024-09-29,1,1,0,0,,
3439,REQ-0079,5,6,LinkedIn,2024-10-04,1,0,0,0,,
3440,REQ-0079,5,6,Employee Referral,2024-10-13,0,0,0,0,,
3441,REQ-0079,5,6,LinkedIn,2024-09-30,0,0,0,0,,
3442,REQ-0080,11,4,LinkedIn,2026-03-24,1,0,0,0,,
3443,REQ-0080,11,4,Agency,2026-03-07,0,0,0,0,,
3444,REQ-0080,11,4,LinkedIn,2026-03-08,1,1,0,0,,
3445,REQ-0080,11,4,Career Site,2026-03-13,0,0,0,0,,
3446,REQ-0080,11,4,Job Board,2026-03-24,1,0,0,0,,
3447,REQ-0080,11,4,Employee Referral,2026-03-24,1,1,1,1,1,42
3448,REQ-0080,11,4,Employee Referral,2026-03-22,0,0,0,0,,
3449,REQ-0080,11,4,Employee Referral,2026-03-15,0,0,0,0,,
3450,REQ-0080,11,4,Job Board,2026-03-12,1,0,0,0,,
3451,REQ-0080,11,4,Job Board,2026-03-14,1,1,0,0,,
3452,REQ-0080,11,4,Job Board,2026-03-09,1,0,0,0,,
3453,REQ-0080,11,4,Job Board,2026-03-24,1,1,0,0,,
3454,REQ-0080,11,4,Employee Referral,2026-03-14,1,1,1,1,1,42
3455,REQ-0080,11,4,LinkedIn,2026-03-09,1,1,0,0,,
3456,REQ-0080,11,4,Employee Referral,2026-03-16,0,0,0,0,,
3457,REQ-0080,11,4,LinkedIn,2026-03-15,1,1,1,1,1,42
3458,REQ-0080,11,4,Career Site,2026-03-22,1,0,0,0,,
3459,REQ-0080,11,4,Agency,2026-03-14,1,1,0,0,,
3460,REQ-0080,11,4,Job Board,2026-03-02,0,0,0,0,,
3461,REQ-0080,11,4,Employee Referral,2026-03-12,1,0,0,0,,
3462,REQ-0080,11,4,Employee Referral,2026-03-04,1,1,1,1,1,42
3463,REQ-0080,11,4,Agency,2026-03-04,0,0,0,0,,
3464,REQ-0080,11,4,Employee Referral,2026-03-01,1,0,0,0,,
3465,REQ-0080,11,4,LinkedIn,2026-03-12,0,0,0,0,,
3466,REQ-0080,11,4,Job Board,2026-02-28,1,0,0,0,,
3467,REQ-0080,11,4,Career Site,2026-03-21,0,0,0,0,,
3468,REQ-0080,11,4,Job Board,2026-03-21,0,0,0,0,,
3469,REQ-0080,11,4,LinkedIn,2026-03-07,1,0,0,0,,
3470,REQ-0080,11,4,Agency,2026-03-18,0,0,0,0,,
3471,REQ-0080,11,4,LinkedIn,2026-03-06,1,1,1,1,1,42
3472,REQ-0080,11,4,Employee Referral,2026-03-21,0,0,0,0,,
3473,REQ-0080,11,4,Employee Referral,2026-03-05,1,0,0,0,,
3474,REQ-0080,11,4,LinkedIn,2026-03-12,1,0,0,0,,
3475,REQ-0080,11,4,LinkedIn,2026-03-21,1,1,0,0,,
3476,REQ-0080,11,4,Career Site,2026-03-21,0,0,0,0,,
3477,REQ-0080,11,4,Job Board,2026-02-28,1,1,0,0,,
3478,REQ-0080,11,4,LinkedIn,2026-03-23,1,0,0,0,,
3479,REQ-0080,11,4,Agency,2026-03-04,1,1,1,1,1,42
3480,REQ-0080,11,4,Agency,2026-03-22,0,0,0,0,,
3481,REQ-0080,11,4,Job Board,2026-03-22,0,0,0,0,,
3482,REQ-0080,11,4,Job Board,2026-03-10,1,0,0,0,,
3483,REQ-0080,11,4,Career Site,2026-03-15,0,0,0,0,,
3484,REQ-0080,11,4,Job Board,2026-03-13,1,0,0,0,,
3485,REQ-0080,11,4,Employee Referral,2026-03-17,1,0,0,0,,
3486,REQ-0080,11,4,Employee Referral,2026-03-09,1,0,0,0,,
3487,REQ-0080,11,4,LinkedIn,2026-03-19,1,1,1,1,1,42
3488,REQ-0080,11,4,Employee Referral,2026-03-22,0,0,0,0,,
3489,REQ-0080,11,4,LinkedIn,2026-03-12,1,0,0,0,,
3490,REQ-0080,11,4,LinkedIn,2026-02-27,0,0,0,0,,
3491,REQ-0080,11,4,Agency,2026-03-18,1,1,1,0,0,
3492,REQ-0080,11,4,Employee Referral,2026-03-21,1,1,1,1,1,42
3493,REQ-0080,11,4,Career Site,2026-03-19,1,1,1,0,0,
3494,REQ-0080,11,4,Job Board,2026-03-05,1,1,0,0,,
3495,REQ-0080,11,4,Employee Referral,2026-03-09,1,1,0,0,,
3496,REQ-0080,11,4,LinkedIn,2026-03-21,0,0,0,0,,
3497,REQ-0080,11,4,Employee Referral,2026-03-09,1,1,0,0,,
3498,REQ-0080,11,4,LinkedIn,2026-03-11,1,1,0,0,,
3499,REQ-0080,11,4,LinkedIn,2026-03-01,0,0,0,0,,
3500,REQ-0080,11,4,LinkedIn,2026-03-17,0,0,0,0,,
3501,REQ-0080,11,4,LinkedIn,2026-03-24,1,1,1,1,1,42
3502,REQ-0080,11,4,LinkedIn,2026-03-22,1,1,0,0,,
3503,REQ-0080,11,4,LinkedIn,2026-03-01,0,0,0,0,,
3504,REQ-0080,11,4,LinkedIn,2026-02-28,1,1,1,1,1,42
3505,REQ-0080,11,4,Job Board,2026-03-14,0,0,0,0,,
3506,REQ-0080,11,4,Job Board,2026-03-14,1,1,0,0,,
3507,REQ-0080,11,4,Career Site,2026-03-06,1,1,1,1,1,42
3508,REQ-0080,11,4,Job Board,2026-02-27,1,0,0,0,,
3509,REQ-0080,11,4,Career Site,2026-03-05,1,0,0,0,,
3510,REQ-0080,11,4,Agency,2026-03-19,1,0,0,0,,
3511,REQ-0080,11,4,Job Board,2026-03-08,1,0,0,0,,
3512,REQ-0081,8,5,Employee Referral,2024-09-01,1,0,0,0,,
3513,REQ-0081,8,5,Employee Referral,2024-09-04,1,0,0,0,,
3514,REQ-0081,8,5,Employee Referral,2024-09-15,1,1,0,0,,
3515,REQ-0081,8,5,Job Board,2024-09-25,1,1,0,0,,
3516,REQ-0081,8,5,Employee Referral,2024-09-01,1,0,0,0,,
3517,REQ-0081,8,5,Employee Referral,2024-09-03,0,0,0,0,,
3518,REQ-0081,8,5,Agency,2024-09-22,1,0,0,0,,
3519,REQ-0081,8,5,LinkedIn,2024-09-12,1,1,0,0,,
3520,REQ-0081,8,5,Job Board,2024-09-11,0,0,0,0,,
3521,REQ-0081,8,5,Career Site,2024-09-20,0,0,0,0,,
3522,REQ-0081,8,5,LinkedIn,2024-09-15,1,0,0,0,,
3523,REQ-0081,8,5,Employee Referral,2024-09-21,1,1,1,1,1,48
3524,REQ-0081,8,5,LinkedIn,2024-09-12,1,1,0,0,,
3525,REQ-0081,8,5,LinkedIn,2024-09-17,1,1,0,0,,
3526,REQ-0081,8,5,Career Site,2024-09-21,1,0,0,0,,
3527,REQ-0081,8,5,Career Site,2024-09-15,1,0,0,0,,
3528,REQ-0081,8,5,Job Board,2024-09-13,1,1,0,0,,
3529,REQ-0081,8,5,Career Site,2024-09-04,1,1,1,0,0,
3530,REQ-0081,8,5,Career Site,2024-09-18,1,1,1,1,1,48
3531,REQ-0081,8,5,Job Board,2024-09-01,1,0,0,0,,
3532,REQ-0081,8,5,Job Board,2024-09-22,0,0,0,0,,
3533,REQ-0081,8,5,LinkedIn,2024-09-16,0,0,0,0,,
3534,REQ-0081,8,5,Agency,2024-09-07,0,0,0,0,,
3535,REQ-0081,8,5,Job Board,2024-09-11,1,1,0,0,,
3536,REQ-0081,8,5,Career Site,2024-09-08,1,0,0,0,,
3537,REQ-0081,8,5,LinkedIn,2024-09-12,1,1,1,1,1,48
3538,REQ-0081,8,5,Employee Referral,2024-08-31,1,1,0,0,,
3539,REQ-0082,4,1,Career Site,2025-12-26,1,1,1,0,0,
3540,REQ-0082,4,1,Job Board,2026-01-15,1,0,0,0,,
3541,REQ-0082,4,1,LinkedIn,2025-12-28,0,0,0,0,,
3542,REQ-0082,4,1,LinkedIn,2026-01-14,1,0,0,0,,
3543,REQ-0082,4,1,LinkedIn,2026-01-03,1,0,0,0,,
3544,REQ-0082,4,1,LinkedIn,2025-12-24,1,1,0,0,,
3545,REQ-0082,4,1,Agency,2026-01-14,1,1,0,0,,
3546,REQ-0082,4,1,Employee Referral,2026-01-01,1,1,1,1,1,12
3547,REQ-0082,4,1,LinkedIn,2026-01-02,1,1,1,1,1,12
3548,REQ-0082,4,1,Employee Referral,2026-01-07,1,0,0,0,,
3549,REQ-0082,4,1,LinkedIn,2026-01-16,0,0,0,0,,
3550,REQ-0082,4,1,LinkedIn,2025-12-30,1,1,1,1,1,12
3551,REQ-0082,4,1,Job Board,2026-01-06,0,0,0,0,,
3552,REQ-0082,4,1,LinkedIn,2026-01-05,1,0,0,0,,
3553,REQ-0082,4,1,Career Site,2025-12-30,0,0,0,0,,
3554,REQ-0082,4,1,Employee Referral,2026-01-05,0,0,0,0,,
3555,REQ-0082,4,1,Job Board,2026-01-04,1,0,0,0,,
3556,REQ-0082,4,1,LinkedIn,2026-01-18,0,0,0,0,,
3557,REQ-0082,4,1,Employee Referral,2026-01-15,0,0,0,0,,
3558,REQ-0083,8,3,Job Board,2025-01-19,1,0,0,0,,
3559,REQ-0083,8,3,Employee Referral,2025-01-25,0,0,0,0,,
3560,REQ-0083,8,3,Agency,2025-01-11,1,1,1,1,1,43
3561,REQ-0083,8,3,LinkedIn,2025-01-24,1,0,0,0,,
3562,REQ-0083,8,3,Job Board,2025-01-11,1,0,0,0,,
3563,REQ-0083,8,3,Agency,2025-01-07,1,1,0,0,,
3564,REQ-0083,8,3,Employee Referral,2025-01-11,0,0,0,0,,
3565,REQ-0083,8,3,Career Site,2025-01-17,0,0,0,0,,
3566,REQ-0083,8,3,Agency,2025-01-24,0,0,0,0,,
3567,REQ-0083,8,3,Agency,2025-01-06,0,0,0,0,,
3568,REQ-0083,8,3,Job Board,2025-01-10,0,0,0,0,,
3569,REQ-0083,8,3,LinkedIn,2025-01-21,1,0,0,0,,
3570,REQ-0083,8,3,LinkedIn,2025-01-20,1,1,0,0,,
3571,REQ-0083,8,3,Job Board,2025-01-23,1,1,0,0,,
3572,REQ-0083,8,3,Job Board,2025-01-08,1,1,0,0,,
3573,REQ-0083,8,3,Career Site,2025-01-05,0,0,0,0,,
3574,REQ-0083,8,3,LinkedIn,2025-01-17,1,1,0,0,,
3575,REQ-0083,8,3,Job Board,2025-01-19,1,1,0,0,,
3576,REQ-0083,8,3,Agency,2025-01-01,1,1,0,0,,
3577,REQ-0083,8,3,Career Site,2025-01-04,0,0,0,0,,
3578,REQ-0083,8,3,Career Site,2025-01-17,1,1,1,0,0,
3579,REQ-0083,8,3,Agency,2025-01-20,0,0,0,0,,
3580,REQ-0083,8,3,LinkedIn,2025-01-21,1,1,0,0,,
3581,REQ-0083,8,3,Agency,2025-01-18,1,0,0,0,,
3582,REQ-0083,8,3,Career Site,2025-01-26,0,0,0,0,,
3583,REQ-0083,8,3,Agency,2025-01-18,1,0,0,0,,
3584,REQ-0083,8,3,Employee Referral,2025-01-13,1,1,0,0,,
3585,REQ-0083,8,3,Job Board,2025-01-15,0,0,0,0,,
3586,REQ-0083,8,3,Agency,2025-01-01,1,1,1,0,0,
3587,REQ-0083,8,3,LinkedIn,2025-01-13,0,0,0,0,,
3588,REQ-0083,8,3,Employee Referral,2025-01-26,0,0,0,0,,
3589,REQ-0083,8,3,Job Board,2025-01-25,1,0,0,0,,
3590,REQ-0083,8,3,Job Board,2025-01-15,1,0,0,0,,
3591,REQ-0083,8,3,Job Board,2025-01-21,0,0,0,0,,
3592,REQ-0083,8,3,Employee Referral,2025-01-22,0,0,0,0,,
3593,REQ-0083,8,3,Job Board,2025-01-25,1,0,0,0,,
3594,REQ-0083,8,3,Career Site,2025-01-24,1,0,0,0,,
3595,REQ-0083,8,3,LinkedIn,2025-01-20,1,1,0,0,,
3596,REQ-0084,2,3,Employee Referral,2025-05-07,1,0,0,0,,
3597,REQ-0084,2,3,Employee Referral,2025-04-26,1,1,1,1,1,53
3598,REQ-0084,2,3,LinkedIn,2025-05-03,1,1,0,0,,
3599,REQ-0084,2,3,Agency,2025-05-05,1,1,1,1,1,53
3600,REQ-0084,2,3,Career Site,2025-04-30,1,0,0,0,,
3601,REQ-0084,2,3,Job Board,2025-05-12,0,0,0,0,,
3602,REQ-0084,2,3,LinkedIn,2025-05-12,0,0,0,0,,
3603,REQ-0084,2,3,LinkedIn,2025-05-06,1,0,0,0,,
3604,REQ-0084,2,3,Employee Referral,2025-04-29,1,1,0,0,,
3605,REQ-0084,2,3,Agency,2025-05-15,1,0,0,0,,
3606,REQ-0084,2,3,Agency,2025-04-21,1,0,0,0,,
3607,REQ-0084,2,3,LinkedIn,2025-04-22,1,0,0,0,,
3608,REQ-0084,2,3,Career Site,2025-05-04,1,0,0,0,,
3609,REQ-0084,2,3,LinkedIn,2025-05-02,0,0,0,0,,
3610,REQ-0084,2,3,Employee Referral,2025-05-15,1,1,1,1,1,53
3611,REQ-0084,2,3,LinkedIn,2025-04-27,0,0,0,0,,
3612,REQ-0084,2,3,LinkedIn,2025-04-21,1,0,0,0,,
3613,REQ-0084,2,3,Career Site,2025-04-24,1,1,1,1,1,53
3614,REQ-0084,2,3,Job Board,2025-04-26,1,0,0,0,,
3615,REQ-0084,2,3,Employee Referral,2025-05-07,1,1,1,1,1,53
3616,REQ-0084,2,3,Employee Referral,2025-04-23,1,0,0,0,,
3617,REQ-0084,2,3,Employee Referral,2025-04-27,1,1,1,0,0,
3618,REQ-0084,2,3,Employee Referral,2025-05-16,0,0,0,0,,
3619,REQ-0084,2,3,Agency,2025-05-05,0,0,0,0,,
3620,REQ-0084,2,3,Job Board,2025-05-12,0,0,0,0,,
3621,REQ-0084,2,3,Career Site,2025-05-14,1,0,0,0,,
3622,REQ-0084,2,3,Agency,2025-04-29,1,0,0,0,,
3623,REQ-0084,2,3,Job Board,2025-04-28,0,0,0,0,,
3624,REQ-0084,2,3,LinkedIn,2025-05-08,1,1,0,0,,
3625,REQ-0084,2,3,Career Site,2025-05-07,1,0,0,0,,
3626,REQ-0084,2,3,Agency,2025-05-08,1,1,1,1,1,53
3627,REQ-0084,2,3,Employee Referral,2025-05-13,0,0,0,0,,
3628,REQ-0084,2,3,Job Board,2025-04-25,1,0,0,0,,
3629,REQ-0084,2,3,Career Site,2025-05-11,0,0,0,0,,
3630,REQ-0084,2,3,Career Site,2025-05-08,0,0,0,0,,
3631,REQ-0084,2,3,LinkedIn,2025-05-02,1,1,0,0,,
3632,REQ-0084,2,3,Job Board,2025-04-26,1,0,0,0,,
3633,REQ-0084,2,3,LinkedIn,2025-05-06,0,0,0,0,,
3634,REQ-0084,2,3,Career Site,2025-05-08,1,0,0,0,,
3635,REQ-0084,2,3,Job Board,2025-05-05,1,0,0,0,,
3636,REQ-0084,2,3,Employee Referral,2025-04-29,1,1,1,1,1,53
3637,REQ-0084,2,3,LinkedIn,2025-04-27,1,1,0,0,,
3638,REQ-0084,2,3,Employee Referral,2025-05-06,1,1,1,1,1,53
3639,REQ-0084,2,3,LinkedIn,2025-05-06,0,0,0,0,,
3640,REQ-0084,2,3,LinkedIn,2025-05-13,0,0,0,0,,
3641,REQ-0084,2,3,LinkedIn,2025-04-29,1,1,0,0,,
3642,REQ-0084,2,3,Career Site,2025-05-04,1,0,0,0,,
3643,REQ-0084,2,3,LinkedIn,2025-04-21,1,1,0,0,,
3644,REQ-0084,2,3,Agency,2025-05-06,1,1,0,0,,
3645,REQ-0084,2,3,Agency,2025-05-09,1,1,0,0,,
3646,REQ-0084,2,3,Job Board,2025-05-11,0,0,0,0,,
3647,REQ-0084,2,3,LinkedIn,2025-05-14,1,1,1,1,1,53
3648,REQ-0084,2,3,Job Board,2025-05-09,0,0,0,0,,
3649,REQ-0084,2,3,Career Site,2025-05-13,0,0,0,0,,
3650,REQ-0084,2,3,LinkedIn,2025-04-23,1,1,0,0,,
3651,REQ-0084,2,3,Job Board,2025-05-07,1,1,1,0,0,
3652,REQ-0084,2,3,Job Board,2025-05-07,1,1,0,0,,
3653,REQ-0084,2,3,Agency,2025-05-11,1,1,0,0,,
3654,REQ-0084,2,3,Job Board,2025-05-14,1,1,1,1,1,53
3655,REQ-0084,2,3,Job Board,2025-05-15,1,1,1,1,1,53
3656,REQ-0084,2,3,LinkedIn,2025-05-05,1,1,0,0,,
3657,REQ-0084,2,3,Job Board,2025-04-24,0,0,0,0,,
3658,REQ-0084,2,3,Career Site,2025-04-23,0,0,0,0,,
3659,REQ-0084,2,3,LinkedIn,2025-05-07,1,0,0,0,,
3660,REQ-0084,2,3,Employee Referral,2025-05-06,1,0,0,0,,
3661,REQ-0084,2,3,Agency,2025-05-10,1,0,0,0,,
3662,REQ-0084,2,3,Agency,2025-05-11,1,1,0,0,,
3663,REQ-0084,2,3,Agency,2025-04-26,1,0,0,0,,
3664,REQ-0084,2,3,Career Site,2025-04-28,0,0,0,0,,
3665,REQ-0084,2,3,Employee Referral,2025-05-01,1,1,0,0,,
3666,REQ-0085,12,1,Career Site,2025-09-03,0,0,0,0,,
3667,REQ-0085,12,1,Career Site,2025-08-22,0,0,0,0,,
3668,REQ-0085,12,1,Agency,2025-08-26,1,0,0,0,,
3669,REQ-0085,12,1,LinkedIn,2025-09-11,1,1,1,0,0,
3670,REQ-0085,12,1,Employee Referral,2025-08-28,0,0,0,0,,
3671,REQ-0085,12,1,Employee Referral,2025-08-31,1,1,1,1,1,19
3672,REQ-0085,12,1,LinkedIn,2025-09-09,1,0,0,0,,
3673,REQ-0085,12,1,LinkedIn,2025-08-30,1,1,1,1,1,19
3674,REQ-0085,12,1,Agency,2025-08-23,0,0,0,0,,
3675,REQ-0085,12,1,Job Board,2025-09-11,0,0,0,0,,
3676,REQ-0085,12,1,Career Site,2025-09-09,0,0,0,0,,
3677,REQ-0085,12,1,Career Site,2025-09-04,1,1,0,0,,
3678,REQ-0085,12,1,LinkedIn,2025-08-28,1,1,1,0,0,
3679,REQ-0085,12,1,LinkedIn,2025-09-08,1,0,0,0,,
3680,REQ-0085,12,1,Job Board,2025-09-04,0,0,0,0,,
3681,REQ-0085,12,1,LinkedIn,2025-09-10,1,1,0,0,,
3682,REQ-0085,12,1,Job Board,2025-09-05,0,0,0,0,,
3683,REQ-0085,12,1,Job Board,2025-09-07,1,1,0,0,,
3684,REQ-0085,12,1,Job Board,2025-09-10,0,0,0,0,,
3685,REQ-0085,12,1,LinkedIn,2025-09-10,1,0,0,0,,
3686,REQ-0085,12,1,Career Site,2025-09-10,0,0,0,0,,
3687,REQ-0085,12,1,Job Board,2025-08-28,0,0,0,0,,
3688,REQ-0085,12,1,Employee Referral,2025-09-09,1,1,0,0,,
3689,REQ-0085,12,1,Employee Referral,2025-08-26,1,1,0,0,,
3690,REQ-0085,12,1,LinkedIn,2025-09-07,1,1,0,0,,
3691,REQ-0085,12,1,LinkedIn,2025-09-01,1,1,0,0,,
3692,REQ-0085,12,1,Employee Referral,2025-09-14,1,0,0,0,,
3693,REQ-0085,12,1,Employee Referral,2025-09-03,1,1,0,0,,
3694,REQ-0085,12,1,Agency,2025-09-02,0,0,0,0,,
3695,REQ-0085,12,1,LinkedIn,2025-09-15,1,0,0,0,,
3696,REQ-0085,12,1,Career Site,2025-09-06,0,0,0,0,,
3697,REQ-0085,12,1,LinkedIn,2025-08-29,1,0,0,0,,
3698,REQ-0085,12,1,Job Board,2025-08-25,0,0,0,0,,
3699,REQ-0085,12,1,Job Board,2025-09-03,0,0,0,0,,
3700,REQ-0085,12,1,Employee Referral,2025-08-22,0,0,0,0,,
3701,REQ-0085,12,1,LinkedIn,2025-09-11,0,0,0,0,,
3702,REQ-0085,12,1,Agency,2025-09-06,1,0,0,0,,
3703,REQ-0085,12,1,LinkedIn,2025-08-23,0,0,0,0,,
3704,REQ-0085,12,1,Job Board,2025-09-12,1,0,0,0,,
3705,REQ-0085,12,1,Agency,2025-08-28,0,0,0,0,,
3706,REQ-0085,12,1,Career Site,2025-09-12,1,0,0,0,,
3707,REQ-0085,12,1,Agency,2025-08-24,1,1,1,1,1,19
3708,REQ-0085,12,1,LinkedIn,2025-09-13,1,1,0,0,,
3709,REQ-0085,12,1,Career Site,2025-09-05,1,1,0,0,,
3710,REQ-0085,12,1,Employee Referral,2025-08-24,1,0,0,0,,
3711,REQ-0085,12,1,Job Board,2025-09-08,1,1,1,0,0,
3712,REQ-0085,12,1,LinkedIn,2025-09-07,0,0,0,0,,
3713,REQ-0085,12,1,Agency,2025-09-04,1,0,0,0,,
3714,REQ-0085,12,1,Job Board,2025-09-11,1,1,0,0,,
3715,REQ-0085,12,1,Employee Referral,2025-09-07,1,1,1,0,0,
3716,REQ-0085,12,1,LinkedIn,2025-08-31,1,0,0,0,,
3717,REQ-0085,12,1,Career Site,2025-08-26,0,0,0,0,,
3718,REQ-0085,12,1,LinkedIn,2025-09-04,0,0,0,0,,
3719,REQ-0085,12,1,LinkedIn,2025-09-07,1,1,1,1,1,19
3720,REQ-0086,1,4,Job Board,2025-09-14,0,0,0,0,,
3721,REQ-0086,1,4,Employee Referral,2025-09-20,0,0,0,0,,
3722,REQ-0086,1,4,Job Board,2025-09-29,1,0,0,0,,
3723,REQ-0086,1,4,Career Site,2025-09-08,1,0,0,0,,
3724,REQ-0086,1,4,LinkedIn,2025-09-08,1,0,0,0,,
3725,REQ-0086,1,4,Employee Referral,2025-09-17,1,1,1,0,0,
3726,REQ-0086,1,4,Agency,2025-09-29,1,0,0,0,,
3727,REQ-0086,1,4,Career Site,2025-09-11,0,0,0,0,,
3728,REQ-0086,1,4,Agency,2025-09-06,0,0,0,0,,
3729,REQ-0086,1,4,LinkedIn,2025-09-07,1,0,0,0,,
3730,REQ-0086,1,4,Employee Referral,2025-09-18,1,0,0,0,,
3731,REQ-0086,1,4,Job Board,2025-09-21,1,1,0,0,,
3732,REQ-0086,1,4,LinkedIn,2025-09-18,1,0,0,0,,
3733,REQ-0086,1,4,Employee Referral,2025-09-26,0,0,0,0,,
3734,REQ-0086,1,4,Employee Referral,2025-09-06,1,1,0,0,,
3735,REQ-0086,1,4,Job Board,2025-09-04,1,0,0,0,,
3736,REQ-0086,1,4,Career Site,2025-09-17,0,0,0,0,,
3737,REQ-0086,1,4,LinkedIn,2025-09-13,1,1,1,0,0,
3738,REQ-0086,1,4,LinkedIn,2025-09-24,1,0,0,0,,
3739,REQ-0086,1,4,Job Board,2025-09-13,1,0,0,0,,
3740,REQ-0086,1,4,LinkedIn,2025-09-08,1,1,1,1,1,12
3741,REQ-0086,1,4,Career Site,2025-09-21,0,0,0,0,,
3742,REQ-0086,1,4,Job Board,2025-09-22,1,1,1,1,1,12
3743,REQ-0086,1,4,Job Board,2025-09-22,0,0,0,0,,
3744,REQ-0086,1,4,LinkedIn,2025-09-13,1,1,1,1,1,12
3745,REQ-0086,1,4,Job Board,2025-09-15,0,0,0,0,,
3746,REQ-0086,1,4,Job Board,2025-09-29,1,1,0,0,,
3747,REQ-0086,1,4,Job Board,2025-09-29,1,0,0,0,,
3748,REQ-0086,1,4,Employee Referral,2025-09-05,0,0,0,0,,
3749,REQ-0086,1,4,Agency,2025-09-07,0,0,0,0,,
3750,REQ-0086,1,4,Employee Referral,2025-09-23,1,1,0,0,,
3751,REQ-0086,1,4,Employee Referral,2025-09-08,0,0,0,0,,
3752,REQ-0086,1,4,LinkedIn,2025-09-16,0,0,0,0,,
3753,REQ-0086,1,4,LinkedIn,2025-09-12,1,1,0,0,,
3754,REQ-0086,1,4,LinkedIn,2025-09-10,0,0,0,0,,
3755,REQ-0086,1,4,LinkedIn,2025-09-08,1,1,0,0,,
3756,REQ-0086,1,4,Career Site,2025-09-20,1,0,0,0,,
3757,REQ-0086,1,4,Job Board,2025-09-20,1,0,0,0,,
3758,REQ-0086,1,4,LinkedIn,2025-09-28,1,1,0,0,,
3759,REQ-0086,1,4,Job Board,2025-09-20,1,1,1,1,1,12
3760,REQ-0086,1,4,LinkedIn,2025-09-10,1,1,0,0,,
3761,REQ-0086,1,4,Employee Referral,2025-09-10,1,0,0,0,,
3762,REQ-0086,1,4,Job Board,2025-09-28,1,0,0,0,,
3763,REQ-0086,1,4,LinkedIn,2025-09-05,1,0,0,0,,
3764,REQ-0086,1,4,LinkedIn,2025-09-16,1,0,0,0,,
3765,REQ-0086,1,4,Career Site,2025-09-22,1,1,1,1,1,12
3766,REQ-0086,1,4,Career Site,2025-09-19,1,0,0,0,,
3767,REQ-0086,1,4,Agency,2025-09-06,1,1,1,1,1,12
3768,REQ-0086,1,4,Job Board,2025-09-24,1,0,0,0,,
3769,REQ-0086,1,4,Career Site,2025-09-18,0,0,0,0,,
3770,REQ-0086,1,4,Job Board,2025-09-23,0,0,0,0,,
3771,REQ-0086,1,4,LinkedIn,2025-09-11,1,1,0,0,,
3772,REQ-0086,1,4,Career Site,2025-09-16,0,0,0,0,,
3773,REQ-0086,1,4,Job Board,2025-09-17,1,1,1,1,1,12
3774,REQ-0086,1,4,LinkedIn,2025-09-24,0,0,0,0,,
3775,REQ-0086,1,4,LinkedIn,2025-09-15,1,1,0,0,,
3776,REQ-0086,1,4,Employee Referral,2025-09-28,1,1,0,0,,
3777,REQ-0086,1,4,Agency,2025-09-22,0,0,0,0,,
3778,REQ-0086,1,4,Job Board,2025-09-10,0,0,0,0,,
3779,REQ-0086,1,4,LinkedIn,2025-09-21,1,0,0,0,,
3780,REQ-0086,1,4,LinkedIn,2025-09-12,0,0,0,0,,
3781,REQ-0086,1,4,Career Site,2025-09-05,1,1,0,0,,
3782,REQ-0086,1,4,Career Site,2025-09-19,1,1,0,0,,
3783,REQ-0086,1,4,Employee Referral,2025-09-19,1,1,1,1,1,12
3784,REQ-0086,1,4,LinkedIn,2025-09-06,1,1,1,1,1,12
3785,REQ-0086,1,4,Agency,2025-09-21,1,1,1,1,1,12
3786,REQ-0086,1,4,Career Site,2025-09-04,1,1,1,0,0,
3787,REQ-0086,1,4,Career Site,2025-09-17,1,1,0,0,,
3788,REQ-0087,9,1,Employee Referral,2025-11-12,0,0,0,0,,
3789,REQ-0087,9,1,LinkedIn,2025-11-22,1,1,1,0,0,
3790,REQ-0087,9,1,Job Board,2025-11-19,0,0,0,0,,
3791,REQ-0087,9,1,Career Site,2025-11-15,0,0,0,0,,
3792,REQ-0087,9,1,LinkedIn,2025-11-15,1,0,0,0,,
3793,REQ-0087,9,1,LinkedIn,2025-11-27,1,1,0,0,,
3794,REQ-0087,9,1,Job Board,2025-11-12,1,1,1,1,1,59
3795,REQ-0087,9,1,Job Board,2025-11-26,0,0,0,0,,
3796,REQ-0087,9,1,Job Board,2025-11-27,1,1,1,0,0,
3797,REQ-0087,9,1,Employee Referral,2025-11-19,1,1,0,0,,
3798,REQ-0087,9,1,LinkedIn,2025-11-26,0,0,0,0,,
3799,REQ-0087,9,1,LinkedIn,2025-11-10,1,0,0,0,,
3800,REQ-0087,9,1,LinkedIn,2025-11-21,0,0,0,0,,
3801,REQ-0087,9,1,LinkedIn,2025-11-08,1,1,0,0,,
3802,REQ-0087,9,1,Job Board,2025-11-29,1,0,0,0,,
3803,REQ-0087,9,1,LinkedIn,2025-11-24,1,1,0,0,,
3804,REQ-0087,9,1,Career Site,2025-11-24,0,0,0,0,,
3805,REQ-0087,9,1,Career Site,2025-11-16,0,0,0,0,,
3806,REQ-0087,9,1,Career Site,2025-11-27,1,1,1,0,0,
3807,REQ-0087,9,1,Employee Referral,2025-11-19,1,1,0,0,,
3808,REQ-0087,9,1,Career Site,2025-11-23,0,0,0,0,,
3809,REQ-0087,9,1,Career Site,2025-11-09,1,0,0,0,,
3810,REQ-0088,11,6,LinkedIn,2025-07-23,1,0,0,0,,
3811,REQ-0088,11,6,LinkedIn,2025-07-23,1,1,0,0,,
3812,REQ-0088,11,6,Job Board,2025-07-14,1,0,0,0,,
3813,REQ-0088,11,6,LinkedIn,2025-08-02,0,0,0,0,,
3814,REQ-0088,11,6,Job Board,2025-08-04,0,0,0,0,,
3815,REQ-0088,11,6,Job Board,2025-07-24,1,1,0,0,,
3816,REQ-0088,11,6,Agency,2025-07-17,1,1,1,0,0,
3817,REQ-0088,11,6,Job Board,2025-07-13,0,0,0,0,,
3818,REQ-0088,11,6,LinkedIn,2025-08-06,1,0,0,0,,
3819,REQ-0088,11,6,LinkedIn,2025-07-29,1,1,0,0,,
3820,REQ-0088,11,6,Employee Referral,2025-07-22,0,0,0,0,,
3821,REQ-0088,11,6,Employee Referral,2025-07-14,1,0,0,0,,
3822,REQ-0088,11,6,Agency,2025-07-18,1,0,0,0,,
3823,REQ-0088,11,6,Employee Referral,2025-07-22,1,1,0,0,,
3824,REQ-0088,11,6,Job Board,2025-07-26,0,0,0,0,,
3825,REQ-0088,11,6,Agency,2025-08-02,1,1,1,1,1,42
3826,REQ-0088,11,6,Job Board,2025-08-04,0,0,0,0,,
3827,REQ-0088,11,6,Job Board,2025-07-14,0,0,0,0,,
3828,REQ-0088,11,6,Employee Referral,2025-07-20,0,0,0,0,,
3829,REQ-0088,11,6,LinkedIn,2025-07-29,1,1,1,1,1,42
3830,REQ-0088,11,6,Job Board,2025-08-03,1,1,0,0,,
3831,REQ-0088,11,6,Career Site,2025-07-25,1,1,0,0,,
3832,REQ-0088,11,6,LinkedIn,2025-07-24,1,1,1,0,0,
3833,REQ-0088,11,6,Employee Referral,2025-07-24,0,0,0,0,,
3834,REQ-0088,11,6,LinkedIn,2025-08-05,1,1,1,1,1,42
3835,REQ-0088,11,6,Career Site,2025-07-14,1,1,0,0,,
3836,REQ-0088,11,6,Employee Referral,2025-08-02,0,0,0,0,,
3837,REQ-0088,11,6,Career Site,2025-07-12,1,0,0,0,,
3838,REQ-0088,11,6,Employee Referral,2025-07-26,1,1,1,1,1,42
3839,REQ-0088,11,6,Job Board,2025-07-18,1,0,0,0,,
3840,REQ-0088,11,6,Career Site,2025-08-05,0,0,0,0,,
3841,REQ-0088,11,6,Career Site,2025-07-31,1,1,0,0,,
3842,REQ-0088,11,6,LinkedIn,2025-07-21,0,0,0,0,,
3843,REQ-0088,11,6,LinkedIn,2025-07-16,1,0,0,0,,
3844,REQ-0088,11,6,LinkedIn,2025-07-23,0,0,0,0,,
3845,REQ-0088,11,6,LinkedIn,2025-08-06,1,0,0,0,,
3846,REQ-0088,11,6,Career Site,2025-07-30,1,0,0,0,,
3847,REQ-0088,11,6,Career Site,2025-07-17,1,1,0,0,,
3848,REQ-0088,11,6,Job Board,2025-08-06,1,1,0,0,,
3849,REQ-0088,11,6,Career Site,2025-07-17,1,0,0,0,,
3850,REQ-0088,11,6,LinkedIn,2025-07-21,1,1,1,0,0,
3851,REQ-0089,10,3,Employee Referral,2026-01-11,1,0,0,0,,
3852,REQ-0089,10,3,Employee Referral,2026-01-03,0,0,0,0,,
3853,REQ-0089,10,3,Agency,2025-12-19,1,0,0,0,,
3854,REQ-0089,10,3,Job Board,2025-12-25,0,0,0,0,,
3855,REQ-0089,10,3,Employee Referral,2026-01-01,1,0,0,0,,
3856,REQ-0089,10,3,LinkedIn,2026-01-06,1,1,1,1,1,74
3857,REQ-0089,10,3,Employee Referral,2026-01-08,0,0,0,0,,
3858,REQ-0089,10,3,Employee Referral,2025-12-24,0,0,0,0,,
3859,REQ-0089,10,3,Job Board,2025-12-21,1,1,0,0,,
3860,REQ-0089,10,3,Job Board,2025-12-22,0,0,0,0,,
3861,REQ-0089,10,3,LinkedIn,2025-12-20,1,0,0,0,,
3862,REQ-0089,10,3,Employee Referral,2025-12-21,1,0,0,0,,
3863,REQ-0089,10,3,Job Board,2025-12-19,0,0,0,0,,
3864,REQ-0089,10,3,Job Board,2025-12-26,1,1,0,0,,
3865,REQ-0089,10,3,Job Board,2026-01-06,1,0,0,0,,
3866,REQ-0089,10,3,Employee Referral,2026-01-04,0,0,0,0,,
3867,REQ-0089,10,3,Employee Referral,2026-01-05,1,0,0,0,,
3868,REQ-0089,10,3,Job Board,2025-12-26,0,0,0,0,,
3869,REQ-0089,10,3,Agency,2026-01-07,1,0,0,0,,
3870,REQ-0089,10,3,Employee Referral,2025-12-30,1,0,0,0,,
3871,REQ-0089,10,3,Job Board,2025-12-19,1,0,0,0,,
3872,REQ-0089,10,3,Job Board,2026-01-06,0,0,0,0,,
3873,REQ-0089,10,3,LinkedIn,2025-12-24,1,0,0,0,,
3874,REQ-0089,10,3,Employee Referral,2025-12-31,1,0,0,0,,
3875,REQ-0089,10,3,Job Board,2025-12-26,1,1,1,1,1,74
3876,REQ-0089,10,3,Employee Referral,2025-12-28,0,0,0,0,,
3877,REQ-0089,10,3,LinkedIn,2025-12-25,1,1,1,1,1,74
3878,REQ-0089,10,3,Career Site,2025-12-21,1,1,1,1,1,74
3879,REQ-0089,10,3,Job Board,2025-12-25,1,0,0,0,,
3880,REQ-0089,10,3,Job Board,2025-12-20,1,1,1,0,0,
3881,REQ-0089,10,3,Job Board,2025-12-26,1,0,0,0,,
3882,REQ-0089,10,3,LinkedIn,2025-12-22,1,1,0,0,,
3883,REQ-0089,10,3,LinkedIn,2026-01-09,1,0,0,0,,
3884,REQ-0089,10,3,Career Site,2025-12-21,1,0,0,0,,
3885,REQ-0089,10,3,LinkedIn,2026-01-04,1,0,0,0,,
3886,REQ-0089,10,3,Job Board,2026-01-01,1,1,0,0,,
3887,REQ-0089,10,3,Employee Referral,2025-12-18,0,0,0,0,,
3888,REQ-0089,10,3,LinkedIn,2025-12-31,1,0,0,0,,
3889,REQ-0089,10,3,Career Site,2025-12-25,1,1,1,0,0,
3890,REQ-0089,10,3,Employee Referral,2025-12-23,1,1,0,0,,
3891,REQ-0090,8,3,Career Site,2026-01-15,0,0,0,0,,
3892,REQ-0090,8,3,Career Site,2026-01-22,0,0,0,0,,
3893,REQ-0090,8,3,Job Board,2026-01-14,1,1,1,1,1,72
3894,REQ-0090,8,3,Job Board,2026-01-08,1,1,0,0,,
3895,REQ-0090,8,3,Career Site,2026-01-11,1,1,1,1,1,72
3896,REQ-0090,8,3,Agency,2026-01-17,1,1,0,0,,
3897,REQ-0090,8,3,Employee Referral,2026-01-05,1,1,1,0,0,
3898,REQ-0090,8,3,Employee Referral,2026-01-05,0,0,0,0,,
3899,REQ-0090,8,3,Job Board,2026-01-23,0,0,0,0,,
3900,REQ-0090,8,3,Job Board,2026-01-22,0,0,0,0,,
3901,REQ-0090,8,3,LinkedIn,2026-01-08,0,0,0,0,,
3902,REQ-0090,8,3,LinkedIn,2026-01-19,1,0,0,0,,
3903,REQ-0090,8,3,Job Board,2026-01-14,1,0,0,0,,
3904,REQ-0090,8,3,Job Board,2026-01-09,1,1,0,0,,
3905,REQ-0090,8,3,Agency,2026-01-24,1,1,0,0,,
3906,REQ-0090,8,3,Career Site,2026-01-16,0,0,0,0,,
3907,REQ-0090,8,3,LinkedIn,2026-01-25,1,1,0,0,,
3908,REQ-0090,8,3,Agency,2026-01-27,0,0,0,0,,
3909,REQ-0090,8,3,Career Site,2026-01-06,1,1,0,0,,
3910,REQ-0090,8,3,Career Site,2026-01-25,1,0,0,0,,
3911,REQ-0090,8,3,Employee Referral,2026-01-02,1,1,1,1,1,72
3912,REQ-0090,8,3,LinkedIn,2026-01-05,1,0,0,0,,
3913,REQ-0090,8,3,LinkedIn,2026-01-20,1,1,0,0,,
3914,REQ-0090,8,3,LinkedIn,2026-01-12,0,0,0,0,,
3915,REQ-0090,8,3,Job Board,2026-01-23,0,0,0,0,,
3916,REQ-0090,8,3,LinkedIn,2026-01-03,1,1,0,0,,
3917,REQ-0090,8,3,Job Board,2026-01-12,0,0,0,0,,
3918,REQ-0090,8,3,Employee Referral,2026-01-21,1,1,1,1,1,72
3919,REQ-0090,8,3,LinkedIn,2026-01-18,1,0,0,0,,
3920,REQ-0090,8,3,Employee Referral,2026-01-10,1,1,0,0,,
3921,REQ-0090,8,3,Job Board,2026-01-10,0,0,0,0,,
3922,REQ-0090,8,3,LinkedIn,2026-01-14,0,0,0,0,,
3923,REQ-0090,8,3,Career Site,2026-01-18,1,1,1,1,1,72
3924,REQ-0090,8,3,Career Site,2026-01-17,0,0,0,0,,
3925,REQ-0090,8,3,Employee Referral,2026-01-23,1,1,1,1,1,72
3926,REQ-0090,8,3,Career Site,2026-01-11,0,0,0,0,,
3927,REQ-0090,8,3,LinkedIn,2026-01-17,1,0,0,0,,
3928,REQ-0090,8,3,Job Board,2026-01-02,1,0,0,0,,
3929,REQ-0090,8,3,Career Site,2026-01-17,0,0,0,0,,
3930,REQ-0090,8,3,LinkedIn,2026-01-25,1,1,0,0,,
3931,REQ-0090,8,3,Job Board,2026-01-19,0,0,0,0,,
3932,REQ-0090,8,3,Career Site,2026-01-26,1,1,0,0,,
3933,REQ-0090,8,3,Career Site,2026-01-15,1,1,1,0,0,
3934,REQ-0090,8,3,Agency,2026-01-07,0,0,0,0,,
3935,REQ-0090,8,3,Agency,2026-01-12,1,1,0,0,,
3936,REQ-0090,8,3,Employee Referral,2026-01-08,1,0,0,0,,
3937,REQ-0090,8,3,Job Board,2026-01-14,0,0,0,0,,
3938,REQ-0090,8,3,Job Board,2026-01-12,0,0,0,0,,
3939,REQ-0090,8,3,LinkedIn,2026-01-05,1,1,0,0,,
3940,REQ-0090,8,3,LinkedIn,2026-01-23,0,0,0,0,,
3941,REQ-0090,8,3,Job Board,2026-01-13,1,0,0,0,,
3942,REQ-0090,8,3,Employee Referral,2026-01-22,1,1,1,1,1,72
3943,REQ-0090,8,3,LinkedIn,2026-01-06,1,1,1,1,1,72
3944,REQ-0090,8,3,Agency,2026-01-05,0,0,0,0,,
3945,REQ-0090,8,3,LinkedIn,2026-01-10,0,0,0,0,,
3946,REQ-0090,8,3,LinkedIn,2026-01-26,1,1,0,0,,
3947,REQ-0090,8,3,Employee Referral,2026-01-08,1,0,0,0,,
3948,REQ-0091,8,4,Career Site,2025-12-04,1,1,0,0,,
3949,REQ-0091,8,4,Employee Referral,2025-12-15,1,1,0,0,,
3950,REQ-0091,8,4,Career Site,2025-12-04,1,0,0,0,,
3951,REQ-0091,8,4,Career Site,2025-11-29,1,0,0,0,,
3952,REQ-0091,8,4,Agency,2025-12-12,1,0,0,0,,
3953,REQ-0091,8,4,LinkedIn,2025-11-27,1,0,0,0,,
3954,REQ-0091,8,4,LinkedIn,2025-12-11,1,1,0,0,,
3955,REQ-0091,8,4,Agency,2025-12-02,0,0,0,0,,
3956,REQ-0091,8,4,Employee Referral,2025-12-04,1,1,0,0,,
3957,REQ-0091,8,4,Job Board,2025-12-02,1,1,1,1,1,82
3958,REQ-0091,8,4,Agency,2025-11-24,0,0,0,0,,
3959,REQ-0091,8,4,Employee Referral,2025-12-03,0,0,0,0,,
3960,REQ-0091,8,4,Employee Referral,2025-11-29,0,0,0,0,,
3961,REQ-0091,8,4,Career Site,2025-12-05,1,1,0,0,,
3962,REQ-0091,8,4,Employee Referral,2025-11-26,0,0,0,0,,
3963,REQ-0091,8,4,LinkedIn,2025-12-09,0,0,0,0,,
3964,REQ-0091,8,4,Job Board,2025-12-04,1,0,0,0,,
3965,REQ-0091,8,4,Job Board,2025-12-02,0,0,0,0,,
3966,REQ-0091,8,4,Agency,2025-12-08,1,0,0,0,,
3967,REQ-0091,8,4,Job Board,2025-12-07,1,0,0,0,,
3968,REQ-0091,8,4,LinkedIn,2025-12-04,1,0,0,0,,
3969,REQ-0091,8,4,Job Board,2025-12-01,1,0,0,0,,
3970,REQ-0091,8,4,Employee Referral,2025-12-08,1,1,1,1,1,82
3971,REQ-0091,8,4,Career Site,2025-12-04,0,0,0,0,,
3972,REQ-0091,8,4,Job Board,2025-11-26,0,0,0,0,,
3973,REQ-0091,8,4,Job Board,2025-12-12,1,0,0,0,,
3974,REQ-0091,8,4,Career Site,2025-12-02,1,0,0,0,,
3975,REQ-0091,8,4,Career Site,2025-12-09,0,0,0,0,,
3976,REQ-0091,8,4,LinkedIn,2025-11-20,1,0,0,0,,
3977,REQ-0091,8,4,Job Board,2025-11-29,0,0,0,0,,
3978,REQ-0091,8,4,Career Site,2025-12-11,0,0,0,0,,
3979,REQ-0091,8,4,LinkedIn,2025-12-06,1,1,0,0,,
3980,REQ-0091,8,4,LinkedIn,2025-12-01,1,1,1,0,0,
3981,REQ-0091,8,4,LinkedIn,2025-12-02,0,0,0,0,,
3982,REQ-0091,8,4,Job Board,2025-11-30,0,0,0,0,,
3983,REQ-0091,8,4,LinkedIn,2025-11-29,1,1,0,0,,
3984,REQ-0091,8,4,LinkedIn,2025-12-03,0,0,0,0,,
3985,REQ-0091,8,4,Job Board,2025-12-09,0,0,0,0,,
3986,REQ-0091,8,4,Agency,2025-12-03,1,0,0,0,,
3987,REQ-0091,8,4,LinkedIn,2025-12-08,1,0,0,0,,
3988,REQ-0091,8,4,LinkedIn,2025-11-21,1,0,0,0,,
3989,REQ-0091,8,4,LinkedIn,2025-12-04,1,1,0,0,,
3990,REQ-0091,8,4,Career Site,2025-11-28,1,1,1,0,0,
3991,REQ-0091,8,4,Career Site,2025-12-12,1,1,0,0,,
3992,REQ-0091,8,4,Employee Referral,2025-12-08,1,1,1,1,1,82
3993,REQ-0091,8,4,Career Site,2025-11-27,0,0,0,0,,
3994,REQ-0091,8,4,Career Site,2025-11-30,1,0,0,0,,
3995,REQ-0091,8,4,LinkedIn,2025-12-02,1,0,0,0,,
3996,REQ-0091,8,4,Career Site,2025-12-02,1,0,0,0,,
3997,REQ-0091,8,4,Employee Referral,2025-12-15,1,1,1,1,1,82
3998,REQ-0091,8,4,LinkedIn,2025-12-09,0,0,0,0,,
3999,REQ-0091,8,4,Career Site,2025-12-10,1,0,0,0,,
4000,REQ-0091,8,4,Agency,2025-11-26,0,0,0,0,,
4001,REQ-0091,8,4,Employee Referral,2025-12-15,1,1,0,0,,
4002,REQ-0091,8,4,Job Board,2025-12-15,1,0,0,0,,
4003,REQ-0091,8,4,Agency,2025-11-29,1,0,0,0,,
4004,REQ-0091,8,4,Job Board,2025-12-11,0,0,0,0,,
4005,REQ-0091,8,4,LinkedIn,2025-12-07,1,1,0,0,,
4006,REQ-0091,8,4,Agency,2025-11-22,1,1,0,0,,
4007,REQ-0091,8,4,Job Board,2025-12-15,0,0,0,0,,
4008,REQ-0091,8,4,Agency,2025-11-25,0,0,0,0,,
4009,REQ-0091,8,4,Employee Referral,2025-11-25,0,0,0,0,,
4010,REQ-0091,8,4,Job Board,2025-12-09,1,0,0,0,,
4011,REQ-0091,8,4,Job Board,2025-12-03,1,1,0,0,,
4012,REQ-0091,8,4,Agency,2025-11-27,1,0,0,0,,
4013,REQ-0091,8,4,Agency,2025-11-21,0,0,0,0,,
4014,REQ-0091,8,4,LinkedIn,2025-11-23,0,0,0,0,,
4015,REQ-0092,12,4,LinkedIn,2025-11-19,1,1,1,0,0,
4016,REQ-0092,12,4,Job Board,2025-12-01,0,0,0,0,,
4017,REQ-0092,12,4,Job Board,2025-11-06,1,0,0,0,,
4018,REQ-0092,12,4,Job Board,2025-11-09,0,0,0,0,,
4019,REQ-0092,12,4,Agency,2025-11-11,0,0,0,0,,
4020,REQ-0092,12,4,Job Board,2025-11-24,1,1,0,0,,
4021,REQ-0092,12,4,Job Board,2025-11-16,1,1,0,0,,
4022,REQ-0092,12,4,Agency,2025-11-09,1,1,0,0,,
4023,REQ-0092,12,4,Job Board,2025-11-25,0,0,0,0,,
4024,REQ-0092,12,4,Career Site,2025-11-19,1,0,0,0,,
4025,REQ-0092,12,4,Agency,2025-11-30,1,0,0,0,,
4026,REQ-0092,12,4,Career Site,2025-11-18,1,1,1,0,0,
4027,REQ-0092,12,4,LinkedIn,2025-11-17,1,1,0,0,,
4028,REQ-0092,12,4,Employee Referral,2025-11-11,1,1,0,0,,
4029,REQ-0092,12,4,Job Board,2025-11-11,1,1,1,0,0,
4030,REQ-0092,12,4,LinkedIn,2025-11-09,0,0,0,0,,
4031,REQ-0092,12,4,Employee Referral,2025-11-13,1,0,0,0,,
4032,REQ-0092,12,4,Agency,2025-11-26,1,1,1,0,0,
4033,REQ-0092,12,4,LinkedIn,2025-11-27,0,0,0,0,,
4034,REQ-0092,12,4,Career Site,2025-11-16,1,1,0,0,,
4035,REQ-0092,12,4,Agency,2025-11-07,1,0,0,0,,
4036,REQ-0092,12,4,Employee Referral,2025-11-14,1,1,0,0,,
4037,REQ-0092,12,4,Career Site,2025-11-23,1,0,0,0,,
4038,REQ-0092,12,4,Agency,2025-11-26,0,0,0,0,,
4039,REQ-0092,12,4,Job Board,2025-11-09,1,0,0,0,,
4040,REQ-0092,12,4,Agency,2025-11-19,1,0,0,0,,
4041,REQ-0092,12,4,LinkedIn,2025-11-25,1,1,0,0,,
4042,REQ-0092,12,4,Job Board,2025-11-12,1,1,0,0,,
4043,REQ-0092,12,4,Career Site,2025-11-20,0,0,0,0,,
4044,REQ-0092,12,4,Job Board,2025-11-24,1,1,0,0,,
4045,REQ-0092,12,4,LinkedIn,2025-11-19,1,0,0,0,,
4046,REQ-0092,12,4,Career Site,2025-11-12,1,0,0,0,,
4047,REQ-0092,12,4,Employee Referral,2025-11-10,1,1,0,0,,
4048,REQ-0092,12,4,Agency,2025-11-20,0,0,0,0,,
4049,REQ-0092,12,4,LinkedIn,2025-11-16,1,0,0,0,,
4050,REQ-0092,12,4,Job Board,2025-11-12,1,1,0,0,,
4051,REQ-0092,12,4,Employee Referral,2025-11-20,1,0,0,0,,
4052,REQ-0092,12,4,Job Board,2025-11-19,0,0,0,0,,
4053,REQ-0092,12,4,Career Site,2025-11-26,0,0,0,0,,
4054,REQ-0092,12,4,Agency,2025-11-23,1,1,1,0,0,
4055,REQ-0092,12,4,Career Site,2025-12-01,1,1,0,0,,
4056,REQ-0092,12,4,Job Board,2025-11-06,0,0,0,0,,
4057,REQ-0092,12,4,LinkedIn,2025-11-17,0,0,0,0,,
4058,REQ-0092,12,4,Career Site,2025-11-17,1,1,0,0,,
4059,REQ-0092,12,4,Career Site,2025-11-20,1,0,0,0,,
4060,REQ-0092,12,4,Employee Referral,2025-11-13,1,1,0,0,,
4061,REQ-0092,12,4,Career Site,2025-11-27,1,0,0,0,,
4062,REQ-0092,12,4,Job Board,2025-11-21,0,0,0,0,,
4063,REQ-0092,12,4,LinkedIn,2025-11-29,1,1,1,1,1,30
4064,REQ-0092,12,4,Employee Referral,2025-11-10,1,1,1,0,0,
4065,REQ-0092,12,4,Career Site,2025-11-10,0,0,0,0,,
4066,REQ-0092,12,4,Agency,2025-11-25,1,0,0,0,,
4067,REQ-0092,12,4,Job Board,2025-11-24,0,0,0,0,,
4068,REQ-0092,12,4,LinkedIn,2025-11-14,0,0,0,0,,
4069,REQ-0092,12,4,Job Board,2025-11-16,1,0,0,0,,
4070,REQ-0092,12,4,Career Site,2025-11-12,0,0,0,0,,
4071,REQ-0093,8,6,LinkedIn,2024-12-19,1,0,0,0,,
4072,REQ-0093,8,6,Job Board,2024-11-27,1,0,0,0,,
4073,REQ-0093,8,6,LinkedIn,2024-12-09,0,0,0,0,,
4074,REQ-0093,8,6,Career Site,2024-12-13,1,0,0,0,,
4075,REQ-0093,8,6,Job Board,2024-12-19,1,0,0,0,,
4076,REQ-0093,8,6,LinkedIn,2024-12-14,0,0,0,0,,
4077,REQ-0093,8,6,Career Site,2024-11-28,0,0,0,0,,
4078,REQ-0093,8,6,Career Site,2024-12-14,1,1,0,0,,
4079,REQ-0093,8,6,Job Board,2024-12-21,0,0,0,0,,
4080,REQ-0093,8,6,Employee Referral,2024-12-14,1,0,0,0,,
4081,REQ-0093,8,6,Job Board,2024-12-05,1,1,0,0,,
4082,REQ-0093,8,6,LinkedIn,2024-12-02,0,0,0,0,,
4083,REQ-0093,8,6,Career Site,2024-12-06,1,1,1,1,1,33
4084,REQ-0093,8,6,Career Site,2024-12-01,1,0,0,0,,
4085,REQ-0093,8,6,LinkedIn,2024-12-12,1,0,0,0,,
4086,REQ-0093,8,6,Agency,2024-12-19,1,1,0,0,,
4087,REQ-0093,8,6,LinkedIn,2024-12-18,1,1,1,0,0,
4088,REQ-0093,8,6,Employee Referral,2024-12-06,0,0,0,0,,
4089,REQ-0093,8,6,Career Site,2024-12-02,0,0,0,0,,
4090,REQ-0093,8,6,Job Board,2024-12-12,1,0,0,0,,
4091,REQ-0093,8,6,LinkedIn,2024-12-01,1,1,1,1,1,33
4092,REQ-0093,8,6,Job Board,2024-12-09,0,0,0,0,,
4093,REQ-0093,8,6,Employee Referral,2024-12-02,1,0,0,0,,
4094,REQ-0093,8,6,Employee Referral,2024-12-17,1,0,0,0,,
4095,REQ-0093,8,6,Job Board,2024-12-18,1,1,0,0,,
4096,REQ-0093,8,6,Career Site,2024-12-01,0,0,0,0,,
4097,REQ-0093,8,6,Employee Referral,2024-12-09,1,1,0,0,,
4098,REQ-0093,8,6,LinkedIn,2024-12-18,1,0,0,0,,
4099,REQ-0093,8,6,Employee Referral,2024-12-11,0,0,0,0,,
4100,REQ-0093,8,6,Career Site,2024-12-08,1,1,0,0,,
4101,REQ-0093,8,6,Job Board,2024-11-28,0,0,0,0,,
4102,REQ-0093,8,6,Career Site,2024-11-28,1,1,0,0,,
4103,REQ-0093,8,6,Career Site,2024-12-06,0,0,0,0,,
4104,REQ-0093,8,6,Job Board,2024-11-27,1,0,0,0,,
4105,REQ-0093,8,6,Job Board,2024-11-26,1,0,0,0,,
4106,REQ-0093,8,6,LinkedIn,2024-12-15,1,1,0,0,,
4107,REQ-0093,8,6,LinkedIn,2024-12-09,0,0,0,0,,
4108,REQ-0093,8,6,Agency,2024-12-13,1,0,0,0,,
4109,REQ-0093,8,6,Employee Referral,2024-12-17,0,0,0,0,,
4110,REQ-0093,8,6,Employee Referral,2024-12-07,1,1,0,0,,
4111,REQ-0094,7,4,Employee Referral,2026-05-11,1,1,0,0,,
4112,REQ-0094,7,4,LinkedIn,2026-05-12,1,1,0,0,,
4113,REQ-0094,7,4,Career Site,2026-05-21,1,0,0,0,,
4114,REQ-0094,7,4,Agency,2026-05-14,0,0,0,0,,
4115,REQ-0094,7,4,Career Site,2026-05-12,0,0,0,0,,
4116,REQ-0094,7,4,LinkedIn,2026-05-11,1,1,0,0,,
4117,REQ-0094,7,4,LinkedIn,2026-05-07,1,1,0,0,,
4118,REQ-0094,7,4,Career Site,2026-05-08,1,0,0,0,,
4119,REQ-0094,7,4,Job Board,2026-05-27,0,0,0,0,,
4120,REQ-0094,7,4,Job Board,2026-05-12,1,0,0,0,,
4121,REQ-0094,7,4,Career Site,2026-05-31,1,1,0,0,,
4122,REQ-0094,7,4,LinkedIn,2026-05-30,1,0,0,0,,
4123,REQ-0094,7,4,LinkedIn,2026-05-08,1,0,0,0,,
4124,REQ-0094,7,4,LinkedIn,2026-05-25,1,0,0,0,,
4125,REQ-0094,7,4,Career Site,2026-05-15,0,0,0,0,,
4126,REQ-0094,7,4,Job Board,2026-05-24,1,1,1,1,1,80
4127,REQ-0094,7,4,Job Board,2026-05-18,0,0,0,0,,
4128,REQ-0094,7,4,LinkedIn,2026-05-22,1,0,0,0,,
4129,REQ-0094,7,4,Agency,2026-05-13,1,0,0,0,,
4130,REQ-0094,7,4,Job Board,2026-05-19,1,0,0,0,,
4131,REQ-0094,7,4,Job Board,2026-05-17,0,0,0,0,,
4132,REQ-0094,7,4,Agency,2026-05-22,0,0,0,0,,
4133,REQ-0094,7,4,Job Board,2026-05-08,0,0,0,0,,
4134,REQ-0094,7,4,Employee Referral,2026-05-26,1,1,1,1,1,80
4135,REQ-0094,7,4,Job Board,2026-05-28,0,0,0,0,,
4136,REQ-0094,7,4,Job Board,2026-05-06,0,0,0,0,,
4137,REQ-0094,7,4,Employee Referral,2026-05-11,0,0,0,0,,
4138,REQ-0094,7,4,LinkedIn,2026-05-26,1,1,0,0,,
4139,REQ-0094,7,4,LinkedIn,2026-05-08,1,0,0,0,,
4140,REQ-0094,7,4,LinkedIn,2026-05-21,1,0,0,0,,
4141,REQ-0094,7,4,Agency,2026-05-13,0,0,0,0,,
4142,REQ-0094,7,4,Agency,2026-05-12,1,0,0,0,,
4143,REQ-0094,7,4,Agency,2026-05-11,1,0,0,0,,
4144,REQ-0094,7,4,Agency,2026-05-08,0,0,0,0,,
4145,REQ-0094,7,4,Job Board,2026-05-27,0,0,0,0,,
4146,REQ-0094,7,4,Employee Referral,2026-05-13,1,0,0,0,,
4147,REQ-0094,7,4,LinkedIn,2026-05-26,1,0,0,0,,
4148,REQ-0094,7,4,LinkedIn,2026-05-16,1,1,0,0,,
4149,REQ-0094,7,4,Employee Referral,2026-05-11,1,0,0,0,,
4150,REQ-0094,7,4,Employee Referral,2026-05-08,1,0,0,0,,
4151,REQ-0094,7,4,Employee Referral,2026-05-22,0,0,0,0,,
4152,REQ-0094,7,4,Employee Referral,2026-05-22,1,1,1,0,0,
4153,REQ-0094,7,4,Employee Referral,2026-05-14,1,1,1,1,1,80
4154,REQ-0094,7,4,Employee Referral,2026-05-19,1,1,1,0,0,
4155,REQ-0094,7,4,Employee Referral,2026-05-09,1,1,0,0,,
4156,REQ-0094,7,4,Job Board,2026-05-29,0,0,0,0,,
4157,REQ-0094,7,4,Career Site,2026-05-13,0,0,0,0,,
4158,REQ-0094,7,4,LinkedIn,2026-05-21,1,1,1,1,1,80
4159,REQ-0094,7,4,LinkedIn,2026-05-19,1,1,0,0,,
4160,REQ-0094,7,4,Career Site,2026-05-24,0,0,0,0,,
4161,REQ-0094,7,4,Career Site,2026-05-19,1,1,1,0,0,
4162,REQ-0094,7,4,Job Board,2026-05-30,1,0,0,0,,
4163,REQ-0094,7,4,Career Site,2026-05-08,1,1,0,0,,
4164,REQ-0094,7,4,Career Site,2026-05-31,0,0,0,0,,
4165,REQ-0094,7,4,Job Board,2026-05-14,0,0,0,0,,
4166,REQ-0094,7,4,Job Board,2026-05-16,1,0,0,0,,
4167,REQ-0095,11,1,LinkedIn,2025-02-21,0,0,0,0,,
4168,REQ-0095,11,1,Employee Referral,2025-02-23,1,1,0,0,,
4169,REQ-0095,11,1,LinkedIn,2025-02-16,0,0,0,0,,
4170,REQ-0095,11,1,Job Board,2025-03-05,1,1,0,0,,
4171,REQ-0095,11,1,Employee Referral,2025-03-03,1,1,0,0,,
4172,REQ-0095,11,1,LinkedIn,2025-02-25,1,1,1,1,1,63
4173,REQ-0095,11,1,LinkedIn,2025-03-04,1,1,0,0,,
4174,REQ-0095,11,1,Career Site,2025-02-22,0,0,0,0,,
4175,REQ-0095,11,1,Career Site,2025-03-05,0,0,0,0,,
4176,REQ-0095,11,1,LinkedIn,2025-03-05,1,1,0,0,,
4177,REQ-0095,11,1,Job Board,2025-03-03,1,1,0,0,,
4178,REQ-0095,11,1,Career Site,2025-02-09,1,1,0,0,,
4179,REQ-0095,11,1,LinkedIn,2025-02-22,0,0,0,0,,
4180,REQ-0095,11,1,LinkedIn,2025-02-14,0,0,0,0,,
4181,REQ-0095,11,1,Job Board,2025-02-18,1,1,0,0,,
4182,REQ-0095,11,1,Job Board,2025-02-27,1,1,0,0,,
4183,REQ-0095,11,1,LinkedIn,2025-02-27,1,0,0,0,,
4184,REQ-0095,11,1,LinkedIn,2025-03-05,1,0,0,0,,
4185,REQ-0095,11,1,Career Site,2025-02-10,1,1,0,0,,
4186,REQ-0095,11,1,Career Site,2025-02-17,1,0,0,0,,
4187,REQ-0095,11,1,Job Board,2025-02-16,1,1,0,0,,
4188,REQ-0096,9,3,LinkedIn,2025-12-11,1,1,0,0,,
4189,REQ-0096,9,3,Career Site,2025-12-05,0,0,0,0,,
4190,REQ-0096,9,3,LinkedIn,2025-12-11,1,1,0,0,,
4191,REQ-0096,9,3,Employee Referral,2025-11-29,0,0,0,0,,
4192,REQ-0096,9,3,Job Board,2025-11-17,1,1,0,0,,
4193,REQ-0096,9,3,Employee Referral,2025-12-05,1,1,1,1,1,41
4194,REQ-0096,9,3,LinkedIn,2025-12-03,0,0,0,0,,
4195,REQ-0096,9,3,Employee Referral,2025-12-04,1,0,0,0,,
4196,REQ-0096,9,3,Career Site,2025-12-11,0,0,0,0,,
4197,REQ-0096,9,3,Employee Referral,2025-11-22,0,0,0,0,,
4198,REQ-0096,9,3,Job Board,2025-12-03,0,0,0,0,,
4199,REQ-0096,9,3,LinkedIn,2025-11-16,0,0,0,0,,
4200,REQ-0096,9,3,Career Site,2025-12-03,0,0,0,0,,
4201,REQ-0096,9,3,Employee Referral,2025-11-20,1,0,0,0,,
4202,REQ-0096,9,3,Agency,2025-11-20,0,0,0,0,,
4203,REQ-0096,9,3,Career Site,2025-11-29,1,0,0,0,,
4204,REQ-0096,9,3,Career Site,2025-11-18,1,0,0,0,,
4205,REQ-0096,9,3,LinkedIn,2025-11-21,1,1,1,1,1,41
4206,REQ-0096,9,3,LinkedIn,2025-12-09,0,0,0,0,,
4207,REQ-0096,9,3,Job Board,2025-12-08,1,0,0,0,,
4208,REQ-0096,9,3,Career Site,2025-12-07,1,1,1,1,1,41
4209,REQ-0097,3,3,LinkedIn,2025-12-08,1,1,1,0,0,
4210,REQ-0097,3,3,Employee Referral,2025-11-20,1,1,0,0,,
4211,REQ-0097,3,3,Career Site,2025-12-07,1,1,0,0,,
4212,REQ-0097,3,3,Job Board,2025-11-17,1,0,0,0,,
4213,REQ-0097,3,3,Job Board,2025-11-30,1,0,0,0,,
4214,REQ-0097,3,3,LinkedIn,2025-12-05,0,0,0,0,,
4215,REQ-0097,3,3,Job Board,2025-11-27,1,1,1,1,1,12
4216,REQ-0097,3,3,LinkedIn,2025-12-04,1,1,0,0,,
4217,REQ-0097,3,3,Career Site,2025-12-06,1,1,0,0,,
4218,REQ-0097,3,3,Career Site,2025-12-06,0,0,0,0,,
4219,REQ-0097,3,3,Job Board,2025-12-05,1,1,0,0,,
4220,REQ-0097,3,3,Career Site,2025-12-07,1,1,0,0,,
4221,REQ-0097,3,3,Employee Referral,2025-11-30,1,1,1,0,0,
4222,REQ-0097,3,3,Career Site,2025-12-02,0,0,0,0,,
4223,REQ-0097,3,3,Career Site,2025-11-21,0,0,0,0,,
4224,REQ-0097,3,3,Career Site,2025-11-22,0,0,0,0,,
4225,REQ-0097,3,3,Job Board,2025-11-24,1,0,0,0,,
4226,REQ-0097,3,3,Career Site,2025-11-18,0,0,0,0,,
4227,REQ-0097,3,3,Career Site,2025-11-15,0,0,0,0,,
4228,REQ-0097,3,3,Agency,2025-11-28,1,0,0,0,,
4229,REQ-0097,3,3,Job Board,2025-12-07,0,0,0,0,,
4230,REQ-0097,3,3,Agency,2025-12-03,1,1,1,0,0,
4231,REQ-0097,3,3,Agency,2025-11-22,1,1,1,1,1,12
4232,REQ-0097,3,3,Job Board,2025-11-21,0,0,0,0,,
4233,REQ-0097,3,3,Agency,2025-11-27,0,0,0,0,,
4234,REQ-0097,3,3,Agency,2025-11-20,0,0,0,0,,
4235,REQ-0097,3,3,Employee Referral,2025-11-30,1,0,0,0,,
4236,REQ-0097,3,3,Agency,2025-11-15,1,1,0,0,,
4237,REQ-0097,3,3,Agency,2025-12-02,0,0,0,0,,
4238,REQ-0097,3,3,Career Site,2025-11-30,1,0,0,0,,
4239,REQ-0097,3,3,Employee Referral,2025-11-18,0,0,0,0,,
4240,REQ-0097,3,3,Career Site,2025-11-23,1,1,0,0,,
4241,REQ-0097,3,3,LinkedIn,2025-11-27,1,1,0,0,,
4242,REQ-0097,3,3,Agency,2025-11-14,1,0,0,0,,
4243,REQ-0097,3,3,Career Site,2025-11-15,1,0,0,0,,
4244,REQ-0097,3,3,Career Site,2025-12-01,1,1,0,0,,
4245,REQ-0097,3,3,LinkedIn,2025-12-09,1,0,0,0,,
4246,REQ-0097,3,3,Employee Referral,2025-11-20,0,0,0,0,,
4247,REQ-0097,3,3,LinkedIn,2025-11-19,0,0,0,0,,
4248,REQ-0097,3,3,Employee Referral,2025-11-24,1,1,1,1,1,12
4249,REQ-0097,3,3,LinkedIn,2025-12-04,1,0,0,0,,
4250,REQ-0097,3,3,Agency,2025-11-20,0,0,0,0,,
4251,REQ-0097,3,3,LinkedIn,2025-11-24,1,1,0,0,,
4252,REQ-0097,3,3,LinkedIn,2025-11-19,1,0,0,0,,
4253,REQ-0097,3,3,Employee Referral,2025-11-28,0,0,0,0,,
4254,REQ-0097,3,3,Job Board,2025-12-05,1,1,1,1,1,12
4255,REQ-0097,3,3,LinkedIn,2025-12-02,0,0,0,0,,
4256,REQ-0097,3,3,Job Board,2025-12-07,1,1,0,0,,
4257,REQ-0097,3,3,LinkedIn,2025-11-15,0,0,0,0,,
4258,REQ-0097,3,3,Employee Referral,2025-12-02,1,0,0,0,,
4259,REQ-0097,3,3,Job Board,2025-11-17,1,1,0,0,,
4260,REQ-0097,3,3,Career Site,2025-11-18,1,0,0,0,,
4261,REQ-0097,3,3,Career Site,2025-12-02,1,1,1,1,1,12
4262,REQ-0097,3,3,Career Site,2025-12-02,0,0,0,0,,
4263,REQ-0097,3,3,LinkedIn,2025-11-20,1,1,1,0,0,
4264,REQ-0097,3,3,LinkedIn,2025-11-23,0,0,0,0,,
4265,REQ-0097,3,3,LinkedIn,2025-12-06,1,0,0,0,,
4266,REQ-0097,3,3,LinkedIn,2025-11-15,1,1,1,1,1,12
4267,REQ-0097,3,3,Employee Referral,2025-11-16,0,0,0,0,,
4268,REQ-0097,3,3,LinkedIn,2025-12-04,1,1,0,0,,
4269,REQ-0097,3,3,Employee Referral,2025-11-16,1,0,0,0,,
4270,REQ-0097,3,3,Career Site,2025-12-06,1,1,0,0,,
4271,REQ-0098,8,3,Employee Referral,2024-12-25,1,1,0,0,,
4272,REQ-0098,8,3,Employee Referral,2024-12-14,0,0,0,0,,
4273,REQ-0098,8,3,LinkedIn,2024-12-12,1,1,0,0,,
4274,REQ-0098,8,3,LinkedIn,2024-12-18,1,0,0,0,,
4275,REQ-0098,8,3,LinkedIn,2024-12-17,1,0,0,0,,
4276,REQ-0098,8,3,Agency,2024-12-13,1,1,0,0,,
4277,REQ-0098,8,3,LinkedIn,2024-12-13,1,0,0,0,,
4278,REQ-0098,8,3,Job Board,2024-12-25,1,1,0,0,,
4279,REQ-0098,8,3,Agency,2024-12-17,1,1,0,0,,
4280,REQ-0098,8,3,Job Board,2024-12-16,0,0,0,0,,
4281,REQ-0098,8,3,LinkedIn,2024-12-18,1,1,0,0,,
4282,REQ-0098,8,3,LinkedIn,2024-12-26,1,0,0,0,,
4283,REQ-0098,8,3,LinkedIn,2024-12-10,1,0,0,0,,
4284,REQ-0098,8,3,Career Site,2024-12-20,0,0,0,0,,
4285,REQ-0098,8,3,LinkedIn,2024-12-15,0,0,0,0,,
4286,REQ-0098,8,3,Job Board,2024-12-23,0,0,0,0,,
4287,REQ-0098,8,3,LinkedIn,2024-12-16,1,0,0,0,,
4288,REQ-0098,8,3,Career Site,2024-12-10,1,0,0,0,,
4289,REQ-0098,8,3,LinkedIn,2025-01-01,0,0,0,0,,
4290,REQ-0098,8,3,LinkedIn,2024-12-28,1,0,0,0,,
4291,REQ-0098,8,3,LinkedIn,2024-12-10,0,0,0,0,,
4292,REQ-0098,8,3,Agency,2024-12-25,0,0,0,0,,
4293,REQ-0098,8,3,Agency,2024-12-29,1,1,1,1,1,48
4294,REQ-0098,8,3,Employee Referral,2024-12-23,1,1,0,0,,
4295,REQ-0098,8,3,Career Site,2024-12-16,1,0,0,0,,
4296,REQ-0098,8,3,Employee Referral,2024-12-28,1,0,0,0,,
4297,REQ-0098,8,3,Agency,2024-12-16,0,0,0,0,,
4298,REQ-0098,8,3,LinkedIn,2024-12-15,1,1,0,0,,
4299,REQ-0098,8,3,Job Board,2024-12-10,1,1,1,0,0,
4300,REQ-0098,8,3,LinkedIn,2024-12-23,1,1,0,0,,
4301,REQ-0098,8,3,Job Board,2024-12-27,0,0,0,0,,
4302,REQ-0098,8,3,Employee Referral,2024-12-22,0,0,0,0,,
4303,REQ-0098,8,3,Job Board,2025-01-03,1,1,1,0,0,
4304,REQ-0098,8,3,Career Site,2024-12-29,0,0,0,0,,
4305,REQ-0098,8,3,Job Board,2024-12-10,1,1,0,0,,
4306,REQ-0098,8,3,LinkedIn,2024-12-19,1,1,0,0,,
4307,REQ-0098,8,3,Agency,2024-12-23,1,1,1,1,1,48
4308,REQ-0098,8,3,Employee Referral,2024-12-31,0,0,0,0,,
4309,REQ-0098,8,3,LinkedIn,2024-12-30,1,0,0,0,,
4310,REQ-0098,8,3,Job Board,2025-01-02,1,1,0,0,,
4311,REQ-0098,8,3,Job Board,2024-12-21,1,0,0,0,,
4312,REQ-0098,8,3,Job Board,2024-12-28,1,0,0,0,,
4313,REQ-0098,8,3,Agency,2024-12-13,1,0,0,0,,
4314,REQ-0098,8,3,Employee Referral,2024-12-10,1,0,0,0,,
4315,REQ-0098,8,3,LinkedIn,2025-01-02,1,0,0,0,,
4316,REQ-0098,8,3,LinkedIn,2024-12-29,1,0,0,0,,
4317,REQ-0098,8,3,LinkedIn,2024-12-27,1,0,0,0,,
4318,REQ-0098,8,3,Agency,2025-01-04,1,0,0,0,,
4319,REQ-0098,8,3,LinkedIn,2025-01-04,1,1,1,1,1,48
4320,REQ-0098,8,3,Job Board,2024-12-21,1,1,0,0,,
4321,REQ-0098,8,3,LinkedIn,2024-12-30,1,1,0,0,,
4322,REQ-0098,8,3,Agency,2025-01-03,1,0,0,0,,
4323,REQ-0098,8,3,LinkedIn,2024-12-24,1,1,0,0,,
4324,REQ-0098,8,3,LinkedIn,2024-12-31,0,0,0,0,,
4325,REQ-0098,8,3,Job Board,2024-12-29,0,0,0,0,,
4326,REQ-0098,8,3,Career Site,2024-12-29,1,0,0,0,,
4327,REQ-0098,8,3,Career Site,2024-12-28,1,0,0,0,,
4328,REQ-0098,8,3,Employee Referral,2025-01-04,1,0,0,0,,
4329,REQ-0098,8,3,Job Board,2024-12-22,0,0,0,0,,
4330,REQ-0098,8,3,LinkedIn,2024-12-15,1,0,0,0,,
4331,REQ-0098,8,3,Agency,2025-01-03,1,0,0,0,,
4332,REQ-0098,8,3,Agency,2024-12-12,1,1,0,0,,
4333,REQ-0098,8,3,Career Site,2024-12-28,0,0,0,0,,
4334,REQ-0098,8,3,LinkedIn,2024-12-17,1,0,0,0,,
4335,REQ-0098,8,3,Job Board,2025-01-01,1,0,0,0,,
4336,REQ-0098,8,3,Job Board,2024-12-21,1,0,0,0,,
4337,REQ-0098,8,3,Agency,2024-12-14,0,0,0,0,,
4338,REQ-0098,8,3,Job Board,2024-12-29,0,0,0,0,,
4339,REQ-0098,8,3,Employee Referral,2024-12-25,1,1,0,0,,
4340,REQ-0098,8,3,Job Board,2025-01-02,1,1,1,1,1,48
4341,REQ-0099,7,1,Job Board,2024-08-04,1,1,0,0,,
4342,REQ-0099,7,1,LinkedIn,2024-07-23,1,1,0,0,,
4343,REQ-0099,7,1,Job Board,2024-07-29,1,0,0,0,,
4344,REQ-0099,7,1,Job Board,2024-08-07,1,1,0,0,,
4345,REQ-0099,7,1,Job Board,2024-07-27,1,1,0,0,,
4346,REQ-0099,7,1,LinkedIn,2024-07-23,1,0,0,0,,
4347,REQ-0099,7,1,LinkedIn,2024-08-01,1,1,0,0,,
4348,REQ-0099,7,1,Employee Referral,2024-08-06,0,0,0,0,,
4349,REQ-0099,7,1,Career Site,2024-07-20,0,0,0,0,,
4350,REQ-0099,7,1,Career Site,2024-07-16,1,1,0,0,,
4351,REQ-0099,7,1,Employee Referral,2024-08-03,0,0,0,0,,
4352,REQ-0099,7,1,Agency,2024-07-30,0,0,0,0,,
4353,REQ-0099,7,1,LinkedIn,2024-07-21,0,0,0,0,,
4354,REQ-0099,7,1,Job Board,2024-07-30,0,0,0,0,,
4355,REQ-0099,7,1,Employee Referral,2024-07-25,0,0,0,0,,
4356,REQ-0099,7,1,Career Site,2024-07-16,1,0,0,0,,
4357,REQ-0099,7,1,Career Site,2024-08-02,1,1,1,0,0,
4358,REQ-0099,7,1,Agency,2024-07-16,0,0,0,0,,
4359,REQ-0099,7,1,LinkedIn,2024-08-06,1,0,0,0,,
4360,REQ-0099,7,1,Employee Referral,2024-07-18,1,0,0,0,,
4361,REQ-0099,7,1,Employee Referral,2024-08-04,0,0,0,0,,
4362,REQ-0099,7,1,LinkedIn,2024-07-21,0,0,0,0,,
4363,REQ-0100,10,5,LinkedIn,2025-08-14,0,0,0,0,,
4364,REQ-0100,10,5,Career Site,2025-08-10,1,0,0,0,,
4365,REQ-0100,10,5,Career Site,2025-08-17,1,1,1,0,0,
4366,REQ-0100,10,5,Agency,2025-08-16,0,0,0,0,,
4367,REQ-0100,10,5,LinkedIn,2025-09-01,0,0,0,0,,
4368,REQ-0100,10,5,Agency,2025-08-29,1,1,0,0,,
4369,REQ-0100,10,5,Job Board,2025-08-28,0,0,0,0,,
4370,REQ-0100,10,5,Career Site,2025-08-22,1,1,0,0,,
4371,REQ-0100,10,5,Agency,2025-08-14,1,1,0,0,,
4372,REQ-0100,10,5,LinkedIn,2025-08-14,0,0,0,0,,
4373,REQ-0100,10,5,Agency,2025-08-17,1,1,0,0,,
4374,REQ-0100,10,5,Agency,2025-08-17,1,1,1,1,1,57
4375,REQ-0100,10,5,LinkedIn,2025-08-30,0,0,0,0,,
4376,REQ-0100,10,5,LinkedIn,2025-08-21,1,1,1,1,1,57
4377,REQ-0100,10,5,Career Site,2025-08-25,1,1,0,0,,
4378,REQ-0100,10,5,LinkedIn,2025-08-26,1,0,0,0,,
4379,REQ-0100,10,5,Job Board,2025-08-31,1,0,0,0,,
4380,REQ-0100,10,5,Job Board,2025-08-23,1,1,1,1,1,57
4381,REQ-0100,10,5,Job Board,2025-08-14,0,0,0,0,,
4382,REQ-0100,10,5,Career Site,2025-08-31,1,0,0,0,,
4383,REQ-0100,10,5,LinkedIn,2025-08-14,1,1,0,0,,
4384,REQ-0100,10,5,Employee Referral,2025-08-10,1,0,0,0,,
4385,REQ-0100,10,5,LinkedIn,2025-08-21,0,0,0,0,,
4386,REQ-0100,10,5,Agency,2025-08-21,1,0,0,0,,
4387,REQ-0100,10,5,Job Board,2025-08-14,0,0,0,0,,
4388,REQ-0100,10,5,Employee Referral,2025-08-23,0,0,0,0,,
4389,REQ-0100,10,5,Career Site,2025-08-22,0,0,0,0,,
4390,REQ-0100,10,5,LinkedIn,2025-08-25,1,0,0,0,,
4391,REQ-0100,10,5,Employee Referral,2025-08-21,0,0,0,0,,
4392,REQ-0100,10,5,LinkedIn,2025-09-01,0,0,0,0,,
4393,REQ-0100,10,5,Job Board,2025-08-12,1,1,1,1,1,57
4394,REQ-0100,10,5,LinkedIn,2025-08-10,0,0,0,0,,
4395,REQ-0100,10,5,Job Board,2025-08-24,1,0,0,0,,
4396,REQ-0100,10,5,Job Board,2025-08-22,0,0,0,0,,
4397,REQ-0100,10,5,Career Site,2025-08-25,0,0,0,0,,
4398,REQ-0100,10,5,Job Board,2025-08-26,1,0,0,0,,
4399,REQ-0100,10,5,Employee Referral,2025-08-31,1,0,0,0,,
4400,REQ-0100,10,5,Employee Referral,2025-08-17,0,0,0,0,,
4401,REQ-0100,10,5,Agency,2025-08-17,1,0,0,0,,
4402,REQ-0100,10,5,Employee Referral,2025-08-31,0,0,0,0,,
4403,REQ-0100,10,5,Agency,2025-08-15,1,1,0,0,,
4404,REQ-0100,10,5,LinkedIn,2025-08-27,0,0,0,0,,
4405,REQ-0100,10,5,LinkedIn,2025-08-28,1,1,0,0,,
4406,REQ-0100,10,5,Employee Referral,2025-08-11,1,0,0,0,,
4407,REQ-0100,10,5,Employee Referral,2025-08-24,1,1,0,0,,
4408,REQ-0100,10,5,Employee Referral,2025-09-02,1,1,1,1,1,57
4409,REQ-0100,10,5,LinkedIn,2025-08-29,0,0,0,0,,
4410,REQ-0100,10,5,Agency,2025-08-20,1,0,0,0,,
4411,REQ-0100,10,5,Career Site,2025-08-18,0,0,0,0,,
4412,REQ-0100,10,5,LinkedIn,2025-08-12,0,0,0,0,,
4413,REQ-0100,10,5,LinkedIn,2025-08-22,1,0,0,0,,
4414,REQ-0100,10,5,LinkedIn,2025-09-01,1,1,0,0,,
4415,REQ-0100,10,5,Career Site,2025-08-16,0,0,0,0,,
4416,REQ-0100,10,5,LinkedIn,2025-08-22,1,0,0,0,,
4417,REQ-0100,10,5,Agency,2025-08-21,1,0,0,0,,
4418,REQ-0100,10,5,Job Board,2025-08-14,0,0,0,0,,
4419,REQ-0101,4,2,Employee Referral,2025-07-30,1,1,0,0,,
4420,REQ-0101,4,2,Job Board,2025-07-23,1,0,0,0,,
4421,REQ-0101,4,2,LinkedIn,2025-07-27,1,1,1,1,1,39
4422,REQ-0101,4,2,Job Board,2025-08-09,0,0,0,0,,
4423,REQ-0101,4,2,Career Site,2025-07-31,1,1,0,0,,
4424,REQ-0101,4,2,Agency,2025-08-09,0,0,0,0,,
4425,REQ-0101,4,2,LinkedIn,2025-08-05,1,1,0,0,,
4426,REQ-0101,4,2,Career Site,2025-07-23,0,0,0,0,,
4427,REQ-0101,4,2,Career Site,2025-08-08,1,1,0,0,,
4428,REQ-0101,4,2,Career Site,2025-08-02,0,0,0,0,,
4429,REQ-0101,4,2,Career Site,2025-07-27,0,0,0,0,,
4430,REQ-0101,4,2,LinkedIn,2025-07-29,1,1,0,0,,
4431,REQ-0101,4,2,Employee Referral,2025-08-09,1,1,1,1,1,39
4432,REQ-0101,4,2,Employee Referral,2025-07-24,1,1,1,1,1,39
4433,REQ-0101,4,2,Career Site,2025-08-03,1,1,1,1,1,39
4434,REQ-0101,4,2,Agency,2025-08-08,1,1,1,1,1,39
4435,REQ-0101,4,2,Employee Referral,2025-08-06,0,0,0,0,,
4436,REQ-0101,4,2,LinkedIn,2025-07-16,0,0,0,0,,
4437,REQ-0101,4,2,Employee Referral,2025-07-18,1,0,0,0,,
4438,REQ-0101,4,2,Job Board,2025-07-25,1,0,0,0,,
4439,REQ-0101,4,2,Career Site,2025-08-02,0,0,0,0,,
4440,REQ-0101,4,2,LinkedIn,2025-08-03,0,0,0,0,,
4441,REQ-0101,4,2,Employee Referral,2025-07-28,1,1,0,0,,
4442,REQ-0101,4,2,Agency,2025-08-04,1,0,0,0,,
4443,REQ-0101,4,2,Employee Referral,2025-08-01,0,0,0,0,,
4444,REQ-0101,4,2,LinkedIn,2025-08-01,0,0,0,0,,
4445,REQ-0101,4,2,Job Board,2025-07-31,0,0,0,0,,
4446,REQ-0101,4,2,Agency,2025-07-28,0,0,0,0,,
4447,REQ-0101,4,2,Career Site,2025-07-30,1,0,0,0,,
4448,REQ-0102,2,6,Job Board,2024-10-03,1,1,0,0,,
4449,REQ-0102,2,6,Job Board,2024-10-13,1,1,0,0,,
4450,REQ-0102,2,6,LinkedIn,2024-10-06,1,1,0,0,,
4451,REQ-0102,2,6,Job Board,2024-09-26,1,1,1,1,1,46
4452,REQ-0102,2,6,LinkedIn,2024-10-02,0,0,0,0,,
4453,REQ-0102,2,6,Career Site,2024-10-06,1,0,0,0,,
4454,REQ-0102,2,6,Job Board,2024-10-01,1,0,0,0,,
4455,REQ-0102,2,6,Job Board,2024-10-01,0,0,0,0,,
4456,REQ-0102,2,6,Job Board,2024-09-21,0,0,0,0,,
4457,REQ-0102,2,6,LinkedIn,2024-10-07,0,0,0,0,,
4458,REQ-0102,2,6,LinkedIn,2024-10-06,0,0,0,0,,
4459,REQ-0102,2,6,LinkedIn,2024-10-07,1,1,0,0,,
4460,REQ-0102,2,6,Job Board,2024-10-04,0,0,0,0,,
4461,REQ-0102,2,6,Employee Referral,2024-09-23,0,0,0,0,,
4462,REQ-0102,2,6,Career Site,2024-10-10,1,0,0,0,,
4463,REQ-0102,2,6,Career Site,2024-10-04,1,0,0,0,,
4464,REQ-0102,2,6,Employee Referral,2024-10-08,1,1,0,0,,
4465,REQ-0102,2,6,LinkedIn,2024-10-14,1,0,0,0,,
4466,REQ-0102,2,6,Career Site,2024-10-03,0,0,0,0,,
4467,REQ-0102,2,6,Agency,2024-10-05,0,0,0,0,,
4468,REQ-0102,2,6,Employee Referral,2024-10-10,1,0,0,0,,
4469,REQ-0102,2,6,Job Board,2024-10-14,0,0,0,0,,
4470,REQ-0102,2,6,Agency,2024-09-21,1,0,0,0,,
4471,REQ-0102,2,6,LinkedIn,2024-09-19,0,0,0,0,,
4472,REQ-0102,2,6,LinkedIn,2024-10-13,1,0,0,0,,
4473,REQ-0102,2,6,Agency,2024-09-19,1,0,0,0,,
4474,REQ-0102,2,6,LinkedIn,2024-10-14,1,1,0,0,,
4475,REQ-0102,2,6,Career Site,2024-10-10,1,1,1,1,1,46
4476,REQ-0102,2,6,Career Site,2024-10-04,1,0,0,0,,
4477,REQ-0102,2,6,LinkedIn,2024-09-28,0,0,0,0,,
4478,REQ-0102,2,6,Career Site,2024-10-12,0,0,0,0,,
4479,REQ-0102,2,6,Agency,2024-09-25,1,0,0,0,,
4480,REQ-0102,2,6,Career Site,2024-10-02,0,0,0,0,,
4481,REQ-0102,2,6,Career Site,2024-10-09,0,0,0,0,,
4482,REQ-0102,2,6,Employee Referral,2024-10-04,1,1,0,0,,
4483,REQ-0102,2,6,Employee Referral,2024-09-27,0,0,0,0,,
4484,REQ-0102,2,6,Agency,2024-10-06,0,0,0,0,,
4485,REQ-0102,2,6,Agency,2024-10-13,1,1,1,1,1,46
4486,REQ-0102,2,6,Employee Referral,2024-09-22,1,1,0,0,,
4487,REQ-0102,2,6,LinkedIn,2024-10-14,0,0,0,0,,
4488,REQ-0102,2,6,Agency,2024-10-05,1,1,0,0,,
4489,REQ-0102,2,6,LinkedIn,2024-10-07,0,0,0,0,,
4490,REQ-0102,2,6,LinkedIn,2024-09-28,1,1,0,0,,
4491,REQ-0102,2,6,Employee Referral,2024-10-06,1,1,0,0,,
4492,REQ-0102,2,6,Employee Referral,2024-10-11,1,1,1,1,1,46
4493,REQ-0102,2,6,LinkedIn,2024-09-27,0,0,0,0,,
4494,REQ-0102,2,6,Career Site,2024-10-06,1,0,0,0,,
4495,REQ-0102,2,6,Career Site,2024-09-25,1,1,1,1,1,46
4496,REQ-0102,2,6,LinkedIn,2024-10-10,1,0,0,0,,
4497,REQ-0102,2,6,LinkedIn,2024-09-19,1,0,0,0,,
4498,REQ-0102,2,6,Career Site,2024-10-12,1,0,0,0,,
4499,REQ-0102,2,6,Job Board,2024-10-08,0,0,0,0,,
4500,REQ-0102,2,6,Employee Referral,2024-10-13,0,0,0,0,,
4501,REQ-0102,2,6,Job Board,2024-10-01,0,0,0,0,,
4502,REQ-0102,2,6,Career Site,2024-10-05,1,1,0,0,,
4503,REQ-0102,2,6,Job Board,2024-09-25,1,0,0,0,,
4504,REQ-0102,2,6,Career Site,2024-09-25,0,0,0,0,,
4505,REQ-0102,2,6,LinkedIn,2024-10-05,0,0,0,0,,
4506,REQ-0102,2,6,LinkedIn,2024-09-28,0,0,0,0,,
4507,REQ-0102,2,6,Agency,2024-10-08,1,0,0,0,,
4508,REQ-0102,2,6,Agency,2024-10-12,0,0,0,0,,
4509,REQ-0102,2,6,Career Site,2024-10-03,1,0,0,0,,
4510,REQ-0103,5,5,LinkedIn,2025-07-23,1,1,0,0,,
4511,REQ-0103,5,5,Employee Referral,2025-07-27,1,1,1,1,1,62
4512,REQ-0103,5,5,Employee Referral,2025-07-11,1,1,1,1,1,62
4513,REQ-0103,5,5,Career Site,2025-07-13,0,0,0,0,,
4514,REQ-0103,5,5,LinkedIn,2025-08-03,0,0,0,0,,
4515,REQ-0103,5,5,Career Site,2025-07-26,1,0,0,0,,
4516,REQ-0103,5,5,Job Board,2025-07-24,1,1,0,0,,
4517,REQ-0103,5,5,LinkedIn,2025-07-28,1,0,0,0,,
4518,REQ-0103,5,5,Employee Referral,2025-07-22,0,0,0,0,,
4519,REQ-0103,5,5,LinkedIn,2025-07-28,1,1,0,0,,
4520,REQ-0103,5,5,Agency,2025-07-18,1,0,0,0,,
4521,REQ-0103,5,5,Employee Referral,2025-08-03,1,0,0,0,,
4522,REQ-0103,5,5,LinkedIn,2025-07-23,1,1,1,1,1,62
4523,REQ-0103,5,5,Employee Referral,2025-07-11,1,1,1,1,1,62
4524,REQ-0103,5,5,LinkedIn,2025-08-03,1,0,0,0,,
4525,REQ-0103,5,5,LinkedIn,2025-07-14,1,0,0,0,,
4526,REQ-0103,5,5,Job Board,2025-07-12,1,0,0,0,,
4527,REQ-0103,5,5,LinkedIn,2025-07-29,0,0,0,0,,
4528,REQ-0103,5,5,Career Site,2025-07-13,0,0,0,0,,
4529,REQ-0103,5,5,LinkedIn,2025-07-29,1,0,0,0,,
4530,REQ-0103,5,5,LinkedIn,2025-07-14,1,0,0,0,,
4531,REQ-0103,5,5,Career Site,2025-07-30,0,0,0,0,,
4532,REQ-0104,8,4,LinkedIn,2025-05-05,0,0,0,0,,
4533,REQ-0104,8,4,LinkedIn,2025-05-01,1,1,0,0,,
4534,REQ-0104,8,4,LinkedIn,2025-05-10,1,1,0,0,,
4535,REQ-0104,8,4,Job Board,2025-05-11,1,0,0,0,,
4536,REQ-0104,8,4,LinkedIn,2025-05-13,0,0,0,0,,
4537,REQ-0104,8,4,Job Board,2025-04-28,1,1,0,0,,
4538,REQ-0104,8,4,LinkedIn,2025-05-21,1,1,0,0,,
4539,REQ-0104,8,4,Job Board,2025-05-07,1,1,0,0,,
4540,REQ-0104,8,4,Job Board,2025-05-04,1,1,0,0,,
4541,REQ-0104,8,4,LinkedIn,2025-05-05,1,0,0,0,,
4542,REQ-0104,8,4,Employee Referral,2025-05-12,0,0,0,0,,
4543,REQ-0104,8,4,Employee Referral,2025-05-14,0,0,0,0,,
4544,REQ-0104,8,4,LinkedIn,2025-04-29,0,0,0,0,,
4545,REQ-0104,8,4,Job Board,2025-05-12,1,1,1,1,1,29
4546,REQ-0104,8,4,LinkedIn,2025-05-02,1,1,1,0,0,
4547,REQ-0104,8,4,Agency,2025-05-07,1,1,0,0,,
4548,REQ-0104,8,4,Agency,2025-05-14,1,0,0,0,,
4549,REQ-0104,8,4,Job Board,2025-05-02,1,0,0,0,,
4550,REQ-0104,8,4,Agency,2025-05-04,1,1,1,0,0,
4551,REQ-0104,8,4,Employee Referral,2025-05-19,0,0,0,0,,
4552,REQ-0104,8,4,Career Site,2025-05-13,0,0,0,0,,
4553,REQ-0105,12,2,Employee Referral,2026-02-10,0,0,0,0,,
4554,REQ-0105,12,2,Job Board,2026-02-12,0,0,0,0,,
4555,REQ-0105,12,2,Job Board,2026-02-03,1,0,0,0,,
4556,REQ-0105,12,2,LinkedIn,2026-02-19,1,0,0,0,,
4557,REQ-0105,12,2,Agency,2026-02-11,0,0,0,0,,
4558,REQ-0105,12,2,Agency,2026-02-08,0,0,0,0,,
4559,REQ-0105,12,2,Career Site,2026-02-10,1,1,1,0,0,
4560,REQ-0105,12,2,LinkedIn,2026-01-29,1,1,0,0,,
4561,REQ-0105,12,2,LinkedIn,2026-01-27,0,0,0,0,,
4562,REQ-0105,12,2,Employee Referral,2026-02-05,1,1,0,0,,
4563,REQ-0105,12,2,Career Site,2026-02-05,1,1,0,0,,
4564,REQ-0105,12,2,Agency,2026-02-19,1,0,0,0,,
4565,REQ-0105,12,2,LinkedIn,2026-02-09,1,1,0,0,,
4566,REQ-0105,12,2,LinkedIn,2026-02-06,1,1,0,0,,
4567,REQ-0105,12,2,LinkedIn,2026-02-12,1,1,1,1,1,48
4568,REQ-0105,12,2,Job Board,2026-02-18,1,0,0,0,,
4569,REQ-0105,12,2,LinkedIn,2026-02-16,1,1,1,0,0,
4570,REQ-0105,12,2,Agency,2026-02-17,0,0,0,0,,
4571,REQ-0105,12,2,LinkedIn,2026-01-31,0,0,0,0,,
4572,REQ-0105,12,2,LinkedIn,2026-02-19,0,0,0,0,,
4573,REQ-0105,12,2,Agency,2026-01-25,0,0,0,0,,
4574,REQ-0105,12,2,Career Site,2026-02-13,1,0,0,0,,
4575,REQ-0105,12,2,LinkedIn,2026-01-29,1,1,0,0,,
4576,REQ-0105,12,2,LinkedIn,2026-02-10,1,1,0,0,,
4577,REQ-0106,11,3,Employee Referral,2025-07-23,1,0,0,0,,
4578,REQ-0106,11,3,Agency,2025-07-28,0,0,0,0,,
4579,REQ-0106,11,3,Career Site,2025-08-01,1,1,0,0,,
4580,REQ-0106,11,3,LinkedIn,2025-07-24,1,1,1,1,1,30
4581,REQ-0106,11,3,LinkedIn,2025-07-28,0,0,0,0,,
4582,REQ-0106,11,3,Job Board,2025-08-04,1,1,1,0,0,
4583,REQ-0106,11,3,Career Site,2025-07-22,1,0,0,0,,
4584,REQ-0106,11,3,LinkedIn,2025-07-25,1,0,0,0,,
4585,REQ-0106,11,3,LinkedIn,2025-08-01,0,0,0,0,,
4586,REQ-0106,11,3,Employee Referral,2025-07-29,1,1,0,0,,
4587,REQ-0106,11,3,LinkedIn,2025-07-20,1,1,1,1,1,30
4588,REQ-0106,11,3,Career Site,2025-07-25,0,0,0,0,,
4589,REQ-0106,11,3,LinkedIn,2025-07-30,0,0,0,0,,
4590,REQ-0106,11,3,LinkedIn,2025-08-04,1,0,0,0,,
4591,REQ-0106,11,3,Agency,2025-08-08,0,0,0,0,,
4592,REQ-0106,11,3,Career Site,2025-07-19,1,1,1,0,0,
4593,REQ-0106,11,3,Job Board,2025-07-31,0,0,0,0,,
4594,REQ-0106,11,3,Agency,2025-08-07,1,0,0,0,,
4595,REQ-0106,11,3,Job Board,2025-07-20,1,1,0,0,,
4596,REQ-0106,11,3,Employee Referral,2025-08-09,0,0,0,0,,
4597,REQ-0106,11,3,LinkedIn,2025-07-29,1,0,0,0,,
4598,REQ-0106,11,3,Job Board,2025-07-31,0,0,0,0,,
4599,REQ-0106,11,3,Agency,2025-07-20,1,0,0,0,,
4600,REQ-0106,11,3,Agency,2025-07-21,1,1,0,0,,
4601,REQ-0106,11,3,Job Board,2025-07-29,0,0,0,0,,
4602,REQ-0106,11,3,LinkedIn,2025-08-10,0,0,0,0,,
4603,REQ-0106,11,3,Job Board,2025-07-21,0,0,0,0,,
4604,REQ-0106,11,3,Agency,2025-07-24,1,0,0,0,,
4605,REQ-0106,11,3,LinkedIn,2025-07-31,1,1,0,0,,
4606,REQ-0106,11,3,Agency,2025-07-25,1,0,0,0,,
4607,REQ-0106,11,3,LinkedIn,2025-08-01,0,0,0,0,,
4608,REQ-0106,11,3,Job Board,2025-08-01,0,0,0,0,,
4609,REQ-0106,11,3,Agency,2025-07-28,0,0,0,0,,
4610,REQ-0106,11,3,Career Site,2025-07-25,0,0,0,0,,
4611,REQ-0106,11,3,Job Board,2025-07-24,1,1,1,1,1,30
4612,REQ-0106,11,3,LinkedIn,2025-07-22,1,0,0,0,,
4613,REQ-0106,11,3,LinkedIn,2025-08-06,1,1,1,1,1,30
4614,REQ-0106,11,3,Employee Referral,2025-08-12,1,1,0,0,,
4615,REQ-0106,11,3,LinkedIn,2025-08-01,1,1,0,0,,
4616,REQ-0106,11,3,Career Site,2025-08-01,1,0,0,0,,
4617,REQ-0107,4,2,Employee Referral,2025-08-03,1,1,0,0,,
4618,REQ-0107,4,2,Employee Referral,2025-08-13,1,1,0,0,,
4619,REQ-0107,4,2,LinkedIn,2025-08-02,1,1,0,0,,
4620,REQ-0107,4,2,Job Board,2025-08-22,1,0,0,0,,
4621,REQ-0107,4,2,Agency,2025-08-15,0,0,0,0,,
4622,REQ-0107,4,2,Agency,2025-08-15,1,1,1,0,0,
4623,REQ-0107,4,2,Employee Referral,2025-08-08,1,1,0,0,,
4624,REQ-0107,4,2,LinkedIn,2025-08-16,0,0,0,0,,
4625,REQ-0107,4,2,LinkedIn,2025-08-12,1,0,0,0,,
4626,REQ-0107,4,2,LinkedIn,2025-08-12,1,1,1,0,0,
4627,REQ-0107,4,2,LinkedIn,2025-08-23,0,0,0,0,,
4628,REQ-0107,4,2,Job Board,2025-08-24,0,0,0,0,,
4629,REQ-0107,4,2,Employee Referral,2025-08-02,1,0,0,0,,
4630,REQ-0107,4,2,LinkedIn,2025-08-24,0,0,0,0,,
4631,REQ-0107,4,2,Employee Referral,2025-08-04,0,0,0,0,,
4632,REQ-0107,4,2,Career Site,2025-08-02,1,1,0,0,,
4633,REQ-0107,4,2,Agency,2025-08-13,1,1,0,0,,
4634,REQ-0107,4,2,LinkedIn,2025-08-19,1,1,1,0,0,
4635,REQ-0107,4,2,Employee Referral,2025-08-24,0,0,0,0,,
4636,REQ-0107,4,2,Job Board,2025-08-23,0,0,0,0,,
4637,REQ-0107,4,2,Agency,2025-08-08,1,1,0,0,,
4638,REQ-0107,4,2,Employee Referral,2025-08-14,1,1,0,0,,
4639,REQ-0107,4,2,LinkedIn,2025-08-11,1,0,0,0,,
4640,REQ-0107,4,2,Agency,2025-08-14,0,0,0,0,,
4641,REQ-0107,4,2,Career Site,2025-08-21,1,1,1,1,1,62
4642,REQ-0107,4,2,LinkedIn,2025-08-23,1,1,1,1,1,62
4643,REQ-0107,4,2,Employee Referral,2025-08-14,0,0,0,0,,
4644,REQ-0107,4,2,Career Site,2025-08-23,0,0,0,0,,
4645,REQ-0107,4,2,LinkedIn,2025-08-03,1,0,0,0,,
4646,REQ-0107,4,2,Job Board,2025-08-05,1,1,0,0,,
4647,REQ-0107,4,2,Employee Referral,2025-08-24,0,0,0,0,,
4648,REQ-0107,4,2,Job Board,2025-08-27,0,0,0,0,,
4649,REQ-0107,4,2,Employee Referral,2025-08-22,1,1,0,0,,
4650,REQ-0107,4,2,LinkedIn,2025-08-18,1,1,0,0,,
4651,REQ-0107,4,2,LinkedIn,2025-08-06,0,0,0,0,,
4652,REQ-0107,4,2,Job Board,2025-08-20,1,1,0,0,,
4653,REQ-0107,4,2,Job Board,2025-08-20,1,0,0,0,,
4654,REQ-0107,4,2,Agency,2025-08-27,1,1,1,1,1,62
4655,REQ-0107,4,2,Agency,2025-08-02,1,0,0,0,,
4656,REQ-0107,4,2,LinkedIn,2025-08-07,1,0,0,0,,
4657,REQ-0107,4,2,Career Site,2025-08-12,1,1,1,0,0,
4658,REQ-0107,4,2,Job Board,2025-08-12,1,1,1,1,1,62
4659,REQ-0107,4,2,LinkedIn,2025-08-06,1,0,0,0,,
4660,REQ-0107,4,2,Job Board,2025-08-04,1,1,0,0,,
4661,REQ-0107,4,2,Employee Referral,2025-08-09,1,1,0,0,,
4662,REQ-0107,4,2,Job Board,2025-08-25,0,0,0,0,,
4663,REQ-0107,4,2,Job Board,2025-08-24,0,0,0,0,,
4664,REQ-0107,4,2,Career Site,2025-08-07,1,1,0,0,,
4665,REQ-0107,4,2,Career Site,2025-08-16,0,0,0,0,,
4666,REQ-0108,6,2,Employee Referral,2025-08-12,1,0,0,0,,
4667,REQ-0108,6,2,LinkedIn,2025-08-08,1,0,0,0,,
4668,REQ-0108,6,2,LinkedIn,2025-08-01,1,0,0,0,,
4669,REQ-0108,6,2,Agency,2025-08-21,0,0,0,0,,
4670,REQ-0108,6,2,Job Board,2025-08-14,1,1,0,0,,
4671,REQ-0108,6,2,Employee Referral,2025-08-23,0,0,0,0,,
4672,REQ-0108,6,2,Employee Referral,2025-08-08,0,0,0,0,,
4673,REQ-0108,6,2,Job Board,2025-08-11,1,1,1,1,1,55
4674,REQ-0108,6,2,LinkedIn,2025-08-06,1,0,0,0,,
4675,REQ-0108,6,2,Career Site,2025-08-16,0,0,0,0,,
4676,REQ-0108,6,2,Career Site,2025-08-03,1,1,0,0,,
4677,REQ-0108,6,2,Job Board,2025-08-15,1,0,0,0,,
4678,REQ-0108,6,2,Employee Referral,2025-08-18,0,0,0,0,,
4679,REQ-0108,6,2,LinkedIn,2025-08-21,0,0,0,0,,
4680,REQ-0108,6,2,Job Board,2025-08-14,1,1,0,0,,
4681,REQ-0108,6,2,Agency,2025-08-16,1,1,0,0,,
4682,REQ-0108,6,2,Job Board,2025-08-12,1,0,0,0,,
4683,REQ-0108,6,2,Career Site,2025-08-22,0,0,0,0,,
4684,REQ-0108,6,2,Career Site,2025-08-18,1,1,0,0,,
4685,REQ-0108,6,2,Agency,2025-08-03,0,0,0,0,,
4686,REQ-0108,6,2,Career Site,2025-08-22,0,0,0,0,,
4687,REQ-0108,6,2,Job Board,2025-08-03,1,1,1,1,1,55
4688,REQ-0109,12,4,Career Site,2025-08-26,0,0,0,0,,
4689,REQ-0109,12,4,Agency,2025-09-01,1,1,0,0,,
4690,REQ-0109,12,4,LinkedIn,2025-08-23,0,0,0,0,,
4691,REQ-0109,12,4,Job Board,2025-08-23,1,1,0,0,,
4692,REQ-0109,12,4,LinkedIn,2025-09-05,1,0,0,0,,
4693,REQ-0109,12,4,Employee Referral,2025-09-08,1,1,1,1,1,31
4694,REQ-0109,12,4,Job Board,2025-08-25,0,0,0,0,,
4695,REQ-0109,12,4,Employee Referral,2025-09-17,0,0,0,0,,
4696,REQ-0109,12,4,Agency,2025-09-06,0,0,0,0,,
4697,REQ-0109,12,4,Agency,2025-09-09,1,1,0,0,,
4698,REQ-0109,12,4,Agency,2025-09-16,0,0,0,0,,
4699,REQ-0109,12,4,Agency,2025-09-13,1,1,0,0,,
4700,REQ-0109,12,4,Job Board,2025-09-08,0,0,0,0,,
4701,REQ-0109,12,4,Career Site,2025-09-11,1,0,0,0,,
4702,REQ-0109,12,4,Job Board,2025-09-02,0,0,0,0,,
4703,REQ-0109,12,4,Agency,2025-09-08,1,0,0,0,,
4704,REQ-0109,12,4,LinkedIn,2025-09-10,1,1,0,0,,
4705,REQ-0109,12,4,Job Board,2025-09-08,0,0,0,0,,
4706,REQ-0109,12,4,LinkedIn,2025-08-31,1,0,0,0,,
4707,REQ-0109,12,4,LinkedIn,2025-09-01,1,1,1,0,0,
4708,REQ-0109,12,4,LinkedIn,2025-09-02,1,1,0,0,,
4709,REQ-0109,12,4,Career Site,2025-09-12,0,0,0,0,,
4710,REQ-0109,12,4,Employee Referral,2025-09-03,1,0,0,0,,
4711,REQ-0109,12,4,Employee Referral,2025-08-28,0,0,0,0,,
4712,REQ-0109,12,4,Career Site,2025-09-13,1,0,0,0,,
4713,REQ-0109,12,4,Job Board,2025-09-04,0,0,0,0,,
4714,REQ-0109,12,4,Job Board,2025-09-15,0,0,0,0,,
4715,REQ-0109,12,4,Job Board,2025-09-11,1,0,0,0,,
4716,REQ-0109,12,4,Job Board,2025-09-14,0,0,0,0,,
4717,REQ-0109,12,4,Employee Referral,2025-09-07,1,1,0,0,,
4718,REQ-0109,12,4,Career Site,2025-09-15,0,0,0,0,,
4719,REQ-0109,12,4,Career Site,2025-09-04,0,0,0,0,,
4720,REQ-0109,12,4,Career Site,2025-09-12,1,1,0,0,,
4721,REQ-0109,12,4,Job Board,2025-08-26,1,1,0,0,,
4722,REQ-0109,12,4,LinkedIn,2025-08-24,0,0,0,0,,
4723,REQ-0109,12,4,LinkedIn,2025-09-10,1,0,0,0,,
4724,REQ-0109,12,4,Agency,2025-09-03,1,0,0,0,,
4725,REQ-0109,12,4,Job Board,2025-09-09,1,0,0,0,,
4726,REQ-0109,12,4,Employee Referral,2025-09-12,1,0,0,0,,
4727,REQ-0109,12,4,Job Board,2025-09-07,0,0,0,0,,
4728,REQ-0109,12,4,Career Site,2025-08-27,0,0,0,0,,
4729,REQ-0109,12,4,LinkedIn,2025-09-03,1,0,0,0,,
4730,REQ-0109,12,4,Employee Referral,2025-09-07,1,1,0,0,,
4731,REQ-0109,12,4,Job Board,2025-09-16,0,0,0,0,,
4732,REQ-0109,12,4,Job Board,2025-09-11,0,0,0,0,,
4733,REQ-0109,12,4,LinkedIn,2025-09-13,0,0,0,0,,
4734,REQ-0109,12,4,LinkedIn,2025-08-30,1,0,0,0,,
4735,REQ-0109,12,4,LinkedIn,2025-09-10,1,1,0,0,,
4736,REQ-0109,12,4,Agency,2025-09-03,0,0,0,0,,
4737,REQ-0109,12,4,Agency,2025-09-04,1,1,1,1,1,31
4738,REQ-0109,12,4,Job Board,2025-09-15,1,0,0,0,,
4739,REQ-0109,12,4,LinkedIn,2025-09-02,1,1,0,0,,
4740,REQ-0109,12,4,Career Site,2025-09-10,1,0,0,0,,
4741,REQ-0110,4,2,Agency,2024-11-18,0,0,0,0,,
4742,REQ-0110,4,2,Career Site,2024-11-10,1,0,0,0,,
4743,REQ-0110,4,2,Job Board,2024-11-26,1,0,0,0,,
4744,REQ-0110,4,2,Job Board,2024-11-12,0,0,0,0,,
4745,REQ-0110,4,2,Job Board,2024-11-15,1,0,0,0,,
4746,REQ-0110,4,2,Career Site,2024-11-16,1,0,0,0,,
4747,REQ-0110,4,2,LinkedIn,2024-11-26,0,0,0,0,,
4748,REQ-0110,4,2,LinkedIn,2024-11-30,1,0,0,0,,
4749,REQ-0110,4,2,Employee Referral,2024-11-24,0,0,0,0,,
4750,REQ-0110,4,2,LinkedIn,2024-11-28,1,1,0,0,,
4751,REQ-0110,4,2,Agency,2024-11-21,1,1,1,1,1,66
4752,REQ-0110,4,2,Career Site,2024-11-27,1,0,0,0,,
4753,REQ-0110,4,2,Agency,2024-11-15,1,0,0,0,,
4754,REQ-0110,4,2,Job Board,2024-11-25,1,1,0,0,,
4755,REQ-0110,4,2,Career Site,2024-11-25,1,1,1,1,1,66
4756,REQ-0110,4,2,Agency,2024-11-20,1,0,0,0,,
4757,REQ-0110,4,2,LinkedIn,2024-11-26,1,1,0,0,,
4758,REQ-0110,4,2,LinkedIn,2024-11-20,1,0,0,0,,
4759,REQ-0110,4,2,Career Site,2024-11-21,0,0,0,0,,
4760,REQ-0110,4,2,Employee Referral,2024-11-15,1,1,0,0,,
4761,REQ-0110,4,2,LinkedIn,2024-11-23,1,0,0,0,,
4762,REQ-0110,4,2,LinkedIn,2024-11-30,0,0,0,0,,
4763,REQ-0110,4,2,LinkedIn,2024-11-14,0,0,0,0,,
4764,REQ-0110,4,2,Job Board,2024-11-09,0,0,0,0,,
4765,REQ-0110,4,2,Agency,2024-11-29,0,0,0,0,,
4766,REQ-0110,4,2,Career Site,2024-11-23,0,0,0,0,,
4767,REQ-0110,4,2,Job Board,2024-11-16,1,1,0,0,,
4768,REQ-0110,4,2,Agency,2024-12-01,1,0,0,0,,
4769,REQ-0110,4,2,Employee Referral,2024-11-23,1,1,0,0,,
4770,REQ-0110,4,2,LinkedIn,2024-11-19,0,0,0,0,,
4771,REQ-0110,4,2,Job Board,2024-11-28,0,0,0,0,,
4772,REQ-0110,4,2,Job Board,2024-11-29,1,1,0,0,,
4773,REQ-0110,4,2,Career Site,2024-11-15,1,1,1,0,0,
4774,REQ-0110,4,2,Agency,2024-11-17,1,0,0,0,,
4775,REQ-0110,4,2,LinkedIn,2024-11-09,1,1,1,1,1,66
4776,REQ-0110,4,2,LinkedIn,2024-11-27,1,1,1,1,1,66
4777,REQ-0110,4,2,LinkedIn,2024-11-30,1,1,0,0,,
4778,REQ-0110,4,2,LinkedIn,2024-11-07,1,0,0,0,,
4779,REQ-0110,4,2,Employee Referral,2024-12-01,1,1,0,0,,
4780,REQ-0111,11,5,Career Site,2025-05-04,1,1,1,1,1,48
4781,REQ-0111,11,5,Job Board,2025-04-30,1,0,0,0,,
4782,REQ-0111,11,5,Agency,2025-04-20,0,0,0,0,,
4783,REQ-0111,11,5,Employee Referral,2025-04-25,1,1,0,0,,
4784,REQ-0111,11,5,Job Board,2025-04-11,1,0,0,0,,
4785,REQ-0111,11,5,Employee Referral,2025-04-16,0,0,0,0,,
4786,REQ-0111,11,5,Job Board,2025-05-02,1,0,0,0,,
4787,REQ-0111,11,5,Career Site,2025-05-03,0,0,0,0,,
4788,REQ-0111,11,5,LinkedIn,2025-04-12,0,0,0,0,,
4789,REQ-0111,11,5,Employee Referral,2025-04-27,0,0,0,0,,
4790,REQ-0111,11,5,Career Site,2025-04-16,0,0,0,0,,
4791,REQ-0111,11,5,LinkedIn,2025-04-12,1,1,0,0,,
4792,REQ-0111,11,5,LinkedIn,2025-04-30,1,0,0,0,,
4793,REQ-0111,11,5,Career Site,2025-04-23,0,0,0,0,,
4794,REQ-0111,11,5,Employee Referral,2025-04-24,1,1,1,1,1,48
4795,REQ-0111,11,5,Employee Referral,2025-04-29,0,0,0,0,,
4796,REQ-0111,11,5,LinkedIn,2025-04-20,0,0,0,0,,
4797,REQ-0111,11,5,Agency,2025-04-28,1,1,0,0,,
4798,REQ-0111,11,5,Employee Referral,2025-05-03,0,0,0,0,,
4799,REQ-0111,11,5,Career Site,2025-05-03,0,0,0,0,,
4800,REQ-0111,11,5,LinkedIn,2025-04-17,0,0,0,0,,
4801,REQ-0111,11,5,Career Site,2025-04-24,1,1,0,0,,
4802,REQ-0111,11,5,LinkedIn,2025-04-21,1,1,1,1,1,48
4803,REQ-0111,11,5,LinkedIn,2025-04-14,1,1,0,0,,
4804,REQ-0111,11,5,Employee Referral,2025-05-03,0,0,0,0,,
4805,REQ-0112,3,2,Agency,2025-06-27,0,0,0,0,,
4806,REQ-0112,3,2,Career Site,2025-06-20,1,1,0,0,,
4807,REQ-0112,3,2,Job Board,2025-07-04,1,0,0,0,,
4808,REQ-0112,3,2,LinkedIn,2025-06-25,0,0,0,0,,
4809,REQ-0112,3,2,Employee Referral,2025-07-04,1,1,0,0,,
4810,REQ-0112,3,2,Job Board,2025-07-15,1,0,0,0,,
4811,REQ-0112,3,2,LinkedIn,2025-06-27,1,0,0,0,,
4812,REQ-0112,3,2,LinkedIn,2025-06-24,1,1,1,1,1,46
4813,REQ-0112,3,2,LinkedIn,2025-07-08,1,0,0,0,,
4814,REQ-0112,3,2,Job Board,2025-07-13,1,1,0,0,,
4815,REQ-0112,3,2,LinkedIn,2025-07-05,0,0,0,0,,
4816,REQ-0112,3,2,Employee Referral,2025-07-06,1,0,0,0,,
4817,REQ-0112,3,2,LinkedIn,2025-06-22,1,0,0,0,,
4818,REQ-0112,3,2,LinkedIn,2025-07-10,1,1,0,0,,
4819,REQ-0112,3,2,Employee Referral,2025-07-15,0,0,0,0,,
4820,REQ-0112,3,2,Employee Referral,2025-07-04,1,1,0,0,,
4821,REQ-0112,3,2,Employee Referral,2025-07-04,0,0,0,0,,
4822,REQ-0112,3,2,Employee Referral,2025-06-23,1,0,0,0,,
4823,REQ-0112,3,2,Job Board,2025-07-15,0,0,0,0,,
4824,REQ-0112,3,2,LinkedIn,2025-07-15,1,1,1,1,1,46
4825,REQ-0112,3,2,Employee Referral,2025-07-10,0,0,0,0,,
4826,REQ-0112,3,2,Employee Referral,2025-07-13,1,1,1,1,1,46
4827,REQ-0112,3,2,LinkedIn,2025-07-09,1,0,0,0,,
4828,REQ-0112,3,2,Employee Referral,2025-07-13,0,0,0,0,,
4829,REQ-0112,3,2,Career Site,2025-07-07,0,0,0,0,,
4830,REQ-0112,3,2,Job Board,2025-06-25,1,0,0,0,,
4831,REQ-0112,3,2,Career Site,2025-06-28,0,0,0,0,,
4832,REQ-0112,3,2,Career Site,2025-06-24,1,1,0,0,,
4833,REQ-0112,3,2,Employee Referral,2025-06-28,1,1,0,0,,
4834,REQ-0112,3,2,LinkedIn,2025-07-02,1,1,1,1,1,46
4835,REQ-0112,3,2,Employee Referral,2025-07-08,1,1,0,0,,
4836,REQ-0112,3,2,Employee Referral,2025-07-03,1,0,0,0,,
4837,REQ-0112,3,2,LinkedIn,2025-06-20,0,0,0,0,,
4838,REQ-0113,10,2,LinkedIn,2026-01-15,1,1,0,0,,
4839,REQ-0113,10,2,Agency,2026-01-15,1,1,1,1,1,56
4840,REQ-0113,10,2,LinkedIn,2026-01-26,0,0,0,0,,
4841,REQ-0113,10,2,Employee Referral,2026-01-28,0,0,0,0,,
4842,REQ-0113,10,2,LinkedIn,2026-01-14,1,1,0,0,,
4843,REQ-0113,10,2,LinkedIn,2026-01-28,1,1,0,0,,
4844,REQ-0113,10,2,LinkedIn,2026-01-13,1,1,0,0,,
4845,REQ-0113,10,2,Employee Referral,2026-01-07,0,0,0,0,,
4846,REQ-0113,10,2,Career Site,2026-01-16,1,0,0,0,,
4847,REQ-0113,10,2,Career Site,2026-01-16,0,0,0,0,,
4848,REQ-0113,10,2,Job Board,2026-01-06,1,0,0,0,,
4849,REQ-0113,10,2,Agency,2026-01-07,0,0,0,0,,
4850,REQ-0113,10,2,Employee Referral,2026-01-18,0,0,0,0,,
4851,REQ-0113,10,2,Job Board,2026-01-16,0,0,0,0,,
4852,REQ-0113,10,2,Employee Referral,2026-01-13,1,1,0,0,,
4853,REQ-0113,10,2,Career Site,2026-01-27,1,1,1,1,1,56
4854,REQ-0113,10,2,LinkedIn,2026-01-13,1,0,0,0,,
4855,REQ-0113,10,2,Job Board,2026-01-17,1,0,0,0,,
4856,REQ-0113,10,2,Career Site,2026-01-24,0,0,0,0,,
4857,REQ-0113,10,2,Job Board,2026-01-22,0,0,0,0,,
4858,REQ-0113,10,2,Job Board,2026-01-25,1,1,0,0,,
4859,REQ-0113,10,2,LinkedIn,2026-01-21,0,0,0,0,,
4860,REQ-0113,10,2,Career Site,2026-01-21,1,0,0,0,,
4861,REQ-0113,10,2,Job Board,2026-01-17,1,1,0,0,,
4862,REQ-0113,10,2,Career Site,2026-01-19,1,0,0,0,,
4863,REQ-0113,10,2,Agency,2026-01-20,1,0,0,0,,
4864,REQ-0113,10,2,Employee Referral,2026-01-15,1,1,0,0,,
4865,REQ-0113,10,2,LinkedIn,2026-01-06,1,1,0,0,,
4866,REQ-0113,10,2,Employee Referral,2026-01-14,1,0,0,0,,
4867,REQ-0113,10,2,LinkedIn,2026-01-29,1,0,0,0,,
4868,REQ-0113,10,2,Job Board,2026-01-10,0,0,0,0,,
4869,REQ-0113,10,2,Job Board,2026-01-13,1,1,0,0,,
4870,REQ-0113,10,2,LinkedIn,2026-01-06,0,0,0,0,,
4871,REQ-0113,10,2,Career Site,2026-01-10,1,0,0,0,,
4872,REQ-0113,10,2,Career Site,2026-01-13,1,0,0,0,,
4873,REQ-0113,10,2,Agency,2026-01-11,0,0,0,0,,
4874,REQ-0113,10,2,LinkedIn,2026-01-18,1,0,0,0,,
4875,REQ-0113,10,2,Career Site,2026-01-30,0,0,0,0,,
4876,REQ-0113,10,2,Agency,2026-01-15,0,0,0,0,,
4877,REQ-0113,10,2,LinkedIn,2026-01-13,0,0,0,0,,
4878,REQ-0113,10,2,Job Board,2026-01-22,0,0,0,0,,
4879,REQ-0113,10,2,LinkedIn,2026-01-09,1,1,0,0,,
4880,REQ-0113,10,2,Employee Referral,2026-01-25,0,0,0,0,,
4881,REQ-0113,10,2,LinkedIn,2026-01-19,1,0,0,0,,
4882,REQ-0113,10,2,LinkedIn,2026-01-28,1,1,0,0,,
4883,REQ-0113,10,2,Career Site,2026-01-19,0,0,0,0,,
4884,REQ-0113,10,2,LinkedIn,2026-01-05,1,1,0,0,,
4885,REQ-0114,2,3,Employee Referral,2025-04-13,1,0,0,0,,
4886,REQ-0114,2,3,Employee Referral,2025-04-28,1,1,0,0,,
4887,REQ-0114,2,3,Agency,2025-04-24,1,1,0,0,,
4888,REQ-0114,2,3,LinkedIn,2025-04-11,1,0,0,0,,
4889,REQ-0114,2,3,LinkedIn,2025-04-13,0,0,0,0,,
4890,REQ-0114,2,3,Employee Referral,2025-04-13,1,0,0,0,,
4891,REQ-0114,2,3,Agency,2025-04-26,0,0,0,0,,
4892,REQ-0114,2,3,Employee Referral,2025-04-04,1,0,0,0,,
4893,REQ-0114,2,3,Career Site,2025-04-14,1,0,0,0,,
4894,REQ-0114,2,3,Job Board,2025-04-07,1,0,0,0,,
4895,REQ-0114,2,3,Career Site,2025-04-24,1,0,0,0,,
4896,REQ-0114,2,3,LinkedIn,2025-04-04,0,0,0,0,,
4897,REQ-0114,2,3,Employee Referral,2025-04-06,1,1,0,0,,
4898,REQ-0114,2,3,Job Board,2025-04-22,1,1,0,0,,
4899,REQ-0114,2,3,Job Board,2025-04-19,0,0,0,0,,
4900,REQ-0114,2,3,LinkedIn,2025-04-17,1,0,0,0,,
4901,REQ-0114,2,3,Job Board,2025-04-14,1,1,0,0,,
4902,REQ-0114,2,3,LinkedIn,2025-04-16,1,0,0,0,,
4903,REQ-0114,2,3,Job Board,2025-04-11,1,1,0,0,,
4904,REQ-0114,2,3,LinkedIn,2025-04-18,1,1,1,0,0,
4905,REQ-0114,2,3,Career Site,2025-04-23,1,1,0,0,,
4906,REQ-0114,2,3,Career Site,2025-04-25,1,0,0,0,,
4907,REQ-0114,2,3,Job Board,2025-04-07,0,0,0,0,,
4908,REQ-0114,2,3,Employee Referral,2025-04-04,0,0,0,0,,
4909,REQ-0114,2,3,Agency,2025-04-16,0,0,0,0,,
4910,REQ-0114,2,3,Agency,2025-04-13,1,1,0,0,,
4911,REQ-0114,2,3,Employee Referral,2025-04-05,1,1,0,0,,
4912,REQ-0114,2,3,Career Site,2025-04-22,0,0,0,0,,
4913,REQ-0114,2,3,Job Board,2025-04-21,0,0,0,0,,
4914,REQ-0114,2,3,Job Board,2025-04-25,0,0,0,0,,
4915,REQ-0114,2,3,Job Board,2025-04-15,0,0,0,0,,
4916,REQ-0114,2,3,Career Site,2025-04-25,0,0,0,0,,
4917,REQ-0114,2,3,Job Board,2025-04-19,1,0,0,0,,
4918,REQ-0114,2,3,LinkedIn,2025-04-25,1,0,0,0,,
4919,REQ-0114,2,3,Job Board,2025-04-24,1,0,0,0,,
4920,REQ-0114,2,3,LinkedIn,2025-04-28,1,1,0,0,,
4921,REQ-0114,2,3,Job Board,2025-04-04,1,0,0,0,,
4922,REQ-0114,2,3,LinkedIn,2025-04-14,1,0,0,0,,
4923,REQ-0114,2,3,Job Board,2025-04-07,0,0,0,0,,
4924,REQ-0114,2,3,Agency,2025-04-16,1,1,0,0,,
4925,REQ-0114,2,3,Job Board,2025-04-04,1,1,0,0,,
4926,REQ-0114,2,3,Job Board,2025-04-20,0,0,0,0,,
4927,REQ-0114,2,3,Employee Referral,2025-04-05,1,1,1,0,0,
4928,REQ-0114,2,3,LinkedIn,2025-04-21,0,0,0,0,,
4929,REQ-0114,2,3,Employee Referral,2025-04-13,1,1,1,1,1,63
4930,REQ-0114,2,3,Career Site,2025-04-06,0,0,0,0,,
4931,REQ-0114,2,3,Agency,2025-04-07,0,0,0,0,,
4932,REQ-0114,2,3,Career Site,2025-04-23,1,0,0,0,,
4933,REQ-0115,6,1,Job Board,2025-07-20,0,0,0,0,,
4934,REQ-0115,6,1,LinkedIn,2025-07-13,1,0,0,0,,
4935,REQ-0115,6,1,Agency,2025-07-28,1,1,1,1,1,80
4936,REQ-0115,6,1,Agency,2025-07-25,1,1,1,1,1,80
4937,REQ-0115,6,1,Agency,2025-07-06,0,0,0,0,,
4938,REQ-0115,6,1,Agency,2025-07-12,0,0,0,0,,
4939,REQ-0115,6,1,Career Site,2025-07-10,1,0,0,0,,
4940,REQ-0115,6,1,Agency,2025-07-13,1,0,0,0,,
4941,REQ-0115,6,1,LinkedIn,2025-07-19,0,0,0,0,,
4942,REQ-0115,6,1,LinkedIn,2025-07-18,1,1,1,1,1,80
4943,REQ-0115,6,1,Job Board,2025-07-30,0,0,0,0,,
4944,REQ-0115,6,1,Job Board,2025-07-26,1,1,0,0,,
4945,REQ-0115,6,1,Job Board,2025-07-26,0,0,0,0,,
4946,REQ-0115,6,1,Career Site,2025-07-26,1,1,1,1,1,80
4947,REQ-0115,6,1,LinkedIn,2025-07-25,1,0,0,0,,
4948,REQ-0115,6,1,Employee Referral,2025-07-18,1,1,0,0,,
4949,REQ-0115,6,1,Job Board,2025-07-09,1,0,0,0,,
4950,REQ-0115,6,1,Agency,2025-07-15,1,1,1,0,0,
4951,REQ-0115,6,1,Job Board,2025-07-16,1,0,0,0,,
4952,REQ-0115,6,1,Employee Referral,2025-07-12,1,0,0,0,,
4953,REQ-0115,6,1,Career Site,2025-07-15,1,1,0,0,,
4954,REQ-0115,6,1,Career Site,2025-07-19,0,0,0,0,,
4955,REQ-0115,6,1,Agency,2025-07-14,1,0,0,0,,
4956,REQ-0115,6,1,Career Site,2025-07-22,1,0,0,0,,
4957,REQ-0115,6,1,LinkedIn,2025-07-15,0,0,0,0,,
4958,REQ-0115,6,1,LinkedIn,2025-07-26,1,1,1,0,0,
4959,REQ-0115,6,1,Job Board,2025-07-06,0,0,0,0,,
4960,REQ-0115,6,1,LinkedIn,2025-07-08,1,0,0,0,,
4961,REQ-0115,6,1,Agency,2025-07-12,0,0,0,0,,
4962,REQ-0115,6,1,Job Board,2025-07-05,1,1,0,0,,
4963,REQ-0115,6,1,Employee Referral,2025-07-28,1,1,0,0,,
4964,REQ-0115,6,1,Employee Referral,2025-07-24,1,1,1,1,1,80
4965,REQ-0115,6,1,LinkedIn,2025-07-27,0,0,0,0,,
4966,REQ-0115,6,1,Agency,2025-07-11,1,1,0,0,,
4967,REQ-0115,6,1,Career Site,2025-07-06,0,0,0,0,,
4968,REQ-0115,6,1,Career Site,2025-07-14,1,0,0,0,,
4969,REQ-0115,6,1,LinkedIn,2025-07-29,1,1,0,0,,
4970,REQ-0115,6,1,Employee Referral,2025-07-20,1,0,0,0,,
4971,REQ-0115,6,1,Job Board,2025-07-08,1,1,1,0,0,
4972,REQ-0115,6,1,Career Site,2025-07-22,1,0,0,0,,
4973,REQ-0115,6,1,Job Board,2025-07-22,0,0,0,0,,
4974,REQ-0115,6,1,Career Site,2025-07-25,1,0,0,0,,
4975,REQ-0115,6,1,LinkedIn,2025-07-18,1,1,1,0,0,
4976,REQ-0115,6,1,Job Board,2025-07-20,1,1,0,0,,
4977,REQ-0115,6,1,LinkedIn,2025-07-25,0,0,0,0,,
4978,REQ-0115,6,1,Job Board,2025-07-25,0,0,0,0,,
4979,REQ-0115,6,1,Career Site,2025-07-17,0,0,0,0,,
4980,REQ-0115,6,1,LinkedIn,2025-07-11,0,0,0,0,,
4981,REQ-0115,6,1,Employee Referral,2025-07-29,0,0,0,0,,
4982,REQ-0115,6,1,Agency,2025-07-19,0,0,0,0,,
4983,REQ-0115,6,1,LinkedIn,2025-07-12,1,1,1,1,1,80
4984,REQ-0115,6,1,LinkedIn,2025-07-18,0,0,0,0,,
4985,REQ-0115,6,1,Career Site,2025-07-08,1,1,1,0,0,
4986,REQ-0115,6,1,Career Site,2025-07-11,1,1,0,0,,
4987,REQ-0115,6,1,LinkedIn,2025-07-26,1,0,0,0,,
4988,REQ-0115,6,1,LinkedIn,2025-07-27,1,0,0,0,,
4989,REQ-0115,6,1,LinkedIn,2025-07-12,1,1,0,0,,
4990,REQ-0115,6,1,Career Site,2025-07-24,0,0,0,0,,
4991,REQ-0115,6,1,Job Board,2025-07-20,1,1,0,0,,
4992,REQ-0115,6,1,LinkedIn,2025-07-26,0,0,0,0,,
4993,REQ-0115,6,1,Agency,2025-07-27,0,0,0,0,,
4994,REQ-0115,6,1,Career Site,2025-07-13,0,0,0,0,,
4995,REQ-0115,6,1,Career Site,2025-07-22,1,1,0,0,,
4996,REQ-0115,6,1,Employee Referral,2025-07-30,1,1,0,0,,
4997,REQ-0115,6,1,Employee Referral,2025-07-15,1,0,0,0,,
4998,REQ-0115,6,1,Job Board,2025-07-21,1,0,0,0,,
4999,REQ-0115,6,1,Job Board,2025-07-19,1,0,0,0,,
5000,REQ-0116,3,5,Job Board,2025-04-11,1,1,1,0,0,
5001,REQ-0116,3,5,LinkedIn,2025-04-17,1,0,0,0,,
5002,REQ-0116,3,5,Agency,2025-04-23,1,1,1,0,0,
5003,REQ-0116,3,5,Job Board,2025-04-18,1,1,0,0,,
5004,REQ-0116,3,5,Employee Referral,2025-04-13,1,0,0,0,,
5005,REQ-0116,3,5,Career Site,2025-04-29,1,0,0,0,,
5006,REQ-0116,3,5,Job Board,2025-05-06,1,0,0,0,,
5007,REQ-0116,3,5,Job Board,2025-05-05,1,0,0,0,,
5008,REQ-0116,3,5,LinkedIn,2025-04-13,1,1,1,0,0,
5009,REQ-0116,3,5,Career Site,2025-04-15,1,1,0,0,,
5010,REQ-0116,3,5,Career Site,2025-05-05,0,0,0,0,,
5011,REQ-0116,3,5,Employee Referral,2025-04-26,1,1,0,0,,
5012,REQ-0116,3,5,Employee Referral,2025-04-13,1,1,1,1,1,60
5013,REQ-0116,3,5,LinkedIn,2025-04-25,1,0,0,0,,
5014,REQ-0116,3,5,LinkedIn,2025-04-27,0,0,0,0,,
5015,REQ-0116,3,5,Agency,2025-04-29,1,0,0,0,,
5016,REQ-0116,3,5,Employee Referral,2025-04-21,1,1,1,1,1,60
5017,REQ-0116,3,5,Agency,2025-05-04,1,1,1,1,1,60
5018,REQ-0116,3,5,LinkedIn,2025-04-21,1,1,0,0,,
5019,REQ-0116,3,5,Career Site,2025-05-04,0,0,0,0,,
5020,REQ-0116,3,5,LinkedIn,2025-04-24,1,1,1,1,1,60
5021,REQ-0116,3,5,LinkedIn,2025-04-27,1,1,1,1,1,60
5022,REQ-0116,3,5,Agency,2025-05-01,1,0,0,0,,
5023,REQ-0116,3,5,LinkedIn,2025-04-22,0,0,0,0,,
5024,REQ-0116,3,5,Job Board,2025-05-03,0,0,0,0,,
5025,REQ-0116,3,5,Career Site,2025-04-23,1,1,0,0,,
5026,REQ-0116,3,5,Job Board,2025-04-30,0,0,0,0,,
5027,REQ-0116,3,5,Career Site,2025-04-28,1,0,0,0,,
5028,REQ-0116,3,5,LinkedIn,2025-04-11,0,0,0,0,,
5029,REQ-0117,4,4,LinkedIn,2024-08-29,1,1,1,0,0,
5030,REQ-0117,4,4,LinkedIn,2024-09-20,1,1,0,0,,
5031,REQ-0117,4,4,LinkedIn,2024-09-04,0,0,0,0,,
5032,REQ-0117,4,4,LinkedIn,2024-08-29,1,1,0,0,,
5033,REQ-0117,4,4,Job Board,2024-09-15,1,0,0,0,,
5034,REQ-0117,4,4,Employee Referral,2024-09-09,1,1,1,0,0,
5035,REQ-0117,4,4,Employee Referral,2024-09-12,1,0,0,0,,
5036,REQ-0117,4,4,Career Site,2024-09-05,1,0,0,0,,
5037,REQ-0117,4,4,Career Site,2024-09-04,0,0,0,0,,
5038,REQ-0117,4,4,Agency,2024-09-01,0,0,0,0,,
5039,REQ-0117,4,4,Career Site,2024-09-19,1,1,0,0,,
5040,REQ-0117,4,4,Job Board,2024-09-13,0,0,0,0,,
5041,REQ-0117,4,4,Job Board,2024-09-03,1,1,0,0,,
5042,REQ-0117,4,4,LinkedIn,2024-08-31,1,1,1,0,0,
5043,REQ-0117,4,4,Agency,2024-09-01,1,1,0,0,,
5044,REQ-0117,4,4,Career Site,2024-08-28,1,1,1,1,1,76
5045,REQ-0117,4,4,Job Board,2024-09-13,1,1,0,0,,
5046,REQ-0117,4,4,Job Board,2024-09-11,1,1,0,0,,
5047,REQ-0118,7,3,Career Site,2025-09-12,0,0,0,0,,
5048,REQ-0118,7,3,Career Site,2025-09-17,1,0,0,0,,
5049,REQ-0118,7,3,Job Board,2025-09-16,1,1,1,0,0,
5050,REQ-0118,7,3,LinkedIn,2025-08-27,0,0,0,0,,
5051,REQ-0118,7,3,LinkedIn,2025-08-28,1,1,0,0,,
5052,REQ-0118,7,3,LinkedIn,2025-09-05,0,0,0,0,,
5053,REQ-0118,7,3,Job Board,2025-09-12,1,1,1,1,1,28
5054,REQ-0118,7,3,LinkedIn,2025-09-17,1,1,1,0,0,
5055,REQ-0118,7,3,LinkedIn,2025-09-10,1,0,0,0,,
5056,REQ-0118,7,3,LinkedIn,2025-08-27,0,0,0,0,,
5057,REQ-0118,7,3,LinkedIn,2025-08-25,1,1,0,0,,
5058,REQ-0118,7,3,Agency,2025-09-02,1,0,0,0,,
5059,REQ-0118,7,3,LinkedIn,2025-08-23,1,0,0,0,,
5060,REQ-0118,7,3,Job Board,2025-08-30,0,0,0,0,,
5061,REQ-0118,7,3,Job Board,2025-09-17,1,0,0,0,,
5062,REQ-0118,7,3,LinkedIn,2025-08-27,1,1,1,1,1,28
5063,REQ-0118,7,3,Career Site,2025-08-30,0,0,0,0,,
5064,REQ-0118,7,3,Employee Referral,2025-09-14,1,1,0,0,,
5065,REQ-0118,7,3,Career Site,2025-08-27,0,0,0,0,,
5066,REQ-0118,7,3,LinkedIn,2025-09-09,1,1,0,0,,
5067,REQ-0118,7,3,Career Site,2025-09-04,0,0,0,0,,
5068,REQ-0118,7,3,Job Board,2025-08-30,0,0,0,0,,
5069,REQ-0118,7,3,Agency,2025-09-01,1,0,0,0,,
5070,REQ-0118,7,3,Employee Referral,2025-08-30,1,0,0,0,,
5071,REQ-0118,7,3,LinkedIn,2025-08-23,1,0,0,0,,
5072,REQ-0118,7,3,LinkedIn,2025-08-30,1,1,0,0,,
5073,REQ-0118,7,3,Employee Referral,2025-09-07,0,0,0,0,,
5074,REQ-0118,7,3,Job Board,2025-09-13,1,0,0,0,,
5075,REQ-0118,7,3,Agency,2025-09-14,0,0,0,0,,
5076,REQ-0118,7,3,Agency,2025-08-27,1,1,0,0,,
5077,REQ-0118,7,3,Employee Referral,2025-09-08,1,0,0,0,,
5078,REQ-0118,7,3,Agency,2025-09-02,1,1,0,0,,
5079,REQ-0118,7,3,Employee Referral,2025-09-04,0,0,0,0,,
5080,REQ-0118,7,3,Career Site,2025-09-04,1,0,0,0,,
5081,REQ-0118,7,3,Job Board,2025-09-09,0,0,0,0,,
5082,REQ-0118,7,3,Career Site,2025-09-03,0,0,0,0,,
5083,REQ-0118,7,3,Employee Referral,2025-09-10,0,0,0,0,,
5084,REQ-0118,7,3,Career Site,2025-08-28,1,0,0,0,,
5085,REQ-0118,7,3,Career Site,2025-08-25,1,1,0,0,,
5086,REQ-0118,7,3,Agency,2025-09-03,1,1,0,0,,
5087,REQ-0118,7,3,Agency,2025-09-10,1,1,0,0,,
5088,REQ-0118,7,3,LinkedIn,2025-08-28,0,0,0,0,,
5089,REQ-0118,7,3,Job Board,2025-09-02,1,1,1,1,1,28
5090,REQ-0118,7,3,Career Site,2025-09-17,1,0,0,0,,
5091,REQ-0118,7,3,Job Board,2025-08-25,1,0,0,0,,
5092,REQ-0118,7,3,Employee Referral,2025-09-05,1,1,1,1,1,28
5093,REQ-0118,7,3,LinkedIn,2025-08-29,1,1,1,1,1,28
5094,REQ-0118,7,3,Job Board,2025-09-11,1,0,0,0,,
5095,REQ-0118,7,3,LinkedIn,2025-09-04,1,1,1,1,1,28
5096,REQ-0118,7,3,Career Site,2025-09-02,1,1,1,1,1,28
5097,REQ-0118,7,3,Career Site,2025-09-14,1,1,0,0,,
5098,REQ-0118,7,3,Career Site,2025-09-13,1,0,0,0,,
5099,REQ-0118,7,3,Job Board,2025-09-16,0,0,0,0,,
5100,REQ-0118,7,3,LinkedIn,2025-09-16,0,0,0,0,,
5101,REQ-0118,7,3,Employee Referral,2025-09-05,0,0,0,0,,
5102,REQ-0119,9,2,Employee Referral,2026-02-14,1,1,0,0,,
5103,REQ-0119,9,2,LinkedIn,2026-02-03,1,1,0,0,,
5104,REQ-0119,9,2,LinkedIn,2026-02-16,0,0,0,0,,
5105,REQ-0119,9,2,LinkedIn,2026-02-12,1,1,0,0,,
5106,REQ-0119,9,2,LinkedIn,2026-02-13,0,0,0,0,,
5107,REQ-0119,9,2,Career Site,2026-02-09,1,1,1,1,1,24
5108,REQ-0119,9,2,LinkedIn,2026-01-30,1,1,0,0,,
5109,REQ-0119,9,2,Job Board,2026-01-30,0,0,0,0,,
5110,REQ-0119,9,2,Job Board,2026-02-09,1,0,0,0,,
5111,REQ-0119,9,2,Job Board,2026-01-31,0,0,0,0,,
5112,REQ-0119,9,2,Career Site,2026-01-25,1,0,0,0,,
5113,REQ-0119,9,2,Career Site,2026-02-05,1,1,0,0,,
5114,REQ-0119,9,2,LinkedIn,2026-02-13,0,0,0,0,,
5115,REQ-0119,9,2,Career Site,2026-01-28,1,0,0,0,,
5116,REQ-0119,9,2,LinkedIn,2026-02-17,0,0,0,0,,
5117,REQ-0119,9,2,Job Board,2026-02-15,1,1,0,0,,
5118,REQ-0119,9,2,LinkedIn,2026-02-04,1,0,0,0,,
5119,REQ-0119,9,2,Employee Referral,2026-02-02,0,0,0,0,,
5120,REQ-0119,9,2,Career Site,2026-02-02,0,0,0,0,,
5121,REQ-0119,9,2,LinkedIn,2026-02-15,1,0,0,0,,
5122,REQ-0119,9,2,Job Board,2026-02-02,0,0,0,0,,
5123,REQ-0119,9,2,LinkedIn,2026-02-14,1,1,0,0,,
5124,REQ-0119,9,2,LinkedIn,2026-02-06,0,0,0,0,,
5125,REQ-0119,9,2,LinkedIn,2026-02-09,1,0,0,0,,
5126,REQ-0119,9,2,LinkedIn,2026-02-12,1,1,0,0,,
5127,REQ-0119,9,2,Career Site,2026-02-08,1,0,0,0,,
5128,REQ-0119,9,2,Career Site,2026-02-18,0,0,0,0,,
5129,REQ-0119,9,2,LinkedIn,2026-01-30,1,1,1,1,1,24
5130,REQ-0119,9,2,Job Board,2026-01-24,1,1,1,1,1,24
5131,REQ-0119,9,2,Agency,2026-02-17,1,1,1,1,1,24
5132,REQ-0119,9,2,Agency,2026-02-07,1,1,0,0,,
5133,REQ-0119,9,2,Job Board,2026-02-07,1,1,1,1,1,24
5134,REQ-0119,9,2,LinkedIn,2026-02-17,0,0,0,0,,
5135,REQ-0119,9,2,Career Site,2026-02-03,1,1,0,0,,
5136,REQ-0119,9,2,Job Board,2026-02-05,0,0,0,0,,
5137,REQ-0119,9,2,Employee Referral,2026-02-06,0,0,0,0,,
5138,REQ-0119,9,2,LinkedIn,2026-02-02,1,0,0,0,,
5139,REQ-0119,9,2,Employee Referral,2026-02-06,1,0,0,0,,
5140,REQ-0119,9,2,Agency,2026-01-31,1,1,1,1,1,24
5141,REQ-0119,9,2,Job Board,2026-02-02,1,0,0,0,,
5142,REQ-0119,9,2,LinkedIn,2026-01-28,1,1,0,0,,
5143,REQ-0119,9,2,Employee Referral,2026-01-29,1,1,1,1,1,24
5144,REQ-0119,9,2,Job Board,2026-01-28,1,0,0,0,,
5145,REQ-0119,9,2,Career Site,2026-02-01,1,1,0,0,,
5146,REQ-0119,9,2,Agency,2026-02-15,1,1,1,1,1,24
5147,REQ-0119,9,2,LinkedIn,2026-02-03,1,1,0,0,,
5148,REQ-0119,9,2,Career Site,2026-01-24,1,0,0,0,,
5149,REQ-0119,9,2,Agency,2026-02-07,0,0,0,0,,
5150,REQ-0119,9,2,Career Site,2026-02-18,0,0,0,0,,
5151,REQ-0119,9,2,Agency,2026-01-26,1,0,0,0,,
5152,REQ-0119,9,2,Job Board,2026-02-09,0,0,0,0,,
5153,REQ-0119,9,2,LinkedIn,2026-02-17,0,0,0,0,,
5154,REQ-0119,9,2,Employee Referral,2026-02-07,0,0,0,0,,
5155,REQ-0119,9,2,LinkedIn,2026-02-02,0,0,0,0,,
5156,REQ-0119,9,2,Job Board,2026-02-04,1,1,1,1,1,24
5157,REQ-0119,9,2,LinkedIn,2026-02-13,1,1,0,0,,
5158,REQ-0119,9,2,LinkedIn,2026-01-26,0,0,0,0,,
5159,REQ-0119,9,2,Employee Referral,2026-02-15,1,1,0,0,,
5160,REQ-0119,9,2,Agency,2026-02-08,1,1,1,1,1,24
5161,REQ-0119,9,2,Career Site,2026-02-05,1,0,0,0,,
5162,REQ-0119,9,2,Career Site,2026-01-27,0,0,0,0,,
5163,REQ-0119,9,2,Career Site,2026-01-26,0,0,0,0,,
5164,REQ-0120,2,5,Job Board,2025-02-28,0,0,0,0,,
5165,REQ-0120,2,5,LinkedIn,2025-03-20,0,0,0,0,,
5166,REQ-0120,2,5,Employee Referral,2025-03-02,0,0,0,0,,
5167,REQ-0120,2,5,Agency,2025-03-19,0,0,0,0,,
5168,REQ-0120,2,5,Job Board,2025-03-13,0,0,0,0,,
5169,REQ-0120,2,5,Employee Referral,2025-03-20,1,1,0,0,,
5170,REQ-0120,2,5,LinkedIn,2025-03-10,0,0,0,0,,
5171,REQ-0120,2,5,LinkedIn,2025-03-03,1,0,0,0,,
5172,REQ-0120,2,5,Career Site,2025-03-10,0,0,0,0,,
5173,REQ-0120,2,5,Job Board,2025-03-17,0,0,0,0,,
5174,REQ-0120,2,5,LinkedIn,2025-03-08,0,0,0,0,,
5175,REQ-0120,2,5,Agency,2025-03-07,1,1,0,0,,
5176,REQ-0120,2,5,Agency,2025-03-17,1,1,1,1,1,28
5177,REQ-0120,2,5,Agency,2025-03-10,1,0,0,0,,
5178,REQ-0120,2,5,LinkedIn,2025-03-05,1,1,1,1,1,28
5179,REQ-0120,2,5,Career Site,2025-02-27,0,0,0,0,,
5180,REQ-0120,2,5,Job Board,2025-03-03,1,0,0,0,,
5181,REQ-0120,2,5,Job Board,2025-03-02,1,0,0,0,,
5182,REQ-0120,2,5,LinkedIn,2025-03-01,1,1,0,0,,
5183,REQ-0120,2,5,Agency,2025-03-13,1,1,0,0,,
5184,REQ-0120,2,5,LinkedIn,2025-03-09,1,1,0,0,,
5185,REQ-0120,2,5,Job Board,2025-02-25,1,0,0,0,,
5186,REQ-0120,2,5,Agency,2025-02-28,1,1,0,0,,
5187,REQ-0120,2,5,LinkedIn,2025-03-17,0,0,0,0,,
5188,REQ-0120,2,5,Employee Referral,2025-03-17,1,1,1,1,1,28
5189,REQ-0120,2,5,Career Site,2025-03-16,1,0,0,0,,
5190,REQ-0120,2,5,Employee Referral,2025-03-10,1,0,0,0,,
5191,REQ-0120,2,5,Employee Referral,2025-03-03,0,0,0,0,,
5192,REQ-0120,2,5,Agency,2025-03-05,1,0,0,0,,
5193,REQ-0120,2,5,LinkedIn,2025-03-11,1,0,0,0,,
5194,REQ-0120,2,5,Job Board,2025-03-01,0,0,0,0,,
5195,REQ-0120,2,5,Career Site,2025-02-28,1,0,0,0,,
5196,REQ-0120,2,5,Employee Referral,2025-02-25,1,0,0,0,,
5197,REQ-0120,2,5,LinkedIn,2025-03-13,1,1,0,0,,
5198,REQ-0120,2,5,Employee Referral,2025-03-03,0,0,0,0,,
5199,REQ-0120,2,5,LinkedIn,2025-03-15,1,0,0,0,,
5200,REQ-0120,2,5,Agency,2025-03-09,1,0,0,0,,
5201,REQ-0120,2,5,Career Site,2025-03-19,1,0,0,0,,
5202,REQ-0120,2,5,LinkedIn,2025-03-19,0,0,0,0,,
5203,REQ-0120,2,5,LinkedIn,2025-03-13,1,1,0,0,,
5204,REQ-0120,2,5,Career Site,2025-03-06,1,0,0,0,,
5205,REQ-0120,2,5,LinkedIn,2025-03-15,1,0,0,0,,
5206,REQ-0120,2,5,Agency,2025-03-10,0,0,0,0,,
5207,REQ-0120,2,5,Agency,2025-03-03,1,0,0,0,,
5208,REQ-0120,2,5,Job Board,2025-03-15,1,0,0,0,,
5209,REQ-0120,2,5,Career Site,2025-03-11,1,0,0,0,,
5210,REQ-0120,2,5,Career Site,2025-03-11,0,0,0,0,,
5211,REQ-0120,2,5,LinkedIn,2025-03-13,0,0,0,0,,
5212,REQ-0120,2,5,Job Board,2025-03-04,1,0,0,0,,
5213,REQ-0120,2,5,Job Board,2025-03-04,0,0,0,0,,
5214,REQ-0120,2,5,LinkedIn,2025-02-27,1,1,1,1,1,28
5215,REQ-0120,2,5,Career Site,2025-03-20,1,0,0,0,,
5216,REQ-0120,2,5,Career Site,2025-02-26,0,0,0,0,,
5217,REQ-0120,2,5,Career Site,2025-03-08,0,0,0,0,,
5218,REQ-0120,2,5,Job Board,2025-03-07,1,1,0,0,,
5219,REQ-0121,1,2,LinkedIn,2026-02-23,0,0,0,0,,
5220,REQ-0121,1,2,LinkedIn,2026-02-21,1,1,0,0,,
5221,REQ-0121,1,2,LinkedIn,2026-02-13,1,0,0,0,,
5222,REQ-0121,1,2,Career Site,2026-02-09,0,0,0,0,,
5223,REQ-0121,1,2,LinkedIn,2026-02-26,0,0,0,0,,
5224,REQ-0121,1,2,LinkedIn,2026-02-16,0,0,0,0,,
5225,REQ-0121,1,2,Agency,2026-02-24,1,1,0,0,,
5226,REQ-0121,1,2,Employee Referral,2026-02-17,1,0,0,0,,
5227,REQ-0121,1,2,Agency,2026-02-28,1,0,0,0,,
5228,REQ-0121,1,2,Job Board,2026-02-08,0,0,0,0,,
5229,REQ-0121,1,2,Career Site,2026-02-13,0,0,0,0,,
5230,REQ-0121,1,2,Career Site,2026-02-20,0,0,0,0,,
5231,REQ-0121,1,2,LinkedIn,2026-03-04,1,1,0,0,,
5232,REQ-0121,1,2,Employee Referral,2026-02-12,1,1,0,0,,
5233,REQ-0121,1,2,Career Site,2026-02-13,0,0,0,0,,
5234,REQ-0121,1,2,LinkedIn,2026-02-19,0,0,0,0,,
5235,REQ-0121,1,2,Career Site,2026-02-27,1,0,0,0,,
5236,REQ-0121,1,2,LinkedIn,2026-02-23,1,0,0,0,,
5237,REQ-0121,1,2,LinkedIn,2026-03-04,1,0,0,0,,
5238,REQ-0121,1,2,LinkedIn,2026-02-11,1,1,0,0,,
5239,REQ-0121,1,2,LinkedIn,2026-02-26,1,1,0,0,,
5240,REQ-0121,1,2,Career Site,2026-02-27,1,0,0,0,,
5241,REQ-0121,1,2,Employee Referral,2026-02-14,1,0,0,0,,
5242,REQ-0121,1,2,Agency,2026-02-15,1,1,0,0,,
5243,REQ-0121,1,2,LinkedIn,2026-02-19,0,0,0,0,,
5244,REQ-0121,1,2,Job Board,2026-02-20,0,0,0,0,,
5245,REQ-0121,1,2,Job Board,2026-02-21,1,1,0,0,,
5246,REQ-0121,1,2,Agency,2026-02-27,0,0,0,0,,
5247,REQ-0121,1,2,Career Site,2026-02-09,1,0,0,0,,
5248,REQ-0121,1,2,Job Board,2026-03-03,1,0,0,0,,
5249,REQ-0121,1,2,LinkedIn,2026-02-28,1,0,0,0,,
5250,REQ-0121,1,2,Career Site,2026-03-05,0,0,0,0,,
5251,REQ-0121,1,2,Career Site,2026-02-17,1,0,0,0,,
5252,REQ-0121,1,2,LinkedIn,2026-02-18,1,0,0,0,,
5253,REQ-0121,1,2,Employee Referral,2026-02-14,0,0,0,0,,
5254,REQ-0121,1,2,LinkedIn,2026-02-25,1,1,0,0,,
5255,REQ-0121,1,2,Job Board,2026-02-26,1,0,0,0,,
5256,REQ-0122,10,2,Job Board,2025-04-30,0,0,0,0,,
5257,REQ-0122,10,2,LinkedIn,2025-04-21,1,1,0,0,,
5258,REQ-0122,10,2,Career Site,2025-04-14,0,0,0,0,,
5259,REQ-0122,10,2,LinkedIn,2025-05-05,0,0,0,0,,
5260,REQ-0122,10,2,Career Site,2025-04-19,1,0,0,0,,
5261,REQ-0122,10,2,Career Site,2025-05-01,1,0,0,0,,
5262,REQ-0122,10,2,LinkedIn,2025-04-14,1,1,0,0,,
5263,REQ-0122,10,2,Job Board,2025-04-19,1,1,0,0,,
5264,REQ-0122,10,2,Job Board,2025-04-17,1,1,1,1,1,19
5265,REQ-0122,10,2,Career Site,2025-05-03,0,0,0,0,,
5266,REQ-0122,10,2,Career Site,2025-05-02,1,1,0,0,,
5267,REQ-0122,10,2,Agency,2025-04-10,1,1,0,0,,
5268,REQ-0122,10,2,Job Board,2025-04-13,1,1,1,1,1,19
5269,REQ-0122,10,2,Job Board,2025-04-28,1,1,1,1,1,19
5270,REQ-0122,10,2,LinkedIn,2025-04-30,1,1,0,0,,
5271,REQ-0122,10,2,LinkedIn,2025-04-21,1,1,0,0,,
5272,REQ-0122,10,2,LinkedIn,2025-04-13,0,0,0,0,,
5273,REQ-0122,10,2,Job Board,2025-05-03,1,0,0,0,,
5274,REQ-0122,10,2,Job Board,2025-04-19,1,0,0,0,,
5275,REQ-0122,10,2,Career Site,2025-04-15,0,0,0,0,,
5276,REQ-0122,10,2,Employee Referral,2025-05-03,1,1,1,1,1,19
5277,REQ-0122,10,2,Agency,2025-04-29,1,1,0,0,,
5278,REQ-0122,10,2,Agency,2025-04-18,1,1,0,0,,
5279,REQ-0123,9,4,LinkedIn,2025-12-07,1,0,0,0,,
5280,REQ-0123,9,4,LinkedIn,2025-11-15,0,0,0,0,,
5281,REQ-0123,9,4,Job Board,2025-11-18,1,1,1,1,1,64
5282,REQ-0123,9,4,LinkedIn,2025-11-14,1,1,0,0,,
5283,REQ-0123,9,4,LinkedIn,2025-11-28,0,0,0,0,,
5284,REQ-0123,9,4,Career Site,2025-11-19,0,0,0,0,,
5285,REQ-0123,9,4,Career Site,2025-11-15,1,0,0,0,,
5286,REQ-0123,9,4,LinkedIn,2025-11-30,0,0,0,0,,
5287,REQ-0123,9,4,LinkedIn,2025-11-23,0,0,0,0,,
5288,REQ-0123,9,4,LinkedIn,2025-12-05,1,0,0,0,,
5289,REQ-0123,9,4,Employee Referral,2025-11-21,1,1,0,0,,
5290,REQ-0123,9,4,Employee Referral,2025-11-22,0,0,0,0,,
5291,REQ-0123,9,4,Job Board,2025-11-30,1,1,1,1,1,64
5292,REQ-0123,9,4,LinkedIn,2025-11-29,1,0,0,0,,
5293,REQ-0123,9,4,Job Board,2025-11-29,1,1,1,0,0,
5294,REQ-0123,9,4,LinkedIn,2025-12-07,1,1,0,0,,
5295,REQ-0123,9,4,Agency,2025-11-22,1,0,0,0,,
5296,REQ-0123,9,4,Job Board,2025-12-05,1,0,0,0,,
5297,REQ-0123,9,4,Career Site,2025-12-01,1,0,0,0,,
5298,REQ-0123,9,4,LinkedIn,2025-11-18,1,0,0,0,,
5299,REQ-0123,9,4,Agency,2025-11-13,0,0,0,0,,
5300,REQ-0123,9,4,LinkedIn,2025-12-02,1,1,1,1,1,64
5301,REQ-0123,9,4,Employee Referral,2025-11-21,1,1,0,0,,
5302,REQ-0123,9,4,Agency,2025-11-28,1,1,0,0,,
5303,REQ-0123,9,4,Employee Referral,2025-11-18,0,0,0,0,,
5304,REQ-0123,9,4,LinkedIn,2025-12-03,1,1,1,1,1,64
5305,REQ-0123,9,4,Career Site,2025-11-20,1,0,0,0,,
5306,REQ-0123,9,4,Career Site,2025-11-26,1,1,1,0,0,
5307,REQ-0123,9,4,Career Site,2025-12-03,1,0,0,0,,
5308,REQ-0123,9,4,LinkedIn,2025-12-02,1,1,0,0,,
5309,REQ-0123,9,4,Job Board,2025-11-18,1,0,0,0,,
5310,REQ-0124,7,3,Job Board,2025-01-26,1,1,0,0,,
5311,REQ-0124,7,3,LinkedIn,2025-01-30,1,1,0,0,,
5312,REQ-0124,7,3,LinkedIn,2025-02-05,1,0,0,0,,
5313,REQ-0124,7,3,LinkedIn,2025-02-12,0,0,0,0,,
5314,REQ-0124,7,3,Career Site,2025-02-01,1,0,0,0,,
5315,REQ-0124,7,3,Employee Referral,2025-02-02,0,0,0,0,,
5316,REQ-0124,7,3,LinkedIn,2025-01-22,1,1,0,0,,
5317,REQ-0124,7,3,Employee Referral,2025-02-07,1,0,0,0,,
5318,REQ-0124,7,3,Career Site,2025-02-14,1,1,0,0,,
5319,REQ-0124,7,3,Agency,2025-02-02,1,1,0,0,,
5320,REQ-0124,7,3,Employee Referral,2025-01-31,0,0,0,0,,
5321,REQ-0124,7,3,LinkedIn,2025-02-03,0,0,0,0,,
5322,REQ-0124,7,3,LinkedIn,2025-02-03,0,0,0,0,,
5323,REQ-0124,7,3,Career Site,2025-02-05,0,0,0,0,,
5324,REQ-0124,7,3,Job Board,2025-02-10,1,0,0,0,,
5325,REQ-0124,7,3,LinkedIn,2025-02-01,0,0,0,0,,
5326,REQ-0124,7,3,LinkedIn,2025-02-02,1,0,0,0,,
5327,REQ-0124,7,3,Job Board,2025-02-07,0,0,0,0,,
5328,REQ-0124,7,3,LinkedIn,2025-02-06,0,0,0,0,,
5329,REQ-0124,7,3,Career Site,2025-01-31,1,0,0,0,,
5330,REQ-0124,7,3,Agency,2025-02-12,1,0,0,0,,
5331,REQ-0124,7,3,Employee Referral,2025-01-23,0,0,0,0,,
5332,REQ-0124,7,3,LinkedIn,2025-01-31,0,0,0,0,,
5333,REQ-0124,7,3,Employee Referral,2025-02-13,0,0,0,0,,
5334,REQ-0124,7,3,Agency,2025-01-29,0,0,0,0,,
5335,REQ-0124,7,3,Job Board,2025-02-04,0,0,0,0,,
5336,REQ-0124,7,3,LinkedIn,2025-02-05,0,0,0,0,,
5337,REQ-0124,7,3,Employee Referral,2025-01-29,1,1,0,0,,
5338,REQ-0124,7,3,LinkedIn,2025-02-02,1,1,0,0,,
5339,REQ-0124,7,3,Agency,2025-01-24,1,0,0,0,,
5340,REQ-0124,7,3,Career Site,2025-01-26,1,0,0,0,,
5341,REQ-0125,8,2,LinkedIn,2024-12-02,0,0,0,0,,
5342,REQ-0125,8,2,LinkedIn,2024-11-29,1,0,0,0,,
5343,REQ-0125,8,2,Career Site,2024-12-16,1,1,1,1,1,68
5344,REQ-0125,8,2,Career Site,2024-12-06,0,0,0,0,,
5345,REQ-0125,8,2,Job Board,2024-12-14,0,0,0,0,,
5346,REQ-0125,8,2,LinkedIn,2024-11-23,0,0,0,0,,
5347,REQ-0125,8,2,Job Board,2024-12-07,1,0,0,0,,
5348,REQ-0125,8,2,LinkedIn,2024-11-28,0,0,0,0,,
5349,REQ-0125,8,2,Job Board,2024-12-05,1,0,0,0,,
5350,REQ-0125,8,2,Job Board,2024-12-15,0,0,0,0,,
5351,REQ-0125,8,2,Agency,2024-11-24,1,1,0,0,,
5352,REQ-0125,8,2,Job Board,2024-12-13,1,1,0,0,,
5353,REQ-0125,8,2,LinkedIn,2024-12-15,1,1,0,0,,
5354,REQ-0125,8,2,LinkedIn,2024-11-30,0,0,0,0,,
5355,REQ-0125,8,2,LinkedIn,2024-11-26,0,0,0,0,,
5356,REQ-0125,8,2,Career Site,2024-12-15,1,0,0,0,,
5357,REQ-0125,8,2,LinkedIn,2024-12-01,0,0,0,0,,
5358,REQ-0125,8,2,Career Site,2024-12-11,1,1,0,0,,
5359,REQ-0125,8,2,Career Site,2024-11-30,0,0,0,0,,
5360,REQ-0125,8,2,LinkedIn,2024-12-12,0,0,0,0,,
5361,REQ-0125,8,2,Employee Referral,2024-11-26,0,0,0,0,,
5362,REQ-0125,8,2,Job Board,2024-12-14,0,0,0,0,,
5363,REQ-0125,8,2,Employee Referral,2024-12-10,0,0,0,0,,
5364,REQ-0125,8,2,Employee Referral,2024-12-09,1,0,0,0,,
5365,REQ-0125,8,2,LinkedIn,2024-12-17,1,0,0,0,,
5366,REQ-0125,8,2,Job Board,2024-11-23,1,1,0,0,,
5367,REQ-0125,8,2,Job Board,2024-12-07,0,0,0,0,,
5368,REQ-0125,8,2,Career Site,2024-11-29,1,0,0,0,,
5369,REQ-0125,8,2,Employee Referral,2024-12-15,1,1,1,0,0,
5370,REQ-0125,8,2,Career Site,2024-12-09,1,1,0,0,,
5371,REQ-0125,8,2,Career Site,2024-11-26,0,0,0,0,,
5372,REQ-0125,8,2,LinkedIn,2024-12-14,1,1,0,0,,
5373,REQ-0125,8,2,LinkedIn,2024-11-29,1,0,0,0,,
5374,REQ-0125,8,2,Career Site,2024-11-30,0,0,0,0,,
5375,REQ-0125,8,2,Job Board,2024-11-27,1,0,0,0,,
5376,REQ-0125,8,2,Career Site,2024-12-07,1,0,0,0,,
5377,REQ-0125,8,2,Employee Referral,2024-12-16,1,1,0,0,,
5378,REQ-0125,8,2,Job Board,2024-12-12,0,0,0,0,,
5379,REQ-0125,8,2,Job Board,2024-12-05,1,0,0,0,,
5380,REQ-0125,8,2,Employee Referral,2024-11-25,1,0,0,0,,
5381,REQ-0126,11,4,Employee Referral,2026-05-01,0,0,0,0,,
5382,REQ-0126,11,4,LinkedIn,2026-05-05,0,0,0,0,,
5383,REQ-0126,11,4,Job Board,2026-04-27,1,1,1,1,1,19
5384,REQ-0126,11,4,Employee Referral,2026-05-01,0,0,0,0,,
5385,REQ-0126,11,4,Employee Referral,2026-04-19,0,0,0,0,,
5386,REQ-0126,11,4,Job Board,2026-05-01,1,1,0,0,,
5387,REQ-0126,11,4,Job Board,2026-05-04,0,0,0,0,,
5388,REQ-0126,11,4,LinkedIn,2026-04-16,0,0,0,0,,
5389,REQ-0126,11,4,LinkedIn,2026-05-06,1,1,0,0,,
5390,REQ-0126,11,4,Employee Referral,2026-04-19,1,1,0,0,,
5391,REQ-0126,11,4,Career Site,2026-05-05,1,0,0,0,,
5392,REQ-0126,11,4,Agency,2026-04-17,1,1,0,0,,
5393,REQ-0126,11,4,Employee Referral,2026-05-07,1,1,0,0,,
5394,REQ-0126,11,4,Job Board,2026-05-06,0,0,0,0,,
5395,REQ-0126,11,4,Job Board,2026-05-08,0,0,0,0,,
5396,REQ-0126,11,4,Agency,2026-04-15,1,1,0,0,,
5397,REQ-0126,11,4,Agency,2026-04-18,1,1,0,0,,
5398,REQ-0126,11,4,Job Board,2026-04-29,0,0,0,0,,
5399,REQ-0126,11,4,Job Board,2026-05-10,0,0,0,0,,
5400,REQ-0126,11,4,LinkedIn,2026-05-06,1,0,0,0,,
5401,REQ-0126,11,4,LinkedIn,2026-04-27,0,0,0,0,,
5402,REQ-0126,11,4,Job Board,2026-04-29,1,0,0,0,,
5403,REQ-0126,11,4,Job Board,2026-05-01,0,0,0,0,,
5404,REQ-0126,11,4,Job Board,2026-04-24,1,1,0,0,,
5405,REQ-0126,11,4,Career Site,2026-05-07,1,1,0,0,,
5406,REQ-0126,11,4,Job Board,2026-05-08,1,0,0,0,,
5407,REQ-0126,11,4,Job Board,2026-05-02,1,1,0,0,,
5408,REQ-0126,11,4,Career Site,2026-04-18,1,0,0,0,,
5409,REQ-0126,11,4,LinkedIn,2026-04-23,0,0,0,0,,
5410,REQ-0126,11,4,Career Site,2026-05-09,1,1,0,0,,
5411,REQ-0126,11,4,LinkedIn,2026-04-30,1,1,1,1,1,19
5412,REQ-0126,11,4,Employee Referral,2026-04-18,0,0,0,0,,
5413,REQ-0126,11,4,Job Board,2026-04-17,1,0,0,0,,
5414,REQ-0126,11,4,Career Site,2026-04-22,1,1,1,1,1,19
5415,REQ-0126,11,4,LinkedIn,2026-04-20,0,0,0,0,,
5416,REQ-0126,11,4,LinkedIn,2026-04-30,1,1,0,0,,
5417,REQ-0126,11,4,Employee Referral,2026-05-10,1,0,0,0,,
5418,REQ-0126,11,4,Career Site,2026-04-26,1,0,0,0,,
5419,REQ-0126,11,4,Career Site,2026-05-04,0,0,0,0,,
5420,REQ-0126,11,4,Job Board,2026-04-16,1,0,0,0,,
5421,REQ-0126,11,4,Agency,2026-04-27,1,1,1,1,1,19
5422,REQ-0126,11,4,Employee Referral,2026-05-08,1,1,0,0,,
5423,REQ-0126,11,4,Job Board,2026-04-16,1,1,0,0,,
5424,REQ-0126,11,4,Career Site,2026-04-23,1,1,0,0,,
5425,REQ-0126,11,4,Career Site,2026-04-27,1,0,0,0,,
5426,REQ-0126,11,4,Job Board,2026-05-05,0,0,0,0,,
5427,REQ-0126,11,4,Agency,2026-05-01,0,0,0,0,,
5428,REQ-0126,11,4,Employee Referral,2026-04-22,1,1,0,0,,
5429,REQ-0126,11,4,Career Site,2026-04-24,0,0,0,0,,
5430,REQ-0126,11,4,LinkedIn,2026-04-27,1,0,0,0,,
5431,REQ-0126,11,4,Career Site,2026-05-06,1,0,0,0,,
5432,REQ-0126,11,4,Employee Referral,2026-05-06,0,0,0,0,,
5433,REQ-0126,11,4,Employee Referral,2026-04-23,0,0,0,0,,
5434,REQ-0126,11,4,Job Board,2026-04-18,0,0,0,0,,
5435,REQ-0126,11,4,Career Site,2026-05-02,1,0,0,0,,
5436,REQ-0127,6,4,Employee Referral,2025-06-11,1,1,0,0,,
5437,REQ-0127,6,4,LinkedIn,2025-05-22,1,0,0,0,,
5438,REQ-0127,6,4,Career Site,2025-06-13,1,1,1,1,1,54
5439,REQ-0127,6,4,Employee Referral,2025-06-07,1,1,1,0,0,
5440,REQ-0127,6,4,LinkedIn,2025-06-14,1,1,0,0,,
5441,REQ-0127,6,4,LinkedIn,2025-05-26,1,1,0,0,,
5442,REQ-0127,6,4,LinkedIn,2025-05-24,1,1,1,0,0,
5443,REQ-0127,6,4,Job Board,2025-05-27,1,0,0,0,,
5444,REQ-0127,6,4,LinkedIn,2025-05-27,0,0,0,0,,
5445,REQ-0127,6,4,Job Board,2025-06-14,0,0,0,0,,
5446,REQ-0127,6,4,Job Board,2025-05-23,1,1,0,0,,
5447,REQ-0127,6,4,Job Board,2025-05-23,1,1,0,0,,
5448,REQ-0127,6,4,Career Site,2025-05-23,1,0,0,0,,
5449,REQ-0127,6,4,Job Board,2025-05-26,1,0,0,0,,
5450,REQ-0127,6,4,Job Board,2025-05-28,1,1,0,0,,
5451,REQ-0127,6,4,LinkedIn,2025-05-21,1,0,0,0,,
5452,REQ-0127,6,4,Employee Referral,2025-06-04,0,0,0,0,,
5453,REQ-0127,6,4,LinkedIn,2025-05-21,0,0,0,0,,
5454,REQ-0127,6,4,LinkedIn,2025-05-25,0,0,0,0,,
5455,REQ-0127,6,4,Agency,2025-06-05,1,0,0,0,,
5456,REQ-0127,6,4,LinkedIn,2025-06-13,1,1,0,0,,
5457,REQ-0127,6,4,Job Board,2025-05-29,1,0,0,0,,
5458,REQ-0127,6,4,LinkedIn,2025-06-10,0,0,0,0,,
5459,REQ-0127,6,4,LinkedIn,2025-06-14,1,1,0,0,,
5460,REQ-0127,6,4,Agency,2025-06-15,1,0,0,0,,
5461,REQ-0127,6,4,LinkedIn,2025-06-13,1,1,1,1,1,54
5462,REQ-0127,6,4,LinkedIn,2025-06-05,1,0,0,0,,
5463,REQ-0127,6,4,Job Board,2025-06-08,1,0,0,0,,
5464,REQ-0127,6,4,Agency,2025-05-22,1,0,0,0,,
5465,REQ-0127,6,4,LinkedIn,2025-06-12,1,0,0,0,,
5466,REQ-0127,6,4,LinkedIn,2025-06-13,1,1,1,1,1,54
5467,REQ-0127,6,4,Employee Referral,2025-06-11,1,0,0,0,,
5468,REQ-0127,6,4,Job Board,2025-06-10,1,1,1,0,0,
5469,REQ-0127,6,4,LinkedIn,2025-06-07,1,1,0,0,,
5470,REQ-0127,6,4,Career Site,2025-06-14,1,0,0,0,,
5471,REQ-0127,6,4,LinkedIn,2025-05-28,0,0,0,0,,
5472,REQ-0127,6,4,LinkedIn,2025-06-05,0,0,0,0,,
5473,REQ-0127,6,4,Employee Referral,2025-06-07,1,1,1,1,1,54
5474,REQ-0127,6,4,Employee Referral,2025-05-29,0,0,0,0,,
5475,REQ-0127,6,4,Job Board,2025-05-23,0,0,0,0,,
5476,REQ-0127,6,4,LinkedIn,2025-05-23,1,1,0,0,,
5477,REQ-0127,6,4,Agency,2025-05-22,0,0,0,0,,
5478,REQ-0127,6,4,Job Board,2025-06-10,1,1,1,1,1,54
5479,REQ-0127,6,4,LinkedIn,2025-06-11,1,1,1,1,1,54
5480,REQ-0127,6,4,Employee Referral,2025-05-31,1,0,0,0,,
5481,REQ-0127,6,4,LinkedIn,2025-06-11,1,0,0,0,,
5482,REQ-0127,6,4,LinkedIn,2025-06-12,1,1,1,1,1,54
5483,REQ-0127,6,4,LinkedIn,2025-06-04,1,0,0,0,,
5484,REQ-0127,6,4,Career Site,2025-06-14,1,0,0,0,,
5485,REQ-0127,6,4,Agency,2025-05-27,1,1,0,0,,
5486,REQ-0127,6,4,Career Site,2025-06-04,1,1,1,1,1,54
5487,REQ-0127,6,4,Job Board,2025-06-13,1,1,0,0,,
5488,REQ-0127,6,4,Employee Referral,2025-06-11,0,0,0,0,,
5489,REQ-0127,6,4,Job Board,2025-05-23,0,0,0,0,,
5490,REQ-0127,6,4,Employee Referral,2025-06-06,0,0,0,0,,
5491,REQ-0127,6,4,Agency,2025-05-26,1,0,0,0,,
5492,REQ-0127,6,4,LinkedIn,2025-06-13,1,1,0,0,,
5493,REQ-0127,6,4,Employee Referral,2025-06-14,1,0,0,0,,
5494,REQ-0127,6,4,LinkedIn,2025-06-13,1,1,0,0,,
5495,REQ-0127,6,4,LinkedIn,2025-06-09,0,0,0,0,,
5496,REQ-0127,6,4,LinkedIn,2025-05-26,0,0,0,0,,
5497,REQ-0127,6,4,Job Board,2025-05-29,1,1,0,0,,
5498,REQ-0127,6,4,Employee Referral,2025-06-14,1,1,0,0,,
5499,REQ-0127,6,4,LinkedIn,2025-05-29,1,0,0,0,,
5500,REQ-0127,6,4,Agency,2025-05-25,1,1,0,0,,
5501,REQ-0128,5,4,LinkedIn,2025-08-17,1,1,0,0,,
5502,REQ-0128,5,4,Agency,2025-09-08,0,0,0,0,,
5503,REQ-0128,5,4,Employee Referral,2025-09-03,0,0,0,0,,
5504,REQ-0128,5,4,Employee Referral,2025-09-02,1,1,0,0,,
5505,REQ-0128,5,4,LinkedIn,2025-08-19,0,0,0,0,,
5506,REQ-0128,5,4,LinkedIn,2025-08-28,0,0,0,0,,
5507,REQ-0128,5,4,Employee Referral,2025-08-28,0,0,0,0,,
5508,REQ-0128,5,4,Employee Referral,2025-08-30,1,1,0,0,,
5509,REQ-0128,5,4,Employee Referral,2025-08-22,1,0,0,0,,
5510,REQ-0128,5,4,Job Board,2025-09-05,0,0,0,0,,
5511,REQ-0128,5,4,Agency,2025-08-25,0,0,0,0,,
5512,REQ-0128,5,4,Job Board,2025-08-19,0,0,0,0,,
5513,REQ-0128,5,4,Job Board,2025-09-03,1,0,0,0,,
5514,REQ-0128,5,4,LinkedIn,2025-09-01,1,0,0,0,,
5515,REQ-0128,5,4,LinkedIn,2025-08-14,1,1,0,0,,
5516,REQ-0128,5,4,LinkedIn,2025-08-16,1,1,1,1,1,37
5517,REQ-0128,5,4,LinkedIn,2025-08-14,1,0,0,0,,
5518,REQ-0128,5,4,Employee Referral,2025-08-22,1,1,1,1,1,37
5519,REQ-0128,5,4,Job Board,2025-08-16,0,0,0,0,,
5520,REQ-0128,5,4,Job Board,2025-08-15,1,1,0,0,,
5521,REQ-0128,5,4,Employee Referral,2025-09-08,1,0,0,0,,
5522,REQ-0128,5,4,Career Site,2025-08-16,1,0,0,0,,
5523,REQ-0128,5,4,Employee Referral,2025-08-30,1,0,0,0,,
5524,REQ-0128,5,4,Career Site,2025-08-25,0,0,0,0,,
5525,REQ-0128,5,4,Agency,2025-08-24,1,0,0,0,,
5526,REQ-0128,5,4,Career Site,2025-09-06,0,0,0,0,,
5527,REQ-0128,5,4,LinkedIn,2025-09-02,1,1,1,0,0,
5528,REQ-0128,5,4,Employee Referral,2025-08-29,0,0,0,0,,
5529,REQ-0128,5,4,LinkedIn,2025-08-15,0,0,0,0,,
5530,REQ-0128,5,4,LinkedIn,2025-08-20,1,0,0,0,,
5531,REQ-0128,5,4,Employee Referral,2025-08-28,1,1,0,0,,
5532,REQ-0128,5,4,Career Site,2025-08-18,1,0,0,0,,
5533,REQ-0128,5,4,Job Board,2025-09-06,1,0,0,0,,
5534,REQ-0128,5,4,Career Site,2025-08-14,1,0,0,0,,
5535,REQ-0128,5,4,LinkedIn,2025-08-25,1,0,0,0,,
5536,REQ-0128,5,4,Job Board,2025-09-05,1,0,0,0,,
5537,REQ-0128,5,4,LinkedIn,2025-09-03,0,0,0,0,,
5538,REQ-0128,5,4,Job Board,2025-08-30,1,1,0,0,,
5539,REQ-0128,5,4,Career Site,2025-08-16,0,0,0,0,,
5540,REQ-0128,5,4,LinkedIn,2025-08-27,1,1,0,0,,
5541,REQ-0128,5,4,Agency,2025-08-16,1,0,0,0,,
5542,REQ-0128,5,4,LinkedIn,2025-08-16,0,0,0,0,,
5543,REQ-0128,5,4,LinkedIn,2025-08-18,0,0,0,0,,
5544,REQ-0128,5,4,Career Site,2025-09-05,0,0,0,0,,
5545,REQ-0128,5,4,Job Board,2025-08-15,1,0,0,0,,
5546,REQ-0128,5,4,Employee Referral,2025-09-06,1,0,0,0,,
5547,REQ-0128,5,4,LinkedIn,2025-08-26,1,1,1,1,1,37
5548,REQ-0128,5,4,Job Board,2025-08-18,1,0,0,0,,
5549,REQ-0128,5,4,Job Board,2025-08-23,1,1,1,1,1,37
5550,REQ-0128,5,4,LinkedIn,2025-08-17,1,1,1,1,1,37
5551,REQ-0128,5,4,Job Board,2025-09-03,1,1,0,0,,
5552,REQ-0128,5,4,Employee Referral,2025-09-06,0,0,0,0,,
5553,REQ-0128,5,4,LinkedIn,2025-09-07,1,1,1,1,1,37
5554,REQ-0128,5,4,LinkedIn,2025-08-14,1,1,1,0,0,
5555,REQ-0128,5,4,Career Site,2025-08-19,1,0,0,0,,
5556,REQ-0128,5,4,Career Site,2025-08-28,0,0,0,0,,
5557,REQ-0128,5,4,LinkedIn,2025-08-24,1,1,0,0,,
5558,REQ-0128,5,4,Agency,2025-09-04,0,0,0,0,,
5559,REQ-0128,5,4,LinkedIn,2025-08-20,1,0,0,0,,
5560,REQ-0128,5,4,Career Site,2025-08-29,0,0,0,0,,
5561,REQ-0128,5,4,LinkedIn,2025-08-30,1,0,0,0,,
5562,REQ-0128,5,4,Agency,2025-08-15,0,0,0,0,,
5563,REQ-0128,5,4,Job Board,2025-09-04,1,1,1,1,1,37
5564,REQ-0128,5,4,LinkedIn,2025-08-24,0,0,0,0,,
5565,REQ-0128,5,4,Career Site,2025-08-26,1,0,0,0,,
5566,REQ-0128,5,4,Job Board,2025-08-16,1,0,0,0,,
5567,REQ-0128,5,4,Career Site,2025-09-07,1,1,0,0,,
5568,REQ-0128,5,4,LinkedIn,2025-08-28,0,0,0,0,,
5569,REQ-0128,5,4,Career Site,2025-09-08,1,0,0,0,,
5570,REQ-0128,5,4,LinkedIn,2025-09-08,1,0,0,0,,
5571,REQ-0129,10,1,LinkedIn,2024-10-10,1,0,0,0,,
5572,REQ-0129,10,1,Employee Referral,2024-10-19,1,1,1,1,1,48
5573,REQ-0129,10,1,LinkedIn,2024-10-06,0,0,0,0,,
5574,REQ-0129,10,1,Career Site,2024-10-11,1,1,1,1,1,48
5575,REQ-0129,10,1,Agency,2024-10-15,1,1,1,0,0,
5576,REQ-0129,10,1,Employee Referral,2024-10-22,1,1,0,0,,
5577,REQ-0129,10,1,LinkedIn,2024-10-01,1,0,0,0,,
5578,REQ-0129,10,1,Career Site,2024-10-09,0,0,0,0,,
5579,REQ-0129,10,1,Employee Referral,2024-10-02,1,0,0,0,,
5580,REQ-0129,10,1,LinkedIn,2024-10-15,1,1,0,0,,
5581,REQ-0129,10,1,Employee Referral,2024-10-14,1,0,0,0,,
5582,REQ-0129,10,1,Employee Referral,2024-10-08,0,0,0,0,,
5583,REQ-0129,10,1,Career Site,2024-10-04,1,1,0,0,,
5584,REQ-0129,10,1,Agency,2024-10-06,1,0,0,0,,
5585,REQ-0129,10,1,Career Site,2024-10-04,1,1,0,0,,
5586,REQ-0129,10,1,Job Board,2024-10-04,0,0,0,0,,
5587,REQ-0129,10,1,Job Board,2024-10-22,0,0,0,0,,
5588,REQ-0129,10,1,Agency,2024-10-19,0,0,0,0,,
5589,REQ-0129,10,1,LinkedIn,2024-10-24,1,1,1,1,1,48
5590,REQ-0129,10,1,Job Board,2024-10-09,1,0,0,0,,
5591,REQ-0129,10,1,Employee Referral,2024-10-11,1,0,0,0,,
5592,REQ-0129,10,1,Job Board,2024-10-25,1,1,1,1,1,48
5593,REQ-0129,10,1,Job Board,2024-10-10,0,0,0,0,,
5594,REQ-0129,10,1,LinkedIn,2024-10-23,0,0,0,0,,
5595,REQ-0129,10,1,Job Board,2024-10-09,0,0,0,0,,
5596,REQ-0129,10,1,Agency,2024-10-03,1,1,0,0,,
5597,REQ-0129,10,1,Employee Referral,2024-10-10,1,1,0,0,,
5598,REQ-0129,10,1,Career Site,2024-10-01,1,1,0,0,,
5599,REQ-0129,10,1,Agency,2024-10-20,0,0,0,0,,
5600,REQ-0129,10,1,Career Site,2024-10-15,1,0,0,0,,
5601,REQ-0129,10,1,LinkedIn,2024-10-25,1,1,0,0,,
5602,REQ-0129,10,1,Employee Referral,2024-10-10,0,0,0,0,,
5603,REQ-0129,10,1,Job Board,2024-10-13,1,0,0,0,,
5604,REQ-0129,10,1,Job Board,2024-10-17,1,0,0,0,,
5605,REQ-0129,10,1,LinkedIn,2024-10-06,1,0,0,0,,
5606,REQ-0129,10,1,Agency,2024-10-01,0,0,0,0,,
5607,REQ-0129,10,1,LinkedIn,2024-10-08,1,0,0,0,,
5608,REQ-0129,10,1,Employee Referral,2024-10-07,1,1,0,0,,
5609,REQ-0129,10,1,LinkedIn,2024-10-18,1,1,0,0,,
5610,REQ-0130,11,2,Agency,2025-12-24,1,0,0,0,,
5611,REQ-0130,11,2,Employee Referral,2026-01-08,1,0,0,0,,
5612,REQ-0130,11,2,Job Board,2026-01-05,0,0,0,0,,
5613,REQ-0130,11,2,Employee Referral,2025-12-29,1,0,0,0,,
5614,REQ-0130,11,2,Career Site,2026-01-16,0,0,0,0,,
5615,REQ-0130,11,2,LinkedIn,2025-12-30,1,1,0,0,,
5616,REQ-0130,11,2,Job Board,2025-12-28,1,1,0,0,,
5617,REQ-0130,11,2,Career Site,2025-12-26,1,0,0,0,,
5618,REQ-0130,11,2,LinkedIn,2025-12-22,0,0,0,0,,
5619,REQ-0130,11,2,Job Board,2026-01-01,1,0,0,0,,
5620,REQ-0130,11,2,Employee Referral,2025-12-24,0,0,0,0,,
5621,REQ-0130,11,2,LinkedIn,2026-01-07,0,0,0,0,,
5622,REQ-0130,11,2,Job Board,2026-01-15,0,0,0,0,,
5623,REQ-0130,11,2,Career Site,2026-01-08,1,1,1,1,1,31
5624,REQ-0130,11,2,LinkedIn,2025-12-31,1,1,0,0,,
5625,REQ-0130,11,2,LinkedIn,2026-01-07,1,1,0,0,,
5626,REQ-0130,11,2,Employee Referral,2026-01-15,1,0,0,0,,
5627,REQ-0130,11,2,Job Board,2026-01-11,0,0,0,0,,
5628,REQ-0130,11,2,Agency,2025-12-23,1,0,0,0,,
5629,REQ-0130,11,2,LinkedIn,2026-01-06,0,0,0,0,,
5630,REQ-0130,11,2,Career Site,2025-12-28,1,0,0,0,,
5631,REQ-0130,11,2,LinkedIn,2025-12-28,0,0,0,0,,
5632,REQ-0130,11,2,Employee Referral,2025-12-22,1,1,0,0,,
5633,REQ-0130,11,2,LinkedIn,2026-01-15,0,0,0,0,,
5634,REQ-0130,11,2,Career Site,2026-01-05,0,0,0,0,,
5635,REQ-0130,11,2,Agency,2025-12-31,1,0,0,0,,
5636,REQ-0130,11,2,Job Board,2026-01-14,1,0,0,0,,
5637,REQ-0130,11,2,Career Site,2026-01-15,0,0,0,0,,
5638,REQ-0130,11,2,Career Site,2026-01-04,0,0,0,0,,
5639,REQ-0130,11,2,Job Board,2026-01-13,1,0,0,0,,
5640,REQ-0130,11,2,Job Board,2026-01-16,1,1,0,0,,
5641,REQ-0130,11,2,Job Board,2026-01-08,1,1,0,0,,
5642,REQ-0130,11,2,Agency,2025-12-27,1,0,0,0,,
5643,REQ-0130,11,2,Career Site,2026-01-14,1,1,0,0,,
5644,REQ-0130,11,2,LinkedIn,2025-12-25,0,0,0,0,,
5645,REQ-0130,11,2,Employee Referral,2026-01-03,1,0,0,0,,
5646,REQ-0130,11,2,Job Board,2026-01-13,0,0,0,0,,
5647,REQ-0130,11,2,Career Site,2026-01-07,1,0,0,0,,
5648,REQ-0130,11,2,Employee Referral,2026-01-04,1,1,0,0,,
5649,REQ-0130,11,2,Job Board,2025-12-23,0,0,0,0,,
5650,REQ-0130,11,2,Agency,2025-12-24,0,0,0,0,,
5651,REQ-0130,11,2,Career Site,2025-12-27,1,1,0,0,,
5652,REQ-0130,11,2,Career Site,2025-12-31,1,1,0,0,,
5653,REQ-0130,11,2,Employee Referral,2026-01-11,1,0,0,0,,
5654,REQ-0130,11,2,Job Board,2026-01-06,1,1,0,0,,
5655,REQ-0131,10,2,Agency,2025-02-23,1,0,0,0,,
5656,REQ-0131,10,2,LinkedIn,2025-02-06,1,0,0,0,,
5657,REQ-0131,10,2,Career Site,2025-02-12,0,0,0,0,,
5658,REQ-0131,10,2,Employee Referral,2025-02-19,0,0,0,0,,
5659,REQ-0131,10,2,LinkedIn,2025-02-10,1,1,1,0,0,
5660,REQ-0131,10,2,Employee Referral,2025-02-10,0,0,0,0,,
5661,REQ-0131,10,2,LinkedIn,2025-02-16,1,0,0,0,,
5662,REQ-0131,10,2,LinkedIn,2025-02-25,1,0,0,0,,
5663,REQ-0131,10,2,Employee Referral,2025-02-26,1,0,0,0,,
5664,REQ-0131,10,2,Career Site,2025-02-21,1,0,0,0,,
5665,REQ-0131,10,2,Agency,2025-02-14,1,1,1,1,1,59
5666,REQ-0131,10,2,Employee Referral,2025-02-04,1,0,0,0,,
5667,REQ-0131,10,2,Agency,2025-02-16,0,0,0,0,,
5668,REQ-0131,10,2,LinkedIn,2025-02-26,1,1,0,0,,
5669,REQ-0131,10,2,LinkedIn,2025-02-17,0,0,0,0,,
5670,REQ-0131,10,2,LinkedIn,2025-02-06,1,0,0,0,,
5671,REQ-0131,10,2,Job Board,2025-02-02,1,1,0,0,,
5672,REQ-0131,10,2,Job Board,2025-02-24,1,1,1,1,1,59
5673,REQ-0131,10,2,LinkedIn,2025-02-22,1,1,0,0,,
5674,REQ-0131,10,2,LinkedIn,2025-02-10,1,0,0,0,,
5675,REQ-0131,10,2,Employee Referral,2025-02-10,1,0,0,0,,
5676,REQ-0132,8,4,LinkedIn,2025-12-14,1,0,0,0,,
5677,REQ-0132,8,4,LinkedIn,2025-12-11,0,0,0,0,,
5678,REQ-0132,8,4,Agency,2025-12-13,0,0,0,0,,
5679,REQ-0132,8,4,Job Board,2025-12-01,1,0,0,0,,
5680,REQ-0132,8,4,Job Board,2025-12-20,0,0,0,0,,
5681,REQ-0132,8,4,Employee Referral,2025-12-20,1,0,0,0,,
5682,REQ-0132,8,4,Job Board,2025-12-03,1,1,1,1,1,18
5683,REQ-0132,8,4,LinkedIn,2025-12-23,1,1,1,1,1,18
5684,REQ-0132,8,4,Agency,2025-12-13,1,1,1,0,0,
5685,REQ-0132,8,4,LinkedIn,2025-12-21,1,1,0,0,,
5686,REQ-0132,8,4,Employee Referral,2025-12-18,1,0,0,0,,
5687,REQ-0132,8,4,Employee Referral,2025-12-03,1,1,1,1,1,18
5688,REQ-0132,8,4,Agency,2025-12-01,1,1,1,1,1,18
5689,REQ-0132,8,4,Employee Referral,2025-12-06,0,0,0,0,,
5690,REQ-0132,8,4,Employee Referral,2025-12-04,1,1,1,1,1,18
5691,REQ-0132,8,4,LinkedIn,2025-12-12,0,0,0,0,,
5692,REQ-0132,8,4,Job Board,2025-12-02,1,1,0,0,,
5693,REQ-0132,8,4,LinkedIn,2025-12-04,0,0,0,0,,
5694,REQ-0132,8,4,Job Board,2025-12-08,1,0,0,0,,
5695,REQ-0132,8,4,Employee Referral,2025-12-19,1,1,1,1,1,18
5696,REQ-0132,8,4,Career Site,2025-12-05,1,0,0,0,,
5697,REQ-0132,8,4,Career Site,2025-12-25,0,0,0,0,,
5698,REQ-0132,8,4,Employee Referral,2025-12-04,0,0,0,0,,
5699,REQ-0132,8,4,LinkedIn,2025-12-16,1,0,0,0,,
5700,REQ-0132,8,4,Employee Referral,2025-12-04,1,1,1,1,1,18
5701,REQ-0132,8,4,LinkedIn,2025-12-09,1,0,0,0,,
5702,REQ-0132,8,4,LinkedIn,2025-12-14,1,1,1,0,0,
5703,REQ-0132,8,4,LinkedIn,2025-12-10,1,1,0,0,,
5704,REQ-0132,8,4,LinkedIn,2025-12-18,1,0,0,0,,
5705,REQ-0132,8,4,Career Site,2025-12-18,1,0,0,0,,
5706,REQ-0132,8,4,Job Board,2025-12-06,1,1,0,0,,
5707,REQ-0132,8,4,Employee Referral,2025-12-01,0,0,0,0,,
5708,REQ-0132,8,4,Employee Referral,2025-12-22,1,1,0,0,,
5709,REQ-0132,8,4,Career Site,2025-12-01,1,1,1,1,1,18
5710,REQ-0132,8,4,Agency,2025-12-17,1,0,0,0,,
5711,REQ-0132,8,4,Employee Referral,2025-12-15,0,0,0,0,,
5712,REQ-0132,8,4,Job Board,2025-12-07,0,0,0,0,,
5713,REQ-0132,8,4,LinkedIn,2025-12-16,1,1,0,0,,
5714,REQ-0132,8,4,LinkedIn,2025-12-13,1,1,0,0,,
5715,REQ-0132,8,4,LinkedIn,2025-12-21,1,0,0,0,,
5716,REQ-0133,7,3,LinkedIn,2025-02-06,1,1,1,0,0,
5717,REQ-0133,7,3,Career Site,2025-01-29,1,0,0,0,,
5718,REQ-0133,7,3,Employee Referral,2025-02-14,1,0,0,0,,
5719,REQ-0133,7,3,LinkedIn,2025-02-04,1,0,0,0,,
5720,REQ-0133,7,3,Job Board,2025-02-13,1,0,0,0,,
5721,REQ-0133,7,3,LinkedIn,2025-02-21,1,1,0,0,,
5722,REQ-0133,7,3,Job Board,2025-02-21,0,0,0,0,,
5723,REQ-0133,7,3,LinkedIn,2025-02-03,0,0,0,0,,
5724,REQ-0133,7,3,Agency,2025-02-18,1,0,0,0,,
5725,REQ-0133,7,3,LinkedIn,2025-02-20,0,0,0,0,,
5726,REQ-0133,7,3,Career Site,2025-02-08,0,0,0,0,,
5727,REQ-0133,7,3,Agency,2025-02-09,0,0,0,0,,
5728,REQ-0133,7,3,Job Board,2025-02-11,0,0,0,0,,
5729,REQ-0133,7,3,Job Board,2025-02-21,1,0,0,0,,
5730,REQ-0133,7,3,Employee Referral,2025-02-02,1,0,0,0,,
5731,REQ-0133,7,3,Job Board,2025-02-22,0,0,0,0,,
5732,REQ-0133,7,3,LinkedIn,2025-02-23,1,0,0,0,,
5733,REQ-0133,7,3,Agency,2025-01-29,1,1,0,0,,
5734,REQ-0133,7,3,Employee Referral,2025-02-14,1,0,0,0,,
5735,REQ-0133,7,3,Career Site,2025-02-11,1,1,0,0,,
5736,REQ-0133,7,3,Career Site,2025-02-01,0,0,0,0,,
5737,REQ-0133,7,3,Job Board,2025-02-16,1,0,0,0,,
5738,REQ-0133,7,3,Employee Referral,2025-02-13,1,1,0,0,,
5739,REQ-0133,7,3,Job Board,2025-01-30,0,0,0,0,,
5740,REQ-0133,7,3,LinkedIn,2025-02-03,1,0,0,0,,
5741,REQ-0133,7,3,Agency,2025-02-22,1,0,0,0,,
5742,REQ-0133,7,3,LinkedIn,2025-02-09,0,0,0,0,,
5743,REQ-0133,7,3,LinkedIn,2025-02-01,1,1,0,0,,
5744,REQ-0133,7,3,Employee Referral,2025-02-21,1,1,1,0,0,
5745,REQ-0133,7,3,LinkedIn,2025-01-31,0,0,0,0,,
5746,REQ-0133,7,3,Employee Referral,2025-02-05,0,0,0,0,,
5747,REQ-0133,7,3,Agency,2025-02-23,1,1,0,0,,
5748,REQ-0133,7,3,Job Board,2025-02-13,1,0,0,0,,
5749,REQ-0133,7,3,Job Board,2025-02-13,0,0,0,0,,
5750,REQ-0133,7,3,Job Board,2025-02-23,1,1,0,0,,
5751,REQ-0133,7,3,Career Site,2025-02-10,0,0,0,0,,
5752,REQ-0133,7,3,Career Site,2025-02-04,0,0,0,0,,
5753,REQ-0133,7,3,LinkedIn,2025-02-15,1,1,0,0,,
5754,REQ-0133,7,3,Job Board,2025-02-06,0,0,0,0,,
5755,REQ-0133,7,3,Career Site,2025-01-29,0,0,0,0,,
5756,REQ-0133,7,3,LinkedIn,2025-02-05,1,0,0,0,,
5757,REQ-0133,7,3,Employee Referral,2025-02-14,1,0,0,0,,
5758,REQ-0133,7,3,Employee Referral,2025-02-22,1,1,0,0,,
5759,REQ-0133,7,3,LinkedIn,2025-02-20,0,0,0,0,,
5760,REQ-0133,7,3,Employee Referral,2025-02-08,1,0,0,0,,
5761,REQ-0133,7,3,Employee Referral,2025-02-07,0,0,0,0,,
5762,REQ-0133,7,3,Career Site,2025-02-17,1,1,0,0,,
5763,REQ-0133,7,3,Employee Referral,2025-02-02,0,0,0,0,,
5764,REQ-0133,7,3,Job Board,2025-02-07,1,1,0,0,,
5765,REQ-0133,7,3,Employee Referral,2025-02-01,1,1,1,1,1,42
5766,REQ-0133,7,3,Career Site,2025-02-13,0,0,0,0,,
5767,REQ-0133,7,3,LinkedIn,2025-02-14,0,0,0,0,,
5768,REQ-0133,7,3,Job Board,2025-02-19,1,0,0,0,,
5769,REQ-0133,7,3,Job Board,2025-02-12,1,0,0,0,,
5770,REQ-0133,7,3,Job Board,2025-02-12,1,0,0,0,,
5771,REQ-0133,7,3,Agency,2025-02-01,1,0,0,0,,
5772,REQ-0133,7,3,Job Board,2025-02-03,0,0,0,0,,
5773,REQ-0133,7,3,Job Board,2025-02-11,1,0,0,0,,
5774,REQ-0133,7,3,Career Site,2025-02-06,1,1,0,0,,
5775,REQ-0133,7,3,Employee Referral,2025-02-09,1,1,1,1,1,42
5776,REQ-0133,7,3,Employee Referral,2025-02-02,1,0,0,0,,
5777,REQ-0133,7,3,Job Board,2025-02-16,0,0,0,0,,
5778,REQ-0133,7,3,Career Site,2025-02-03,0,0,0,0,,
5779,REQ-0133,7,3,Job Board,2025-02-10,1,1,0,0,,
5780,REQ-0134,2,6,LinkedIn,2025-01-08,1,0,0,0,,
5781,REQ-0134,2,6,Job Board,2024-12-23,1,1,0,0,,
5782,REQ-0134,2,6,Job Board,2024-12-31,1,1,1,0,0,
5783,REQ-0134,2,6,Job Board,2024-12-26,1,1,0,0,,
5784,REQ-0134,2,6,LinkedIn,2024-12-30,1,1,1,1,1,23
5785,REQ-0134,2,6,Career Site,2025-01-09,1,1,0,0,,
5786,REQ-0134,2,6,LinkedIn,2025-01-03,1,1,0,0,,
5787,REQ-0134,2,6,LinkedIn,2025-01-05,1,0,0,0,,
5788,REQ-0134,2,6,Employee Referral,2024-12-29,1,1,0,0,,
5789,REQ-0134,2,6,Job Board,2025-01-12,1,1,0,0,,
5790,REQ-0134,2,6,Agency,2024-12-25,0,0,0,0,,
5791,REQ-0134,2,6,LinkedIn,2025-01-13,0,0,0,0,,
5792,REQ-0134,2,6,LinkedIn,2025-01-13,1,1,0,0,,
5793,REQ-0134,2,6,Job Board,2024-12-29,0,0,0,0,,
5794,REQ-0134,2,6,Job Board,2024-12-24,0,0,0,0,,
5795,REQ-0134,2,6,Employee Referral,2025-01-09,1,0,0,0,,
5796,REQ-0134,2,6,Employee Referral,2025-01-17,1,0,0,0,,
5797,REQ-0134,2,6,Job Board,2025-01-09,1,0,0,0,,
5798,REQ-0134,2,6,Job Board,2024-12-25,0,0,0,0,,
5799,REQ-0134,2,6,Career Site,2025-01-03,1,1,0,0,,
5800,REQ-0134,2,6,Employee Referral,2025-01-05,0,0,0,0,,
5801,REQ-0134,2,6,LinkedIn,2025-01-11,0,0,0,0,,
5802,REQ-0134,2,6,Employee Referral,2024-12-24,0,0,0,0,,
5803,REQ-0134,2,6,Agency,2025-01-03,1,1,0,0,,
5804,REQ-0134,2,6,Job Board,2024-12-25,1,0,0,0,,
5805,REQ-0135,4,4,Career Site,2024-10-19,0,0,0,0,,
5806,REQ-0135,4,4,Job Board,2024-10-26,1,1,0,0,,
5807,REQ-0135,4,4,Agency,2024-10-24,1,0,0,0,,
5808,REQ-0135,4,4,LinkedIn,2024-10-26,1,1,0,0,,
5809,REQ-0135,4,4,Agency,2024-10-30,1,1,1,1,1,43
5810,REQ-0135,4,4,Career Site,2024-11-04,1,1,1,1,1,43
5811,REQ-0135,4,4,Agency,2024-10-22,0,0,0,0,,
5812,REQ-0135,4,4,LinkedIn,2024-11-05,1,1,1,1,1,43
5813,REQ-0135,4,4,LinkedIn,2024-10-26,0,0,0,0,,
5814,REQ-0135,4,4,Job Board,2024-10-26,0,0,0,0,,
5815,REQ-0135,4,4,Job Board,2024-10-25,1,1,0,0,,
5816,REQ-0135,4,4,LinkedIn,2024-10-25,1,0,0,0,,
5817,REQ-0135,4,4,Career Site,2024-11-01,0,0,0,0,,
5818,REQ-0135,4,4,Career Site,2024-10-22,1,0,0,0,,
5819,REQ-0135,4,4,LinkedIn,2024-11-10,1,1,1,1,1,43
5820,REQ-0135,4,4,Career Site,2024-11-04,1,0,0,0,,
5821,REQ-0135,4,4,Employee Referral,2024-11-05,1,1,0,0,,
5822,REQ-0135,4,4,Job Board,2024-11-04,1,1,1,1,1,43
5823,REQ-0135,4,4,Career Site,2024-10-29,1,1,1,1,1,43
5824,REQ-0135,4,4,LinkedIn,2024-11-07,0,0,0,0,,
5825,REQ-0135,4,4,Career Site,2024-10-30,1,0,0,0,,
5826,REQ-0135,4,4,LinkedIn,2024-11-10,0,0,0,0,,
5827,REQ-0135,4,4,Employee Referral,2024-10-23,1,0,0,0,,
5828,REQ-0135,4,4,Agency,2024-10-26,1,0,0,0,,
5829,REQ-0135,4,4,Employee Referral,2024-10-22,1,0,0,0,,
5830,REQ-0135,4,4,Employee Referral,2024-11-06,1,1,1,1,1,43
5831,REQ-0135,4,4,Job Board,2024-10-25,0,0,0,0,,
5832,REQ-0135,4,4,Agency,2024-10-28,0,0,0,0,,
5833,REQ-0135,4,4,Employee Referral,2024-10-29,1,1,0,0,,
5834,REQ-0135,4,4,Career Site,2024-11-02,0,0,0,0,,
5835,REQ-0135,4,4,Job Board,2024-11-01,0,0,0,0,,
5836,REQ-0135,4,4,Career Site,2024-10-20,0,0,0,0,,
5837,REQ-0135,4,4,Employee Referral,2024-10-27,1,1,0,0,,
5838,REQ-0135,4,4,LinkedIn,2024-10-26,0,0,0,0,,
5839,REQ-0135,4,4,Career Site,2024-10-20,1,0,0,0,,
5840,REQ-0135,4,4,Agency,2024-10-18,1,1,1,1,1,43
5841,REQ-0135,4,4,Employee Referral,2024-11-07,1,0,0,0,,
5842,REQ-0135,4,4,Job Board,2024-10-27,1,0,0,0,,
5843,REQ-0135,4,4,LinkedIn,2024-10-28,0,0,0,0,,
5844,REQ-0135,4,4,LinkedIn,2024-10-20,0,0,0,0,,
5845,REQ-0135,4,4,LinkedIn,2024-11-10,0,0,0,0,,
5846,REQ-0135,4,4,Career Site,2024-11-06,1,0,0,0,,
5847,REQ-0135,4,4,LinkedIn,2024-10-25,1,1,1,1,1,43
5848,REQ-0135,4,4,Employee Referral,2024-11-01,1,0,0,0,,
5849,REQ-0135,4,4,Job Board,2024-10-29,1,1,0,0,,
5850,REQ-0135,4,4,Employee Referral,2024-11-10,1,1,0,0,,
5851,REQ-0135,4,4,Job Board,2024-10-21,1,1,0,0,,
5852,REQ-0135,4,4,Employee Referral,2024-10-22,1,1,0,0,,
5853,REQ-0135,4,4,Agency,2024-11-07,1,1,1,0,0,
5854,REQ-0135,4,4,LinkedIn,2024-11-02,1,1,0,0,,
5855,REQ-0135,4,4,Career Site,2024-10-31,0,0,0,0,,
5856,REQ-0135,4,4,LinkedIn,2024-11-02,0,0,0,0,,
5857,REQ-0135,4,4,LinkedIn,2024-11-05,1,1,0,0,,
5858,REQ-0135,4,4,LinkedIn,2024-11-04,0,0,0,0,,
5859,REQ-0135,4,4,LinkedIn,2024-10-21,1,0,0,0,,
5860,REQ-0135,4,4,Employee Referral,2024-11-06,0,0,0,0,,
5861,REQ-0135,4,4,Employee Referral,2024-11-05,0,0,0,0,,
5862,REQ-0135,4,4,Job Board,2024-10-23,1,1,0,0,,
5863,REQ-0135,4,4,LinkedIn,2024-11-06,1,0,0,0,,
5864,REQ-0135,4,4,Job Board,2024-10-23,0,0,0,0,,
5865,REQ-0135,4,4,Job Board,2024-11-05,1,1,0,0,,
5866,REQ-0135,4,4,LinkedIn,2024-10-29,0,0,0,0,,
5867,REQ-0135,4,4,Job Board,2024-10-18,0,0,0,0,,
5868,REQ-0136,12,5,Agency,2024-11-29,1,0,0,0,,
5869,REQ-0136,12,5,Employee Referral,2024-11-14,0,0,0,0,,
5870,REQ-0136,12,5,Job Board,2024-11-20,0,0,0,0,,
5871,REQ-0136,12,5,Agency,2024-11-29,0,0,0,0,,
5872,REQ-0136,12,5,Career Site,2024-11-16,0,0,0,0,,
5873,REQ-0136,12,5,Job Board,2024-11-17,1,1,0,0,,
5874,REQ-0136,12,5,Career Site,2024-11-18,1,1,1,0,0,
5875,REQ-0136,12,5,LinkedIn,2024-11-24,1,0,0,0,,
5876,REQ-0136,12,5,LinkedIn,2024-11-30,1,0,0,0,,
5877,REQ-0136,12,5,Career Site,2024-11-10,0,0,0,0,,
5878,REQ-0136,12,5,LinkedIn,2024-11-09,0,0,0,0,,
5879,REQ-0136,12,5,LinkedIn,2024-11-30,0,0,0,0,,
5880,REQ-0136,12,5,Career Site,2024-11-20,0,0,0,0,,
5881,REQ-0136,12,5,LinkedIn,2024-11-19,0,0,0,0,,
5882,REQ-0136,12,5,LinkedIn,2024-11-18,0,0,0,0,,
5883,REQ-0136,12,5,Agency,2024-11-25,1,1,0,0,,
5884,REQ-0136,12,5,Job Board,2024-11-12,1,1,0,0,,
5885,REQ-0136,12,5,Employee Referral,2024-12-03,0,0,0,0,,
5886,REQ-0136,12,5,Career Site,2024-11-12,1,0,0,0,,
5887,REQ-0137,6,5,Employee Referral,2025-03-16,1,1,0,0,,
5888,REQ-0137,6,5,Employee Referral,2025-03-31,1,0,0,0,,
5889,REQ-0137,6,5,LinkedIn,2025-03-23,1,1,0,0,,
5890,REQ-0137,6,5,Agency,2025-03-25,1,0,0,0,,
5891,REQ-0137,6,5,Employee Referral,2025-03-25,1,0,0,0,,
5892,REQ-0137,6,5,LinkedIn,2025-04-02,0,0,0,0,,
5893,REQ-0137,6,5,LinkedIn,2025-03-21,1,0,0,0,,
5894,REQ-0137,6,5,LinkedIn,2025-03-27,1,0,0,0,,
5895,REQ-0137,6,5,Career Site,2025-03-11,0,0,0,0,,
5896,REQ-0137,6,5,Job Board,2025-03-18,1,0,0,0,,
5897,REQ-0137,6,5,LinkedIn,2025-03-18,1,1,1,1,1,35
5898,REQ-0137,6,5,Job Board,2025-03-16,1,0,0,0,,
5899,REQ-0137,6,5,Job Board,2025-03-08,0,0,0,0,,
5900,REQ-0137,6,5,Agency,2025-03-23,1,1,1,0,0,
5901,REQ-0137,6,5,Agency,2025-03-11,0,0,0,0,,
5902,REQ-0137,6,5,Job Board,2025-03-18,1,0,0,0,,
5903,REQ-0137,6,5,LinkedIn,2025-03-12,0,0,0,0,,
5904,REQ-0137,6,5,LinkedIn,2025-03-22,1,1,0,0,,
5905,REQ-0137,6,5,LinkedIn,2025-03-21,0,0,0,0,,
5906,REQ-0137,6,5,Employee Referral,2025-03-17,0,0,0,0,,
5907,REQ-0137,6,5,Job Board,2025-03-08,1,1,0,0,,
5908,REQ-0137,6,5,Job Board,2025-04-01,1,1,0,0,,
5909,REQ-0137,6,5,Employee Referral,2025-03-08,1,0,0,0,,
5910,REQ-0137,6,5,Agency,2025-03-09,1,1,0,0,,
5911,REQ-0137,6,5,Employee Referral,2025-03-22,1,0,0,0,,
5912,REQ-0137,6,5,LinkedIn,2025-03-14,0,0,0,0,,
5913,REQ-0137,6,5,Job Board,2025-03-19,1,1,0,0,,
5914,REQ-0137,6,5,Employee Referral,2025-03-24,0,0,0,0,,
5915,REQ-0137,6,5,LinkedIn,2025-03-26,0,0,0,0,,
5916,REQ-0137,6,5,Agency,2025-03-17,1,1,1,1,1,35
5917,REQ-0137,6,5,Employee Referral,2025-03-21,0,0,0,0,,
5918,REQ-0137,6,5,Job Board,2025-03-12,1,1,0,0,,
5919,REQ-0137,6,5,Job Board,2025-03-11,1,0,0,0,,
5920,REQ-0137,6,5,Career Site,2025-03-23,0,0,0,0,,
5921,REQ-0137,6,5,LinkedIn,2025-03-24,1,1,0,0,,
5922,REQ-0137,6,5,Agency,2025-03-13,1,1,0,0,,
5923,REQ-0137,6,5,LinkedIn,2025-03-20,1,1,0,0,,
5924,REQ-0137,6,5,Career Site,2025-03-25,0,0,0,0,,
5925,REQ-0137,6,5,Employee Referral,2025-03-18,1,1,1,1,1,35
5926,REQ-0137,6,5,Employee Referral,2025-03-23,1,1,1,0,0,
5927,REQ-0137,6,5,Agency,2025-03-23,0,0,0,0,,
5928,REQ-0137,6,5,LinkedIn,2025-03-26,1,0,0,0,,
5929,REQ-0137,6,5,LinkedIn,2025-03-25,1,0,0,0,,
5930,REQ-0137,6,5,Agency,2025-03-09,0,0,0,0,,
5931,REQ-0137,6,5,LinkedIn,2025-03-22,1,0,0,0,,
5932,REQ-0137,6,5,Career Site,2025-03-24,1,1,1,1,1,35
5933,REQ-0137,6,5,Career Site,2025-03-30,0,0,0,0,,
5934,REQ-0137,6,5,Agency,2025-03-20,1,1,1,0,0,
5935,REQ-0137,6,5,Agency,2025-03-23,0,0,0,0,,
5936,REQ-0137,6,5,Career Site,2025-03-11,0,0,0,0,,
5937,REQ-0137,6,5,Employee Referral,2025-03-18,1,1,0,0,,
5938,REQ-0137,6,5,Job Board,2025-03-31,0,0,0,0,,
5939,REQ-0137,6,5,Career Site,2025-03-13,0,0,0,0,,
5940,REQ-0137,6,5,LinkedIn,2025-03-08,0,0,0,0,,
5941,REQ-0137,6,5,Employee Referral,2025-03-25,0,0,0,0,,
5942,REQ-0137,6,5,LinkedIn,2025-03-28,1,1,1,0,0,
5943,REQ-0137,6,5,Agency,2025-03-12,1,0,0,0,,
5944,REQ-0137,6,5,Agency,2025-03-16,1,1,0,0,,
5945,REQ-0137,6,5,Job Board,2025-04-02,1,1,0,0,,
5946,REQ-0137,6,5,Job Board,2025-03-30,0,0,0,0,,
5947,REQ-0137,6,5,LinkedIn,2025-03-16,1,0,0,0,,
5948,REQ-0137,6,5,Career Site,2025-03-23,0,0,0,0,,
5949,REQ-0137,6,5,LinkedIn,2025-03-26,0,0,0,0,,
5950,REQ-0137,6,5,Career Site,2025-03-29,1,1,0,0,,
5951,REQ-0137,6,5,LinkedIn,2025-03-18,1,0,0,0,,
5952,REQ-0138,11,2,Career Site,2025-02-06,1,0,0,0,,
5953,REQ-0138,11,2,LinkedIn,2025-01-27,0,0,0,0,,
5954,REQ-0138,11,2,Agency,2025-02-14,1,1,0,0,,
5955,REQ-0138,11,2,Career Site,2025-02-05,1,1,0,0,,
5956,REQ-0138,11,2,LinkedIn,2025-01-25,1,1,1,1,1,46
5957,REQ-0138,11,2,Career Site,2025-01-26,1,1,0,0,,
5958,REQ-0138,11,2,Career Site,2025-01-28,1,0,0,0,,
5959,REQ-0138,11,2,LinkedIn,2025-02-01,1,1,0,0,,
5960,REQ-0138,11,2,Employee Referral,2025-02-01,1,1,0,0,,
5961,REQ-0138,11,2,Employee Referral,2025-02-02,1,0,0,0,,
5962,REQ-0138,11,2,Career Site,2025-01-22,1,1,0,0,,
5963,REQ-0138,11,2,Agency,2025-01-30,0,0,0,0,,
5964,REQ-0138,11,2,Career Site,2025-01-26,1,0,0,0,,
5965,REQ-0138,11,2,Job Board,2025-02-05,0,0,0,0,,
5966,REQ-0138,11,2,LinkedIn,2025-01-25,0,0,0,0,,
5967,REQ-0138,11,2,LinkedIn,2025-02-09,1,0,0,0,,
5968,REQ-0138,11,2,LinkedIn,2025-02-09,1,1,0,0,,
5969,REQ-0138,11,2,Job Board,2025-02-06,1,0,0,0,,
5970,REQ-0138,11,2,Job Board,2025-02-04,0,0,0,0,,
5971,REQ-0138,11,2,Job Board,2025-02-02,1,0,0,0,,
5972,REQ-0138,11,2,Employee Referral,2025-02-05,1,1,0,0,,
5973,REQ-0138,11,2,Career Site,2025-02-01,0,0,0,0,,
5974,REQ-0138,11,2,Employee Referral,2025-01-26,1,0,0,0,,
5975,REQ-0138,11,2,Agency,2025-02-01,1,1,0,0,,
5976,REQ-0138,11,2,Employee Referral,2025-02-08,1,0,0,0,,
5977,REQ-0138,11,2,Employee Referral,2025-02-04,1,0,0,0,,
5978,REQ-0138,11,2,Job Board,2025-02-09,0,0,0,0,,
5979,REQ-0138,11,2,Employee Referral,2025-01-27,1,0,0,0,,
5980,REQ-0138,11,2,LinkedIn,2025-01-24,1,0,0,0,,
5981,REQ-0138,11,2,Career Site,2025-01-28,0,0,0,0,,
5982,REQ-0138,11,2,Career Site,2025-02-07,1,0,0,0,,
5983,REQ-0138,11,2,Employee Referral,2025-02-04,0,0,0,0,,
5984,REQ-0138,11,2,Job Board,2025-01-20,1,0,0,0,,
5985,REQ-0138,11,2,Job Board,2025-02-05,1,0,0,0,,
5986,REQ-0138,11,2,LinkedIn,2025-01-25,1,1,0,0,,
5987,REQ-0138,11,2,Employee Referral,2025-02-12,1,1,0,0,,
5988,REQ-0138,11,2,Career Site,2025-02-13,1,1,1,0,0,
5989,REQ-0138,11,2,Employee Referral,2025-01-21,0,0,0,0,,
5990,REQ-0138,11,2,Employee Referral,2025-02-07,1,1,0,0,,
5991,REQ-0138,11,2,Job Board,2025-01-20,0,0,0,0,,
5992,REQ-0139,12,4,LinkedIn,2025-10-26,1,1,0,0,,
5993,REQ-0139,12,4,Career Site,2025-10-28,0,0,0,0,,
5994,REQ-0139,12,4,Job Board,2025-10-26,0,0,0,0,,
5995,REQ-0139,12,4,Career Site,2025-10-28,1,0,0,0,,
5996,REQ-0139,12,4,Job Board,2025-10-23,1,1,0,0,,
5997,REQ-0139,12,4,LinkedIn,2025-10-23,0,0,0,0,,
5998,REQ-0139,12,4,LinkedIn,2025-10-28,1,1,1,1,1,40
5999,REQ-0139,12,4,Career Site,2025-10-25,1,1,0,0,,
6000,REQ-0139,12,4,LinkedIn,2025-11-07,0,0,0,0,,
6001,REQ-0139,12,4,Job Board,2025-10-19,0,0,0,0,,
6002,REQ-0139,12,4,Agency,2025-10-30,1,1,0,0,,
6003,REQ-0139,12,4,LinkedIn,2025-10-24,1,0,0,0,,
6004,REQ-0139,12,4,LinkedIn,2025-11-07,1,1,0,0,,
6005,REQ-0139,12,4,Career Site,2025-10-30,1,1,0,0,,
6006,REQ-0139,12,4,Job Board,2025-10-22,1,1,0,0,,
6007,REQ-0139,12,4,Career Site,2025-10-16,0,0,0,0,,
6008,REQ-0139,12,4,Career Site,2025-10-30,1,1,0,0,,
6009,REQ-0139,12,4,Career Site,2025-10-16,0,0,0,0,,
6010,REQ-0139,12,4,LinkedIn,2025-11-05,0,0,0,0,,
6011,REQ-0139,12,4,Employee Referral,2025-10-15,1,1,0,0,,
6012,REQ-0139,12,4,Job Board,2025-10-27,1,1,0,0,,
6013,REQ-0139,12,4,Job Board,2025-10-29,1,0,0,0,,
6014,REQ-0139,12,4,LinkedIn,2025-11-08,0,0,0,0,,
6015,REQ-0139,12,4,Employee Referral,2025-10-27,1,1,0,0,,
6016,REQ-0139,12,4,Employee Referral,2025-10-26,1,1,1,1,1,40
6017,REQ-0139,12,4,LinkedIn,2025-11-04,1,1,0,0,,
6018,REQ-0139,12,4,LinkedIn,2025-10-16,1,0,0,0,,
6019,REQ-0139,12,4,LinkedIn,2025-11-08,0,0,0,0,,
6020,REQ-0139,12,4,Career Site,2025-10-31,1,0,0,0,,
6021,REQ-0139,12,4,Career Site,2025-11-04,0,0,0,0,,
6022,REQ-0139,12,4,Agency,2025-10-18,0,0,0,0,,
6023,REQ-0139,12,4,Career Site,2025-10-20,1,1,0,0,,
6024,REQ-0139,12,4,Employee Referral,2025-10-21,1,0,0,0,,
6025,REQ-0139,12,4,Career Site,2025-10-30,1,0,0,0,,
6026,REQ-0139,12,4,Employee Referral,2025-10-26,1,1,1,1,1,40
6027,REQ-0139,12,4,Job Board,2025-10-18,1,0,0,0,,
6028,REQ-0139,12,4,Employee Referral,2025-11-05,0,0,0,0,,
6029,REQ-0139,12,4,Employee Referral,2025-10-28,1,1,1,1,1,40
6030,REQ-0139,12,4,Employee Referral,2025-10-31,1,0,0,0,,
6031,REQ-0139,12,4,Career Site,2025-10-16,0,0,0,0,,
6032,REQ-0139,12,4,Agency,2025-10-24,1,0,0,0,,
6033,REQ-0139,12,4,LinkedIn,2025-10-21,1,1,0,0,,
6034,REQ-0139,12,4,Career Site,2025-11-03,1,0,0,0,,
6035,REQ-0139,12,4,Job Board,2025-10-29,0,0,0,0,,
6036,REQ-0139,12,4,LinkedIn,2025-10-20,0,0,0,0,,
6037,REQ-0139,12,4,Job Board,2025-10-26,0,0,0,0,,
6038,REQ-0139,12,4,LinkedIn,2025-11-02,1,0,0,0,,
6039,REQ-0139,12,4,LinkedIn,2025-10-18,1,0,0,0,,
6040,REQ-0140,10,2,Career Site,2025-12-19,1,1,0,0,,
6041,REQ-0140,10,2,Employee Referral,2025-12-25,1,0,0,0,,
6042,REQ-0140,10,2,Career Site,2025-12-01,0,0,0,0,,
6043,REQ-0140,10,2,Job Board,2025-12-10,1,0,0,0,,
6044,REQ-0140,10,2,LinkedIn,2025-12-06,1,0,0,0,,
6045,REQ-0140,10,2,Career Site,2025-12-02,0,0,0,0,,
6046,REQ-0140,10,2,Job Board,2025-12-18,0,0,0,0,,
6047,REQ-0140,10,2,Job Board,2025-12-22,1,1,0,0,,
6048,REQ-0140,10,2,Career Site,2025-12-13,0,0,0,0,,
6049,REQ-0140,10,2,LinkedIn,2025-12-01,0,0,0,0,,
6050,REQ-0140,10,2,Employee Referral,2025-12-17,1,1,0,0,,
6051,REQ-0140,10,2,Career Site,2025-12-03,0,0,0,0,,
6052,REQ-0140,10,2,Employee Referral,2025-12-14,1,0,0,0,,
6053,REQ-0140,10,2,Career Site,2025-12-17,1,0,0,0,,
6054,REQ-0140,10,2,Career Site,2025-12-05,0,0,0,0,,
6055,REQ-0140,10,2,Career Site,2025-12-09,1,1,1,1,1,34
6056,REQ-0140,10,2,Employee Referral,2025-12-09,1,0,0,0,,
6057,REQ-0140,10,2,Employee Referral,2025-12-22,1,0,0,0,,
6058,REQ-0140,10,2,Agency,2025-12-14,1,1,0,0,,
6059,REQ-0140,10,2,Career Site,2025-12-21,1,0,0,0,,
6060,REQ-0140,10,2,Career Site,2025-11-30,0,0,0,0,,
6061,REQ-0140,10,2,Job Board,2025-12-03,0,0,0,0,,
6062,REQ-0141,6,1,Employee Referral,2025-01-05,1,1,0,0,,
6063,REQ-0141,6,1,Employee Referral,2024-12-25,0,0,0,0,,
6064,REQ-0141,6,1,Job Board,2024-12-29,0,0,0,0,,
6065,REQ-0141,6,1,LinkedIn,2025-01-13,1,0,0,0,,
6066,REQ-0141,6,1,Career Site,2024-12-22,1,0,0,0,,
6067,REQ-0141,6,1,LinkedIn,2025-01-11,1,1,1,1,1,32
6068,REQ-0141,6,1,Employee Referral,2024-12-31,1,0,0,0,,
6069,REQ-0141,6,1,Job Board,2024-12-28,0,0,0,0,,
6070,REQ-0141,6,1,LinkedIn,2024-12-24,0,0,0,0,,
6071,REQ-0141,6,1,LinkedIn,2025-01-08,1,0,0,0,,
6072,REQ-0141,6,1,LinkedIn,2024-12-29,1,1,0,0,,
6073,REQ-0141,6,1,Employee Referral,2025-01-08,1,1,0,0,,
6074,REQ-0141,6,1,Employee Referral,2025-01-07,0,0,0,0,,
6075,REQ-0141,6,1,Employee Referral,2025-01-07,0,0,0,0,,
6076,REQ-0141,6,1,Job Board,2024-12-30,1,1,0,0,,
6077,REQ-0141,6,1,LinkedIn,2025-01-12,0,0,0,0,,
6078,REQ-0141,6,1,Career Site,2025-01-13,0,0,0,0,,
6079,REQ-0141,6,1,Employee Referral,2024-12-20,0,0,0,0,,
6080,REQ-0141,6,1,LinkedIn,2025-01-03,1,0,0,0,,
6081,REQ-0141,6,1,Agency,2025-01-03,1,1,1,1,1,32
6082,REQ-0141,6,1,Employee Referral,2025-01-04,0,0,0,0,,
6083,REQ-0142,9,4,Career Site,2025-03-15,0,0,0,0,,
6084,REQ-0142,9,4,Job Board,2025-03-29,0,0,0,0,,
6085,REQ-0142,9,4,Job Board,2025-03-27,0,0,0,0,,
6086,REQ-0142,9,4,Agency,2025-03-24,1,1,0,0,,
6087,REQ-0142,9,4,Job Board,2025-04-05,0,0,0,0,,
6088,REQ-0142,9,4,Career Site,2025-03-25,0,0,0,0,,
6089,REQ-0142,9,4,Employee Referral,2025-04-09,0,0,0,0,,
6090,REQ-0142,9,4,Employee Referral,2025-04-09,0,0,0,0,,
6091,REQ-0142,9,4,Career Site,2025-03-18,0,0,0,0,,
6092,REQ-0142,9,4,LinkedIn,2025-03-29,1,1,0,0,,
6093,REQ-0142,9,4,Job Board,2025-03-17,0,0,0,0,,
6094,REQ-0142,9,4,Agency,2025-04-04,1,1,1,1,1,28
6095,REQ-0142,9,4,Employee Referral,2025-03-19,1,1,1,0,0,
6096,REQ-0142,9,4,Agency,2025-03-25,1,1,0,0,,
6097,REQ-0142,9,4,Employee Referral,2025-04-06,0,0,0,0,,
6098,REQ-0142,9,4,Career Site,2025-03-19,0,0,0,0,,
6099,REQ-0142,9,4,Job Board,2025-04-04,0,0,0,0,,
6100,REQ-0142,9,4,LinkedIn,2025-03-17,1,1,1,1,1,28
6101,REQ-0142,9,4,LinkedIn,2025-04-07,1,1,0,0,,
6102,REQ-0142,9,4,Agency,2025-03-20,1,1,0,0,,
6103,REQ-0142,9,4,Career Site,2025-03-15,1,0,0,0,,
6104,REQ-0142,9,4,Employee Referral,2025-03-20,1,0,0,0,,
6105,REQ-0142,9,4,Career Site,2025-04-04,0,0,0,0,,
6106,REQ-0142,9,4,LinkedIn,2025-04-08,1,1,0,0,,
6107,REQ-0142,9,4,Job Board,2025-04-05,1,1,0,0,,
6108,REQ-0142,9,4,Job Board,2025-03-15,1,1,1,0,0,
6109,REQ-0142,9,4,Job Board,2025-03-21,1,0,0,0,,
6110,REQ-0142,9,4,Career Site,2025-04-01,0,0,0,0,,
6111,REQ-0142,9,4,Career Site,2025-03-18,0,0,0,0,,
6112,REQ-0142,9,4,LinkedIn,2025-04-09,0,0,0,0,,
6113,REQ-0142,9,4,Employee Referral,2025-03-15,1,1,0,0,,
6114,REQ-0142,9,4,Career Site,2025-03-21,0,0,0,0,,
6115,REQ-0142,9,4,Career Site,2025-03-30,1,1,0,0,,
6116,REQ-0142,9,4,Agency,2025-04-09,0,0,0,0,,
6117,REQ-0142,9,4,Career Site,2025-03-17,0,0,0,0,,
6118,REQ-0143,1,1,Career Site,2026-04-16,0,0,0,0,,
6119,REQ-0143,1,1,Job Board,2026-04-09,1,0,0,0,,
6120,REQ-0143,1,1,LinkedIn,2026-04-02,1,0,0,0,,
6121,REQ-0143,1,1,Career Site,2026-04-11,1,1,0,0,,
6122,REQ-0143,1,1,LinkedIn,2026-04-01,1,1,1,0,0,
6123,REQ-0143,1,1,LinkedIn,2026-03-28,1,1,0,0,,
6124,REQ-0143,1,1,Career Site,2026-03-30,1,0,0,0,,
6125,REQ-0143,1,1,Career Site,2026-04-02,0,0,0,0,,
6126,REQ-0143,1,1,Job Board,2026-04-07,1,0,0,0,,
6127,REQ-0143,1,1,Employee Referral,2026-04-08,0,0,0,0,,
6128,REQ-0143,1,1,LinkedIn,2026-04-09,0,0,0,0,,
6129,REQ-0143,1,1,Employee Referral,2026-04-12,0,0,0,0,,
6130,REQ-0143,1,1,Job Board,2026-03-30,0,0,0,0,,
6131,REQ-0143,1,1,Job Board,2026-04-09,1,0,0,0,,
6132,REQ-0143,1,1,Job Board,2026-04-03,1,0,0,0,,
6133,REQ-0143,1,1,LinkedIn,2026-04-02,0,0,0,0,,
6134,REQ-0143,1,1,Agency,2026-04-12,1,0,0,0,,
6135,REQ-0143,1,1,Employee Referral,2026-04-01,0,0,0,0,,
6136,REQ-0143,1,1,LinkedIn,2026-04-11,1,1,0,0,,
6137,REQ-0143,1,1,Employee Referral,2026-03-30,1,0,0,0,,
6138,REQ-0143,1,1,Career Site,2026-04-10,0,0,0,0,,
6139,REQ-0143,1,1,LinkedIn,2026-04-07,0,0,0,0,,
6140,REQ-0143,1,1,Employee Referral,2026-04-18,1,0,0,0,,
6141,REQ-0143,1,1,LinkedIn,2026-04-10,1,1,1,1,1,79
6142,REQ-0143,1,1,Job Board,2026-04-13,1,0,0,0,,
6143,REQ-0143,1,1,Job Board,2026-04-05,0,0,0,0,,
6144,REQ-0143,1,1,Employee Referral,2026-04-20,0,0,0,0,,
6145,REQ-0143,1,1,Employee Referral,2026-04-16,1,1,0,0,,
6146,REQ-0143,1,1,Career Site,2026-04-04,1,0,0,0,,
6147,REQ-0143,1,1,Job Board,2026-03-29,0,0,0,0,,
6148,REQ-0143,1,1,Career Site,2026-04-17,0,0,0,0,,
6149,REQ-0143,1,1,Career Site,2026-04-20,1,0,0,0,,
6150,REQ-0143,1,1,LinkedIn,2026-03-30,1,1,0,0,,
6151,REQ-0143,1,1,Job Board,2026-04-13,1,1,1,1,1,79
6152,REQ-0143,1,1,Job Board,2026-03-31,0,0,0,0,,
6153,REQ-0143,1,1,LinkedIn,2026-03-30,1,1,0,0,,
6154,REQ-0143,1,1,Career Site,2026-04-16,1,1,0,0,,
6155,REQ-0143,1,1,LinkedIn,2026-04-19,1,0,0,0,,
6156,REQ-0143,1,1,LinkedIn,2026-04-19,0,0,0,0,,
6157,REQ-0143,1,1,Job Board,2026-03-30,0,0,0,0,,
6158,REQ-0143,1,1,Job Board,2026-04-13,1,0,0,0,,
6159,REQ-0143,1,1,Career Site,2026-03-30,1,1,0,0,,
6160,REQ-0143,1,1,Job Board,2026-04-14,0,0,0,0,,
6161,REQ-0143,1,1,Job Board,2026-03-27,1,1,0,0,,
6162,REQ-0143,1,1,Job Board,2026-04-02,1,1,0,0,,
6163,REQ-0143,1,1,Job Board,2026-03-29,0,0,0,0,,
6164,REQ-0143,1,1,Job Board,2026-04-08,1,0,0,0,,
6165,REQ-0143,1,1,Career Site,2026-04-21,1,1,0,0,,
6166,REQ-0143,1,1,LinkedIn,2026-04-05,1,1,1,1,1,79
6167,REQ-0143,1,1,Job Board,2026-04-17,0,0,0,0,,
6168,REQ-0143,1,1,LinkedIn,2026-04-02,1,1,0,0,,
6169,REQ-0143,1,1,Employee Referral,2026-04-14,1,0,0,0,,
6170,REQ-0143,1,1,Employee Referral,2026-03-31,1,1,0,0,,
6171,REQ-0143,1,1,LinkedIn,2026-04-03,1,1,0,0,,
6172,REQ-0143,1,1,Career Site,2026-04-18,0,0,0,0,,
6173,REQ-0144,4,2,LinkedIn,2025-03-10,0,0,0,0,,
6174,REQ-0144,4,2,Agency,2025-03-02,0,0,0,0,,
6175,REQ-0144,4,2,LinkedIn,2025-03-03,1,1,1,0,0,
6176,REQ-0144,4,2,LinkedIn,2025-02-23,0,0,0,0,,
6177,REQ-0144,4,2,Agency,2025-03-04,1,1,0,0,,
6178,REQ-0144,4,2,LinkedIn,2025-02-22,1,1,0,0,,
6179,REQ-0144,4,2,LinkedIn,2025-02-14,1,1,1,1,1,80
6180,REQ-0144,4,2,LinkedIn,2025-02-21,0,0,0,0,,
6181,REQ-0144,4,2,Job Board,2025-03-04,1,1,1,1,1,80
6182,REQ-0144,4,2,Job Board,2025-03-11,0,0,0,0,,
6183,REQ-0144,4,2,Career Site,2025-03-02,1,0,0,0,,
6184,REQ-0144,4,2,LinkedIn,2025-03-08,1,1,1,0,0,
6185,REQ-0144,4,2,Career Site,2025-03-02,0,0,0,0,,
6186,REQ-0144,4,2,LinkedIn,2025-02-16,1,0,0,0,,
6187,REQ-0144,4,2,LinkedIn,2025-03-11,1,1,0,0,,
6188,REQ-0144,4,2,LinkedIn,2025-02-20,1,1,1,1,1,80
6189,REQ-0144,4,2,Job Board,2025-02-19,1,1,0,0,,
6190,REQ-0144,4,2,LinkedIn,2025-02-28,1,1,0,0,,
6191,REQ-0144,4,2,Agency,2025-02-17,1,0,0,0,,
6192,REQ-0144,4,2,Employee Referral,2025-03-09,1,0,0,0,,
6193,REQ-0144,4,2,Career Site,2025-03-05,0,0,0,0,,
6194,REQ-0145,5,4,Employee Referral,2025-12-03,1,0,0,0,,
6195,REQ-0145,5,4,Job Board,2025-11-21,1,0,0,0,,
6196,REQ-0145,5,4,Job Board,2025-12-06,0,0,0,0,,
6197,REQ-0145,5,4,Employee Referral,2025-12-03,1,1,1,0,0,
6198,REQ-0145,5,4,Job Board,2025-11-21,1,0,0,0,,
6199,REQ-0145,5,4,Job Board,2025-12-10,0,0,0,0,,
6200,REQ-0145,5,4,Agency,2025-11-25,1,0,0,0,,
6201,REQ-0145,5,4,Agency,2025-12-01,1,0,0,0,,
6202,REQ-0145,5,4,LinkedIn,2025-12-08,1,1,0,0,,
6203,REQ-0145,5,4,LinkedIn,2025-12-06,0,0,0,0,,
6204,REQ-0145,5,4,Employee Referral,2025-12-15,1,0,0,0,,
6205,REQ-0145,5,4,Job Board,2025-12-02,0,0,0,0,,
6206,REQ-0145,5,4,Career Site,2025-12-14,1,1,1,1,1,42
6207,REQ-0145,5,4,Job Board,2025-12-06,1,1,0,0,,
6208,REQ-0145,5,4,Career Site,2025-12-15,1,1,0,0,,
6209,REQ-0145,5,4,LinkedIn,2025-11-29,0,0,0,0,,
6210,REQ-0145,5,4,Job Board,2025-11-29,0,0,0,0,,
6211,REQ-0145,5,4,LinkedIn,2025-11-22,0,0,0,0,,
6212,REQ-0145,5,4,Agency,2025-12-16,1,1,0,0,,
6213,REQ-0145,5,4,LinkedIn,2025-12-13,1,1,0,0,,
6214,REQ-0145,5,4,Career Site,2025-11-26,1,0,0,0,,
6215,REQ-0145,5,4,Career Site,2025-11-30,1,1,0,0,,
6216,REQ-0145,5,4,Employee Referral,2025-12-08,0,0,0,0,,
6217,REQ-0145,5,4,Job Board,2025-12-11,1,0,0,0,,
6218,REQ-0145,5,4,Job Board,2025-12-11,1,0,0,0,,
6219,REQ-0145,5,4,LinkedIn,2025-11-27,0,0,0,0,,
6220,REQ-0145,5,4,LinkedIn,2025-11-29,0,0,0,0,,
6221,REQ-0145,5,4,Job Board,2025-12-14,1,0,0,0,,
6222,REQ-0145,5,4,LinkedIn,2025-12-14,1,0,0,0,,
6223,REQ-0145,5,4,Agency,2025-11-21,1,1,1,1,1,42
6224,REQ-0145,5,4,LinkedIn,2025-12-16,1,0,0,0,,
6225,REQ-0145,5,4,Employee Referral,2025-11-22,1,0,0,0,,
6226,REQ-0145,5,4,Job Board,2025-12-11,1,1,0,0,,
6227,REQ-0145,5,4,Employee Referral,2025-11-30,1,1,0,0,,
6228,REQ-0145,5,4,Career Site,2025-12-11,1,0,0,0,,
6229,REQ-0145,5,4,LinkedIn,2025-12-06,1,1,0,0,,
6230,REQ-0145,5,4,Job Board,2025-12-08,0,0,0,0,,
6231,REQ-0145,5,4,Agency,2025-12-12,0,0,0,0,,
6232,REQ-0145,5,4,Employee Referral,2025-11-26,1,0,0,0,,
6233,REQ-0145,5,4,LinkedIn,2025-11-24,1,0,0,0,,
6234,REQ-0145,5,4,Career Site,2025-11-24,1,1,0,0,,
6235,REQ-0145,5,4,Job Board,2025-12-14,0,0,0,0,,
6236,REQ-0145,5,4,LinkedIn,2025-12-08,1,1,0,0,,
6237,REQ-0145,5,4,Job Board,2025-11-27,1,0,0,0,,
6238,REQ-0145,5,4,Job Board,2025-11-29,1,1,0,0,,
6239,REQ-0145,5,4,Employee Referral,2025-12-08,0,0,0,0,,
6240,REQ-0145,5,4,Career Site,2025-12-03,1,1,0,0,,
6241,REQ-0145,5,4,LinkedIn,2025-12-13,1,1,0,0,,
6242,REQ-0145,5,4,Job Board,2025-12-04,1,0,0,0,,
6243,REQ-0145,5,4,Job Board,2025-12-14,1,0,0,0,,
6244,REQ-0145,5,4,Job Board,2025-12-15,0,0,0,0,,
6245,REQ-0145,5,4,LinkedIn,2025-11-29,1,1,1,1,1,42
6246,REQ-0145,5,4,Agency,2025-11-23,1,1,0,0,,
6247,REQ-0145,5,4,Career Site,2025-12-05,1,1,0,0,,
6248,REQ-0145,5,4,LinkedIn,2025-12-14,1,1,1,1,1,42
6249,REQ-0145,5,4,LinkedIn,2025-12-13,1,1,1,0,0,
6250,REQ-0145,5,4,LinkedIn,2025-11-26,0,0,0,0,,
6251,REQ-0145,5,4,Employee Referral,2025-11-26,1,0,0,0,,
6252,REQ-0145,5,4,LinkedIn,2025-12-05,1,1,0,0,,
6253,REQ-0145,5,4,Job Board,2025-11-22,1,1,1,0,0,
6254,REQ-0145,5,4,LinkedIn,2025-12-14,1,0,0,0,,
6255,REQ-0145,5,4,LinkedIn,2025-12-04,1,1,0,0,,
6256,REQ-0145,5,4,Employee Referral,2025-11-22,0,0,0,0,,
6257,REQ-0145,5,4,LinkedIn,2025-12-08,1,1,1,0,0,
6258,REQ-0145,5,4,Career Site,2025-12-13,1,1,0,0,,
6259,REQ-0145,5,4,LinkedIn,2025-11-30,0,0,0,0,,
6260,REQ-0145,5,4,LinkedIn,2025-11-27,0,0,0,0,,
6261,REQ-0145,5,4,Employee Referral,2025-11-22,1,1,0,0,,
6262,REQ-0145,5,4,Employee Referral,2025-12-08,1,1,1,0,0,
6263,REQ-0146,11,5,Career Site,2025-12-11,1,1,1,1,1,39
6264,REQ-0146,11,5,Employee Referral,2025-12-09,1,1,0,0,,
6265,REQ-0146,11,5,Agency,2025-12-10,1,0,0,0,,
6266,REQ-0146,11,5,Career Site,2025-12-07,1,0,0,0,,
6267,REQ-0146,11,5,Job Board,2025-12-12,1,1,1,1,1,39
6268,REQ-0146,11,5,LinkedIn,2025-12-04,1,0,0,0,,
6269,REQ-0146,11,5,Employee Referral,2025-12-01,1,1,1,0,0,
6270,REQ-0146,11,5,Career Site,2025-11-29,1,1,0,0,,
6271,REQ-0146,11,5,Employee Referral,2025-12-10,1,1,1,0,0,
6272,REQ-0146,11,5,Job Board,2025-11-19,0,0,0,0,,
6273,REQ-0146,11,5,Employee Referral,2025-11-25,0,0,0,0,,
6274,REQ-0146,11,5,Employee Referral,2025-12-09,1,1,1,1,1,39
6275,REQ-0146,11,5,Job Board,2025-12-06,1,0,0,0,,
6276,REQ-0146,11,5,LinkedIn,2025-11-27,0,0,0,0,,
6277,REQ-0146,11,5,Employee Referral,2025-11-24,0,0,0,0,,
6278,REQ-0146,11,5,Employee Referral,2025-11-19,0,0,0,0,,
6279,REQ-0146,11,5,LinkedIn,2025-12-07,1,0,0,0,,
6280,REQ-0146,11,5,LinkedIn,2025-12-10,1,0,0,0,,
6281,REQ-0146,11,5,Career Site,2025-11-18,1,0,0,0,,
6282,REQ-0146,11,5,Career Site,2025-11-26,1,0,0,0,,
6283,REQ-0146,11,5,Job Board,2025-11-17,1,1,0,0,,
6284,REQ-0146,11,5,Employee Referral,2025-12-07,1,1,1,1,1,39
6285,REQ-0146,11,5,Job Board,2025-11-27,0,0,0,0,,
6286,REQ-0146,11,5,Job Board,2025-11-29,0,0,0,0,,
6287,REQ-0146,11,5,Job Board,2025-11-24,1,0,0,0,,
6288,REQ-0146,11,5,LinkedIn,2025-11-18,1,0,0,0,,
6289,REQ-0146,11,5,Employee Referral,2025-11-27,1,1,0,0,,
6290,REQ-0146,11,5,Agency,2025-11-21,1,1,0,0,,
6291,REQ-0146,11,5,Employee Referral,2025-11-17,0,0,0,0,,
6292,REQ-0146,11,5,Employee Referral,2025-11-17,1,1,0,0,,
6293,REQ-0146,11,5,LinkedIn,2025-11-28,0,0,0,0,,
6294,REQ-0146,11,5,Job Board,2025-12-09,1,1,1,1,1,39
6295,REQ-0146,11,5,Career Site,2025-11-20,0,0,0,0,,
6296,REQ-0146,11,5,Job Board,2025-11-24,1,0,0,0,,
6297,REQ-0146,11,5,Job Board,2025-12-11,0,0,0,0,,
6298,REQ-0146,11,5,Employee Referral,2025-11-22,1,1,0,0,,
6299,REQ-0146,11,5,Agency,2025-11-29,1,0,0,0,,
6300,REQ-0146,11,5,LinkedIn,2025-11-26,1,0,0,0,,
6301,REQ-0146,11,5,LinkedIn,2025-12-10,1,1,1,1,1,39
6302,REQ-0146,11,5,LinkedIn,2025-12-02,0,0,0,0,,
6303,REQ-0146,11,5,Career Site,2025-11-23,1,1,0,0,,
6304,REQ-0146,11,5,Job Board,2025-11-29,1,1,1,1,1,39
6305,REQ-0146,11,5,Agency,2025-11-21,1,0,0,0,,
6306,REQ-0146,11,5,LinkedIn,2025-12-02,0,0,0,0,,
6307,REQ-0146,11,5,Employee Referral,2025-11-28,1,0,0,0,,
6308,REQ-0146,11,5,Career Site,2025-12-02,0,0,0,0,,
6309,REQ-0146,11,5,LinkedIn,2025-12-04,0,0,0,0,,
6310,REQ-0146,11,5,LinkedIn,2025-12-03,1,0,0,0,,
6311,REQ-0146,11,5,Career Site,2025-11-20,1,1,0,0,,
6312,REQ-0146,11,5,Employee Referral,2025-11-25,0,0,0,0,,
6313,REQ-0146,11,5,Career Site,2025-12-09,0,0,0,0,,
6314,REQ-0146,11,5,Job Board,2025-11-26,0,0,0,0,,
6315,REQ-0147,5,6,LinkedIn,2024-10-19,0,0,0,0,,
6316,REQ-0147,5,6,Employee Referral,2024-10-21,1,1,1,1,1,45
6317,REQ-0147,5,6,LinkedIn,2024-10-30,1,0,0,0,,
6318,REQ-0147,5,6,Agency,2024-10-25,1,1,0,0,,
6319,REQ-0147,5,6,LinkedIn,2024-11-04,0,0,0,0,,
6320,REQ-0147,5,6,Job Board,2024-10-26,1,0,0,0,,
6321,REQ-0147,5,6,Agency,2024-10-26,1,0,0,0,,
6322,REQ-0147,5,6,Job Board,2024-11-12,0,0,0,0,,
6323,REQ-0147,5,6,Career Site,2024-10-24,1,0,0,0,,
6324,REQ-0147,5,6,Job Board,2024-11-12,0,0,0,0,,
6325,REQ-0147,5,6,Career Site,2024-10-22,0,0,0,0,,
6326,REQ-0147,5,6,Job Board,2024-10-29,1,0,0,0,,
6327,REQ-0147,5,6,LinkedIn,2024-11-13,1,1,0,0,,
6328,REQ-0147,5,6,LinkedIn,2024-10-22,1,1,1,0,0,
6329,REQ-0147,5,6,Employee Referral,2024-11-05,0,0,0,0,,
6330,REQ-0147,5,6,Job Board,2024-10-19,0,0,0,0,,
6331,REQ-0147,5,6,LinkedIn,2024-10-24,1,1,1,1,1,45
6332,REQ-0147,5,6,LinkedIn,2024-10-22,1,1,0,0,,
6333,REQ-0147,5,6,Employee Referral,2024-11-11,1,1,0,0,,
6334,REQ-0147,5,6,Job Board,2024-10-27,1,0,0,0,,
6335,REQ-0147,5,6,LinkedIn,2024-11-12,0,0,0,0,,
6336,REQ-0147,5,6,Employee Referral,2024-11-04,1,1,0,0,,
6337,REQ-0147,5,6,Career Site,2024-10-25,0,0,0,0,,
6338,REQ-0147,5,6,Employee Referral,2024-11-02,1,1,1,1,1,45
6339,REQ-0147,5,6,Job Board,2024-11-01,1,0,0,0,,
6340,REQ-0147,5,6,Job Board,2024-11-01,0,0,0,0,,
6341,REQ-0147,5,6,Job Board,2024-10-31,0,0,0,0,,
6342,REQ-0147,5,6,Employee Referral,2024-10-19,1,0,0,0,,
6343,REQ-0147,5,6,Job Board,2024-11-12,0,0,0,0,,
6344,REQ-0147,5,6,LinkedIn,2024-11-10,0,0,0,0,,
6345,REQ-0147,5,6,Job Board,2024-10-24,1,1,1,1,1,45
6346,REQ-0147,5,6,Job Board,2024-11-10,0,0,0,0,,
6347,REQ-0147,5,6,Career Site,2024-10-27,1,1,0,0,,
6348,REQ-0147,5,6,Employee Referral,2024-10-28,0,0,0,0,,
6349,REQ-0147,5,6,Employee Referral,2024-10-24,1,1,1,0,0,
6350,REQ-0147,5,6,Employee Referral,2024-10-20,1,1,0,0,,
6351,REQ-0147,5,6,LinkedIn,2024-11-04,1,1,1,1,1,45
6352,REQ-0147,5,6,Career Site,2024-10-31,1,1,1,1,1,45
6353,REQ-0147,5,6,Career Site,2024-10-20,0,0,0,0,,
6354,REQ-0147,5,6,LinkedIn,2024-11-06,1,0,0,0,,
6355,REQ-0147,5,6,Job Board,2024-10-27,1,0,0,0,,
6356,REQ-0147,5,6,Employee Referral,2024-10-21,0,0,0,0,,
6357,REQ-0147,5,6,Career Site,2024-11-01,1,0,0,0,,
6358,REQ-0147,5,6,Career Site,2024-10-26,0,0,0,0,,
6359,REQ-0147,5,6,LinkedIn,2024-11-05,0,0,0,0,,
6360,REQ-0147,5,6,LinkedIn,2024-11-05,0,0,0,0,,
6361,REQ-0147,5,6,Career Site,2024-11-13,0,0,0,0,,
6362,REQ-0147,5,6,Job Board,2024-10-21,0,0,0,0,,
6363,REQ-0147,5,6,LinkedIn,2024-11-04,1,0,0,0,,
6364,REQ-0147,5,6,Career Site,2024-10-27,0,0,0,0,,
6365,REQ-0147,5,6,Career Site,2024-10-29,1,0,0,0,,
6366,REQ-0147,5,6,Job Board,2024-11-07,1,0,0,0,,
6367,REQ-0147,5,6,LinkedIn,2024-10-28,1,0,0,0,,
6368,REQ-0147,5,6,LinkedIn,2024-11-07,1,1,0,0,,
6369,REQ-0147,5,6,Job Board,2024-10-20,0,0,0,0,,
6370,REQ-0147,5,6,LinkedIn,2024-11-10,1,1,1,1,1,45
6371,REQ-0147,5,6,Employee Referral,2024-11-05,1,0,0,0,,
6372,REQ-0147,5,6,Employee Referral,2024-11-06,1,0,0,0,,
6373,REQ-0147,5,6,Career Site,2024-10-25,1,0,0,0,,
6374,REQ-0148,3,6,Job Board,2026-04-18,1,1,0,0,,
6375,REQ-0148,3,6,Agency,2026-04-19,0,0,0,0,,
6376,REQ-0148,3,6,LinkedIn,2026-04-25,1,0,0,0,,
6377,REQ-0148,3,6,Job Board,2026-04-26,1,0,0,0,,
6378,REQ-0148,3,6,Employee Referral,2026-04-29,1,0,0,0,,
6379,REQ-0148,3,6,LinkedIn,2026-04-22,0,0,0,0,,
6380,REQ-0148,3,6,Career Site,2026-04-20,0,0,0,0,,
6381,REQ-0148,3,6,Employee Referral,2026-04-12,1,0,0,0,,
6382,REQ-0148,3,6,Employee Referral,2026-04-17,1,1,0,0,,
6383,REQ-0148,3,6,Job Board,2026-04-27,0,0,0,0,,
6384,REQ-0148,3,6,Career Site,2026-04-21,0,0,0,0,,
6385,REQ-0148,3,6,Employee Referral,2026-04-17,0,0,0,0,,
6386,REQ-0148,3,6,Job Board,2026-04-20,0,0,0,0,,
6387,REQ-0148,3,6,Employee Referral,2026-04-22,0,0,0,0,,
6388,REQ-0148,3,6,Job Board,2026-04-16,1,1,0,0,,
6389,REQ-0148,3,6,Job Board,2026-04-25,0,0,0,0,,
6390,REQ-0148,3,6,Job Board,2026-04-17,1,1,0,0,,
6391,REQ-0148,3,6,LinkedIn,2026-04-09,0,0,0,0,,
6392,REQ-0148,3,6,Agency,2026-04-19,1,1,0,0,,
6393,REQ-0148,3,6,Agency,2026-04-09,1,0,0,0,,
6394,REQ-0148,3,6,Career Site,2026-04-18,1,0,0,0,,
6395,REQ-0148,3,6,Agency,2026-04-23,0,0,0,0,,
6396,REQ-0148,3,6,Career Site,2026-04-29,0,0,0,0,,
6397,REQ-0148,3,6,Job Board,2026-04-30,1,0,0,0,,
6398,REQ-0148,3,6,Career Site,2026-04-13,1,1,1,1,1,20
6399,REQ-0148,3,6,Employee Referral,2026-04-20,0,0,0,0,,
6400,REQ-0148,3,6,Job Board,2026-04-25,0,0,0,0,,
6401,REQ-0148,3,6,Job Board,2026-05-01,1,1,0,0,,
6402,REQ-0148,3,6,Agency,2026-04-27,0,0,0,0,,
6403,REQ-0148,3,6,LinkedIn,2026-04-14,1,0,0,0,,
6404,REQ-0148,3,6,Agency,2026-04-10,1,1,0,0,,
6405,REQ-0148,3,6,Job Board,2026-04-18,0,0,0,0,,
6406,REQ-0148,3,6,Job Board,2026-04-14,0,0,0,0,,
6407,REQ-0148,3,6,LinkedIn,2026-04-08,1,1,1,1,1,20
6408,REQ-0148,3,6,Employee Referral,2026-04-20,1,1,0,0,,
6409,REQ-0148,3,6,Career Site,2026-04-27,0,0,0,0,,
6410,REQ-0148,3,6,Agency,2026-04-19,0,0,0,0,,
6411,REQ-0148,3,6,Agency,2026-04-22,0,0,0,0,,
6412,REQ-0148,3,6,Employee Referral,2026-04-14,1,1,0,0,,
6413,REQ-0148,3,6,LinkedIn,2026-04-18,1,0,0,0,,
6414,REQ-0148,3,6,LinkedIn,2026-04-28,1,1,0,0,,
6415,REQ-0148,3,6,Job Board,2026-04-13,0,0,0,0,,
6416,REQ-0148,3,6,Career Site,2026-04-17,0,0,0,0,,
6417,REQ-0148,3,6,Employee Referral,2026-04-25,1,0,0,0,,
6418,REQ-0148,3,6,Career Site,2026-04-10,1,1,0,0,,
6419,REQ-0148,3,6,Job Board,2026-04-22,1,0,0,0,,
6420,REQ-0148,3,6,Employee Referral,2026-04-28,1,0,0,0,,
6421,REQ-0148,3,6,Career Site,2026-04-11,0,0,0,0,,
6422,REQ-0148,3,6,Job Board,2026-04-27,0,0,0,0,,
6423,REQ-0148,3,6,Employee Referral,2026-04-11,1,0,0,0,,
6424,REQ-0148,3,6,LinkedIn,2026-05-01,1,1,0,0,,
6425,REQ-0148,3,6,Job Board,2026-04-08,0,0,0,0,,
6426,REQ-0148,3,6,Job Board,2026-05-01,0,0,0,0,,
6427,REQ-0148,3,6,LinkedIn,2026-04-25,1,0,0,0,,
6428,REQ-0148,3,6,Employee Referral,2026-04-14,0,0,0,0,,
6429,REQ-0148,3,6,Job Board,2026-04-22,0,0,0,0,,
6430,REQ-0149,11,1,Job Board,2025-07-16,0,0,0,0,,
6431,REQ-0149,11,1,Job Board,2025-07-04,0,0,0,0,,
6432,REQ-0149,11,1,LinkedIn,2025-07-14,1,1,1,1,1,59
6433,REQ-0149,11,1,Employee Referral,2025-07-18,1,1,0,0,,
6434,REQ-0149,11,1,Job Board,2025-07-16,0,0,0,0,,
6435,REQ-0149,11,1,Career Site,2025-07-08,0,0,0,0,,
6436,REQ-0149,11,1,Job Board,2025-06-30,1,1,0,0,,
6437,REQ-0149,11,1,Career Site,2025-07-16,0,0,0,0,,
6438,REQ-0149,11,1,Agency,2025-07-21,1,1,0,0,,
6439,REQ-0149,11,1,LinkedIn,2025-07-09,1,1,0,0,,
6440,REQ-0149,11,1,LinkedIn,2025-07-21,1,0,0,0,,
6441,REQ-0149,11,1,Job Board,2025-07-20,1,0,0,0,,
6442,REQ-0149,11,1,LinkedIn,2025-06-29,1,0,0,0,,
6443,REQ-0149,11,1,Job Board,2025-07-17,1,1,1,1,1,59
6444,REQ-0149,11,1,Employee Referral,2025-07-10,1,1,0,0,,
6445,REQ-0149,11,1,Employee Referral,2025-07-24,1,0,0,0,,
6446,REQ-0149,11,1,LinkedIn,2025-07-23,0,0,0,0,,
6447,REQ-0149,11,1,Employee Referral,2025-07-18,1,0,0,0,,
6448,REQ-0149,11,1,Job Board,2025-07-23,1,0,0,0,,
6449,REQ-0149,11,1,Employee Referral,2025-07-02,0,0,0,0,,
6450,REQ-0149,11,1,Job Board,2025-07-09,0,0,0,0,,
6451,REQ-0149,11,1,LinkedIn,2025-06-30,1,0,0,0,,
6452,REQ-0149,11,1,Job Board,2025-07-04,1,1,1,1,1,59
6453,REQ-0149,11,1,Employee Referral,2025-07-11,1,1,1,1,1,59
6454,REQ-0149,11,1,LinkedIn,2025-07-24,1,1,1,1,1,59
6455,REQ-0149,11,1,Agency,2025-07-01,1,0,0,0,,
6456,REQ-0149,11,1,Employee Referral,2025-07-05,1,1,1,1,1,59
6457,REQ-0149,11,1,LinkedIn,2025-07-18,0,0,0,0,,
6458,REQ-0149,11,1,LinkedIn,2025-07-17,1,0,0,0,,
6459,REQ-0149,11,1,Job Board,2025-07-17,1,0,0,0,,
6460,REQ-0149,11,1,Employee Referral,2025-07-18,1,1,0,0,,
6461,REQ-0149,11,1,LinkedIn,2025-07-17,0,0,0,0,,
6462,REQ-0149,11,1,LinkedIn,2025-07-23,1,1,0,0,,
6463,REQ-0149,11,1,Job Board,2025-07-18,0,0,0,0,,
6464,REQ-0149,11,1,Job Board,2025-06-29,1,0,0,0,,
6465,REQ-0149,11,1,LinkedIn,2025-06-29,0,0,0,0,,
6466,REQ-0149,11,1,LinkedIn,2025-07-18,1,1,0,0,,
6467,REQ-0149,11,1,Job Board,2025-07-17,1,0,0,0,,
6468,REQ-0149,11,1,Job Board,2025-07-19,1,0,0,0,,
6469,REQ-0149,11,1,Career Site,2025-07-07,1,1,1,1,1,59
6470,REQ-0149,11,1,Agency,2025-07-12,1,0,0,0,,
6471,REQ-0149,11,1,Career Site,2025-07-09,0,0,0,0,,
6472,REQ-0149,11,1,LinkedIn,2025-07-03,0,0,0,0,,
6473,REQ-0149,11,1,Employee Referral,2025-07-06,1,1,0,0,,
6474,REQ-0149,11,1,LinkedIn,2025-07-14,0,0,0,0,,
6475,REQ-0150,6,3,Career Site,2024-09-07,0,0,0,0,,
6476,REQ-0150,6,3,Career Site,2024-09-18,0,0,0,0,,
6477,REQ-0150,6,3,Employee Referral,2024-09-01,1,1,1,1,1,13
6478,REQ-0150,6,3,LinkedIn,2024-09-21,1,1,0,0,,
6479,REQ-0150,6,3,LinkedIn,2024-09-20,0,0,0,0,,
6480,REQ-0150,6,3,LinkedIn,2024-08-30,1,0,0,0,,
6481,REQ-0150,6,3,Agency,2024-09-14,1,1,0,0,,
6482,REQ-0150,6,3,LinkedIn,2024-09-09,1,1,0,0,,
6483,REQ-0150,6,3,Agency,2024-09-08,1,0,0,0,,
6484,REQ-0150,6,3,Employee Referral,2024-09-12,1,1,0,0,,
6485,REQ-0150,6,3,LinkedIn,2024-09-20,1,0,0,0,,
6486,REQ-0150,6,3,LinkedIn,2024-09-20,1,0,0,0,,
6487,REQ-0150,6,3,Career Site,2024-09-01,1,0,0,0,,
6488,REQ-0150,6,3,Agency,2024-09-06,1,0,0,0,,
6489,REQ-0150,6,3,Job Board,2024-09-05,1,1,1,1,1,13
6490,REQ-0150,6,3,Job Board,2024-09-17,1,0,0,0,,
6491,REQ-0150,6,3,Employee Referral,2024-09-10,0,0,0,0,,
6492,REQ-0150,6,3,Career Site,2024-09-02,1,1,0,0,,
6493,REQ-0150,6,3,Job Board,2024-09-11,1,1,1,1,1,13
6494,REQ-0150,6,3,Employee Referral,2024-09-08,1,1,0,0,,
6495,REQ-0150,6,3,Agency,2024-09-08,1,1,1,1,1,13
6496,REQ-0150,6,3,Career Site,2024-09-11,1,0,0,0,,
6497,REQ-0150,6,3,Employee Referral,2024-09-12,0,0,0,0,,
6498,REQ-0150,6,3,LinkedIn,2024-09-10,1,1,0,0,,
6499,REQ-0150,6,3,Job Board,2024-09-02,1,1,0,0,,
6500,REQ-0150,6,3,LinkedIn,2024-09-20,1,0,0,0,,
6501,REQ-0150,6,3,LinkedIn,2024-09-14,1,0,0,0,,
6502,REQ-0150,6,3,Career Site,2024-09-15,0,0,0,0,,
6503,REQ-0150,6,3,Job Board,2024-09-15,1,0,0,0,,
6504,REQ-0150,6,3,Career Site,2024-09-13,1,1,1,1,1,13
6505,REQ-0150,6,3,Career Site,2024-09-21,0,0,0,0,,
6506,REQ-0150,6,3,Employee Referral,2024-09-03,1,0,0,0,,
6507,REQ-0150,6,3,Job Board,2024-09-11,0,0,0,0,,
6508,REQ-0150,6,3,Job Board,2024-09-12,1,0,0,0,,
6509,REQ-0150,6,3,LinkedIn,2024-09-04,1,0,0,0,,
6510,REQ-0150,6,3,LinkedIn,2024-09-24,0,0,0,0,,
6511,REQ-0151,5,5,Job Board,2025-08-27,1,0,0,0,,
6512,REQ-0151,5,5,LinkedIn,2025-08-24,0,0,0,0,,
6513,REQ-0151,5,5,Job Board,2025-08-21,0,0,0,0,,
6514,REQ-0151,5,5,Job Board,2025-08-22,0,0,0,0,,
6515,REQ-0151,5,5,Job Board,2025-08-29,1,1,0,0,,
6516,REQ-0151,5,5,Job Board,2025-09-04,1,0,0,0,,
6517,REQ-0151,5,5,Employee Referral,2025-08-18,0,0,0,0,,
6518,REQ-0151,5,5,Job Board,2025-08-24,1,0,0,0,,
6519,REQ-0151,5,5,LinkedIn,2025-08-19,1,0,0,0,,
6520,REQ-0151,5,5,LinkedIn,2025-08-31,1,1,0,0,,
6521,REQ-0151,5,5,Employee Referral,2025-08-27,1,1,0,0,,
6522,REQ-0151,5,5,Employee Referral,2025-09-07,1,1,0,0,,
6523,REQ-0151,5,5,Job Board,2025-08-29,0,0,0,0,,
6524,REQ-0151,5,5,Job Board,2025-09-09,0,0,0,0,,
6525,REQ-0151,5,5,Agency,2025-08-25,0,0,0,0,,
6526,REQ-0151,5,5,LinkedIn,2025-08-28,1,1,1,1,1,57
6527,REQ-0151,5,5,Career Site,2025-08-22,1,0,0,0,,
6528,REQ-0151,5,5,Career Site,2025-08-25,0,0,0,0,,
6529,REQ-0151,5,5,Agency,2025-08-18,0,0,0,0,,
6530,REQ-0151,5,5,Agency,2025-08-21,0,0,0,0,,
6531,REQ-0151,5,5,LinkedIn,2025-08-29,0,0,0,0,,
6532,REQ-0151,5,5,Agency,2025-09-09,0,0,0,0,,
6533,REQ-0151,5,5,Agency,2025-08-31,1,0,0,0,,
6534,REQ-0151,5,5,Career Site,2025-09-02,0,0,0,0,,
6535,REQ-0151,5,5,Employee Referral,2025-09-08,1,0,0,0,,
6536,REQ-0151,5,5,Employee Referral,2025-09-09,1,1,0,0,,
6537,REQ-0151,5,5,LinkedIn,2025-08-27,0,0,0,0,,
6538,REQ-0151,5,5,Employee Referral,2025-08-20,1,0,0,0,,
6539,REQ-0151,5,5,LinkedIn,2025-09-11,0,0,0,0,,
6540,REQ-0151,5,5,Job Board,2025-08-23,1,0,0,0,,
6541,REQ-0152,10,4,LinkedIn,2025-11-26,1,1,0,0,,
6542,REQ-0152,10,4,Job Board,2025-12-01,1,0,0,0,,
6543,REQ-0152,10,4,Career Site,2025-12-10,1,0,0,0,,
6544,REQ-0152,10,4,Agency,2025-11-23,0,0,0,0,,
6545,REQ-0152,10,4,Employee Referral,2025-12-04,1,1,1,1,1,41
6546,REQ-0152,10,4,LinkedIn,2025-11-23,1,0,0,0,,
6547,REQ-0152,10,4,Agency,2025-11-26,0,0,0,0,,
6548,REQ-0152,10,4,LinkedIn,2025-11-25,0,0,0,0,,
6549,REQ-0152,10,4,Career Site,2025-12-03,1,0,0,0,,
6550,REQ-0152,10,4,Job Board,2025-12-10,0,0,0,0,,
6551,REQ-0152,10,4,LinkedIn,2025-11-28,0,0,0,0,,
6552,REQ-0152,10,4,Job Board,2025-12-06,0,0,0,0,,
6553,REQ-0152,10,4,LinkedIn,2025-12-10,1,0,0,0,,
6554,REQ-0152,10,4,LinkedIn,2025-12-14,1,1,0,0,,
6555,REQ-0152,10,4,Employee Referral,2025-12-03,0,0,0,0,,
6556,REQ-0152,10,4,Career Site,2025-12-10,1,1,0,0,,
6557,REQ-0152,10,4,Career Site,2025-11-23,1,0,0,0,,
6558,REQ-0152,10,4,Career Site,2025-11-20,0,0,0,0,,
6559,REQ-0152,10,4,Employee Referral,2025-12-02,1,0,0,0,,
6560,REQ-0152,10,4,Employee Referral,2025-11-29,1,0,0,0,,
6561,REQ-0152,10,4,Job Board,2025-11-19,0,0,0,0,,
6562,REQ-0152,10,4,Employee Referral,2025-12-04,1,0,0,0,,
6563,REQ-0152,10,4,Agency,2025-12-06,1,0,0,0,,
6564,REQ-0152,10,4,Agency,2025-12-01,1,1,0,0,,
6565,REQ-0152,10,4,Career Site,2025-11-19,0,0,0,0,,
6566,REQ-0152,10,4,Job Board,2025-11-27,1,1,1,0,0,
6567,REQ-0152,10,4,Employee Referral,2025-12-04,1,0,0,0,,
6568,REQ-0152,10,4,Career Site,2025-12-13,0,0,0,0,,
6569,REQ-0152,10,4,Job Board,2025-11-26,1,0,0,0,,
6570,REQ-0152,10,4,Employee Referral,2025-12-12,1,0,0,0,,
6571,REQ-0152,10,4,Employee Referral,2025-11-23,1,1,0,0,,
6572,REQ-0152,10,4,LinkedIn,2025-12-13,1,1,0,0,,
6573,REQ-0152,10,4,Job Board,2025-12-01,1,1,0,0,,
6574,REQ-0152,10,4,Career Site,2025-12-10,0,0,0,0,,
6575,REQ-0152,10,4,LinkedIn,2025-11-26,1,1,0,0,,
6576,REQ-0152,10,4,Job Board,2025-12-06,0,0,0,0,,
6577,REQ-0152,10,4,Employee Referral,2025-11-29,1,0,0,0,,
6578,REQ-0153,10,4,Employee Referral,2025-03-28,1,0,0,0,,
6579,REQ-0153,10,4,Career Site,2025-03-26,1,1,0,0,,
6580,REQ-0153,10,4,Agency,2025-03-20,0,0,0,0,,
6581,REQ-0153,10,4,Career Site,2025-03-31,1,1,0,0,,
6582,REQ-0153,10,4,Agency,2025-03-29,0,0,0,0,,
6583,REQ-0153,10,4,Job Board,2025-03-30,0,0,0,0,,
6584,REQ-0153,10,4,LinkedIn,2025-03-29,0,0,0,0,,
6585,REQ-0153,10,4,Job Board,2025-03-17,1,1,0,0,,
6586,REQ-0153,10,4,LinkedIn,2025-03-12,1,1,1,1,1,68
6587,REQ-0153,10,4,Job Board,2025-03-27,0,0,0,0,,
6588,REQ-0153,10,4,Job Board,2025-03-31,1,1,0,0,,
6589,REQ-0153,10,4,Job Board,2025-03-22,1,1,0,0,,
6590,REQ-0153,10,4,LinkedIn,2025-04-02,1,1,0,0,,
6591,REQ-0153,10,4,LinkedIn,2025-03-25,1,1,0,0,,
6592,REQ-0153,10,4,Employee Referral,2025-03-13,1,1,0,0,,
6593,REQ-0153,10,4,LinkedIn,2025-04-02,1,1,1,1,1,68
6594,REQ-0153,10,4,Agency,2025-03-11,0,0,0,0,,
6595,REQ-0153,10,4,Career Site,2025-03-19,1,1,1,0,0,
6596,REQ-0153,10,4,LinkedIn,2025-04-03,0,0,0,0,,
6597,REQ-0153,10,4,Job Board,2025-03-21,1,0,0,0,,
6598,REQ-0153,10,4,LinkedIn,2025-03-29,1,1,0,0,,
6599,REQ-0153,10,4,Job Board,2025-03-14,1,1,1,1,1,68
6600,REQ-0153,10,4,Job Board,2025-03-11,0,0,0,0,,
6601,REQ-0153,10,4,Job Board,2025-03-28,1,1,1,1,1,68
6602,REQ-0153,10,4,Job Board,2025-03-26,1,0,0,0,,
6603,REQ-0153,10,4,LinkedIn,2025-03-24,1,1,0,0,,
6604,REQ-0153,10,4,Job Board,2025-03-24,0,0,0,0,,
6605,REQ-0153,10,4,Job Board,2025-03-11,0,0,0,0,,
6606,REQ-0153,10,4,Career Site,2025-03-11,1,0,0,0,,
6607,REQ-0153,10,4,Job Board,2025-03-26,1,1,0,0,,
6608,REQ-0153,10,4,LinkedIn,2025-03-26,0,0,0,0,,
6609,REQ-0153,10,4,Job Board,2025-03-30,1,1,0,0,,
6610,REQ-0153,10,4,Career Site,2025-03-30,1,0,0,0,,
6611,REQ-0153,10,4,Career Site,2025-03-23,1,0,0,0,,
6612,REQ-0153,10,4,Career Site,2025-03-16,1,1,0,0,,
6613,REQ-0153,10,4,Job Board,2025-03-14,1,0,0,0,,
6614,REQ-0153,10,4,LinkedIn,2025-03-29,1,0,0,0,,
6615,REQ-0153,10,4,Employee Referral,2025-03-23,1,1,1,1,1,68
6616,REQ-0153,10,4,Employee Referral,2025-03-28,1,1,1,1,1,68
6617,REQ-0153,10,4,Employee Referral,2025-03-28,1,1,0,0,,
6618,REQ-0153,10,4,LinkedIn,2025-03-21,1,0,0,0,,
6619,REQ-0153,10,4,Career Site,2025-03-23,1,0,0,0,,
6620,REQ-0153,10,4,LinkedIn,2025-03-20,1,1,1,1,1,68
6621,REQ-0153,10,4,Career Site,2025-03-15,0,0,0,0,,
6622,REQ-0153,10,4,LinkedIn,2025-04-02,1,0,0,0,,
6623,REQ-0153,10,4,LinkedIn,2025-03-11,0,0,0,0,,
6624,REQ-0153,10,4,Agency,2025-03-10,1,1,1,0,0,
6625,REQ-0153,10,4,Employee Referral,2025-03-25,1,0,0,0,,
6626,REQ-0153,10,4,Job Board,2025-03-15,1,0,0,0,,
6627,REQ-0153,10,4,LinkedIn,2025-03-10,1,1,0,0,,
6628,REQ-0153,10,4,Employee Referral,2025-03-19,0,0,0,0,,
6629,REQ-0153,10,4,LinkedIn,2025-03-21,0,0,0,0,,
6630,REQ-0154,11,4,LinkedIn,2026-05-17,0,0,0,0,,
6631,REQ-0154,11,4,LinkedIn,2026-05-04,1,1,0,0,,
6632,REQ-0154,11,4,LinkedIn,2026-05-07,1,0,0,0,,
6633,REQ-0154,11,4,Employee Referral,2026-05-22,1,1,1,1,1,46
6634,REQ-0154,11,4,Job Board,2026-05-13,0,0,0,0,,
6635,REQ-0154,11,4,Career Site,2026-05-10,0,0,0,0,,
6636,REQ-0154,11,4,Employee Referral,2026-05-06,0,0,0,0,,
6637,REQ-0154,11,4,Job Board,2026-05-04,1,0,0,0,,
6638,REQ-0154,11,4,Career Site,2026-05-08,1,0,0,0,,
6639,REQ-0154,11,4,Job Board,2026-05-20,1,0,0,0,,
6640,REQ-0154,11,4,Career Site,2026-05-26,0,0,0,0,,
6641,REQ-0154,11,4,LinkedIn,2026-05-03,0,0,0,0,,
6642,REQ-0154,11,4,Employee Referral,2026-05-08,0,0,0,0,,
6643,REQ-0154,11,4,Job Board,2026-05-28,1,1,1,1,1,46
6644,REQ-0154,11,4,Agency,2026-05-24,0,0,0,0,,
6645,REQ-0154,11,4,Job Board,2026-05-23,0,0,0,0,,
6646,REQ-0154,11,4,LinkedIn,2026-05-10,0,0,0,0,,
6647,REQ-0154,11,4,Career Site,2026-05-19,1,0,0,0,,
6648,REQ-0154,11,4,LinkedIn,2026-05-11,1,1,0,0,,
6649,REQ-0154,11,4,Job Board,2026-05-07,1,0,0,0,,
6650,REQ-0154,11,4,LinkedIn,2026-05-17,0,0,0,0,,
6651,REQ-0154,11,4,Employee Referral,2026-05-12,1,0,0,0,,
6652,REQ-0154,11,4,LinkedIn,2026-05-26,0,0,0,0,,
6653,REQ-0154,11,4,Employee Referral,2026-05-21,0,0,0,0,,
6654,REQ-0154,11,4,Employee Referral,2026-05-14,0,0,0,0,,
6655,REQ-0155,7,4,Employee Referral,2025-02-01,1,1,1,1,1,17
6656,REQ-0155,7,4,Career Site,2025-02-21,1,0,0,0,,
6657,REQ-0155,7,4,Employee Referral,2025-02-19,1,1,1,1,1,17
6658,REQ-0155,7,4,Employee Referral,2025-01-29,1,1,1,1,1,17
6659,REQ-0155,7,4,Job Board,2025-02-08,1,1,0,0,,
6660,REQ-0155,7,4,LinkedIn,2025-02-10,1,1,0,0,,
6661,REQ-0155,7,4,Job Board,2025-02-15,0,0,0,0,,
6662,REQ-0155,7,4,Job Board,2025-02-04,0,0,0,0,,
6663,REQ-0155,7,4,Job Board,2025-01-30,1,0,0,0,,
6664,REQ-0155,7,4,LinkedIn,2025-02-17,1,0,0,0,,
6665,REQ-0155,7,4,Job Board,2025-02-15,1,1,0,0,,
6666,REQ-0155,7,4,Career Site,2025-02-02,0,0,0,0,,
6667,REQ-0155,7,4,Job Board,2025-02-07,0,0,0,0,,
6668,REQ-0155,7,4,Employee Referral,2025-02-14,1,1,0,0,,
6669,REQ-0155,7,4,LinkedIn,2025-01-28,1,0,0,0,,
6670,REQ-0155,7,4,Job Board,2025-02-17,0,0,0,0,,
6671,REQ-0155,7,4,LinkedIn,2025-02-16,1,1,0,0,,
6672,REQ-0155,7,4,Employee Referral,2025-02-08,1,0,0,0,,
6673,REQ-0155,7,4,Career Site,2025-02-07,1,1,1,0,0,
6674,REQ-0155,7,4,Job Board,2025-01-27,0,0,0,0,,
6675,REQ-0155,7,4,Agency,2025-02-10,1,1,1,1,1,17
6676,REQ-0155,7,4,Employee Referral,2025-02-13,1,1,0,0,,
6677,REQ-0155,7,4,LinkedIn,2025-02-12,1,1,0,0,,
6678,REQ-0155,7,4,Employee Referral,2025-02-16,1,1,1,1,1,17
6679,REQ-0155,7,4,LinkedIn,2025-02-03,0,0,0,0,,
6680,REQ-0155,7,4,Career Site,2025-02-03,1,0,0,0,,
6681,REQ-0155,7,4,Career Site,2025-02-03,1,1,1,0,0,
6682,REQ-0155,7,4,LinkedIn,2025-02-05,1,1,1,0,0,
6683,REQ-0155,7,4,Employee Referral,2025-02-05,1,0,0,0,,
6684,REQ-0155,7,4,Agency,2025-01-31,0,0,0,0,,
6685,REQ-0155,7,4,Employee Referral,2025-01-30,1,0,0,0,,
6686,REQ-0155,7,4,Employee Referral,2025-02-20,0,0,0,0,,
6687,REQ-0155,7,4,Job Board,2025-02-19,1,0,0,0,,
6688,REQ-0155,7,4,LinkedIn,2025-01-30,0,0,0,0,,
6689,REQ-0155,7,4,LinkedIn,2025-02-09,0,0,0,0,,
6690,REQ-0155,7,4,LinkedIn,2025-02-17,0,0,0,0,,
6691,REQ-0155,7,4,Career Site,2025-02-16,1,1,0,0,,
6692,REQ-0155,7,4,Career Site,2025-01-30,0,0,0,0,,
6693,REQ-0155,7,4,Employee Referral,2025-02-02,0,0,0,0,,
6694,REQ-0155,7,4,LinkedIn,2025-02-10,1,1,0,0,,
6695,REQ-0155,7,4,Career Site,2025-02-15,1,1,1,1,1,17
6696,REQ-0155,7,4,LinkedIn,2025-02-06,0,0,0,0,,
6697,REQ-0155,7,4,Job Board,2025-02-15,1,0,0,0,,
6698,REQ-0155,7,4,Job Board,2025-02-04,1,1,1,1,1,17
6699,REQ-0155,7,4,Job Board,2025-01-30,1,1,1,0,0,
6700,REQ-0155,7,4,Employee Referral,2025-02-11,1,1,0,0,,
6701,REQ-0155,7,4,Career Site,2025-02-21,0,0,0,0,,
6702,REQ-0155,7,4,Employee Referral,2025-02-21,1,0,0,0,,
6703,REQ-0155,7,4,Employee Referral,2025-02-15,1,0,0,0,,
6704,REQ-0155,7,4,Career Site,2025-01-28,1,0,0,0,,
6705,REQ-0155,7,4,Job Board,2025-02-14,1,0,0,0,,
6706,REQ-0155,7,4,LinkedIn,2025-02-14,1,0,0,0,,
6707,REQ-0155,7,4,Job Board,2025-02-10,0,0,0,0,,
6708,REQ-0155,7,4,LinkedIn,2025-02-07,1,0,0,0,,
6709,REQ-0155,7,4,Job Board,2025-02-06,1,0,0,0,,
6710,REQ-0155,7,4,LinkedIn,2025-01-30,1,0,0,0,,
6711,REQ-0155,7,4,LinkedIn,2025-01-31,1,0,0,0,,
6712,REQ-0155,7,4,LinkedIn,2025-02-20,0,0,0,0,,
6713,REQ-0155,7,4,Job Board,2025-02-07,0,0,0,0,,
6714,REQ-0156,10,4,Employee Referral,2025-12-02,1,1,1,1,1,72
6715,REQ-0156,10,4,Job Board,2025-12-21,1,0,0,0,,
6716,REQ-0156,10,4,Job Board,2025-12-11,0,0,0,0,,
6717,REQ-0156,10,4,Job Board,2025-12-07,1,0,0,0,,
6718,REQ-0156,10,4,LinkedIn,2025-12-05,0,0,0,0,,
6719,REQ-0156,10,4,LinkedIn,2025-11-28,1,0,0,0,,
6720,REQ-0156,10,4,Employee Referral,2025-11-28,1,1,0,0,,
6721,REQ-0156,10,4,Career Site,2025-12-02,1,0,0,0,,
6722,REQ-0156,10,4,Career Site,2025-12-16,0,0,0,0,,
6723,REQ-0156,10,4,Job Board,2025-12-13,1,1,0,0,,
6724,REQ-0156,10,4,Career Site,2025-12-07,1,1,0,0,,
6725,REQ-0156,10,4,Career Site,2025-12-16,0,0,0,0,,
6726,REQ-0156,10,4,LinkedIn,2025-11-30,1,1,0,0,,
6727,REQ-0156,10,4,Job Board,2025-12-05,1,0,0,0,,
6728,REQ-0156,10,4,LinkedIn,2025-12-21,1,1,0,0,,
6729,REQ-0156,10,4,Career Site,2025-12-09,1,0,0,0,,
6730,REQ-0156,10,4,Agency,2025-12-07,1,1,0,0,,
6731,REQ-0156,10,4,LinkedIn,2025-12-05,1,0,0,0,,
6732,REQ-0156,10,4,LinkedIn,2025-12-13,1,1,0,0,,
6733,REQ-0156,10,4,Career Site,2025-12-12,0,0,0,0,,
6734,REQ-0156,10,4,Job Board,2025-11-28,0,0,0,0,,
6735,REQ-0156,10,4,Job Board,2025-12-20,1,0,0,0,,
6736,REQ-0156,10,4,Job Board,2025-11-28,0,0,0,0,,
6737,REQ-0156,10,4,Agency,2025-12-05,0,0,0,0,,
6738,REQ-0156,10,4,Agency,2025-12-03,0,0,0,0,,
6739,REQ-0156,10,4,Job Board,2025-11-29,1,0,0,0,,
6740,REQ-0156,10,4,Job Board,2025-12-11,0,0,0,0,,
6741,REQ-0156,10,4,Agency,2025-12-01,0,0,0,0,,
6742,REQ-0156,10,4,Job Board,2025-11-29,1,0,0,0,,
6743,REQ-0156,10,4,Career Site,2025-12-03,0,0,0,0,,
6744,REQ-0156,10,4,Job Board,2025-12-14,0,0,0,0,,
6745,REQ-0157,3,1,Career Site,2024-10-23,1,1,0,0,,
6746,REQ-0157,3,1,Career Site,2024-10-21,1,1,1,0,0,
6747,REQ-0157,3,1,Career Site,2024-10-28,1,0,0,0,,
6748,REQ-0157,3,1,Agency,2024-10-28,0,0,0,0,,
6749,REQ-0157,3,1,Job Board,2024-10-15,0,0,0,0,,
6750,REQ-0157,3,1,Career Site,2024-10-13,0,0,0,0,,
6751,REQ-0157,3,1,LinkedIn,2024-10-29,1,1,1,1,1,72
6752,REQ-0157,3,1,Agency,2024-10-15,1,1,1,1,1,72
6753,REQ-0157,3,1,Agency,2024-10-30,1,1,0,0,,
6754,REQ-0157,3,1,LinkedIn,2024-10-12,0,0,0,0,,
6755,REQ-0157,3,1,Job Board,2024-10-24,1,0,0,0,,
6756,REQ-0157,3,1,Job Board,2024-10-28,0,0,0,0,,
6757,REQ-0157,3,1,LinkedIn,2024-10-21,0,0,0,0,,
6758,REQ-0157,3,1,Employee Referral,2024-10-07,1,1,1,0,0,
6759,REQ-0157,3,1,Agency,2024-10-23,1,0,0,0,,
6760,REQ-0157,3,1,Career Site,2024-10-19,1,0,0,0,,
6761,REQ-0157,3,1,Career Site,2024-10-09,1,0,0,0,,
6762,REQ-0157,3,1,Agency,2024-10-30,1,1,1,0,0,
6763,REQ-0157,3,1,Employee Referral,2024-10-11,1,0,0,0,,
6764,REQ-0157,3,1,LinkedIn,2024-10-13,0,0,0,0,,
6765,REQ-0157,3,1,Career Site,2024-10-14,0,0,0,0,,
6766,REQ-0157,3,1,Career Site,2024-10-22,0,0,0,0,,
6767,REQ-0157,3,1,Career Site,2024-10-30,1,0,0,0,,
6768,REQ-0157,3,1,Career Site,2024-10-13,1,1,1,1,1,72
6769,REQ-0157,3,1,Agency,2024-10-18,0,0,0,0,,
6770,REQ-0157,3,1,LinkedIn,2024-10-18,1,1,0,0,,
6771,REQ-0157,3,1,Agency,2024-10-25,1,1,0,0,,
6772,REQ-0157,3,1,Agency,2024-10-15,0,0,0,0,,
6773,REQ-0157,3,1,Employee Referral,2024-10-15,1,1,0,0,,
6774,REQ-0157,3,1,Agency,2024-10-23,0,0,0,0,,
6775,REQ-0157,3,1,Career Site,2024-10-17,0,0,0,0,,
6776,REQ-0157,3,1,LinkedIn,2024-10-07,1,0,0,0,,
6777,REQ-0157,3,1,Agency,2024-10-18,1,0,0,0,,
6778,REQ-0157,3,1,Employee Referral,2024-10-27,1,1,1,1,1,72
6779,REQ-0157,3,1,Career Site,2024-10-29,1,1,0,0,,
6780,REQ-0157,3,1,Job Board,2024-10-06,1,0,0,0,,
6781,REQ-0157,3,1,LinkedIn,2024-10-27,1,0,0,0,,
6782,REQ-0157,3,1,Job Board,2024-10-07,1,1,0,0,,
6783,REQ-0157,3,1,Job Board,2024-10-19,0,0,0,0,,
6784,REQ-0157,3,1,Employee Referral,2024-10-16,0,0,0,0,,
6785,REQ-0157,3,1,Job Board,2024-10-08,0,0,0,0,,
6786,REQ-0157,3,1,Employee Referral,2024-10-24,1,1,0,0,,
6787,REQ-0157,3,1,Career Site,2024-10-12,1,1,0,0,,
6788,REQ-0157,3,1,Employee Referral,2024-10-25,0,0,0,0,,
6789,REQ-0157,3,1,LinkedIn,2024-10-08,1,0,0,0,,
6790,REQ-0157,3,1,Agency,2024-10-16,0,0,0,0,,
6791,REQ-0157,3,1,LinkedIn,2024-10-11,1,1,0,0,,
6792,REQ-0157,3,1,LinkedIn,2024-10-28,1,1,0,0,,
6793,REQ-0157,3,1,Job Board,2024-10-14,1,0,0,0,,
6794,REQ-0157,3,1,Employee Referral,2024-10-23,1,1,0,0,,
6795,REQ-0157,3,1,LinkedIn,2024-10-11,1,1,1,1,1,72
6796,REQ-0157,3,1,Employee Referral,2024-10-15,1,1,0,0,,
6797,REQ-0157,3,1,LinkedIn,2024-10-17,1,1,0,0,,
6798,REQ-0158,1,2,Job Board,2025-10-28,0,0,0,0,,
6799,REQ-0158,1,2,Career Site,2025-10-14,0,0,0,0,,
6800,REQ-0158,1,2,Employee Referral,2025-10-21,0,0,0,0,,
6801,REQ-0158,1,2,Career Site,2025-10-14,1,0,0,0,,
6802,REQ-0158,1,2,Career Site,2025-10-20,1,1,0,0,,
6803,REQ-0158,1,2,Career Site,2025-10-23,0,0,0,0,,
6804,REQ-0158,1,2,LinkedIn,2025-10-21,1,1,0,0,,
6805,REQ-0158,1,2,Job Board,2025-10-21,0,0,0,0,,
6806,REQ-0158,1,2,LinkedIn,2025-10-10,0,0,0,0,,
6807,REQ-0158,1,2,LinkedIn,2025-10-31,0,0,0,0,,
6808,REQ-0158,1,2,LinkedIn,2025-10-10,1,0,0,0,,
6809,REQ-0158,1,2,Career Site,2025-10-27,1,1,0,0,,
6810,REQ-0158,1,2,LinkedIn,2025-10-30,0,0,0,0,,
6811,REQ-0158,1,2,Job Board,2025-10-07,1,0,0,0,,
6812,REQ-0158,1,2,Job Board,2025-10-21,1,0,0,0,,
6813,REQ-0158,1,2,Employee Referral,2025-10-31,1,0,0,0,,
6814,REQ-0158,1,2,Employee Referral,2025-10-16,1,0,0,0,,
6815,REQ-0158,1,2,LinkedIn,2025-10-18,1,1,0,0,,
6816,REQ-0158,1,2,LinkedIn,2025-10-19,0,0,0,0,,
6817,REQ-0158,1,2,Employee Referral,2025-10-18,1,1,0,0,,
6818,REQ-0158,1,2,Job Board,2025-10-12,0,0,0,0,,
6819,REQ-0158,1,2,LinkedIn,2025-10-22,1,0,0,0,,
6820,REQ-0158,1,2,Job Board,2025-10-07,0,0,0,0,,
6821,REQ-0158,1,2,LinkedIn,2025-10-30,0,0,0,0,,
6822,REQ-0158,1,2,LinkedIn,2025-10-13,1,0,0,0,,
6823,REQ-0158,1,2,Job Board,2025-10-30,1,1,1,1,1,74
6824,REQ-0158,1,2,Agency,2025-10-11,1,1,1,1,1,74
6825,REQ-0158,1,2,Agency,2025-10-13,1,0,0,0,,
6826,REQ-0158,1,2,Job Board,2025-10-22,1,1,0,0,,
6827,REQ-0158,1,2,Employee Referral,2025-10-29,1,0,0,0,,
6828,REQ-0158,1,2,Career Site,2025-10-17,1,1,0,0,,
6829,REQ-0158,1,2,LinkedIn,2025-10-24,0,0,0,0,,
6830,REQ-0158,1,2,LinkedIn,2025-10-24,1,1,0,0,,
6831,REQ-0158,1,2,Job Board,2025-10-27,1,1,0,0,,
6832,REQ-0158,1,2,Job Board,2025-10-16,1,1,0,0,,
6833,REQ-0158,1,2,Job Board,2025-10-11,1,0,0,0,,
6834,REQ-0158,1,2,Employee Referral,2025-10-18,0,0,0,0,,
6835,REQ-0158,1,2,Job Board,2025-10-16,1,1,1,0,0,
6836,REQ-0158,1,2,Career Site,2025-10-25,0,0,0,0,,
6837,REQ-0158,1,2,Career Site,2025-10-25,1,1,0,0,,
6838,REQ-0158,1,2,Employee Referral,2025-10-16,1,1,0,0,,
6839,REQ-0158,1,2,LinkedIn,2025-10-06,0,0,0,0,,
6840,REQ-0158,1,2,LinkedIn,2025-10-11,0,0,0,0,,
6841,REQ-0158,1,2,Career Site,2025-10-19,0,0,0,0,,
6842,REQ-0159,6,6,Employee Referral,2025-06-22,1,0,0,0,,
6843,REQ-0159,6,6,Employee Referral,2025-06-19,1,0,0,0,,
6844,REQ-0159,6,6,LinkedIn,2025-06-24,1,1,0,0,,
6845,REQ-0159,6,6,Job Board,2025-06-25,1,1,0,0,,
6846,REQ-0159,6,6,Agency,2025-06-16,1,0,0,0,,
6847,REQ-0159,6,6,Job Board,2025-07-08,1,1,0,0,,
6848,REQ-0159,6,6,Job Board,2025-06-21,1,0,0,0,,
6849,REQ-0159,6,6,LinkedIn,2025-06-30,0,0,0,0,,
6850,REQ-0159,6,6,Employee Referral,2025-06-18,1,0,0,0,,
6851,REQ-0159,6,6,LinkedIn,2025-06-17,1,1,0,0,,
6852,REQ-0159,6,6,Employee Referral,2025-06-16,0,0,0,0,,
6853,REQ-0159,6,6,Job Board,2025-06-19,1,1,0,0,,
6854,REQ-0159,6,6,LinkedIn,2025-07-10,0,0,0,0,,
6855,REQ-0159,6,6,Employee Referral,2025-07-05,0,0,0,0,,
6856,REQ-0159,6,6,LinkedIn,2025-07-01,0,0,0,0,,
6857,REQ-0159,6,6,Career Site,2025-06-28,0,0,0,0,,
6858,REQ-0159,6,6,Career Site,2025-06-26,1,0,0,0,,
6859,REQ-0159,6,6,Agency,2025-06-30,1,1,0,0,,
6860,REQ-0159,6,6,LinkedIn,2025-06-21,1,0,0,0,,
6861,REQ-0159,6,6,Employee Referral,2025-07-01,0,0,0,0,,
6862,REQ-0159,6,6,Career Site,2025-06-20,1,0,0,0,,
6863,REQ-0159,6,6,Agency,2025-06-21,1,1,1,1,1,12
6864,REQ-0159,6,6,LinkedIn,2025-06-19,1,1,0,0,,
6865,REQ-0159,6,6,Agency,2025-07-02,0,0,0,0,,
6866,REQ-0159,6,6,Job Board,2025-06-18,1,0,0,0,,
6867,REQ-0159,6,6,Job Board,2025-06-16,1,0,0,0,,
6868,REQ-0159,6,6,Agency,2025-06-27,1,1,1,1,1,12
6869,REQ-0159,6,6,Employee Referral,2025-06-30,1,1,1,1,1,12
6870,REQ-0159,6,6,Agency,2025-06-17,0,0,0,0,,
6871,REQ-0159,6,6,Employee Referral,2025-06-16,0,0,0,0,,
6872,REQ-0159,6,6,LinkedIn,2025-06-23,1,0,0,0,,
6873,REQ-0159,6,6,Job Board,2025-06-15,1,1,0,0,,
6874,REQ-0159,6,6,LinkedIn,2025-07-01,1,0,0,0,,
6875,REQ-0159,6,6,LinkedIn,2025-07-07,1,1,1,0,0,
6876,REQ-0159,6,6,Job Board,2025-06-28,1,1,1,0,0,
6877,REQ-0159,6,6,Agency,2025-07-09,1,0,0,0,,
6878,REQ-0159,6,6,LinkedIn,2025-07-09,0,0,0,0,,
6879,REQ-0160,10,5,LinkedIn,2026-04-13,1,1,0,0,,
6880,REQ-0160,10,5,Career Site,2026-04-10,0,0,0,0,,
6881,REQ-0160,10,5,Job Board,2026-04-16,1,0,0,0,,
6882,REQ-0160,10,5,Career Site,2026-04-05,1,0,0,0,,
6883,REQ-0160,10,5,Job Board,2026-03-29,0,0,0,0,,
6884,REQ-0160,10,5,Employee Referral,2026-04-11,1,1,1,1,1,29
6885,REQ-0160,10,5,Employee Referral,2026-03-28,1,0,0,0,,
6886,REQ-0160,10,5,Agency,2026-04-10,0,0,0,0,,
6887,REQ-0160,10,5,LinkedIn,2026-04-14,1,1,1,1,1,29
6888,REQ-0160,10,5,Job Board,2026-03-30,1,0,0,0,,
6889,REQ-0160,10,5,LinkedIn,2026-04-05,1,1,1,0,0,
6890,REQ-0160,10,5,Career Site,2026-03-28,1,1,0,0,,
6891,REQ-0160,10,5,Employee Referral,2026-04-14,0,0,0,0,,
6892,REQ-0160,10,5,LinkedIn,2026-04-08,0,0,0,0,,
6893,REQ-0160,10,5,LinkedIn,2026-04-18,1,1,0,0,,
6894,REQ-0160,10,5,Job Board,2026-03-24,1,1,0,0,,
6895,REQ-0160,10,5,Career Site,2026-04-16,1,1,0,0,,
6896,REQ-0160,10,5,LinkedIn,2026-04-09,1,1,0,0,,
6897,REQ-0160,10,5,Career Site,2026-03-29,1,0,0,0,,
6898,REQ-0160,10,5,Job Board,2026-03-31,0,0,0,0,,
6899,REQ-0160,10,5,LinkedIn,2026-04-04,0,0,0,0,,
6900,REQ-0160,10,5,Job Board,2026-04-18,1,0,0,0,,
6901,REQ-0160,10,5,Employee Referral,2026-04-16,1,0,0,0,,
6902,REQ-0160,10,5,LinkedIn,2026-03-25,1,1,0,0,,
6903,REQ-0160,10,5,Job Board,2026-04-07,0,0,0,0,,
6904,REQ-0160,10,5,Agency,2026-04-08,1,1,0,0,,
6905,REQ-0160,10,5,Career Site,2026-04-03,0,0,0,0,,
6906,REQ-0160,10,5,LinkedIn,2026-04-01,1,0,0,0,,
6907,REQ-0160,10,5,Job Board,2026-04-05,1,1,0,0,,
6908,REQ-0160,10,5,Job Board,2026-03-25,1,0,0,0,,
6909,REQ-0160,10,5,Employee Referral,2026-03-30,0,0,0,0,,
6910,REQ-0160,10,5,LinkedIn,2026-04-07,1,1,1,1,1,29
6911,REQ-0160,10,5,Job Board,2026-04-01,1,0,0,0,,
6912,REQ-0160,10,5,Career Site,2026-04-14,0,0,0,0,,
6913,REQ-0160,10,5,LinkedIn,2026-03-29,1,0,0,0,,
6914,REQ-0160,10,5,Employee Referral,2026-03-24,0,0,0,0,,
6915,REQ-0160,10,5,Job Board,2026-04-13,1,0,0,0,,
6916,REQ-0160,10,5,Career Site,2026-04-05,0,0,0,0,,
6917,REQ-0160,10,5,Career Site,2026-03-26,1,1,0,0,,
6918,REQ-0160,10,5,Job Board,2026-04-05,0,0,0,0,,
6919,REQ-0160,10,5,Employee Referral,2026-04-01,0,0,0,0,,
6920,REQ-0160,10,5,LinkedIn,2026-04-03,1,0,0,0,,
6921,REQ-0160,10,5,Agency,2026-03-24,1,1,1,1,1,29
6922,REQ-0160,10,5,Job Board,2026-04-03,1,1,1,1,1,29
6923,REQ-0160,10,5,LinkedIn,2026-03-31,0,0,0,0,,
6924,REQ-0160,10,5,Career Site,2026-04-01,1,0,0,0,,
6925,REQ-0160,10,5,LinkedIn,2026-04-05,0,0,0,0,,
6926,REQ-0160,10,5,Career Site,2026-04-16,1,1,1,1,1,29
6927,REQ-0160,10,5,LinkedIn,2026-04-11,0,0,0,0,,
6928,REQ-0160,10,5,LinkedIn,2026-04-12,1,0,0,0,,
6929,REQ-0160,10,5,LinkedIn,2026-03-30,0,0,0,0,,
6930,REQ-0160,10,5,Career Site,2026-04-12,1,1,1,1,1,29
6931,REQ-0161,6,5,LinkedIn,2026-05-18,1,1,1,1,1,63
6932,REQ-0161,6,5,LinkedIn,2026-04-30,1,0,0,0,,
6933,REQ-0161,6,5,Employee Referral,2026-05-17,1,1,0,0,,
6934,REQ-0161,6,5,Agency,2026-05-14,1,0,0,0,,
6935,REQ-0161,6,5,Career Site,2026-04-25,0,0,0,0,,
6936,REQ-0161,6,5,Career Site,2026-05-13,0,0,0,0,,
6937,REQ-0161,6,5,Career Site,2026-04-26,0,0,0,0,,
6938,REQ-0161,6,5,Job Board,2026-04-29,0,0,0,0,,
6939,REQ-0161,6,5,LinkedIn,2026-05-08,0,0,0,0,,
6940,REQ-0161,6,5,LinkedIn,2026-04-30,0,0,0,0,,
6941,REQ-0161,6,5,Job Board,2026-05-15,0,0,0,0,,
6942,REQ-0161,6,5,Career Site,2026-04-29,0,0,0,0,,
6943,REQ-0161,6,5,Career Site,2026-05-06,0,0,0,0,,
6944,REQ-0161,6,5,LinkedIn,2026-04-28,1,0,0,0,,
6945,REQ-0161,6,5,LinkedIn,2026-05-11,0,0,0,0,,
6946,REQ-0161,6,5,LinkedIn,2026-05-07,1,1,0,0,,
6947,REQ-0161,6,5,Job Board,2026-05-03,0,0,0,0,,
6948,REQ-0161,6,5,Employee Referral,2026-05-07,0,0,0,0,,
6949,REQ-0161,6,5,Agency,2026-04-30,0,0,0,0,,
6950,REQ-0161,6,5,Employee Referral,2026-05-18,1,0,0,0,,
6951,REQ-0161,6,5,Career Site,2026-04-23,1,0,0,0,,
6952,REQ-0161,6,5,Career Site,2026-04-27,1,1,0,0,,
6953,REQ-0161,6,5,Career Site,2026-05-03,0,0,0,0,,
6954,REQ-0161,6,5,Job Board,2026-05-16,1,1,0,0,,
6955,REQ-0161,6,5,Agency,2026-05-03,1,0,0,0,,
6956,REQ-0161,6,5,LinkedIn,2026-05-09,1,1,0,0,,
6957,REQ-0161,6,5,Employee Referral,2026-05-05,1,0,0,0,,
6958,REQ-0161,6,5,Employee Referral,2026-05-01,1,0,0,0,,
6959,REQ-0161,6,5,LinkedIn,2026-04-28,0,0,0,0,,
6960,REQ-0161,6,5,Job Board,2026-04-23,0,0,0,0,,
6961,REQ-0161,6,5,Job Board,2026-05-17,1,0,0,0,,
6962,REQ-0161,6,5,LinkedIn,2026-05-09,0,0,0,0,,
6963,REQ-0161,6,5,LinkedIn,2026-05-10,1,1,1,1,1,63
6964,REQ-0161,6,5,Career Site,2026-05-01,1,1,0,0,,
6965,REQ-0162,11,2,LinkedIn,2025-02-06,1,0,0,0,,
6966,REQ-0162,11,2,Agency,2025-01-30,0,0,0,0,,
6967,REQ-0162,11,2,LinkedIn,2025-01-29,1,1,0,0,,
6968,REQ-0162,11,2,Employee Referral,2025-01-31,1,0,0,0,,
6969,REQ-0162,11,2,LinkedIn,2025-02-05,1,1,0,0,,
6970,REQ-0162,11,2,Job Board,2025-02-03,0,0,0,0,,
6971,REQ-0162,11,2,LinkedIn,2025-01-28,1,0,0,0,,
6972,REQ-0162,11,2,Career Site,2025-02-11,1,0,0,0,,
6973,REQ-0162,11,2,Career Site,2025-01-30,0,0,0,0,,
6974,REQ-0162,11,2,Employee Referral,2025-02-05,0,0,0,0,,
6975,REQ-0162,11,2,LinkedIn,2025-02-04,1,1,0,0,,
6976,REQ-0162,11,2,LinkedIn,2025-02-20,0,0,0,0,,
6977,REQ-0162,11,2,Career Site,2025-02-19,1,1,0,0,,
6978,REQ-0162,11,2,LinkedIn,2025-02-07,0,0,0,0,,
6979,REQ-0162,11,2,Job Board,2025-02-07,0,0,0,0,,
6980,REQ-0162,11,2,Job Board,2025-01-31,0,0,0,0,,
6981,REQ-0162,11,2,LinkedIn,2025-02-09,0,0,0,0,,
6982,REQ-0162,11,2,LinkedIn,2025-02-02,0,0,0,0,,
6983,REQ-0162,11,2,Career Site,2025-02-03,0,0,0,0,,
6984,REQ-0162,11,2,LinkedIn,2025-02-11,0,0,0,0,,
6985,REQ-0162,11,2,Job Board,2025-02-12,1,0,0,0,,
6986,REQ-0162,11,2,Career Site,2025-02-01,1,1,1,1,1,47
6987,REQ-0162,11,2,Employee Referral,2025-01-31,0,0,0,0,,
6988,REQ-0162,11,2,Career Site,2025-02-16,0,0,0,0,,
6989,REQ-0162,11,2,Job Board,2025-02-08,1,1,0,0,,
6990,REQ-0162,11,2,Job Board,2025-01-27,1,0,0,0,,
6991,REQ-0162,11,2,Career Site,2025-02-16,1,1,1,1,1,47
6992,REQ-0163,9,2,Job Board,2025-11-03,1,0,0,0,,
6993,REQ-0163,9,2,Career Site,2025-10-25,1,1,1,1,1,43
6994,REQ-0163,9,2,LinkedIn,2025-11-03,1,0,0,0,,
6995,REQ-0163,9,2,Employee Referral,2025-10-30,1,1,0,0,,
6996,REQ-0163,9,2,Agency,2025-10-23,0,0,0,0,,
6997,REQ-0163,9,2,Employee Referral,2025-11-07,1,1,0,0,,
6998,REQ-0163,9,2,LinkedIn,2025-10-23,1,0,0,0,,
6999,REQ-0163,9,2,LinkedIn,2025-11-02,1,1,0,0,,
7000,REQ-0163,9,2,LinkedIn,2025-10-28,1,0,0,0,,
7001,REQ-0163,9,2,LinkedIn,2025-10-29,1,1,1,0,0,
7002,REQ-0163,9,2,LinkedIn,2025-11-12,1,0,0,0,,
7003,REQ-0163,9,2,Job Board,2025-11-12,1,0,0,0,,
7004,REQ-0163,9,2,Job Board,2025-11-11,1,1,0,0,,
7005,REQ-0163,9,2,Job Board,2025-11-03,0,0,0,0,,
7006,REQ-0163,9,2,LinkedIn,2025-10-31,1,0,0,0,,
7007,REQ-0163,9,2,Career Site,2025-10-30,0,0,0,0,,
7008,REQ-0163,9,2,Career Site,2025-11-05,1,0,0,0,,
7009,REQ-0163,9,2,Job Board,2025-11-09,0,0,0,0,,
7010,REQ-0163,9,2,Employee Referral,2025-11-03,1,1,0,0,,
7011,REQ-0163,9,2,Employee Referral,2025-10-25,0,0,0,0,,
7012,REQ-0163,9,2,Employee Referral,2025-10-31,1,0,0,0,,
7013,REQ-0163,9,2,Employee Referral,2025-11-07,0,0,0,0,,
7014,REQ-0163,9,2,Job Board,2025-10-28,1,0,0,0,,
7015,REQ-0163,9,2,LinkedIn,2025-10-30,1,1,1,1,1,43
7016,REQ-0163,9,2,LinkedIn,2025-11-15,1,1,0,0,,
7017,REQ-0163,9,2,Employee Referral,2025-10-27,1,1,0,0,,
7018,REQ-0163,9,2,Job Board,2025-11-02,0,0,0,0,,
7019,REQ-0163,9,2,Agency,2025-11-03,1,0,0,0,,
7020,REQ-0163,9,2,LinkedIn,2025-10-27,1,1,0,0,,
7021,REQ-0163,9,2,LinkedIn,2025-11-01,0,0,0,0,,
7022,REQ-0163,9,2,Agency,2025-11-05,0,0,0,0,,
7023,REQ-0163,9,2,LinkedIn,2025-11-13,1,0,0,0,,
7024,REQ-0163,9,2,Job Board,2025-10-26,1,1,0,0,,
7025,REQ-0163,9,2,LinkedIn,2025-10-31,1,1,1,1,1,43
7026,REQ-0163,9,2,Job Board,2025-11-04,1,0,0,0,,
7027,REQ-0163,9,2,Employee Referral,2025-10-25,1,1,1,1,1,43
7028,REQ-0163,9,2,Job Board,2025-10-21,1,1,0,0,,
7029,REQ-0163,9,2,Employee Referral,2025-10-29,1,1,0,0,,
7030,REQ-0163,9,2,Employee Referral,2025-11-12,1,0,0,0,,
7031,REQ-0163,9,2,LinkedIn,2025-10-30,0,0,0,0,,
7032,REQ-0163,9,2,Career Site,2025-10-21,1,1,0,0,,
7033,REQ-0163,9,2,Employee Referral,2025-10-28,0,0,0,0,,
7034,REQ-0163,9,2,Agency,2025-10-24,1,0,0,0,,
7035,REQ-0163,9,2,Career Site,2025-10-22,0,0,0,0,,
7036,REQ-0163,9,2,LinkedIn,2025-11-01,0,0,0,0,,
7037,REQ-0163,9,2,Job Board,2025-10-31,0,0,0,0,,
7038,REQ-0163,9,2,Job Board,2025-11-05,1,0,0,0,,
7039,REQ-0163,9,2,LinkedIn,2025-11-14,1,0,0,0,,
7040,REQ-0163,9,2,Employee Referral,2025-10-24,0,0,0,0,,
7041,REQ-0163,9,2,LinkedIn,2025-11-05,1,1,0,0,,
7042,REQ-0163,9,2,LinkedIn,2025-11-04,1,1,0,0,,
7043,REQ-0164,7,6,Job Board,2025-11-05,0,0,0,0,,
7044,REQ-0164,7,6,Career Site,2025-11-11,1,0,0,0,,
7045,REQ-0164,7,6,Employee Referral,2025-11-12,1,0,0,0,,
7046,REQ-0164,7,6,Employee Referral,2025-11-02,1,0,0,0,,
7047,REQ-0164,7,6,Employee Referral,2025-11-05,0,0,0,0,,
7048,REQ-0164,7,6,LinkedIn,2025-11-01,0,0,0,0,,
7049,REQ-0164,7,6,LinkedIn,2025-11-01,0,0,0,0,,
7050,REQ-0164,7,6,Career Site,2025-10-30,1,1,0,0,,
7051,REQ-0164,7,6,Career Site,2025-10-24,1,0,0,0,,
7052,REQ-0164,7,6,Career Site,2025-11-06,0,0,0,0,,
7053,REQ-0164,7,6,Career Site,2025-10-18,0,0,0,0,,
7054,REQ-0164,7,6,LinkedIn,2025-11-05,1,0,0,0,,
7055,REQ-0164,7,6,Employee Referral,2025-11-10,1,1,0,0,,
7056,REQ-0164,7,6,Career Site,2025-10-31,1,0,0,0,,
7057,REQ-0164,7,6,Job Board,2025-10-23,0,0,0,0,,
7058,REQ-0164,7,6,Job Board,2025-11-09,0,0,0,0,,
7059,REQ-0164,7,6,LinkedIn,2025-10-26,0,0,0,0,,
7060,REQ-0164,7,6,LinkedIn,2025-10-24,1,1,1,0,0,
7061,REQ-0164,7,6,LinkedIn,2025-11-11,1,1,0,0,,
7062,REQ-0164,7,6,Career Site,2025-11-11,0,0,0,0,,
7063,REQ-0164,7,6,Agency,2025-10-26,1,1,1,0,0,
7064,REQ-0164,7,6,Employee Referral,2025-10-19,1,1,1,1,1,34
7065,REQ-0164,7,6,Employee Referral,2025-11-08,0,0,0,0,,
7066,REQ-0164,7,6,Employee Referral,2025-10-20,1,0,0,0,,
7067,REQ-0164,7,6,Job Board,2025-10-21,0,0,0,0,,
7068,REQ-0164,7,6,Job Board,2025-10-25,0,0,0,0,,
7069,REQ-0164,7,6,Agency,2025-11-03,1,1,0,0,,
7070,REQ-0164,7,6,Agency,2025-10-21,0,0,0,0,,
7071,REQ-0164,7,6,Employee Referral,2025-10-29,1,0,0,0,,
7072,REQ-0164,7,6,Job Board,2025-10-30,1,1,0,0,,
7073,REQ-0164,7,6,LinkedIn,2025-10-24,1,1,1,1,1,34
7074,REQ-0164,7,6,LinkedIn,2025-10-27,0,0,0,0,,
7075,REQ-0164,7,6,Career Site,2025-10-31,0,0,0,0,,
7076,REQ-0164,7,6,Employee Referral,2025-11-12,1,0,0,0,,
7077,REQ-0164,7,6,LinkedIn,2025-11-02,1,0,0,0,,
7078,REQ-0164,7,6,LinkedIn,2025-11-03,1,1,0,0,,
7079,REQ-0164,7,6,LinkedIn,2025-10-21,1,1,0,0,,
7080,REQ-0164,7,6,LinkedIn,2025-10-22,1,1,0,0,,
7081,REQ-0164,7,6,LinkedIn,2025-10-30,0,0,0,0,,
7082,REQ-0164,7,6,Career Site,2025-10-21,1,1,1,1,1,34
7083,REQ-0164,7,6,Career Site,2025-11-09,1,0,0,0,,
7084,REQ-0164,7,6,LinkedIn,2025-11-10,1,1,0,0,,
7085,REQ-0164,7,6,Career Site,2025-10-28,0,0,0,0,,
7086,REQ-0164,7,6,Job Board,2025-10-22,1,0,0,0,,
7087,REQ-0164,7,6,Job Board,2025-11-12,0,0,0,0,,
7088,REQ-0164,7,6,Job Board,2025-11-09,0,0,0,0,,
7089,REQ-0164,7,6,LinkedIn,2025-11-08,1,0,0,0,,
7090,REQ-0164,7,6,Job Board,2025-11-07,1,1,1,1,1,34
7091,REQ-0164,7,6,LinkedIn,2025-11-09,0,0,0,0,,
7092,REQ-0164,7,6,LinkedIn,2025-11-06,0,0,0,0,,
7093,REQ-0164,7,6,Career Site,2025-11-07,1,1,0,0,,
7094,REQ-0164,7,6,Career Site,2025-11-11,0,0,0,0,,
7095,REQ-0164,7,6,Job Board,2025-10-25,1,1,0,0,,
7096,REQ-0164,7,6,LinkedIn,2025-10-28,0,0,0,0,,
7097,REQ-0164,7,6,Agency,2025-11-12,1,1,1,0,0,
7098,REQ-0164,7,6,Job Board,2025-10-24,0,0,0,0,,
7099,REQ-0164,7,6,Employee Referral,2025-10-21,1,0,0,0,,
7100,REQ-0164,7,6,Career Site,2025-10-23,1,0,0,0,,
7101,REQ-0164,7,6,LinkedIn,2025-10-28,1,0,0,0,,
7102,REQ-0164,7,6,Career Site,2025-10-29,1,1,0,0,,
7103,REQ-0164,7,6,LinkedIn,2025-11-09,0,0,0,0,,
7104,REQ-0164,7,6,LinkedIn,2025-10-27,1,0,0,0,,
7105,REQ-0164,7,6,Job Board,2025-10-23,1,1,0,0,,
7106,REQ-0165,6,5,Career Site,2026-06-13,1,0,0,0,,
7107,REQ-0165,6,5,Agency,2026-06-03,0,0,0,0,,
7108,REQ-0165,6,5,Agency,2026-06-11,0,0,0,0,,
7109,REQ-0165,6,5,Employee Referral,2026-06-03,0,0,0,0,,
7110,REQ-0165,6,5,LinkedIn,2026-06-25,0,0,0,0,,
7111,REQ-0165,6,5,Employee Referral,2026-06-10,1,0,0,0,,
7112,REQ-0165,6,5,LinkedIn,2026-06-06,1,1,0,0,,
7113,REQ-0165,6,5,Agency,2026-06-14,1,1,0,0,,
7114,REQ-0165,6,5,Employee Referral,2026-06-23,1,1,0,0,,
7115,REQ-0165,6,5,LinkedIn,2026-06-23,1,0,0,0,,
7116,REQ-0165,6,5,LinkedIn,2026-06-03,0,0,0,0,,
7117,REQ-0165,6,5,Employee Referral,2026-06-03,1,0,0,0,,
7118,REQ-0165,6,5,Employee Referral,2026-06-23,1,1,1,1,1,39
7119,REQ-0165,6,5,LinkedIn,2026-06-12,1,1,1,1,1,39
7120,REQ-0165,6,5,LinkedIn,2026-06-19,1,0,0,0,,
7121,REQ-0165,6,5,Career Site,2026-06-13,0,0,0,0,,
7122,REQ-0165,6,5,Employee Referral,2026-05-31,0,0,0,0,,
7123,REQ-0165,6,5,Job Board,2026-06-10,1,0,0,0,,
7124,REQ-0165,6,5,Job Board,2026-06-24,0,0,0,0,,
7125,REQ-0165,6,5,Job Board,2026-06-25,0,0,0,0,,
7126,REQ-0165,6,5,Employee Referral,2026-06-07,1,0,0,0,,
7127,REQ-0165,6,5,Employee Referral,2026-06-21,1,1,0,0,,
7128,REQ-0165,6,5,LinkedIn,2026-06-15,0,0,0,0,,
7129,REQ-0165,6,5,Job Board,2026-06-17,0,0,0,0,,
7130,REQ-0165,6,5,Career Site,2026-06-11,0,0,0,0,,
7131,REQ-0165,6,5,LinkedIn,2026-06-01,0,0,0,0,,
7132,REQ-0165,6,5,LinkedIn,2026-06-04,1,0,0,0,,
7133,REQ-0165,6,5,LinkedIn,2026-06-07,1,0,0,0,,
7134,REQ-0166,6,2,Job Board,2024-10-25,1,0,0,0,,
7135,REQ-0166,6,2,Job Board,2024-10-03,1,1,0,0,,
7136,REQ-0166,6,2,Job Board,2024-10-14,1,1,0,0,,
7137,REQ-0166,6,2,LinkedIn,2024-10-02,1,0,0,0,,
7138,REQ-0166,6,2,Job Board,2024-10-09,0,0,0,0,,
7139,REQ-0166,6,2,Job Board,2024-10-17,1,0,0,0,,
7140,REQ-0166,6,2,Job Board,2024-10-03,1,1,1,1,1,41
7141,REQ-0166,6,2,LinkedIn,2024-10-01,1,0,0,0,,
7142,REQ-0166,6,2,LinkedIn,2024-10-05,1,1,1,1,1,41
7143,REQ-0166,6,2,Career Site,2024-10-19,1,0,0,0,,
7144,REQ-0166,6,2,LinkedIn,2024-10-05,1,1,1,1,1,41
7145,REQ-0166,6,2,Job Board,2024-10-03,1,0,0,0,,
7146,REQ-0166,6,2,Career Site,2024-10-14,1,1,0,0,,
7147,REQ-0166,6,2,Career Site,2024-10-05,0,0,0,0,,
7148,REQ-0166,6,2,Career Site,2024-10-02,0,0,0,0,,
7149,REQ-0166,6,2,Employee Referral,2024-10-14,1,1,1,1,1,41
7150,REQ-0166,6,2,Job Board,2024-10-11,1,1,0,0,,
7151,REQ-0166,6,2,Employee Referral,2024-10-21,1,0,0,0,,
7152,REQ-0166,6,2,LinkedIn,2024-10-15,0,0,0,0,,
7153,REQ-0166,6,2,Career Site,2024-10-10,1,1,1,1,1,41
7154,REQ-0166,6,2,Job Board,2024-10-17,0,0,0,0,,
7155,REQ-0166,6,2,LinkedIn,2024-10-07,0,0,0,0,,
7156,REQ-0166,6,2,Employee Referral,2024-10-11,1,1,1,1,1,41
7157,REQ-0166,6,2,LinkedIn,2024-10-24,1,0,0,0,,
7158,REQ-0166,6,2,Job Board,2024-10-23,1,0,0,0,,
7159,REQ-0166,6,2,Job Board,2024-10-09,1,0,0,0,,
7160,REQ-0166,6,2,LinkedIn,2024-10-22,0,0,0,0,,
7161,REQ-0166,6,2,Employee Referral,2024-10-08,1,1,1,1,1,41
7162,REQ-0166,6,2,Job Board,2024-10-10,0,0,0,0,,
7163,REQ-0166,6,2,Employee Referral,2024-10-05,0,0,0,0,,
7164,REQ-0166,6,2,Employee Referral,2024-10-13,1,0,0,0,,
7165,REQ-0166,6,2,LinkedIn,2024-10-04,0,0,0,0,,
7166,REQ-0166,6,2,Career Site,2024-10-20,1,1,0,0,,
7167,REQ-0166,6,2,Career Site,2024-10-24,1,1,1,1,1,41
7168,REQ-0166,6,2,Agency,2024-10-17,1,0,0,0,,
7169,REQ-0166,6,2,Job Board,2024-10-15,0,0,0,0,,
7170,REQ-0166,6,2,Employee Referral,2024-10-18,1,0,0,0,,
7171,REQ-0166,6,2,Career Site,2024-10-10,0,0,0,0,,
7172,REQ-0166,6,2,LinkedIn,2024-10-07,1,0,0,0,,
7173,REQ-0166,6,2,LinkedIn,2024-10-11,1,1,1,1,1,41
7174,REQ-0166,6,2,Job Board,2024-10-12,0,0,0,0,,
7175,REQ-0166,6,2,Career Site,2024-10-18,1,0,0,0,,
7176,REQ-0166,6,2,Career Site,2024-10-15,0,0,0,0,,
7177,REQ-0166,6,2,LinkedIn,2024-10-11,1,0,0,0,,
7178,REQ-0166,6,2,Agency,2024-10-02,1,0,0,0,,
7179,REQ-0166,6,2,LinkedIn,2024-10-22,1,1,0,0,,
7180,REQ-0166,6,2,Career Site,2024-10-13,1,1,1,1,1,41
7181,REQ-0167,5,4,LinkedIn,2025-04-15,0,0,0,0,,
7182,REQ-0167,5,4,LinkedIn,2025-04-17,1,1,1,0,0,
7183,REQ-0167,5,4,LinkedIn,2025-04-29,0,0,0,0,,
7184,REQ-0167,5,4,Career Site,2025-04-24,1,1,0,0,,
7185,REQ-0167,5,4,Agency,2025-04-24,1,1,0,0,,
7186,REQ-0167,5,4,Job Board,2025-04-23,0,0,0,0,,
7187,REQ-0167,5,4,LinkedIn,2025-04-27,1,0,0,0,,
7188,REQ-0167,5,4,Career Site,2025-04-20,1,0,0,0,,
7189,REQ-0167,5,4,Career Site,2025-04-19,1,1,0,0,,
7190,REQ-0167,5,4,Agency,2025-04-19,0,0,0,0,,
7191,REQ-0167,5,4,Job Board,2025-04-27,1,0,0,0,,
7192,REQ-0167,5,4,Career Site,2025-04-20,0,0,0,0,,
7193,REQ-0167,5,4,LinkedIn,2025-05-05,0,0,0,0,,
7194,REQ-0167,5,4,Career Site,2025-05-04,0,0,0,0,,
7195,REQ-0167,5,4,Job Board,2025-04-22,0,0,0,0,,
7196,REQ-0167,5,4,Job Board,2025-05-05,1,1,0,0,,
7197,REQ-0167,5,4,LinkedIn,2025-04-28,1,0,0,0,,
7198,REQ-0167,5,4,LinkedIn,2025-05-01,1,1,1,1,1,19
7199,REQ-0167,5,4,LinkedIn,2025-04-26,1,0,0,0,,
7200,REQ-0167,5,4,Employee Referral,2025-04-24,1,1,0,0,,
7201,REQ-0167,5,4,Career Site,2025-04-18,0,0,0,0,,
7202,REQ-0167,5,4,Job Board,2025-05-06,0,0,0,0,,
7203,REQ-0167,5,4,Job Board,2025-04-19,0,0,0,0,,
7204,REQ-0167,5,4,Employee Referral,2025-04-19,1,0,0,0,,
7205,REQ-0167,5,4,Employee Referral,2025-04-29,1,0,0,0,,
7206,REQ-0167,5,4,Career Site,2025-05-04,1,0,0,0,,
7207,REQ-0167,5,4,LinkedIn,2025-05-06,1,1,0,0,,
7208,REQ-0167,5,4,Employee Referral,2025-04-15,0,0,0,0,,
7209,REQ-0167,5,4,Career Site,2025-04-24,0,0,0,0,,
7210,REQ-0167,5,4,LinkedIn,2025-04-15,1,0,0,0,,
7211,REQ-0167,5,4,Job Board,2025-04-21,1,1,0,0,,
7212,REQ-0167,5,4,Career Site,2025-05-03,0,0,0,0,,
7213,REQ-0167,5,4,Agency,2025-04-27,0,0,0,0,,
7214,REQ-0167,5,4,LinkedIn,2025-04-30,0,0,0,0,,
7215,REQ-0167,5,4,Employee Referral,2025-04-19,1,1,0,0,,
7216,REQ-0167,5,4,LinkedIn,2025-04-27,1,1,0,0,,
7217,REQ-0167,5,4,Career Site,2025-04-30,0,0,0,0,,
7218,REQ-0167,5,4,Employee Referral,2025-05-06,0,0,0,0,,
7219,REQ-0167,5,4,LinkedIn,2025-04-20,1,0,0,0,,
7220,REQ-0167,5,4,Employee Referral,2025-04-16,0,0,0,0,,
7221,REQ-0167,5,4,Job Board,2025-04-29,0,0,0,0,,
7222,REQ-0167,5,4,Career Site,2025-04-17,1,1,0,0,,
7223,REQ-0167,5,4,Job Board,2025-05-01,1,1,0,0,,
7224,REQ-0167,5,4,Job Board,2025-05-08,1,1,1,1,1,19
7225,REQ-0167,5,4,LinkedIn,2025-05-06,0,0,0,0,,
7226,REQ-0167,5,4,Employee Referral,2025-05-04,1,0,0,0,,
7227,REQ-0167,5,4,Job Board,2025-04-24,1,1,0,0,,
7228,REQ-0167,5,4,Employee Referral,2025-04-27,1,0,0,0,,
7229,REQ-0167,5,4,Job Board,2025-04-30,0,0,0,0,,
7230,REQ-0167,5,4,Job Board,2025-05-03,1,0,0,0,,
7231,REQ-0167,5,4,Employee Referral,2025-05-06,1,0,0,0,,
7232,REQ-0167,5,4,Employee Referral,2025-04-17,1,1,1,0,0,
7233,REQ-0167,5,4,Job Board,2025-04-21,1,1,0,0,,
7234,REQ-0167,5,4,Job Board,2025-04-29,1,1,0,0,,
7235,REQ-0167,5,4,LinkedIn,2025-05-06,1,1,0,0,,
7236,REQ-0167,5,4,Agency,2025-04-22,0,0,0,0,,
7237,REQ-0167,5,4,Career Site,2025-05-06,1,0,0,0,,
7238,REQ-0167,5,4,Career Site,2025-05-01,1,0,0,0,,
7239,REQ-0167,5,4,Agency,2025-04-15,0,0,0,0,,
7240,REQ-0167,5,4,Employee Referral,2025-05-10,0,0,0,0,,
7241,REQ-0167,5,4,Career Site,2025-04-22,1,1,0,0,,
7242,REQ-0167,5,4,Job Board,2025-04-24,0,0,0,0,,
7243,REQ-0167,5,4,LinkedIn,2025-04-23,0,0,0,0,,
7244,REQ-0167,5,4,Employee Referral,2025-04-18,1,1,0,0,,
7245,REQ-0167,5,4,LinkedIn,2025-04-30,1,0,0,0,,
7246,REQ-0167,5,4,LinkedIn,2025-04-17,0,0,0,0,,
7247,REQ-0167,5,4,Employee Referral,2025-04-29,1,1,0,0,,
7248,REQ-0168,1,1,LinkedIn,2024-12-18,1,0,0,0,,
7249,REQ-0168,1,1,Agency,2024-12-15,1,0,0,0,,
7250,REQ-0168,1,1,Job Board,2024-12-20,0,0,0,0,,
7251,REQ-0168,1,1,Job Board,2024-11-30,0,0,0,0,,
7252,REQ-0168,1,1,Job Board,2024-11-25,1,1,1,0,0,
7253,REQ-0168,1,1,Career Site,2024-12-03,1,1,0,0,,
7254,REQ-0168,1,1,Career Site,2024-12-08,1,1,0,0,,
7255,REQ-0168,1,1,Job Board,2024-12-05,1,0,0,0,,
7256,REQ-0168,1,1,LinkedIn,2024-12-13,1,0,0,0,,
7257,REQ-0168,1,1,Career Site,2024-12-11,0,0,0,0,,
7258,REQ-0168,1,1,Job Board,2024-12-05,1,0,0,0,,
7259,REQ-0168,1,1,Career Site,2024-12-09,0,0,0,0,,
7260,REQ-0168,1,1,Career Site,2024-12-17,1,1,1,1,1,16
7261,REQ-0168,1,1,LinkedIn,2024-12-17,1,1,0,0,,
7262,REQ-0168,1,1,Employee Referral,2024-12-02,0,0,0,0,,
7263,REQ-0168,1,1,LinkedIn,2024-12-16,0,0,0,0,,
7264,REQ-0168,1,1,Career Site,2024-12-07,0,0,0,0,,
7265,REQ-0168,1,1,Employee Referral,2024-12-03,0,0,0,0,,
7266,REQ-0168,1,1,Employee Referral,2024-12-11,1,1,0,0,,
7267,REQ-0168,1,1,Employee Referral,2024-12-12,0,0,0,0,,
7268,REQ-0168,1,1,Employee Referral,2024-12-01,1,0,0,0,,
7269,REQ-0168,1,1,LinkedIn,2024-12-20,1,1,0,0,,
7270,REQ-0168,1,1,LinkedIn,2024-12-16,1,0,0,0,,
7271,REQ-0168,1,1,LinkedIn,2024-12-07,0,0,0,0,,
7272,REQ-0168,1,1,LinkedIn,2024-11-29,1,0,0,0,,
7273,REQ-0168,1,1,LinkedIn,2024-12-01,1,1,1,0,0,
7274,REQ-0168,1,1,LinkedIn,2024-12-11,1,0,0,0,,
7275,REQ-0168,1,1,Job Board,2024-12-16,1,1,0,0,,
7276,REQ-0168,1,1,Employee Referral,2024-12-03,0,0,0,0,,
7277,REQ-0168,1,1,LinkedIn,2024-12-05,0,0,0,0,,
7278,REQ-0168,1,1,Employee Referral,2024-12-16,1,1,0,0,,
7279,REQ-0168,1,1,Career Site,2024-11-27,0,0,0,0,,
7280,REQ-0168,1,1,Job Board,2024-12-02,1,1,0,0,,
7281,REQ-0168,1,1,LinkedIn,2024-12-12,0,0,0,0,,
7282,REQ-0168,1,1,LinkedIn,2024-12-06,1,0,0,0,,
7283,REQ-0168,1,1,Career Site,2024-12-18,1,1,0,0,,
7284,REQ-0168,1,1,Agency,2024-11-29,0,0,0,0,,
7285,REQ-0168,1,1,LinkedIn,2024-11-29,0,0,0,0,,
7286,REQ-0168,1,1,Employee Referral,2024-12-03,0,0,0,0,,
7287,REQ-0168,1,1,LinkedIn,2024-12-09,1,1,0,0,,
7288,REQ-0168,1,1,Agency,2024-12-09,1,1,1,1,1,16
7289,REQ-0168,1,1,Agency,2024-12-11,1,0,0,0,,
7290,REQ-0168,1,1,Employee Referral,2024-12-09,1,1,0,0,,
7291,REQ-0168,1,1,Agency,2024-12-18,1,0,0,0,,
7292,REQ-0168,1,1,Employee Referral,2024-12-07,0,0,0,0,,
7293,REQ-0168,1,1,LinkedIn,2024-12-12,1,0,0,0,,
7294,REQ-0168,1,1,LinkedIn,2024-11-29,1,1,0,0,,
7295,REQ-0168,1,1,LinkedIn,2024-11-29,1,0,0,0,,
7296,REQ-0168,1,1,Job Board,2024-12-18,1,1,0,0,,
7297,REQ-0168,1,1,Career Site,2024-11-26,0,0,0,0,,
7298,REQ-0168,1,1,Career Site,2024-12-09,1,1,0,0,,
7299,REQ-0168,1,1,Career Site,2024-12-08,0,0,0,0,,
7300,REQ-0168,1,1,Employee Referral,2024-12-02,0,0,0,0,,
7301,REQ-0168,1,1,LinkedIn,2024-11-28,1,1,1,1,1,16
7302,REQ-0169,8,2,Employee Referral,2025-07-02,1,0,0,0,,
7303,REQ-0169,8,2,LinkedIn,2025-06-27,1,1,1,0,0,
7304,REQ-0169,8,2,Employee Referral,2025-07-11,0,0,0,0,,
7305,REQ-0169,8,2,LinkedIn,2025-07-16,1,1,0,0,,
7306,REQ-0169,8,2,Job Board,2025-07-12,0,0,0,0,,
7307,REQ-0169,8,2,Job Board,2025-07-13,0,0,0,0,,
7308,REQ-0169,8,2,Job Board,2025-07-15,1,1,1,1,1,61
7309,REQ-0169,8,2,Career Site,2025-07-19,1,1,1,0,0,
7310,REQ-0169,8,2,Agency,2025-06-28,0,0,0,0,,
7311,REQ-0169,8,2,Agency,2025-07-20,1,1,0,0,,
7312,REQ-0169,8,2,Agency,2025-07-04,1,0,0,0,,
7313,REQ-0169,8,2,Career Site,2025-07-11,0,0,0,0,,
7314,REQ-0169,8,2,Employee Referral,2025-06-27,0,0,0,0,,
7315,REQ-0169,8,2,Employee Referral,2025-07-11,1,1,1,1,1,61
7316,REQ-0169,8,2,Career Site,2025-07-11,0,0,0,0,,
7317,REQ-0169,8,2,Career Site,2025-06-27,1,1,0,0,,
7318,REQ-0169,8,2,Career Site,2025-07-02,0,0,0,0,,
7319,REQ-0169,8,2,LinkedIn,2025-06-26,1,1,0,0,,
7320,REQ-0169,8,2,LinkedIn,2025-06-27,0,0,0,0,,
7321,REQ-0169,8,2,Career Site,2025-07-19,1,1,1,1,1,61
7322,REQ-0169,8,2,LinkedIn,2025-07-18,0,0,0,0,,
7323,REQ-0169,8,2,Career Site,2025-07-13,1,1,0,0,,
7324,REQ-0169,8,2,Career Site,2025-07-05,1,1,0,0,,
7325,REQ-0169,8,2,Job Board,2025-07-11,1,1,1,1,1,61
7326,REQ-0169,8,2,Job Board,2025-06-30,1,1,0,0,,
7327,REQ-0169,8,2,Job Board,2025-07-09,1,1,1,0,0,
7328,REQ-0169,8,2,Job Board,2025-07-03,1,1,0,0,,
7329,REQ-0169,8,2,Job Board,2025-07-12,1,1,0,0,,
7330,REQ-0169,8,2,Employee Referral,2025-07-03,0,0,0,0,,
7331,REQ-0169,8,2,LinkedIn,2025-07-18,1,0,0,0,,
7332,REQ-0169,8,2,Agency,2025-07-10,0,0,0,0,,
7333,REQ-0169,8,2,Job Board,2025-07-16,1,1,1,0,0,
7334,REQ-0169,8,2,LinkedIn,2025-07-07,1,0,0,0,,
7335,REQ-0169,8,2,Agency,2025-07-07,1,1,0,0,,
7336,REQ-0169,8,2,LinkedIn,2025-07-05,1,0,0,0,,
7337,REQ-0169,8,2,LinkedIn,2025-07-05,0,0,0,0,,
7338,REQ-0169,8,2,Employee Referral,2025-07-05,0,0,0,0,,
7339,REQ-0169,8,2,LinkedIn,2025-06-27,1,0,0,0,,
7340,REQ-0169,8,2,Agency,2025-06-28,1,0,0,0,,
7341,REQ-0169,8,2,LinkedIn,2025-07-14,1,1,0,0,,
7342,REQ-0169,8,2,Agency,2025-07-07,1,0,0,0,,
7343,REQ-0169,8,2,Career Site,2025-06-27,1,1,0,0,,
7344,REQ-0169,8,2,Employee Referral,2025-06-25,0,0,0,0,,
7345,REQ-0169,8,2,LinkedIn,2025-07-01,0,0,0,0,,
7346,REQ-0169,8,2,LinkedIn,2025-07-11,1,1,0,0,,
7347,REQ-0169,8,2,LinkedIn,2025-07-11,1,0,0,0,,
7348,REQ-0169,8,2,Employee Referral,2025-07-14,0,0,0,0,,
7349,REQ-0169,8,2,Job Board,2025-07-07,0,0,0,0,,
7350,REQ-0169,8,2,Career Site,2025-06-28,1,0,0,0,,
7351,REQ-0169,8,2,LinkedIn,2025-07-09,1,1,1,1,1,61
7352,REQ-0169,8,2,Employee Referral,2025-07-12,1,1,0,0,,
7353,REQ-0170,11,5,Employee Referral,2025-08-02,1,1,1,0,0,
7354,REQ-0170,11,5,Agency,2025-07-18,1,0,0,0,,
7355,REQ-0170,11,5,Job Board,2025-08-06,0,0,0,0,,
7356,REQ-0170,11,5,Career Site,2025-08-01,1,1,0,0,,
7357,REQ-0170,11,5,LinkedIn,2025-07-17,1,0,0,0,,
7358,REQ-0170,11,5,Career Site,2025-08-07,1,0,0,0,,
7359,REQ-0170,11,5,Career Site,2025-07-29,1,0,0,0,,
7360,REQ-0170,11,5,Employee Referral,2025-07-15,0,0,0,0,,
7361,REQ-0170,11,5,Employee Referral,2025-07-19,1,0,0,0,,
7362,REQ-0170,11,5,Career Site,2025-08-01,1,0,0,0,,
7363,REQ-0170,11,5,Job Board,2025-07-14,1,1,0,0,,
7364,REQ-0170,11,5,Job Board,2025-08-07,1,1,0,0,,
7365,REQ-0170,11,5,Agency,2025-07-28,1,0,0,0,,
7366,REQ-0170,11,5,Job Board,2025-07-25,1,1,0,0,,
7367,REQ-0170,11,5,Job Board,2025-08-04,0,0,0,0,,
7368,REQ-0170,11,5,Career Site,2025-08-01,0,0,0,0,,
7369,REQ-0170,11,5,Job Board,2025-07-17,0,0,0,0,,
7370,REQ-0170,11,5,LinkedIn,2025-07-22,1,0,0,0,,
7371,REQ-0170,11,5,Job Board,2025-08-05,1,1,0,0,,
7372,REQ-0170,11,5,Employee Referral,2025-08-06,0,0,0,0,,
7373,REQ-0170,11,5,Career Site,2025-08-02,0,0,0,0,,
7374,REQ-0170,11,5,Agency,2025-07-25,1,0,0,0,,
7375,REQ-0170,11,5,Job Board,2025-08-06,1,0,0,0,,
7376,REQ-0170,11,5,Job Board,2025-07-30,1,0,0,0,,
7377,REQ-0170,11,5,Career Site,2025-08-07,1,0,0,0,,
7378,REQ-0170,11,5,Employee Referral,2025-08-06,1,0,0,0,,
7379,REQ-0171,4,3,LinkedIn,2024-09-30,1,0,0,0,,
7380,REQ-0171,4,3,Career Site,2024-09-08,0,0,0,0,,
7381,REQ-0171,4,3,Job Board,2024-09-16,0,0,0,0,,
7382,REQ-0171,4,3,Career Site,2024-09-22,0,0,0,0,,
7383,REQ-0171,4,3,Career Site,2024-09-24,0,0,0,0,,
7384,REQ-0171,4,3,Job Board,2024-09-13,1,0,0,0,,
7385,REQ-0171,4,3,LinkedIn,2024-09-23,1,1,0,0,,
7386,REQ-0171,4,3,LinkedIn,2024-09-25,1,1,1,1,1,63
7387,REQ-0171,4,3,LinkedIn,2024-09-14,0,0,0,0,,
7388,REQ-0171,4,3,LinkedIn,2024-09-29,1,0,0,0,,
7389,REQ-0171,4,3,LinkedIn,2024-09-29,1,1,0,0,,
7390,REQ-0171,4,3,Employee Referral,2024-09-14,1,0,0,0,,
7391,REQ-0171,4,3,Employee Referral,2024-09-07,1,0,0,0,,
7392,REQ-0171,4,3,Career Site,2024-09-16,1,1,0,0,,
7393,REQ-0171,4,3,Agency,2024-09-28,1,1,0,0,,
7394,REQ-0171,4,3,LinkedIn,2024-09-20,0,0,0,0,,
7395,REQ-0171,4,3,LinkedIn,2024-09-09,1,0,0,0,,
7396,REQ-0171,4,3,LinkedIn,2024-09-19,1,0,0,0,,
7397,REQ-0171,4,3,LinkedIn,2024-09-12,1,0,0,0,,
7398,REQ-0171,4,3,LinkedIn,2024-09-28,0,0,0,0,,
7399,REQ-0171,4,3,Agency,2024-09-06,1,1,0,0,,
7400,REQ-0171,4,3,Employee Referral,2024-09-17,1,1,0,0,,
7401,REQ-0171,4,3,Job Board,2024-09-20,1,1,1,0,0,
7402,REQ-0171,4,3,LinkedIn,2024-09-13,1,1,0,0,,
7403,REQ-0171,4,3,LinkedIn,2024-09-28,1,1,0,0,,
7404,REQ-0171,4,3,Agency,2024-09-09,0,0,0,0,,
7405,REQ-0171,4,3,Career Site,2024-09-19,1,1,0,0,,
7406,REQ-0171,4,3,Career Site,2024-09-14,0,0,0,0,,
7407,REQ-0171,4,3,LinkedIn,2024-09-10,0,0,0,0,,
7408,REQ-0171,4,3,LinkedIn,2024-09-24,0,0,0,0,,
7409,REQ-0171,4,3,LinkedIn,2024-09-11,1,0,0,0,,
7410,REQ-0171,4,3,Employee Referral,2024-09-15,1,1,0,0,,
7411,REQ-0171,4,3,Career Site,2024-09-30,1,1,1,1,1,63
7412,REQ-0171,4,3,LinkedIn,2024-09-21,1,0,0,0,,
7413,REQ-0171,4,3,Job Board,2024-09-16,1,0,0,0,,
7414,REQ-0171,4,3,LinkedIn,2024-09-09,0,0,0,0,,
7415,REQ-0171,4,3,Agency,2024-09-19,1,0,0,0,,
7416,REQ-0171,4,3,Career Site,2024-09-20,0,0,0,0,,
7417,REQ-0171,4,3,Career Site,2024-09-21,1,0,0,0,,
7418,REQ-0171,4,3,LinkedIn,2024-09-13,0,0,0,0,,
7419,REQ-0171,4,3,Career Site,2024-09-27,0,0,0,0,,
7420,REQ-0171,4,3,LinkedIn,2024-09-12,0,0,0,0,,
7421,REQ-0171,4,3,LinkedIn,2024-09-08,0,0,0,0,,
7422,REQ-0171,4,3,Job Board,2024-09-28,1,1,1,1,1,63
7423,REQ-0171,4,3,LinkedIn,2024-09-13,0,0,0,0,,
7424,REQ-0171,4,3,Job Board,2024-09-05,1,0,0,0,,
7425,REQ-0171,4,3,LinkedIn,2024-09-17,0,0,0,0,,
7426,REQ-0171,4,3,Job Board,2024-09-24,1,1,0,0,,
7427,REQ-0171,4,3,Career Site,2024-09-15,1,0,0,0,,
7428,REQ-0171,4,3,LinkedIn,2024-09-19,1,0,0,0,,
7429,REQ-0171,4,3,Job Board,2024-09-29,1,1,0,0,,
7430,REQ-0171,4,3,LinkedIn,2024-09-30,0,0,0,0,,
7431,REQ-0171,4,3,LinkedIn,2024-09-26,1,0,0,0,,
7432,REQ-0171,4,3,Employee Referral,2024-09-28,1,1,0,0,,
7433,REQ-0171,4,3,Job Board,2024-09-26,1,0,0,0,,
7434,REQ-0171,4,3,LinkedIn,2024-09-24,0,0,0,0,,
7435,REQ-0171,4,3,Agency,2024-09-23,1,1,0,0,,
7436,REQ-0171,4,3,Career Site,2024-09-20,1,1,0,0,,
7437,REQ-0171,4,3,Employee Referral,2024-09-24,1,0,0,0,,
7438,REQ-0171,4,3,Agency,2024-09-09,1,0,0,0,,
7439,REQ-0171,4,3,Career Site,2024-09-11,1,1,1,0,0,
7440,REQ-0171,4,3,Employee Referral,2024-09-24,0,0,0,0,,
7441,REQ-0171,4,3,Agency,2024-09-30,1,1,0,0,,
7442,REQ-0172,5,3,Job Board,2025-08-31,1,0,0,0,,
7443,REQ-0172,5,3,Employee Referral,2025-09-04,1,1,0,0,,
7444,REQ-0172,5,3,Employee Referral,2025-08-21,1,1,0,0,,
7445,REQ-0172,5,3,Job Board,2025-09-02,0,0,0,0,,
7446,REQ-0172,5,3,LinkedIn,2025-08-28,1,1,1,1,1,12
7447,REQ-0172,5,3,Job Board,2025-09-01,1,0,0,0,,
7448,REQ-0172,5,3,LinkedIn,2025-08-24,1,1,0,0,,
7449,REQ-0172,5,3,Employee Referral,2025-08-27,1,1,1,1,1,12
7450,REQ-0172,5,3,Job Board,2025-08-22,0,0,0,0,,
7451,REQ-0172,5,3,LinkedIn,2025-09-06,0,0,0,0,,
7452,REQ-0172,5,3,Agency,2025-09-08,1,1,1,1,1,12
7453,REQ-0172,5,3,Career Site,2025-08-28,0,0,0,0,,
7454,REQ-0172,5,3,Employee Referral,2025-09-09,0,0,0,0,,
7455,REQ-0172,5,3,Career Site,2025-08-28,0,0,0,0,,
7456,REQ-0172,5,3,Job Board,2025-08-31,0,0,0,0,,
7457,REQ-0172,5,3,LinkedIn,2025-08-26,0,0,0,0,,
7458,REQ-0172,5,3,Career Site,2025-08-25,1,1,1,1,1,12
7459,REQ-0172,5,3,Career Site,2025-08-27,1,0,0,0,,
7460,REQ-0172,5,3,Employee Referral,2025-08-20,1,1,1,1,1,12
7461,REQ-0173,11,3,Career Site,2025-09-07,1,1,0,0,,
7462,REQ-0173,11,3,Career Site,2025-09-22,1,1,0,0,,
7463,REQ-0173,11,3,Employee Referral,2025-09-08,1,1,1,1,1,33
7464,REQ-0173,11,3,LinkedIn,2025-08-31,1,1,0,0,,
7465,REQ-0173,11,3,LinkedIn,2025-09-17,1,1,0,0,,
7466,REQ-0173,11,3,Employee Referral,2025-08-29,0,0,0,0,,
7467,REQ-0173,11,3,Agency,2025-09-18,1,1,0,0,,
7468,REQ-0173,11,3,Job Board,2025-09-01,1,0,0,0,,
7469,REQ-0173,11,3,Job Board,2025-09-21,1,1,0,0,,
7470,REQ-0173,11,3,Career Site,2025-09-01,0,0,0,0,,
7471,REQ-0173,11,3,Agency,2025-09-17,0,0,0,0,,
7472,REQ-0173,11,3,LinkedIn,2025-09-23,1,0,0,0,,
7473,REQ-0173,11,3,LinkedIn,2025-08-30,0,0,0,0,,
7474,REQ-0173,11,3,LinkedIn,2025-09-15,0,0,0,0,,
7475,REQ-0173,11,3,Agency,2025-09-14,1,1,0,0,,
7476,REQ-0173,11,3,Job Board,2025-09-02,0,0,0,0,,
7477,REQ-0173,11,3,LinkedIn,2025-09-03,1,0,0,0,,
7478,REQ-0173,11,3,Employee Referral,2025-08-31,1,0,0,0,,
7479,REQ-0173,11,3,LinkedIn,2025-08-29,1,1,0,0,,
7480,REQ-0173,11,3,LinkedIn,2025-09-14,1,0,0,0,,
7481,REQ-0173,11,3,Job Board,2025-09-20,0,0,0,0,,
7482,REQ-0173,11,3,Employee Referral,2025-09-17,1,1,0,0,,
7483,REQ-0173,11,3,Employee Referral,2025-09-08,1,0,0,0,,
7484,REQ-0173,11,3,Agency,2025-09-23,1,0,0,0,,
7485,REQ-0173,11,3,Employee Referral,2025-09-07,0,0,0,0,,
7486,REQ-0173,11,3,Employee Referral,2025-09-15,0,0,0,0,,
7487,REQ-0173,11,3,Job Board,2025-09-17,0,0,0,0,,
7488,REQ-0173,11,3,Career Site,2025-08-31,0,0,0,0,,
7489,REQ-0173,11,3,LinkedIn,2025-09-05,0,0,0,0,,
7490,REQ-0173,11,3,Career Site,2025-09-02,1,0,0,0,,
7491,REQ-0173,11,3,Job Board,2025-08-31,0,0,0,0,,
7492,REQ-0173,11,3,Job Board,2025-09-18,0,0,0,0,,
7493,REQ-0173,11,3,Job Board,2025-09-22,0,0,0,0,,
7494,REQ-0173,11,3,Career Site,2025-09-16,1,1,0,0,,
7495,REQ-0173,11,3,Employee Referral,2025-09-02,0,0,0,0,,
7496,REQ-0173,11,3,Employee Referral,2025-09-23,1,0,0,0,,
7497,REQ-0173,11,3,LinkedIn,2025-09-10,1,1,0,0,,
7498,REQ-0173,11,3,Job Board,2025-09-23,1,0,0,0,,
7499,REQ-0173,11,3,LinkedIn,2025-09-08,1,1,0,0,,
7500,REQ-0173,11,3,Employee Referral,2025-09-01,1,1,0,0,,
7501,REQ-0173,11,3,LinkedIn,2025-09-22,1,1,0,0,,
7502,REQ-0173,11,3,LinkedIn,2025-08-30,0,0,0,0,,
7503,REQ-0173,11,3,Job Board,2025-09-10,0,0,0,0,,
7504,REQ-0173,11,3,Agency,2025-09-22,0,0,0,0,,
7505,REQ-0173,11,3,Employee Referral,2025-09-02,1,1,1,1,1,33
7506,REQ-0173,11,3,Career Site,2025-09-09,0,0,0,0,,
7507,REQ-0173,11,3,Job Board,2025-09-02,1,1,1,1,1,33
7508,REQ-0173,11,3,Job Board,2025-08-31,1,1,0,0,,
7509,REQ-0173,11,3,Employee Referral,2025-09-18,1,0,0,0,,
7510,REQ-0173,11,3,LinkedIn,2025-09-17,1,1,0,0,,
7511,REQ-0173,11,3,Career Site,2025-09-01,1,0,0,0,,
7512,REQ-0174,12,6,Agency,2025-11-20,1,1,0,0,,
7513,REQ-0174,12,6,Job Board,2025-11-17,0,0,0,0,,
7514,REQ-0174,12,6,Employee Referral,2025-11-06,1,1,0,0,,
7515,REQ-0174,12,6,LinkedIn,2025-11-10,1,0,0,0,,
7516,REQ-0174,12,6,Employee Referral,2025-11-24,1,1,0,0,,
7517,REQ-0174,12,6,Agency,2025-11-02,1,1,1,1,1,60
7518,REQ-0174,12,6,Agency,2025-11-07,1,0,0,0,,
7519,REQ-0174,12,6,LinkedIn,2025-11-03,0,0,0,0,,
7520,REQ-0174,12,6,Agency,2025-11-22,0,0,0,0,,
7521,REQ-0174,12,6,LinkedIn,2025-11-07,1,0,0,0,,
7522,REQ-0174,12,6,Agency,2025-11-19,0,0,0,0,,
7523,REQ-0174,12,6,Agency,2025-11-13,1,0,0,0,,
7524,REQ-0174,12,6,LinkedIn,2025-11-01,0,0,0,0,,
7525,REQ-0174,12,6,Job Board,2025-11-14,1,1,1,1,1,60
7526,REQ-0174,12,6,LinkedIn,2025-11-07,1,1,0,0,,
7527,REQ-0174,12,6,LinkedIn,2025-11-07,0,0,0,0,,
7528,REQ-0174,12,6,Job Board,2025-11-12,1,0,0,0,,
7529,REQ-0174,12,6,Job Board,2025-11-25,1,1,0,0,,
7530,REQ-0174,12,6,Job Board,2025-11-02,1,0,0,0,,
7531,REQ-0174,12,6,LinkedIn,2025-11-13,1,0,0,0,,
7532,REQ-0174,12,6,LinkedIn,2025-11-16,1,0,0,0,,
7533,REQ-0174,12,6,LinkedIn,2025-11-13,0,0,0,0,,
7534,REQ-0174,12,6,Job Board,2025-11-18,0,0,0,0,,
7535,REQ-0174,12,6,Agency,2025-11-01,0,0,0,0,,
7536,REQ-0175,8,2,LinkedIn,2025-09-08,0,0,0,0,,
7537,REQ-0175,8,2,Career Site,2025-09-01,1,0,0,0,,
7538,REQ-0175,8,2,LinkedIn,2025-08-18,0,0,0,0,,
7539,REQ-0175,8,2,Agency,2025-08-21,1,1,0,0,,
7540,REQ-0175,8,2,Career Site,2025-08-22,0,0,0,0,,
7541,REQ-0175,8,2,LinkedIn,2025-09-09,0,0,0,0,,
7542,REQ-0175,8,2,LinkedIn,2025-09-04,1,1,0,0,,
7543,REQ-0175,8,2,LinkedIn,2025-08-24,1,0,0,0,,
7544,REQ-0175,8,2,LinkedIn,2025-09-09,0,0,0,0,,
7545,REQ-0175,8,2,Career Site,2025-08-29,0,0,0,0,,
7546,REQ-0175,8,2,LinkedIn,2025-08-29,1,1,1,1,1,71
7547,REQ-0175,8,2,Employee Referral,2025-08-24,1,0,0,0,,
7548,REQ-0175,8,2,Career Site,2025-09-05,0,0,0,0,,
7549,REQ-0175,8,2,Job Board,2025-09-08,0,0,0,0,,
7550,REQ-0175,8,2,Employee Referral,2025-08-19,1,1,0,0,,
7551,REQ-0175,8,2,Employee Referral,2025-09-01,1,0,0,0,,
7552,REQ-0175,8,2,Job Board,2025-08-22,0,0,0,0,,
7553,REQ-0175,8,2,Career Site,2025-08-25,1,1,0,0,,
7554,REQ-0175,8,2,Agency,2025-08-24,0,0,0,0,,
7555,REQ-0176,1,4,Agency,2026-04-03,0,0,0,0,,
7556,REQ-0176,1,4,Career Site,2026-04-01,1,0,0,0,,
7557,REQ-0176,1,4,Job Board,2026-03-28,0,0,0,0,,
7558,REQ-0176,1,4,Job Board,2026-03-28,0,0,0,0,,
7559,REQ-0176,1,4,Employee Referral,2026-04-08,0,0,0,0,,
7560,REQ-0176,1,4,Career Site,2026-04-12,0,0,0,0,,
7561,REQ-0176,1,4,LinkedIn,2026-03-26,0,0,0,0,,
7562,REQ-0176,1,4,Job Board,2026-04-20,0,0,0,0,,
7563,REQ-0176,1,4,Career Site,2026-03-30,1,0,0,0,,
7564,REQ-0176,1,4,Employee Referral,2026-04-10,1,1,0,0,,
7565,REQ-0176,1,4,Employee Referral,2026-03-30,1,0,0,0,,
7566,REQ-0176,1,4,Career Site,2026-04-02,1,0,0,0,,
7567,REQ-0176,1,4,LinkedIn,2026-04-03,1,1,0,0,,
7568,REQ-0176,1,4,Employee Referral,2026-04-10,1,1,0,0,,
7569,REQ-0176,1,4,Job Board,2026-03-28,1,1,0,0,,
7570,REQ-0176,1,4,Career Site,2026-04-07,0,0,0,0,,
7571,REQ-0176,1,4,Job Board,2026-03-30,1,0,0,0,,
7572,REQ-0176,1,4,LinkedIn,2026-04-08,1,0,0,0,,
7573,REQ-0176,1,4,LinkedIn,2026-04-14,1,1,0,0,,
7574,REQ-0176,1,4,Agency,2026-04-16,0,0,0,0,,
7575,REQ-0176,1,4,LinkedIn,2026-04-11,1,0,0,0,,
7576,REQ-0176,1,4,Career Site,2026-04-05,1,1,0,0,,
7577,REQ-0176,1,4,Agency,2026-04-06,1,0,0,0,,
7578,REQ-0176,1,4,Agency,2026-04-17,0,0,0,0,,
7579,REQ-0176,1,4,Job Board,2026-04-15,0,0,0,0,,
7580,REQ-0176,1,4,Career Site,2026-04-04,0,0,0,0,,
7581,REQ-0176,1,4,Job Board,2026-04-03,1,1,0,0,,
7582,REQ-0176,1,4,Career Site,2026-04-16,1,0,0,0,,
7583,REQ-0176,1,4,Employee Referral,2026-03-28,0,0,0,0,,
7584,REQ-0176,1,4,Employee Referral,2026-04-08,1,0,0,0,,
7585,REQ-0176,1,4,Career Site,2026-04-01,1,0,0,0,,
7586,REQ-0176,1,4,LinkedIn,2026-04-03,1,1,0,0,,
7587,REQ-0176,1,4,Employee Referral,2026-04-19,1,1,1,0,0,
7588,REQ-0177,9,6,Employee Referral,2025-02-16,0,0,0,0,,
7589,REQ-0177,9,6,LinkedIn,2025-02-05,0,0,0,0,,
7590,REQ-0177,9,6,LinkedIn,2025-02-16,1,1,1,1,1,53
7591,REQ-0177,9,6,Employee Referral,2025-01-30,1,1,0,0,,
7592,REQ-0177,9,6,Job Board,2025-02-01,1,1,0,0,,
7593,REQ-0177,9,6,Job Board,2025-02-10,1,1,0,0,,
7594,REQ-0177,9,6,Agency,2025-01-27,1,1,1,1,1,53
7595,REQ-0177,9,6,LinkedIn,2025-02-11,0,0,0,0,,
7596,REQ-0177,9,6,Employee Referral,2025-02-11,0,0,0,0,,
7597,REQ-0177,9,6,LinkedIn,2025-01-29,0,0,0,0,,
7598,REQ-0177,9,6,LinkedIn,2025-02-05,1,0,0,0,,
7599,REQ-0177,9,6,Employee Referral,2025-01-29,1,1,1,1,1,53
7600,REQ-0177,9,6,Employee Referral,2025-02-21,1,1,1,1,1,53
7601,REQ-0177,9,6,Employee Referral,2025-02-13,0,0,0,0,,
7602,REQ-0177,9,6,LinkedIn,2025-02-02,1,1,1,1,1,53
7603,REQ-0177,9,6,Job Board,2025-01-29,0,0,0,0,,
7604,REQ-0177,9,6,Agency,2025-02-19,1,0,0,0,,
7605,REQ-0177,9,6,Job Board,2025-01-30,1,1,0,0,,
7606,REQ-0177,9,6,Employee Referral,2025-02-16,0,0,0,0,,
7607,REQ-0177,9,6,Career Site,2025-02-06,0,0,0,0,,
7608,REQ-0177,9,6,LinkedIn,2025-02-14,0,0,0,0,,
7609,REQ-0177,9,6,LinkedIn,2025-02-17,1,1,0,0,,
7610,REQ-0177,9,6,Agency,2025-02-16,1,1,0,0,,
7611,REQ-0177,9,6,Agency,2025-02-17,1,1,0,0,,
7612,REQ-0177,9,6,Job Board,2025-02-08,0,0,0,0,,
7613,REQ-0177,9,6,LinkedIn,2025-02-16,0,0,0,0,,
7614,REQ-0177,9,6,LinkedIn,2025-02-15,0,0,0,0,,
7615,REQ-0177,9,6,Career Site,2025-02-15,0,0,0,0,,
7616,REQ-0178,5,2,Career Site,2025-07-04,0,0,0,0,,
7617,REQ-0178,5,2,Career Site,2025-07-04,1,1,1,1,1,33
7618,REQ-0178,5,2,Career Site,2025-06-25,0,0,0,0,,
7619,REQ-0178,5,2,Agency,2025-07-04,0,0,0,0,,
7620,REQ-0178,5,2,Job Board,2025-07-15,1,0,0,0,,
7621,REQ-0178,5,2,LinkedIn,2025-07-05,0,0,0,0,,
7622,REQ-0178,5,2,Employee Referral,2025-07-09,1,1,1,1,1,33
7623,REQ-0178,5,2,Employee Referral,2025-07-03,1,1,1,1,1,33
7624,REQ-0178,5,2,Career Site,2025-07-09,1,0,0,0,,
7625,REQ-0178,5,2,Employee Referral,2025-07-07,0,0,0,0,,
7626,REQ-0178,5,2,Career Site,2025-07-12,0,0,0,0,,
7627,REQ-0178,5,2,LinkedIn,2025-06-25,1,1,1,0,0,
7628,REQ-0178,5,2,Agency,2025-07-11,1,1,1,1,1,33
7629,REQ-0178,5,2,Employee Referral,2025-07-02,0,0,0,0,,
7630,REQ-0178,5,2,LinkedIn,2025-07-03,1,0,0,0,,
7631,REQ-0178,5,2,Career Site,2025-06-27,1,0,0,0,,
7632,REQ-0178,5,2,LinkedIn,2025-07-11,1,1,1,0,0,
7633,REQ-0178,5,2,LinkedIn,2025-07-12,1,1,0,0,,
7634,REQ-0178,5,2,Career Site,2025-07-13,1,1,1,0,0,
7635,REQ-0178,5,2,LinkedIn,2025-06-30,0,0,0,0,,
7636,REQ-0178,5,2,Employee Referral,2025-06-26,0,0,0,0,,
7637,REQ-0178,5,2,LinkedIn,2025-07-07,1,1,0,0,,
7638,REQ-0178,5,2,LinkedIn,2025-07-09,0,0,0,0,,
7639,REQ-0178,5,2,Employee Referral,2025-06-28,0,0,0,0,,
7640,REQ-0178,5,2,LinkedIn,2025-07-20,1,1,0,0,,
7641,REQ-0178,5,2,LinkedIn,2025-07-07,0,0,0,0,,
7642,REQ-0178,5,2,Job Board,2025-07-17,1,1,1,0,0,
7643,REQ-0178,5,2,Job Board,2025-07-16,0,0,0,0,,
7644,REQ-0178,5,2,Career Site,2025-07-11,1,1,1,1,1,33
7645,REQ-0178,5,2,Job Board,2025-07-11,0,0,0,0,,
7646,REQ-0178,5,2,Career Site,2025-06-28,1,1,0,0,,
7647,REQ-0178,5,2,Job Board,2025-06-26,0,0,0,0,,
7648,REQ-0178,5,2,Job Board,2025-07-14,1,1,0,0,,
7649,REQ-0178,5,2,Career Site,2025-07-19,1,0,0,0,,
7650,REQ-0178,5,2,LinkedIn,2025-07-06,0,0,0,0,,
7651,REQ-0178,5,2,Career Site,2025-07-15,0,0,0,0,,
7652,REQ-0178,5,2,LinkedIn,2025-07-11,1,0,0,0,,
7653,REQ-0178,5,2,Job Board,2025-07-05,0,0,0,0,,
7654,REQ-0178,5,2,Job Board,2025-07-01,1,1,1,1,1,33
7655,REQ-0178,5,2,Employee Referral,2025-07-18,0,0,0,0,,
7656,REQ-0178,5,2,Job Board,2025-06-30,1,1,0,0,,
7657,REQ-0178,5,2,Job Board,2025-06-28,0,0,0,0,,
7658,REQ-0178,5,2,Job Board,2025-06-30,0,0,0,0,,
7659,REQ-0178,5,2,Employee Referral,2025-07-18,1,0,0,0,,
7660,REQ-0178,5,2,Career Site,2025-07-09,1,1,1,1,1,33
7661,REQ-0178,5,2,LinkedIn,2025-06-30,0,0,0,0,,
7662,REQ-0178,5,2,Job Board,2025-06-25,0,0,0,0,,
7663,REQ-0178,5,2,Career Site,2025-06-25,0,0,0,0,,
7664,REQ-0178,5,2,LinkedIn,2025-07-06,1,0,0,0,,
7665,REQ-0178,5,2,Job Board,2025-07-05,1,0,0,0,,
7666,REQ-0178,5,2,LinkedIn,2025-07-18,1,1,0,0,,
7667,REQ-0178,5,2,LinkedIn,2025-07-18,1,1,1,1,1,33
7668,REQ-0178,5,2,Job Board,2025-07-15,0,0,0,0,,
7669,REQ-0178,5,2,Agency,2025-07-12,1,0,0,0,,
7670,REQ-0178,5,2,LinkedIn,2025-07-13,1,1,0,0,,
7671,REQ-0178,5,2,Employee Referral,2025-06-27,1,1,0,0,,
7672,REQ-0178,5,2,Career Site,2025-07-04,1,1,0,0,,
7673,REQ-0178,5,2,LinkedIn,2025-07-13,1,0,0,0,,
7674,REQ-0178,5,2,LinkedIn,2025-07-19,0,0,0,0,,
7675,REQ-0178,5,2,Job Board,2025-07-15,0,0,0,0,,
7676,REQ-0178,5,2,Job Board,2025-07-02,0,0,0,0,,
7677,REQ-0178,5,2,LinkedIn,2025-07-01,0,0,0,0,,
7678,REQ-0178,5,2,Job Board,2025-07-08,1,1,0,0,,
7679,REQ-0178,5,2,LinkedIn,2025-07-12,1,1,0,0,,
7680,REQ-0178,5,2,Job Board,2025-07-03,1,0,0,0,,
7681,REQ-0179,8,3,Employee Referral,2025-11-19,1,1,0,0,,
7682,REQ-0179,8,3,Job Board,2025-11-07,1,1,1,1,1,64
7683,REQ-0179,8,3,Employee Referral,2025-11-24,0,0,0,0,,
7684,REQ-0179,8,3,Career Site,2025-11-17,1,0,0,0,,
7685,REQ-0179,8,3,LinkedIn,2025-11-20,1,1,0,0,,
7686,REQ-0179,8,3,Career Site,2025-11-25,0,0,0,0,,
7687,REQ-0179,8,3,Agency,2025-11-19,1,0,0,0,,
7688,REQ-0179,8,3,LinkedIn,2025-11-26,1,1,1,1,1,64
7689,REQ-0179,8,3,Agency,2025-11-07,0,0,0,0,,
7690,REQ-0179,8,3,LinkedIn,2025-11-24,1,1,1,1,1,64
7691,REQ-0179,8,3,Career Site,2025-11-16,0,0,0,0,,
7692,REQ-0179,8,3,Agency,2025-11-26,1,0,0,0,,
7693,REQ-0179,8,3,Agency,2025-11-03,1,1,1,1,1,64
7694,REQ-0179,8,3,Employee Referral,2025-11-23,0,0,0,0,,
7695,REQ-0179,8,3,Job Board,2025-11-08,1,1,1,0,0,
7696,REQ-0179,8,3,Employee Referral,2025-11-16,1,1,0,0,,
7697,REQ-0179,8,3,LinkedIn,2025-11-03,1,1,1,0,0,
7698,REQ-0179,8,3,Job Board,2025-11-24,1,1,0,0,,
7699,REQ-0179,8,3,Job Board,2025-11-09,1,1,1,1,1,64
7700,REQ-0179,8,3,Employee Referral,2025-11-05,0,0,0,0,,
7701,REQ-0179,8,3,LinkedIn,2025-11-17,1,1,0,0,,
7702,REQ-0179,8,3,LinkedIn,2025-11-08,1,1,0,0,,
7703,REQ-0179,8,3,Employee Referral,2025-11-15,1,1,0,0,,
7704,REQ-0179,8,3,Job Board,2025-11-11,1,1,1,1,1,64
7705,REQ-0179,8,3,Employee Referral,2025-11-20,0,0,0,0,,
7706,REQ-0179,8,3,Career Site,2025-11-24,0,0,0,0,,
7707,REQ-0179,8,3,Job Board,2025-11-21,1,1,0,0,,
7708,REQ-0179,8,3,Job Board,2025-11-08,0,0,0,0,,
7709,REQ-0179,8,3,Agency,2025-11-19,1,1,0,0,,
7710,REQ-0179,8,3,Career Site,2025-11-14,0,0,0,0,,
7711,REQ-0179,8,3,Job Board,2025-11-20,0,0,0,0,,
7712,REQ-0179,8,3,LinkedIn,2025-11-09,1,1,0,0,,
7713,REQ-0180,12,2,LinkedIn,2025-10-09,1,1,1,1,1,40
7714,REQ-0180,12,2,Employee Referral,2025-10-01,1,1,1,1,1,40
7715,REQ-0180,12,2,Career Site,2025-09-23,0,0,0,0,,
7716,REQ-0180,12,2,Job Board,2025-10-03,0,0,0,0,,
7717,REQ-0180,12,2,Job Board,2025-10-16,1,0,0,0,,
7718,REQ-0180,12,2,Job Board,2025-10-04,1,1,1,1,1,40
7719,REQ-0180,12,2,Career Site,2025-09-26,1,1,1,1,1,40
7720,REQ-0180,12,2,LinkedIn,2025-10-03,1,1,0,0,,
7721,REQ-0180,12,2,LinkedIn,2025-09-28,1,1,1,1,1,40
7722,REQ-0180,12,2,Agency,2025-10-15,0,0,0,0,,
7723,REQ-0180,12,2,Career Site,2025-09-30,1,1,1,1,1,40
7724,REQ-0180,12,2,LinkedIn,2025-10-15,1,0,0,0,,
7725,REQ-0180,12,2,LinkedIn,2025-10-09,0,0,0,0,,
7726,REQ-0180,12,2,LinkedIn,2025-10-09,1,1,1,1,1,40
7727,REQ-0180,12,2,Job Board,2025-09-23,0,0,0,0,,
7728,REQ-0180,12,2,Employee Referral,2025-09-26,0,0,0,0,,
7729,REQ-0180,12,2,Career Site,2025-10-01,0,0,0,0,,
7730,REQ-0180,12,2,Career Site,2025-10-16,0,0,0,0,,
7731,REQ-0180,12,2,Agency,2025-09-29,1,1,1,1,1,40
7732,REQ-0180,12,2,LinkedIn,2025-09-27,1,0,0,0,,
7733,REQ-0180,12,2,Job Board,2025-10-06,1,0,0,0,,
7734,REQ-0180,12,2,LinkedIn,2025-09-21,1,0,0,0,,
7735,REQ-0180,12,2,LinkedIn,2025-10-10,1,1,0,0,,
7736,REQ-0180,12,2,Agency,2025-09-23,1,1,1,1,1,40
7737,REQ-0180,12,2,Job Board,2025-10-04,1,1,0,0,,
7738,REQ-0180,12,2,Employee Referral,2025-10-10,0,0,0,0,,
7739,REQ-0180,12,2,Employee Referral,2025-10-11,0,0,0,0,,
7740,REQ-0180,12,2,Career Site,2025-10-15,0,0,0,0,,
7741,REQ-0180,12,2,Job Board,2025-09-21,1,0,0,0,,
7742,REQ-0180,12,2,Employee Referral,2025-09-27,1,1,1,1,1,40
7743,REQ-0180,12,2,Employee Referral,2025-10-02,1,0,0,0,,
7744,REQ-0180,12,2,LinkedIn,2025-10-13,0,0,0,0,,
7745,REQ-0180,12,2,Career Site,2025-10-16,0,0,0,0,,
7746,REQ-0180,12,2,Job Board,2025-09-28,1,1,0,0,,
7747,REQ-0180,12,2,Job Board,2025-10-08,1,0,0,0,,
7748,REQ-0180,12,2,Job Board,2025-09-28,0,0,0,0,,
7749,REQ-0180,12,2,Employee Referral,2025-09-24,1,1,1,1,1,40
7750,REQ-0180,12,2,LinkedIn,2025-10-13,0,0,0,0,,
7751,REQ-0180,12,2,Job Board,2025-10-14,0,0,0,0,,
7752,REQ-0180,12,2,LinkedIn,2025-09-25,1,1,0,0,,
7753,REQ-0180,12,2,Job Board,2025-10-15,1,1,1,1,1,40
7754,REQ-0180,12,2,Job Board,2025-09-28,1,0,0,0,,
7755,REQ-0180,12,2,Agency,2025-10-03,1,1,0,0,,
7756,REQ-0180,12,2,LinkedIn,2025-10-16,1,1,0,0,,
7757,REQ-0180,12,2,Career Site,2025-10-01,1,1,1,1,1,40
7758,REQ-0180,12,2,Job Board,2025-09-24,0,0,0,0,,
7759,REQ-0180,12,2,Employee Referral,2025-10-09,0,0,0,0,,
7760,REQ-0180,12,2,Employee Referral,2025-10-04,1,0,0,0,,
7761,REQ-0180,12,2,Employee Referral,2025-09-21,1,0,0,0,,
7762,REQ-0180,12,2,Job Board,2025-10-08,1,1,0,0,,
7763,REQ-0180,12,2,LinkedIn,2025-09-25,0,0,0,0,,
7764,REQ-0180,12,2,LinkedIn,2025-10-13,1,1,1,1,1,40
7765,REQ-0180,12,2,Job Board,2025-09-25,1,1,1,1,1,40
7766,REQ-0180,12,2,LinkedIn,2025-10-03,0,0,0,0,,
7767,REQ-0180,12,2,Job Board,2025-09-26,0,0,0,0,,
7768,REQ-0181,6,4,LinkedIn,2025-04-12,1,1,1,1,1,52
7769,REQ-0181,6,4,Career Site,2025-04-11,0,0,0,0,,
7770,REQ-0181,6,4,Career Site,2025-04-16,0,0,0,0,,
7771,REQ-0181,6,4,Agency,2025-04-22,1,0,0,0,,
7772,REQ-0181,6,4,LinkedIn,2025-04-14,1,0,0,0,,
7773,REQ-0181,6,4,Job Board,2025-04-02,1,1,1,1,1,52
7774,REQ-0181,6,4,LinkedIn,2025-04-05,1,1,1,1,1,52
7775,REQ-0181,6,4,Job Board,2025-04-23,0,0,0,0,,
7776,REQ-0181,6,4,Career Site,2025-04-14,1,0,0,0,,
7777,REQ-0181,6,4,Job Board,2025-04-19,0,0,0,0,,
7778,REQ-0181,6,4,Career Site,2025-04-03,1,0,0,0,,
7779,REQ-0181,6,4,Career Site,2025-04-08,1,1,0,0,,
7780,REQ-0181,6,4,Employee Referral,2025-04-04,1,0,0,0,,
7781,REQ-0181,6,4,Career Site,2025-04-04,0,0,0,0,,
7782,REQ-0181,6,4,Career Site,2025-04-07,0,0,0,0,,
7783,REQ-0181,6,4,Career Site,2025-04-08,1,0,0,0,,
7784,REQ-0181,6,4,Employee Referral,2025-04-26,1,1,1,1,1,52
7785,REQ-0181,6,4,Job Board,2025-04-15,0,0,0,0,,
7786,REQ-0181,6,4,Career Site,2025-04-17,0,0,0,0,,
7787,REQ-0181,6,4,LinkedIn,2025-04-01,0,0,0,0,,
7788,REQ-0181,6,4,LinkedIn,2025-04-11,1,1,1,1,1,52
7789,REQ-0181,6,4,Job Board,2025-04-24,1,0,0,0,,
7790,REQ-0181,6,4,LinkedIn,2025-04-01,0,0,0,0,,
7791,REQ-0181,6,4,Career Site,2025-04-14,0,0,0,0,,
7792,REQ-0182,1,6,LinkedIn,2024-12-10,1,0,0,0,,
7793,REQ-0182,1,6,LinkedIn,2024-12-07,1,1,0,0,,
7794,REQ-0182,1,6,Employee Referral,2024-12-01,1,0,0,0,,
7795,REQ-0182,1,6,Employee Referral,2024-12-14,0,0,0,0,,
7796,REQ-0182,1,6,Employee Referral,2024-12-12,0,0,0,0,,
7797,REQ-0182,1,6,LinkedIn,2024-12-05,1,1,0,0,,
7798,REQ-0182,1,6,Agency,2024-12-01,0,0,0,0,,
7799,REQ-0182,1,6,LinkedIn,2024-12-21,1,1,0,0,,
7800,REQ-0182,1,6,LinkedIn,2024-12-19,1,0,0,0,,
7801,REQ-0182,1,6,Job Board,2024-11-27,1,1,0,0,,
7802,REQ-0182,1,6,Job Board,2024-12-15,0,0,0,0,,
7803,REQ-0182,1,6,Career Site,2024-12-02,1,1,1,1,1,56
7804,REQ-0182,1,6,LinkedIn,2024-12-15,0,0,0,0,,
7805,REQ-0182,1,6,Job Board,2024-12-19,1,0,0,0,,
7806,REQ-0182,1,6,Career Site,2024-12-10,1,0,0,0,,
7807,REQ-0182,1,6,LinkedIn,2024-11-29,1,1,0,0,,
7808,REQ-0182,1,6,Career Site,2024-12-14,1,0,0,0,,
7809,REQ-0182,1,6,Career Site,2024-12-04,0,0,0,0,,
7810,REQ-0182,1,6,Career Site,2024-12-02,1,1,1,0,0,
7811,REQ-0182,1,6,Job Board,2024-12-17,1,0,0,0,,
7812,REQ-0182,1,6,Job Board,2024-12-01,0,0,0,0,,
7813,REQ-0182,1,6,LinkedIn,2024-12-01,0,0,0,0,,
7814,REQ-0182,1,6,Job Board,2024-12-12,1,0,0,0,,
7815,REQ-0182,1,6,Job Board,2024-12-14,1,0,0,0,,
7816,REQ-0182,1,6,Employee Referral,2024-11-28,0,0,0,0,,
7817,REQ-0182,1,6,Job Board,2024-12-03,0,0,0,0,,
7818,REQ-0182,1,6,LinkedIn,2024-12-14,0,0,0,0,,
7819,REQ-0182,1,6,Employee Referral,2024-11-29,1,0,0,0,,
7820,REQ-0182,1,6,LinkedIn,2024-12-21,1,0,0,0,,
7821,REQ-0182,1,6,Employee Referral,2024-12-14,0,0,0,0,,
7822,REQ-0182,1,6,LinkedIn,2024-11-29,1,0,0,0,,
7823,REQ-0182,1,6,Job Board,2024-12-22,0,0,0,0,,
7824,REQ-0182,1,6,LinkedIn,2024-12-10,1,0,0,0,,
7825,REQ-0182,1,6,LinkedIn,2024-12-16,0,0,0,0,,
7826,REQ-0182,1,6,Employee Referral,2024-12-21,1,1,1,1,1,56
7827,REQ-0182,1,6,Career Site,2024-12-15,1,0,0,0,,
7828,REQ-0182,1,6,Career Site,2024-11-30,1,1,1,1,1,56
7829,REQ-0182,1,6,Employee Referral,2024-12-13,1,1,0,0,,
7830,REQ-0182,1,6,LinkedIn,2024-12-14,0,0,0,0,,
7831,REQ-0182,1,6,Agency,2024-11-27,0,0,0,0,,
7832,REQ-0182,1,6,Career Site,2024-11-30,1,1,0,0,,
7833,REQ-0182,1,6,Agency,2024-11-28,0,0,0,0,,
7834,REQ-0182,1,6,Job Board,2024-12-11,1,0,0,0,,
7835,REQ-0182,1,6,Career Site,2024-12-11,0,0,0,0,,
7836,REQ-0182,1,6,Employee Referral,2024-12-15,0,0,0,0,,
7837,REQ-0182,1,6,Job Board,2024-12-13,0,0,0,0,,
7838,REQ-0182,1,6,Career Site,2024-12-03,1,0,0,0,,
7839,REQ-0183,7,6,LinkedIn,2024-10-28,1,1,0,0,,
7840,REQ-0183,7,6,Career Site,2024-10-24,1,0,0,0,,
7841,REQ-0183,7,6,Job Board,2024-10-27,0,0,0,0,,
7842,REQ-0183,7,6,Employee Referral,2024-11-07,0,0,0,0,,
7843,REQ-0183,7,6,Employee Referral,2024-11-04,1,1,0,0,,
7844,REQ-0183,7,6,Job Board,2024-10-17,0,0,0,0,,
7845,REQ-0183,7,6,LinkedIn,2024-10-28,0,0,0,0,,
7846,REQ-0183,7,6,Career Site,2024-10-19,1,1,0,0,,
7847,REQ-0183,7,6,Agency,2024-11-01,0,0,0,0,,
7848,REQ-0183,7,6,Career Site,2024-10-18,1,1,0,0,,
7849,REQ-0183,7,6,LinkedIn,2024-10-17,1,1,0,0,,
7850,REQ-0183,7,6,LinkedIn,2024-10-25,1,1,0,0,,
7851,REQ-0183,7,6,Job Board,2024-10-27,0,0,0,0,,
7852,REQ-0183,7,6,LinkedIn,2024-10-19,1,0,0,0,,
7853,REQ-0183,7,6,Agency,2024-10-17,0,0,0,0,,
7854,REQ-0183,7,6,Job Board,2024-10-16,0,0,0,0,,
7855,REQ-0183,7,6,Career Site,2024-10-25,0,0,0,0,,
7856,REQ-0183,7,6,Job Board,2024-11-08,1,1,0,0,,
7857,REQ-0183,7,6,Job Board,2024-10-27,0,0,0,0,,
7858,REQ-0183,7,6,Job Board,2024-10-20,0,0,0,0,,
7859,REQ-0183,7,6,Job Board,2024-10-16,1,1,0,0,,
7860,REQ-0183,7,6,Agency,2024-11-08,1,1,0,0,,
7861,REQ-0183,7,6,Job Board,2024-11-01,1,0,0,0,,
7862,REQ-0183,7,6,Career Site,2024-10-30,1,0,0,0,,
7863,REQ-0183,7,6,Employee Referral,2024-11-06,1,0,0,0,,
7864,REQ-0183,7,6,Job Board,2024-10-28,0,0,0,0,,
7865,REQ-0183,7,6,Job Board,2024-11-01,1,1,1,0,0,
7866,REQ-0183,7,6,LinkedIn,2024-11-07,0,0,0,0,,
7867,REQ-0183,7,6,Job Board,2024-10-25,1,0,0,0,,
7868,REQ-0183,7,6,Job Board,2024-10-17,0,0,0,0,,
7869,REQ-0183,7,6,Employee Referral,2024-10-21,1,1,1,1,1,12
7870,REQ-0183,7,6,LinkedIn,2024-10-28,1,1,0,0,,
7871,REQ-0183,7,6,LinkedIn,2024-10-28,1,0,0,0,,
7872,REQ-0183,7,6,Agency,2024-10-30,1,1,1,1,1,12
7873,REQ-0183,7,6,Job Board,2024-10-18,0,0,0,0,,
7874,REQ-0183,7,6,Job Board,2024-10-16,0,0,0,0,,
7875,REQ-0183,7,6,LinkedIn,2024-10-20,1,0,0,0,,
7876,REQ-0183,7,6,Employee Referral,2024-10-20,0,0,0,0,,
7877,REQ-0183,7,6,LinkedIn,2024-11-01,1,1,0,0,,
7878,REQ-0183,7,6,Agency,2024-11-04,0,0,0,0,,
7879,REQ-0183,7,6,Job Board,2024-11-10,0,0,0,0,,
7880,REQ-0183,7,6,LinkedIn,2024-11-06,1,0,0,0,,
7881,REQ-0183,7,6,Job Board,2024-10-19,0,0,0,0,,
7882,REQ-0183,7,6,LinkedIn,2024-10-31,0,0,0,0,,
7883,REQ-0183,7,6,Employee Referral,2024-11-07,1,0,0,0,,
7884,REQ-0183,7,6,Agency,2024-10-21,1,1,1,0,0,
7885,REQ-0183,7,6,Job Board,2024-11-01,1,0,0,0,,
7886,REQ-0183,7,6,Employee Referral,2024-10-18,0,0,0,0,,
7887,REQ-0183,7,6,Employee Referral,2024-11-08,0,0,0,0,,
7888,REQ-0183,7,6,Employee Referral,2024-10-19,1,1,0,0,,
7889,REQ-0183,7,6,LinkedIn,2024-11-09,1,0,0,0,,
7890,REQ-0183,7,6,Career Site,2024-10-16,1,1,0,0,,
7891,REQ-0183,7,6,LinkedIn,2024-10-17,1,1,1,1,1,12
7892,REQ-0183,7,6,LinkedIn,2024-10-31,1,0,0,0,,
7893,REQ-0183,7,6,Employee Referral,2024-10-23,1,1,1,1,1,12
7894,REQ-0183,7,6,Career Site,2024-10-18,1,1,0,0,,
7895,REQ-0183,7,6,Employee Referral,2024-11-05,1,1,1,0,0,
7896,REQ-0184,5,3,Employee Referral,2026-02-18,0,0,0,0,,
7897,REQ-0184,5,3,Job Board,2026-01-27,1,1,0,0,,
7898,REQ-0184,5,3,Career Site,2026-02-12,1,1,0,0,,
7899,REQ-0184,5,3,Job Board,2026-02-15,1,0,0,0,,
7900,REQ-0184,5,3,LinkedIn,2026-02-10,0,0,0,0,,
7901,REQ-0184,5,3,Agency,2026-02-18,0,0,0,0,,
7902,REQ-0184,5,3,Employee Referral,2026-02-10,1,1,0,0,,
7903,REQ-0184,5,3,LinkedIn,2026-02-11,0,0,0,0,,
7904,REQ-0184,5,3,Agency,2026-02-19,1,0,0,0,,
7905,REQ-0184,5,3,LinkedIn,2026-02-08,1,1,0,0,,
7906,REQ-0184,5,3,Employee Referral,2026-02-03,0,0,0,0,,
7907,REQ-0184,5,3,Job Board,2026-02-18,0,0,0,0,,
7908,REQ-0184,5,3,Job Board,2026-02-11,0,0,0,0,,
7909,REQ-0184,5,3,Agency,2026-02-08,1,1,1,1,1,59
7910,REQ-0184,5,3,LinkedIn,2026-01-25,1,0,0,0,,
7911,REQ-0184,5,3,Career Site,2026-02-09,1,0,0,0,,
7912,REQ-0184,5,3,LinkedIn,2026-02-14,0,0,0,0,,
7913,REQ-0184,5,3,Career Site,2026-01-31,1,1,0,0,,
7914,REQ-0184,5,3,Agency,2026-02-03,1,0,0,0,,
7915,REQ-0184,5,3,Employee Referral,2026-02-17,1,1,0,0,,
7916,REQ-0185,5,3,LinkedIn,2024-09-28,0,0,0,0,,
7917,REQ-0185,5,3,LinkedIn,2024-09-23,1,1,0,0,,
7918,REQ-0185,5,3,Career Site,2024-09-21,1,1,0,0,,
7919,REQ-0185,5,3,LinkedIn,2024-10-07,0,0,0,0,,
7920,REQ-0185,5,3,Career Site,2024-10-03,1,1,0,0,,
7921,REQ-0185,5,3,Career Site,2024-10-05,1,1,0,0,,
7922,REQ-0185,5,3,Job Board,2024-10-08,0,0,0,0,,
7923,REQ-0185,5,3,Career Site,2024-09-24,0,0,0,0,,
7924,REQ-0185,5,3,Employee Referral,2024-10-08,0,0,0,0,,
7925,REQ-0185,5,3,Career Site,2024-10-05,0,0,0,0,,
7926,REQ-0185,5,3,Job Board,2024-09-28,0,0,0,0,,
7927,REQ-0185,5,3,Job Board,2024-09-21,0,0,0,0,,
7928,REQ-0185,5,3,Employee Referral,2024-10-12,1,0,0,0,,
7929,REQ-0185,5,3,Employee Referral,2024-09-23,0,0,0,0,,
7930,REQ-0185,5,3,LinkedIn,2024-10-04,0,0,0,0,,
7931,REQ-0185,5,3,Employee Referral,2024-10-08,0,0,0,0,,
7932,REQ-0185,5,3,Career Site,2024-09-24,0,0,0,0,,
7933,REQ-0185,5,3,LinkedIn,2024-10-11,1,0,0,0,,
7934,REQ-0185,5,3,Job Board,2024-09-27,1,1,1,1,1,52
7935,REQ-0185,5,3,LinkedIn,2024-09-20,0,0,0,0,,
7936,REQ-0185,5,3,Job Board,2024-09-29,1,1,0,0,,
7937,REQ-0185,5,3,Job Board,2024-10-05,0,0,0,0,,
7938,REQ-0185,5,3,Job Board,2024-09-23,0,0,0,0,,
7939,REQ-0185,5,3,LinkedIn,2024-09-19,0,0,0,0,,
7940,REQ-0185,5,3,LinkedIn,2024-10-08,0,0,0,0,,
7941,REQ-0185,5,3,LinkedIn,2024-09-30,1,1,0,0,,
7942,REQ-0185,5,3,Agency,2024-09-28,1,0,0,0,,
7943,REQ-0185,5,3,Agency,2024-09-21,1,0,0,0,,
7944,REQ-0185,5,3,Career Site,2024-09-25,1,1,0,0,,
7945,REQ-0185,5,3,LinkedIn,2024-10-02,0,0,0,0,,
7946,REQ-0185,5,3,LinkedIn,2024-10-04,1,1,0,0,,
7947,REQ-0185,5,3,Employee Referral,2024-10-09,1,1,1,1,1,52
7948,REQ-0185,5,3,Employee Referral,2024-09-19,0,0,0,0,,
7949,REQ-0185,5,3,Employee Referral,2024-09-27,0,0,0,0,,
7950,REQ-0185,5,3,LinkedIn,2024-10-03,0,0,0,0,,
7951,REQ-0185,5,3,Employee Referral,2024-09-19,1,1,0,0,,
7952,REQ-0185,5,3,Agency,2024-10-03,0,0,0,0,,
7953,REQ-0185,5,3,Career Site,2024-10-06,0,0,0,0,,
7954,REQ-0185,5,3,Job Board,2024-10-09,1,0,0,0,,
7955,REQ-0185,5,3,LinkedIn,2024-10-07,1,0,0,0,,
7956,REQ-0185,5,3,Job Board,2024-09-27,0,0,0,0,,
7957,REQ-0185,5,3,Employee Referral,2024-09-25,1,1,0,0,,
7958,REQ-0185,5,3,Agency,2024-09-28,1,0,0,0,,
7959,REQ-0185,5,3,Agency,2024-09-30,1,1,0,0,,
7960,REQ-0185,5,3,Job Board,2024-09-25,1,1,1,0,0,
7961,REQ-0185,5,3,Job Board,2024-10-10,1,0,0,0,,
7962,REQ-0185,5,3,Employee Referral,2024-09-23,1,0,0,0,,
7963,REQ-0185,5,3,Employee Referral,2024-09-23,0,0,0,0,,
7964,REQ-0186,9,3,Employee Referral,2026-06-05,1,0,0,0,,
7965,REQ-0186,9,3,Career Site,2026-05-26,1,0,0,0,,
7966,REQ-0186,9,3,Employee Referral,2026-05-27,1,1,0,0,,
7967,REQ-0186,9,3,Agency,2026-05-30,1,0,0,0,,
7968,REQ-0186,9,3,Career Site,2026-06-06,1,1,0,0,,
7969,REQ-0186,9,3,LinkedIn,2026-06-14,1,1,1,1,1,71
7970,REQ-0186,9,3,Job Board,2026-06-13,1,1,1,1,1,71
7971,REQ-0186,9,3,Career Site,2026-05-31,1,0,0,0,,
7972,REQ-0186,9,3,Job Board,2026-06-08,1,0,0,0,,
7973,REQ-0186,9,3,LinkedIn,2026-05-30,1,1,0,0,,
7974,REQ-0186,9,3,Job Board,2026-05-28,1,0,0,0,,
7975,REQ-0186,9,3,Employee Referral,2026-05-30,1,1,1,0,0,
7976,REQ-0186,9,3,Employee Referral,2026-06-06,0,0,0,0,,
7977,REQ-0186,9,3,Employee Referral,2026-05-23,1,1,0,0,,
7978,REQ-0186,9,3,Job Board,2026-06-17,1,0,0,0,,
7979,REQ-0186,9,3,LinkedIn,2026-06-15,1,0,0,0,,
7980,REQ-0186,9,3,LinkedIn,2026-06-11,1,0,0,0,,
7981,REQ-0186,9,3,Job Board,2026-06-06,1,0,0,0,,
7982,REQ-0186,9,3,LinkedIn,2026-05-30,0,0,0,0,,
7983,REQ-0186,9,3,Job Board,2026-06-14,0,0,0,0,,
7984,REQ-0186,9,3,Employee Referral,2026-06-05,1,0,0,0,,
7985,REQ-0186,9,3,LinkedIn,2026-06-04,1,1,0,0,,
7986,REQ-0186,9,3,LinkedIn,2026-06-17,1,0,0,0,,
7987,REQ-0186,9,3,Employee Referral,2026-06-13,0,0,0,0,,
7988,REQ-0186,9,3,Employee Referral,2026-06-17,1,0,0,0,,
7989,REQ-0186,9,3,Employee Referral,2026-06-12,0,0,0,0,,
7990,REQ-0186,9,3,Employee Referral,2026-06-03,1,1,0,0,,
7991,REQ-0186,9,3,Career Site,2026-06-14,0,0,0,0,,
7992,REQ-0186,9,3,Job Board,2026-06-01,1,1,0,0,,
7993,REQ-0186,9,3,Career Site,2026-06-03,0,0,0,0,,
7994,REQ-0186,9,3,Employee Referral,2026-06-04,0,0,0,0,,
7995,REQ-0186,9,3,Employee Referral,2026-05-23,1,1,0,0,,
7996,REQ-0186,9,3,Employee Referral,2026-05-28,1,1,1,1,1,71
7997,REQ-0186,9,3,Job Board,2026-06-15,1,0,0,0,,
7998,REQ-0186,9,3,LinkedIn,2026-06-04,1,1,1,0,0,
7999,REQ-0186,9,3,Job Board,2026-05-27,0,0,0,0,,
8000,REQ-0186,9,3,LinkedIn,2026-05-28,1,1,0,0,,
8001,REQ-0186,9,3,LinkedIn,2026-06-01,1,0,0,0,,
8002,REQ-0186,9,3,Employee Referral,2026-06-11,1,0,0,0,,
8003,REQ-0186,9,3,LinkedIn,2026-05-27,0,0,0,0,,
8004,REQ-0187,3,1,Job Board,2025-04-15,1,0,0,0,,
8005,REQ-0187,3,1,Job Board,2025-04-14,1,1,0,0,,
8006,REQ-0187,3,1,Employee Referral,2025-04-17,0,0,0,0,,
8007,REQ-0187,3,1,Job Board,2025-04-12,1,1,0,0,,
8008,REQ-0187,3,1,Employee Referral,2025-04-21,1,0,0,0,,
8009,REQ-0187,3,1,Job Board,2025-04-12,1,0,0,0,,
8010,REQ-0187,3,1,Career Site,2025-04-08,0,0,0,0,,
8011,REQ-0187,3,1,LinkedIn,2025-04-18,1,1,0,0,,
8012,REQ-0187,3,1,Career Site,2025-04-16,1,0,0,0,,
8013,REQ-0187,3,1,Career Site,2025-04-30,0,0,0,0,,
8014,REQ-0187,3,1,LinkedIn,2025-04-10,0,0,0,0,,
8015,REQ-0187,3,1,Employee Referral,2025-04-18,0,0,0,0,,
8016,REQ-0187,3,1,Employee Referral,2025-04-18,1,0,0,0,,
8017,REQ-0187,3,1,Employee Referral,2025-04-29,1,1,0,0,,
8018,REQ-0187,3,1,LinkedIn,2025-04-11,1,0,0,0,,
8019,REQ-0187,3,1,LinkedIn,2025-04-18,1,1,1,0,0,
8020,REQ-0187,3,1,Employee Referral,2025-05-01,0,0,0,0,,
8021,REQ-0187,3,1,Job Board,2025-04-15,0,0,0,0,,
8022,REQ-0187,3,1,Job Board,2025-04-18,0,0,0,0,,
8023,REQ-0187,3,1,Career Site,2025-04-14,1,0,0,0,,
8024,REQ-0187,3,1,LinkedIn,2025-04-28,1,0,0,0,,
8025,REQ-0187,3,1,Career Site,2025-04-18,0,0,0,0,,
8026,REQ-0187,3,1,LinkedIn,2025-04-26,1,1,0,0,,
8027,REQ-0187,3,1,Career Site,2025-04-28,1,0,0,0,,
8028,REQ-0187,3,1,Career Site,2025-05-01,1,1,0,0,,
8029,REQ-0187,3,1,Job Board,2025-04-15,1,1,0,0,,
8030,REQ-0187,3,1,Career Site,2025-04-07,1,0,0,0,,
8031,REQ-0187,3,1,Job Board,2025-04-12,0,0,0,0,,
8032,REQ-0187,3,1,Agency,2025-04-07,1,0,0,0,,
8033,REQ-0187,3,1,Career Site,2025-05-02,0,0,0,0,,
8034,REQ-0187,3,1,Job Board,2025-04-11,1,1,0,0,,
8035,REQ-0187,3,1,Job Board,2025-04-20,0,0,0,0,,
8036,REQ-0187,3,1,Agency,2025-04-08,0,0,0,0,,
8037,REQ-0187,3,1,Employee Referral,2025-04-21,1,0,0,0,,
8038,REQ-0187,3,1,Career Site,2025-04-11,1,0,0,0,,
8039,REQ-0187,3,1,Job Board,2025-04-14,1,1,1,1,1,20
8040,REQ-0187,3,1,Agency,2025-04-09,0,0,0,0,,
8041,REQ-0187,3,1,LinkedIn,2025-04-07,1,0,0,0,,
8042,REQ-0187,3,1,Job Board,2025-05-02,0,0,0,0,,
8043,REQ-0187,3,1,LinkedIn,2025-04-08,0,0,0,0,,
8044,REQ-0187,3,1,LinkedIn,2025-04-10,0,0,0,0,,
8045,REQ-0187,3,1,Job Board,2025-04-21,0,0,0,0,,
8046,REQ-0187,3,1,Career Site,2025-04-27,1,1,1,1,1,20
8047,REQ-0187,3,1,Job Board,2025-04-29,0,0,0,0,,
8048,REQ-0187,3,1,LinkedIn,2025-04-22,1,1,0,0,,
8049,REQ-0187,3,1,Employee Referral,2025-04-15,1,1,1,1,1,20
8050,REQ-0187,3,1,LinkedIn,2025-04-10,1,0,0,0,,
8051,REQ-0187,3,1,Job Board,2025-04-10,0,0,0,0,,
8052,REQ-0187,3,1,Employee Referral,2025-04-29,1,0,0,0,,
8053,REQ-0187,3,1,Job Board,2025-04-20,1,0,0,0,,
8054,REQ-0187,3,1,Career Site,2025-04-14,1,1,0,0,,
8055,REQ-0187,3,1,Career Site,2025-04-24,1,0,0,0,,
8056,REQ-0187,3,1,Career Site,2025-04-11,1,0,0,0,,
8057,REQ-0187,3,1,LinkedIn,2025-04-13,0,0,0,0,,
8058,REQ-0187,3,1,Agency,2025-04-12,1,0,0,0,,
8059,REQ-0187,3,1,Employee Referral,2025-04-27,1,1,0,0,,
8060,REQ-0187,3,1,LinkedIn,2025-04-18,1,1,1,1,1,20
8061,REQ-0187,3,1,Job Board,2025-04-19,1,1,0,0,,
8062,REQ-0187,3,1,LinkedIn,2025-04-10,1,0,0,0,,
8063,REQ-0187,3,1,LinkedIn,2025-04-11,1,1,1,1,1,20
8064,REQ-0188,3,3,Employee Referral,2024-08-25,1,1,0,0,,
8065,REQ-0188,3,3,LinkedIn,2024-09-11,1,1,1,1,1,64
8066,REQ-0188,3,3,LinkedIn,2024-08-25,1,1,1,1,1,64
8067,REQ-0188,3,3,Job Board,2024-09-10,1,1,0,0,,
8068,REQ-0188,3,3,LinkedIn,2024-09-03,0,0,0,0,,
8069,REQ-0188,3,3,LinkedIn,2024-08-21,1,0,0,0,,
8070,REQ-0188,3,3,LinkedIn,2024-08-31,1,0,0,0,,
8071,REQ-0188,3,3,LinkedIn,2024-08-31,1,1,0,0,,
8072,REQ-0188,3,3,Career Site,2024-08-19,0,0,0,0,,
8073,REQ-0188,3,3,Career Site,2024-08-25,1,1,0,0,,
8074,REQ-0188,3,3,Employee Referral,2024-08-30,0,0,0,0,,
8075,REQ-0188,3,3,LinkedIn,2024-08-19,1,0,0,0,,
8076,REQ-0188,3,3,Job Board,2024-09-04,1,0,0,0,,
8077,REQ-0188,3,3,Agency,2024-09-07,1,0,0,0,,
8078,REQ-0188,3,3,Employee Referral,2024-09-07,1,0,0,0,,
8079,REQ-0188,3,3,LinkedIn,2024-09-11,0,0,0,0,,
8080,REQ-0188,3,3,Agency,2024-08-25,0,0,0,0,,
8081,REQ-0188,3,3,LinkedIn,2024-08-30,1,0,0,0,,
8082,REQ-0188,3,3,Agency,2024-08-22,0,0,0,0,,
8083,REQ-0188,3,3,Employee Referral,2024-09-06,0,0,0,0,,
8084,REQ-0188,3,3,Employee Referral,2024-09-12,1,1,1,1,1,64
8085,REQ-0188,3,3,Job Board,2024-08-24,1,1,1,1,1,64
8086,REQ-0188,3,3,Job Board,2024-08-26,1,0,0,0,,
8087,REQ-0188,3,3,LinkedIn,2024-08-30,0,0,0,0,,
8088,REQ-0188,3,3,Employee Referral,2024-08-30,1,1,0,0,,
8089,REQ-0188,3,3,Career Site,2024-09-04,1,1,0,0,,
8090,REQ-0188,3,3,LinkedIn,2024-09-13,1,0,0,0,,
8091,REQ-0188,3,3,Job Board,2024-08-28,1,1,0,0,,
8092,REQ-0188,3,3,Job Board,2024-08-22,1,1,1,1,1,64
8093,REQ-0188,3,3,Agency,2024-08-25,1,1,1,1,1,64
8094,REQ-0188,3,3,Employee Referral,2024-09-04,0,0,0,0,,
8095,REQ-0188,3,3,Job Board,2024-09-07,1,1,0,0,,
8096,REQ-0188,3,3,Career Site,2024-09-11,0,0,0,0,,
8097,REQ-0188,3,3,Job Board,2024-08-29,1,1,0,0,,
8098,REQ-0188,3,3,LinkedIn,2024-08-27,1,0,0,0,,
8099,REQ-0188,3,3,LinkedIn,2024-08-26,1,0,0,0,,
8100,REQ-0188,3,3,LinkedIn,2024-09-10,0,0,0,0,,
8101,REQ-0188,3,3,Career Site,2024-08-23,1,0,0,0,,
8102,REQ-0188,3,3,Job Board,2024-08-28,0,0,0,0,,
8103,REQ-0188,3,3,LinkedIn,2024-08-27,1,1,0,0,,
8104,REQ-0188,3,3,LinkedIn,2024-08-28,1,1,0,0,,
8105,REQ-0189,10,5,Job Board,2024-12-17,1,0,0,0,,
8106,REQ-0189,10,5,Job Board,2024-12-17,0,0,0,0,,
8107,REQ-0189,10,5,Agency,2025-01-10,1,0,0,0,,
8108,REQ-0189,10,5,Job Board,2025-01-04,0,0,0,0,,
8109,REQ-0189,10,5,Job Board,2024-12-24,1,0,0,0,,
8110,REQ-0189,10,5,Career Site,2025-01-06,1,1,1,1,1,36
8111,REQ-0189,10,5,Job Board,2024-12-16,1,0,0,0,,
8112,REQ-0189,10,5,Job Board,2025-01-01,1,0,0,0,,
8113,REQ-0189,10,5,Job Board,2024-12-27,1,0,0,0,,
8114,REQ-0189,10,5,Job Board,2024-12-27,0,0,0,0,,
8115,REQ-0189,10,5,LinkedIn,2024-12-28,0,0,0,0,,
8116,REQ-0189,10,5,LinkedIn,2025-01-05,1,1,0,0,,
8117,REQ-0189,10,5,LinkedIn,2024-12-23,0,0,0,0,,
8118,REQ-0189,10,5,LinkedIn,2025-01-05,1,1,1,1,1,36
8119,REQ-0189,10,5,Employee Referral,2025-01-09,1,0,0,0,,
8120,REQ-0189,10,5,LinkedIn,2024-12-23,1,0,0,0,,
8121,REQ-0189,10,5,LinkedIn,2025-01-09,1,1,1,1,1,36
8122,REQ-0189,10,5,Employee Referral,2024-12-27,1,0,0,0,,
8123,REQ-0189,10,5,LinkedIn,2025-01-03,1,0,0,0,,
8124,REQ-0189,10,5,Job Board,2024-12-18,1,1,0,0,,
8125,REQ-0189,10,5,LinkedIn,2024-12-18,1,1,0,0,,
8126,REQ-0189,10,5,Job Board,2024-12-21,0,0,0,0,,
8127,REQ-0189,10,5,Agency,2024-12-30,1,1,1,0,0,
8128,REQ-0189,10,5,Employee Referral,2024-12-21,1,1,0,0,,
8129,REQ-0189,10,5,Career Site,2024-12-26,1,0,0,0,,
8130,REQ-0189,10,5,Agency,2024-12-29,1,1,1,0,0,
8131,REQ-0189,10,5,LinkedIn,2024-12-17,1,0,0,0,,
8132,REQ-0189,10,5,LinkedIn,2025-01-01,1,0,0,0,,
8133,REQ-0189,10,5,Career Site,2024-12-29,1,1,1,1,1,36
8134,REQ-0189,10,5,LinkedIn,2025-01-02,0,0,0,0,,
8135,REQ-0189,10,5,Employee Referral,2025-01-08,1,1,1,0,0,
8136,REQ-0189,10,5,LinkedIn,2024-12-30,0,0,0,0,,
8137,REQ-0189,10,5,Career Site,2025-01-10,1,0,0,0,,
8138,REQ-0189,10,5,Agency,2024-12-18,0,0,0,0,,
8139,REQ-0189,10,5,Career Site,2024-12-18,1,0,0,0,,
8140,REQ-0189,10,5,Employee Referral,2025-01-09,1,1,0,0,,
8141,REQ-0189,10,5,LinkedIn,2025-01-09,0,0,0,0,,
8142,REQ-0189,10,5,LinkedIn,2024-12-31,1,0,0,0,,
8143,REQ-0189,10,5,Career Site,2024-12-26,1,1,0,0,,
8144,REQ-0189,10,5,Career Site,2025-01-01,1,0,0,0,,
8145,REQ-0189,10,5,Agency,2024-12-22,0,0,0,0,,
8146,REQ-0189,10,5,LinkedIn,2025-01-09,0,0,0,0,,
8147,REQ-0189,10,5,Career Site,2025-01-07,0,0,0,0,,
8148,REQ-0189,10,5,Employee Referral,2024-12-31,0,0,0,0,,
8149,REQ-0189,10,5,Job Board,2024-12-26,1,1,0,0,,
8150,REQ-0189,10,5,Career Site,2024-12-21,0,0,0,0,,
8151,REQ-0189,10,5,Career Site,2025-01-09,0,0,0,0,,
8152,REQ-0190,10,5,Job Board,2025-06-13,1,1,0,0,,
8153,REQ-0190,10,5,Career Site,2025-06-20,1,0,0,0,,
8154,REQ-0190,10,5,LinkedIn,2025-06-12,1,1,1,1,1,56
8155,REQ-0190,10,5,LinkedIn,2025-06-20,1,0,0,0,,
8156,REQ-0190,10,5,Career Site,2025-07-04,0,0,0,0,,
8157,REQ-0190,10,5,LinkedIn,2025-07-04,1,1,0,0,,
8158,REQ-0190,10,5,LinkedIn,2025-06-27,1,1,0,0,,
8159,REQ-0190,10,5,LinkedIn,2025-06-17,1,0,0,0,,
8160,REQ-0190,10,5,Agency,2025-06-17,1,0,0,0,,
8161,REQ-0190,10,5,LinkedIn,2025-06-16,0,0,0,0,,
8162,REQ-0190,10,5,LinkedIn,2025-06-19,1,1,0,0,,
8163,REQ-0190,10,5,Agency,2025-06-18,1,0,0,0,,
8164,REQ-0190,10,5,Job Board,2025-06-28,1,1,1,0,0,
8165,REQ-0190,10,5,LinkedIn,2025-06-12,1,0,0,0,,
8166,REQ-0190,10,5,Agency,2025-06-28,1,1,1,0,0,
8167,REQ-0190,10,5,LinkedIn,2025-06-13,0,0,0,0,,
8168,REQ-0190,10,5,Career Site,2025-07-07,1,0,0,0,,
8169,REQ-0190,10,5,Career Site,2025-07-02,1,0,0,0,,
8170,REQ-0190,10,5,Agency,2025-06-28,1,1,0,0,,
8171,REQ-0190,10,5,Job Board,2025-06-24,1,0,0,0,,
8172,REQ-0190,10,5,Job Board,2025-06-21,0,0,0,0,,
8173,REQ-0190,10,5,Career Site,2025-06-14,0,0,0,0,,
8174,REQ-0190,10,5,LinkedIn,2025-06-16,0,0,0,0,,
8175,REQ-0190,10,5,LinkedIn,2025-06-30,0,0,0,0,,
8176,REQ-0190,10,5,Employee Referral,2025-06-15,0,0,0,0,,
8177,REQ-0190,10,5,Job Board,2025-06-29,0,0,0,0,,
8178,REQ-0190,10,5,Employee Referral,2025-07-06,1,1,1,1,1,56
8179,REQ-0190,10,5,LinkedIn,2025-06-28,0,0,0,0,,
8180,REQ-0190,10,5,LinkedIn,2025-06-14,1,1,0,0,,
8181,REQ-0190,10,5,Employee Referral,2025-06-29,1,1,0,0,,
8182,REQ-0190,10,5,LinkedIn,2025-07-03,0,0,0,0,,
8183,REQ-0190,10,5,Job Board,2025-06-21,1,1,1,0,0,
8184,REQ-0190,10,5,Career Site,2025-06-24,1,0,0,0,,
8185,REQ-0190,10,5,LinkedIn,2025-07-04,1,0,0,0,,
8186,REQ-0190,10,5,Employee Referral,2025-06-17,0,0,0,0,,
8187,REQ-0190,10,5,LinkedIn,2025-06-16,1,0,0,0,,
8188,REQ-0190,10,5,LinkedIn,2025-06-28,0,0,0,0,,
8189,REQ-0190,10,5,Job Board,2025-06-23,1,1,0,0,,
8190,REQ-0190,10,5,Job Board,2025-06-18,0,0,0,0,,
8191,REQ-0190,10,5,Agency,2025-06-19,0,0,0,0,,
8192,REQ-0190,10,5,LinkedIn,2025-07-03,1,1,1,1,1,56
8193,REQ-0190,10,5,Job Board,2025-06-26,1,1,0,0,,
8194,REQ-0190,10,5,Agency,2025-06-21,0,0,0,0,,
8195,REQ-0190,10,5,Agency,2025-06-20,0,0,0,0,,
8196,REQ-0190,10,5,Agency,2025-06-18,0,0,0,0,,
8197,REQ-0190,10,5,Career Site,2025-07-05,1,1,0,0,,
8198,REQ-0190,10,5,LinkedIn,2025-06-19,0,0,0,0,,
8199,REQ-0190,10,5,Job Board,2025-07-05,1,0,0,0,,
8200,REQ-0190,10,5,Job Board,2025-06-19,1,0,0,0,,
8201,REQ-0190,10,5,Employee Referral,2025-06-24,0,0,0,0,,
8202,REQ-0190,10,5,Agency,2025-06-19,0,0,0,0,,
8203,REQ-0190,10,5,Career Site,2025-06-18,1,0,0,0,,
8204,REQ-0190,10,5,Job Board,2025-06-29,0,0,0,0,,
8205,REQ-0190,10,5,Job Board,2025-07-07,1,1,0,0,,
8206,REQ-0190,10,5,LinkedIn,2025-06-12,1,0,0,0,,
8207,REQ-0191,3,6,Career Site,2026-02-06,1,1,1,1,1,41
8208,REQ-0191,3,6,LinkedIn,2026-02-09,0,0,0,0,,
8209,REQ-0191,3,6,Career Site,2026-02-20,0,0,0,0,,
8210,REQ-0191,3,6,Agency,2026-02-11,0,0,0,0,,
8211,REQ-0191,3,6,Job Board,2026-02-07,0,0,0,0,,
8212,REQ-0191,3,6,Career Site,2026-02-10,1,1,1,1,1,41
8213,REQ-0191,3,6,Agency,2026-01-26,1,1,0,0,,
8214,REQ-0191,3,6,LinkedIn,2026-01-27,0,0,0,0,,
8215,REQ-0191,3,6,LinkedIn,2026-02-09,1,0,0,0,,
8216,REQ-0191,3,6,Job Board,2026-02-14,1,1,0,0,,
8217,REQ-0191,3,6,LinkedIn,2026-02-04,1,1,0,0,,
8218,REQ-0191,3,6,Job Board,2026-02-05,0,0,0,0,,
8219,REQ-0191,3,6,LinkedIn,2026-02-04,1,1,1,1,1,41
8220,REQ-0191,3,6,Job Board,2026-02-09,1,1,0,0,,
8221,REQ-0191,3,6,Employee Referral,2026-02-05,1,1,0,0,,
8222,REQ-0191,3,6,Job Board,2026-02-16,1,1,1,1,1,41
8223,REQ-0191,3,6,Agency,2026-02-04,0,0,0,0,,
8224,REQ-0191,3,6,LinkedIn,2026-02-18,1,1,1,0,0,
8225,REQ-0191,3,6,LinkedIn,2026-02-16,1,0,0,0,,
8226,REQ-0191,3,6,LinkedIn,2026-02-01,0,0,0,0,,
8227,REQ-0191,3,6,Career Site,2026-02-11,1,0,0,0,,
8228,REQ-0191,3,6,Job Board,2026-01-27,1,1,1,1,1,41
8229,REQ-0191,3,6,Employee Referral,2026-02-02,1,1,0,0,,
8230,REQ-0191,3,6,Agency,2026-02-20,1,1,0,0,,
8231,REQ-0191,3,6,LinkedIn,2026-01-31,1,1,1,1,1,41
8232,REQ-0191,3,6,Agency,2026-02-02,1,1,1,1,1,41
8233,REQ-0191,3,6,LinkedIn,2026-01-27,0,0,0,0,,
8234,REQ-0191,3,6,Agency,2026-02-11,1,1,0,0,,
8235,REQ-0191,3,6,Employee Referral,2026-02-13,1,0,0,0,,
8236,REQ-0191,3,6,Job Board,2026-02-12,1,0,0,0,,
8237,REQ-0191,3,6,Agency,2026-02-06,0,0,0,0,,
8238,REQ-0191,3,6,Job Board,2026-02-09,1,0,0,0,,
8239,REQ-0191,3,6,LinkedIn,2026-02-18,0,0,0,0,,
8240,REQ-0191,3,6,LinkedIn,2026-02-10,1,0,0,0,,
8241,REQ-0191,3,6,LinkedIn,2026-02-20,1,1,0,0,,
8242,REQ-0191,3,6,LinkedIn,2026-01-28,0,0,0,0,,
8243,REQ-0191,3,6,Job Board,2026-02-06,1,1,0,0,,
8244,REQ-0191,3,6,Job Board,2026-02-07,1,0,0,0,,
8245,REQ-0191,3,6,Employee Referral,2026-02-15,0,0,0,0,,
8246,REQ-0191,3,6,Employee Referral,2026-01-26,1,1,1,1,1,41
8247,REQ-0191,3,6,LinkedIn,2026-02-01,0,0,0,0,,
8248,REQ-0191,3,6,Career Site,2026-02-20,0,0,0,0,,
8249,REQ-0191,3,6,Employee Referral,2026-02-06,1,0,0,0,,
8250,REQ-0191,3,6,Job Board,2026-02-07,0,0,0,0,,
8251,REQ-0191,3,6,LinkedIn,2026-02-02,1,1,0,0,,
8252,REQ-0191,3,6,LinkedIn,2026-02-01,1,1,0,0,,
8253,REQ-0191,3,6,LinkedIn,2026-02-09,1,0,0,0,,
8254,REQ-0191,3,6,Career Site,2026-02-09,0,0,0,0,,
8255,REQ-0191,3,6,LinkedIn,2026-02-17,1,0,0,0,,
8256,REQ-0191,3,6,Employee Referral,2026-02-06,1,0,0,0,,
8257,REQ-0191,3,6,LinkedIn,2026-01-27,0,0,0,0,,
8258,REQ-0191,3,6,Job Board,2026-02-13,1,0,0,0,,
8259,REQ-0191,3,6,Agency,2026-02-15,1,0,0,0,,
8260,REQ-0191,3,6,Career Site,2026-02-13,0,0,0,0,,
8261,REQ-0191,3,6,Employee Referral,2026-02-11,0,0,0,0,,
8262,REQ-0191,3,6,LinkedIn,2026-02-18,0,0,0,0,,
8263,REQ-0191,3,6,LinkedIn,2026-02-15,1,1,0,0,,
8264,REQ-0191,3,6,Career Site,2026-01-29,0,0,0,0,,
8265,REQ-0191,3,6,Job Board,2026-01-30,1,0,0,0,,
8266,REQ-0192,9,3,Career Site,2026-03-26,1,0,0,0,,
8267,REQ-0192,9,3,LinkedIn,2026-04-08,0,0,0,0,,
8268,REQ-0192,9,3,Career Site,2026-03-19,1,0,0,0,,
8269,REQ-0192,9,3,LinkedIn,2026-03-27,1,1,0,0,,
8270,REQ-0192,9,3,LinkedIn,2026-03-17,0,0,0,0,,
8271,REQ-0192,9,3,Career Site,2026-04-01,1,1,0,0,,
8272,REQ-0192,9,3,LinkedIn,2026-03-30,1,1,1,1,1,38
8273,REQ-0192,9,3,LinkedIn,2026-03-19,0,0,0,0,,
8274,REQ-0192,9,3,Employee Referral,2026-03-21,1,1,1,1,1,38
8275,REQ-0192,9,3,Agency,2026-03-23,0,0,0,0,,
8276,REQ-0192,9,3,Career Site,2026-03-18,1,0,0,0,,
8277,REQ-0192,9,3,Employee Referral,2026-04-06,1,0,0,0,,
8278,REQ-0192,9,3,Job Board,2026-03-25,1,0,0,0,,
8279,REQ-0192,9,3,Agency,2026-03-24,1,1,0,0,,
8280,REQ-0192,9,3,Job Board,2026-03-22,0,0,0,0,,
8281,REQ-0192,9,3,Career Site,2026-03-24,0,0,0,0,,
8282,REQ-0192,9,3,LinkedIn,2026-04-02,0,0,0,0,,
8283,REQ-0192,9,3,Job Board,2026-04-10,1,1,0,0,,
8284,REQ-0192,9,3,LinkedIn,2026-04-05,1,1,0,0,,
8285,REQ-0192,9,3,Employee Referral,2026-03-24,0,0,0,0,,
8286,REQ-0192,9,3,LinkedIn,2026-04-10,1,0,0,0,,
8287,REQ-0192,9,3,LinkedIn,2026-03-20,0,0,0,0,,
8288,REQ-0192,9,3,LinkedIn,2026-04-02,1,0,0,0,,
8289,REQ-0192,9,3,LinkedIn,2026-04-10,0,0,0,0,,
8290,REQ-0192,9,3,LinkedIn,2026-03-20,1,1,0,0,,
8291,REQ-0192,9,3,LinkedIn,2026-03-23,0,0,0,0,,
8292,REQ-0192,9,3,Employee Referral,2026-04-09,0,0,0,0,,
8293,REQ-0192,9,3,LinkedIn,2026-03-28,0,0,0,0,,
8294,REQ-0192,9,3,Employee Referral,2026-03-21,0,0,0,0,,
8295,REQ-0192,9,3,Job Board,2026-04-07,1,0,0,0,,
8296,REQ-0192,9,3,Career Site,2026-03-28,1,0,0,0,,
8297,REQ-0192,9,3,Job Board,2026-04-05,1,1,0,0,,
8298,REQ-0192,9,3,Agency,2026-03-23,1,0,0,0,,
8299,REQ-0192,9,3,Agency,2026-03-22,0,0,0,0,,
8300,REQ-0192,9,3,LinkedIn,2026-03-22,1,1,0,0,,
8301,REQ-0192,9,3,Career Site,2026-03-26,1,1,0,0,,
8302,REQ-0192,9,3,Employee Referral,2026-03-25,0,0,0,0,,
8303,REQ-0192,9,3,Career Site,2026-03-18,0,0,0,0,,
8304,REQ-0192,9,3,LinkedIn,2026-03-30,1,1,1,1,1,38
8305,REQ-0192,9,3,Employee Referral,2026-04-07,1,0,0,0,,
8306,REQ-0192,9,3,Employee Referral,2026-04-03,1,0,0,0,,
8307,REQ-0192,9,3,Job Board,2026-03-18,0,0,0,0,,
8308,REQ-0193,5,1,Career Site,2024-10-01,1,0,0,0,,
8309,REQ-0193,5,1,Employee Referral,2024-09-26,1,1,1,0,0,
8310,REQ-0193,5,1,Career Site,2024-10-05,0,0,0,0,,
8311,REQ-0193,5,1,Employee Referral,2024-10-04,1,0,0,0,,
8312,REQ-0193,5,1,LinkedIn,2024-09-16,0,0,0,0,,
8313,REQ-0193,5,1,Agency,2024-10-03,0,0,0,0,,
8314,REQ-0193,5,1,Employee Referral,2024-09-30,1,1,0,0,,
8315,REQ-0193,5,1,LinkedIn,2024-10-09,1,1,1,1,1,55
8316,REQ-0193,5,1,Job Board,2024-09-16,1,1,0,0,,
8317,REQ-0193,5,1,Agency,2024-09-16,0,0,0,0,,
8318,REQ-0193,5,1,LinkedIn,2024-09-26,1,0,0,0,,
8319,REQ-0193,5,1,LinkedIn,2024-10-04,1,0,0,0,,
8320,REQ-0193,5,1,Job Board,2024-09-19,1,1,1,1,1,55
8321,REQ-0193,5,1,Employee Referral,2024-09-19,1,1,0,0,,
8322,REQ-0193,5,1,Job Board,2024-09-22,0,0,0,0,,
8323,REQ-0193,5,1,Employee Referral,2024-10-05,0,0,0,0,,
8324,REQ-0193,5,1,Job Board,2024-09-23,1,0,0,0,,
8325,REQ-0193,5,1,LinkedIn,2024-09-16,0,0,0,0,,
8326,REQ-0193,5,1,Job Board,2024-10-01,0,0,0,0,,
8327,REQ-0193,5,1,Employee Referral,2024-09-29,1,1,1,1,1,55
8328,REQ-0193,5,1,Job Board,2024-10-08,1,0,0,0,,
8329,REQ-0193,5,1,Employee Referral,2024-09-25,0,0,0,0,,
8330,REQ-0193,5,1,LinkedIn,2024-09-23,0,0,0,0,,
8331,REQ-0193,5,1,Employee Referral,2024-10-04,1,1,1,1,1,55
8332,REQ-0193,5,1,LinkedIn,2024-09-20,1,1,1,0,0,
8333,REQ-0193,5,1,Career Site,2024-10-03,1,0,0,0,,
8334,REQ-0193,5,1,Career Site,2024-10-07,1,0,0,0,,
8335,REQ-0193,5,1,LinkedIn,2024-09-27,0,0,0,0,,
8336,REQ-0193,5,1,Job Board,2024-09-23,1,0,0,0,,
8337,REQ-0193,5,1,Employee Referral,2024-09-23,0,0,0,0,,
8338,REQ-0193,5,1,Employee Referral,2024-10-04,1,1,1,1,1,55
8339,REQ-0193,5,1,Career Site,2024-09-30,1,0,0,0,,
8340,REQ-0193,5,1,LinkedIn,2024-09-27,1,0,0,0,,
8341,REQ-0193,5,1,Employee Referral,2024-10-08,0,0,0,0,,
8342,REQ-0193,5,1,Job Board,2024-09-15,1,1,0,0,,
8343,REQ-0193,5,1,LinkedIn,2024-09-17,1,1,1,1,1,55
8344,REQ-0193,5,1,Job Board,2024-09-29,0,0,0,0,,
8345,REQ-0193,5,1,Career Site,2024-09-25,1,0,0,0,,
8346,REQ-0193,5,1,Career Site,2024-10-04,1,1,0,0,,
8347,REQ-0193,5,1,Career Site,2024-09-23,1,1,1,1,1,55
8348,REQ-0193,5,1,Agency,2024-09-23,0,0,0,0,,
8349,REQ-0193,5,1,Job Board,2024-09-17,1,1,1,1,1,55
8350,REQ-0193,5,1,LinkedIn,2024-09-26,1,1,0,0,,
8351,REQ-0193,5,1,Job Board,2024-09-16,1,1,0,0,,
8352,REQ-0193,5,1,Employee Referral,2024-10-05,0,0,0,0,,
8353,REQ-0193,5,1,LinkedIn,2024-10-04,1,1,1,1,1,55
8354,REQ-0193,5,1,Job Board,2024-09-27,1,0,0,0,,
8355,REQ-0193,5,1,LinkedIn,2024-09-22,1,0,0,0,,
8356,REQ-0193,5,1,Agency,2024-10-06,1,1,0,0,,
8357,REQ-0193,5,1,LinkedIn,2024-10-04,1,1,0,0,,
8358,REQ-0193,5,1,Agency,2024-10-07,1,0,0,0,,
8359,REQ-0193,5,1,LinkedIn,2024-09-16,0,0,0,0,,
8360,REQ-0194,5,2,Career Site,2026-03-16,1,1,0,0,,
8361,REQ-0194,5,2,Job Board,2026-03-26,1,1,1,1,1,72
8362,REQ-0194,5,2,Agency,2026-03-16,1,1,0,0,,
8363,REQ-0194,5,2,Job Board,2026-03-25,1,0,0,0,,
8364,REQ-0194,5,2,Employee Referral,2026-04-05,1,0,0,0,,
8365,REQ-0194,5,2,LinkedIn,2026-03-29,0,0,0,0,,
8366,REQ-0194,5,2,Employee Referral,2026-03-23,1,1,1,1,1,72
8367,REQ-0194,5,2,Job Board,2026-03-31,1,1,1,1,1,72
8368,REQ-0194,5,2,Employee Referral,2026-03-26,1,0,0,0,,
8369,REQ-0194,5,2,LinkedIn,2026-04-08,0,0,0,0,,
8370,REQ-0194,5,2,Job Board,2026-03-30,0,0,0,0,,
8371,REQ-0194,5,2,Employee Referral,2026-03-31,1,1,0,0,,
8372,REQ-0194,5,2,LinkedIn,2026-04-07,0,0,0,0,,
8373,REQ-0194,5,2,Employee Referral,2026-04-02,1,1,0,0,,
8374,REQ-0194,5,2,Employee Referral,2026-04-04,0,0,0,0,,
8375,REQ-0194,5,2,LinkedIn,2026-03-23,1,1,0,0,,
8376,REQ-0194,5,2,LinkedIn,2026-04-01,1,0,0,0,,
8377,REQ-0194,5,2,LinkedIn,2026-03-25,0,0,0,0,,
8378,REQ-0194,5,2,LinkedIn,2026-03-23,0,0,0,0,,
8379,REQ-0194,5,2,Job Board,2026-03-20,1,1,0,0,,
8380,REQ-0194,5,2,LinkedIn,2026-03-30,1,1,0,0,,
8381,REQ-0194,5,2,Career Site,2026-03-21,1,1,0,0,,
8382,REQ-0194,5,2,Job Board,2026-03-24,0,0,0,0,,
8383,REQ-0194,5,2,Career Site,2026-03-21,0,0,0,0,,
8384,REQ-0194,5,2,Employee Referral,2026-04-06,1,1,0,0,,
8385,REQ-0194,5,2,LinkedIn,2026-04-07,1,0,0,0,,
8386,REQ-0194,5,2,Employee Referral,2026-03-23,1,0,0,0,,
8387,REQ-0194,5,2,Employee Referral,2026-04-08,0,0,0,0,,
8388,REQ-0194,5,2,LinkedIn,2026-04-05,1,1,1,1,1,72
8389,REQ-0194,5,2,LinkedIn,2026-04-04,1,0,0,0,,
8390,REQ-0194,5,2,LinkedIn,2026-03-17,1,0,0,0,,
8391,REQ-0194,5,2,Employee Referral,2026-03-29,1,1,0,0,,
8392,REQ-0194,5,2,Agency,2026-03-18,0,0,0,0,,
8393,REQ-0194,5,2,LinkedIn,2026-03-22,1,0,0,0,,
8394,REQ-0194,5,2,Employee Referral,2026-04-01,1,1,0,0,,
8395,REQ-0194,5,2,Job Board,2026-04-03,1,0,0,0,,
8396,REQ-0194,5,2,Job Board,2026-03-27,1,0,0,0,,
8397,REQ-0194,5,2,Job Board,2026-03-29,1,1,1,1,1,72
8398,REQ-0194,5,2,Career Site,2026-03-26,0,0,0,0,,
8399,REQ-0194,5,2,LinkedIn,2026-03-19,1,1,0,0,,
8400,REQ-0194,5,2,Employee Referral,2026-03-26,1,1,0,0,,
8401,REQ-0194,5,2,LinkedIn,2026-04-08,1,1,0,0,,
8402,REQ-0194,5,2,LinkedIn,2026-04-03,0,0,0,0,,
8403,REQ-0194,5,2,Employee Referral,2026-03-18,1,0,0,0,,
8404,REQ-0194,5,2,Career Site,2026-03-28,1,0,0,0,,
8405,REQ-0194,5,2,Employee Referral,2026-03-24,0,0,0,0,,
8406,REQ-0194,5,2,Career Site,2026-03-27,1,1,0,0,,
8407,REQ-0194,5,2,Job Board,2026-03-27,1,1,0,0,,
8408,REQ-0194,5,2,Agency,2026-04-08,1,1,0,0,,
8409,REQ-0194,5,2,LinkedIn,2026-03-30,0,0,0,0,,
8410,REQ-0194,5,2,LinkedIn,2026-04-09,0,0,0,0,,
8411,REQ-0194,5,2,Employee Referral,2026-03-18,1,1,0,0,,
8412,REQ-0194,5,2,LinkedIn,2026-04-10,1,1,1,1,1,72
8413,REQ-0194,5,2,LinkedIn,2026-03-22,0,0,0,0,,
8414,REQ-0194,5,2,Employee Referral,2026-03-30,1,0,0,0,,
8415,REQ-0194,5,2,Job Board,2026-03-16,1,0,0,0,,
8416,REQ-0194,5,2,Employee Referral,2026-03-17,1,0,0,0,,
8417,REQ-0194,5,2,LinkedIn,2026-04-09,1,1,0,0,,
8418,REQ-0194,5,2,Employee Referral,2026-04-04,1,0,0,0,,
8419,REQ-0194,5,2,LinkedIn,2026-03-29,1,1,0,0,,
8420,REQ-0194,5,2,Career Site,2026-03-18,0,0,0,0,,
8421,REQ-0194,5,2,Agency,2026-04-01,0,0,0,0,,
8422,REQ-0194,5,2,Employee Referral,2026-03-18,1,1,1,0,0,
8423,REQ-0194,5,2,Employee Referral,2026-03-29,1,1,1,1,1,72
8424,REQ-0194,5,2,Job Board,2026-03-27,1,0,0,0,,
8425,REQ-0194,5,2,Career Site,2026-04-09,1,1,0,0,,
8426,REQ-0194,5,2,Career Site,2026-03-17,1,1,0,0,,
8427,REQ-0194,5,2,LinkedIn,2026-03-31,1,1,0,0,,
8428,REQ-0195,12,4,Job Board,2024-11-09,1,1,0,0,,
8429,REQ-0195,12,4,Employee Referral,2024-11-15,1,0,0,0,,
8430,REQ-0195,12,4,LinkedIn,2024-11-18,0,0,0,0,,
8431,REQ-0195,12,4,Employee Referral,2024-11-10,0,0,0,0,,
8432,REQ-0195,12,4,Job Board,2024-11-15,0,0,0,0,,
8433,REQ-0195,12,4,Job Board,2024-11-07,1,0,0,0,,
8434,REQ-0195,12,4,Job Board,2024-11-17,1,1,0,0,,
8435,REQ-0195,12,4,Job Board,2024-11-09,1,1,0,0,,
8436,REQ-0195,12,4,Job Board,2024-11-19,0,0,0,0,,
8437,REQ-0195,12,4,Employee Referral,2024-11-07,1,0,0,0,,
8438,REQ-0195,12,4,LinkedIn,2024-10-28,0,0,0,0,,
8439,REQ-0195,12,4,Employee Referral,2024-11-02,1,0,0,0,,
8440,REQ-0195,12,4,LinkedIn,2024-11-03,1,0,0,0,,
8441,REQ-0195,12,4,Employee Referral,2024-11-20,0,0,0,0,,
8442,REQ-0195,12,4,Employee Referral,2024-11-06,0,0,0,0,,
8443,REQ-0195,12,4,Agency,2024-11-07,0,0,0,0,,
8444,REQ-0195,12,4,Career Site,2024-11-13,1,1,0,0,,
8445,REQ-0195,12,4,Job Board,2024-11-11,1,1,0,0,,
8446,REQ-0195,12,4,LinkedIn,2024-11-07,0,0,0,0,,
8447,REQ-0195,12,4,Employee Referral,2024-11-20,1,0,0,0,,
8448,REQ-0195,12,4,Employee Referral,2024-11-05,1,0,0,0,,
8449,REQ-0195,12,4,Job Board,2024-10-30,0,0,0,0,,
8450,REQ-0196,8,5,LinkedIn,2026-06-03,1,0,0,0,,
8451,REQ-0196,8,5,LinkedIn,2026-05-26,1,0,0,0,,
8452,REQ-0196,8,5,Employee Referral,2026-05-30,1,1,0,0,,
8453,REQ-0196,8,5,Employee Referral,2026-05-31,1,0,0,0,,
8454,REQ-0196,8,5,LinkedIn,2026-05-18,1,1,0,0,,
8455,REQ-0196,8,5,Job Board,2026-05-27,0,0,0,0,,
8456,REQ-0196,8,5,LinkedIn,2026-05-23,1,1,1,1,1,12
8457,REQ-0196,8,5,Agency,2026-05-28,0,0,0,0,,
8458,REQ-0196,8,5,Job Board,2026-05-18,1,1,1,1,1,12
8459,REQ-0196,8,5,LinkedIn,2026-05-25,0,0,0,0,,
8460,REQ-0196,8,5,Career Site,2026-05-18,1,1,1,1,1,12
8461,REQ-0196,8,5,LinkedIn,2026-05-26,1,1,0,0,,
8462,REQ-0196,8,5,LinkedIn,2026-05-15,1,0,0,0,,
8463,REQ-0196,8,5,Career Site,2026-05-10,0,0,0,0,,
8464,REQ-0196,8,5,LinkedIn,2026-05-31,1,0,0,0,,
8465,REQ-0196,8,5,LinkedIn,2026-05-16,0,0,0,0,,
8466,REQ-0196,8,5,Employee Referral,2026-05-22,1,1,1,1,1,12
8467,REQ-0196,8,5,Career Site,2026-05-21,1,1,0,0,,
8468,REQ-0196,8,5,Job Board,2026-05-12,1,1,0,0,,
8469,REQ-0196,8,5,Agency,2026-05-11,1,0,0,0,,
8470,REQ-0196,8,5,Job Board,2026-05-22,1,0,0,0,,
8471,REQ-0196,8,5,Employee Referral,2026-06-04,1,1,1,1,1,12
8472,REQ-0196,8,5,Job Board,2026-05-18,1,1,0,0,,
8473,REQ-0196,8,5,LinkedIn,2026-05-11,0,0,0,0,,
8474,REQ-0196,8,5,Job Board,2026-05-19,1,1,1,0,0,
8475,REQ-0196,8,5,Job Board,2026-05-24,1,0,0,0,,
8476,REQ-0196,8,5,LinkedIn,2026-05-31,1,0,0,0,,
8477,REQ-0196,8,5,Career Site,2026-05-19,0,0,0,0,,
8478,REQ-0196,8,5,Career Site,2026-06-02,1,0,0,0,,
8479,REQ-0196,8,5,Career Site,2026-05-25,0,0,0,0,,
8480,REQ-0196,8,5,LinkedIn,2026-05-14,0,0,0,0,,
8481,REQ-0196,8,5,Career Site,2026-05-12,1,1,0,0,,
8482,REQ-0196,8,5,LinkedIn,2026-05-21,0,0,0,0,,
8483,REQ-0196,8,5,Job Board,2026-05-21,0,0,0,0,,
8484,REQ-0196,8,5,LinkedIn,2026-05-14,1,1,0,0,,
8485,REQ-0196,8,5,Job Board,2026-05-27,1,0,0,0,,
8486,REQ-0196,8,5,Employee Referral,2026-05-29,1,1,0,0,,
8487,REQ-0196,8,5,LinkedIn,2026-05-12,1,1,1,1,1,12
8488,REQ-0196,8,5,Employee Referral,2026-05-18,0,0,0,0,,
8489,REQ-0196,8,5,Job Board,2026-05-15,0,0,0,0,,
8490,REQ-0196,8,5,Employee Referral,2026-06-04,1,1,0,0,,
8491,REQ-0196,8,5,Career Site,2026-05-25,0,0,0,0,,
8492,REQ-0196,8,5,Employee Referral,2026-05-10,0,0,0,0,,
8493,REQ-0196,8,5,Agency,2026-05-16,0,0,0,0,,
8494,REQ-0196,8,5,Job Board,2026-05-19,1,1,1,0,0,
8495,REQ-0196,8,5,LinkedIn,2026-05-23,0,0,0,0,,
8496,REQ-0196,8,5,LinkedIn,2026-05-17,1,1,1,0,0,
8497,REQ-0196,8,5,Agency,2026-05-22,0,0,0,0,,
8498,REQ-0196,8,5,Job Board,2026-05-29,1,1,0,0,,
8499,REQ-0196,8,5,LinkedIn,2026-05-23,1,0,0,0,,
8500,REQ-0196,8,5,Job Board,2026-05-31,1,1,1,1,1,12
8501,REQ-0196,8,5,Job Board,2026-05-19,0,0,0,0,,
8502,REQ-0196,8,5,Career Site,2026-05-25,1,0,0,0,,
8503,REQ-0196,8,5,LinkedIn,2026-05-20,0,0,0,0,,
8504,REQ-0196,8,5,Career Site,2026-05-12,0,0,0,0,,
8505,REQ-0196,8,5,Career Site,2026-05-20,1,0,0,0,,
8506,REQ-0196,8,5,Employee Referral,2026-05-23,1,1,0,0,,
8507,REQ-0196,8,5,Employee Referral,2026-05-11,1,0,0,0,,
8508,REQ-0196,8,5,Career Site,2026-05-14,0,0,0,0,,
8509,REQ-0196,8,5,Job Board,2026-05-27,0,0,0,0,,
8510,REQ-0196,8,5,Career Site,2026-05-27,0,0,0,0,,
8511,REQ-0196,8,5,Job Board,2026-05-22,1,0,0,0,,
8512,REQ-0196,8,5,LinkedIn,2026-05-20,1,0,0,0,,
8513,REQ-0196,8,5,LinkedIn,2026-05-18,1,0,0,0,,
8514,REQ-0196,8,5,Job Board,2026-05-10,1,1,0,0,,
8515,REQ-0196,8,5,Employee Referral,2026-05-27,1,1,0,0,,
8516,REQ-0196,8,5,Employee Referral,2026-05-17,0,0,0,0,,
8517,REQ-0196,8,5,Job Board,2026-05-28,0,0,0,0,,
8518,REQ-0196,8,5,LinkedIn,2026-05-20,1,1,0,0,,
8519,REQ-0197,5,1,Agency,2026-04-26,1,1,0,0,,
8520,REQ-0197,5,1,Employee Referral,2026-04-14,1,1,0,0,,
8521,REQ-0197,5,1,Job Board,2026-05-05,0,0,0,0,,
8522,REQ-0197,5,1,LinkedIn,2026-04-13,1,0,0,0,,
8523,REQ-0197,5,1,Agency,2026-04-28,1,1,0,0,,
8524,REQ-0197,5,1,Agency,2026-05-01,1,0,0,0,,
8525,REQ-0197,5,1,Employee Referral,2026-04-21,1,1,0,0,,
8526,REQ-0197,5,1,Career Site,2026-04-29,1,1,1,0,0,
8527,REQ-0197,5,1,Career Site,2026-05-05,1,0,0,0,,
8528,REQ-0197,5,1,Employee Referral,2026-04-28,0,0,0,0,,
8529,REQ-0197,5,1,Career Site,2026-04-15,1,0,0,0,,
8530,REQ-0197,5,1,LinkedIn,2026-04-26,1,1,0,0,,
8531,REQ-0197,5,1,Job Board,2026-04-23,1,1,0,0,,
8532,REQ-0197,5,1,Job Board,2026-04-18,0,0,0,0,,
8533,REQ-0197,5,1,LinkedIn,2026-04-19,0,0,0,0,,
8534,REQ-0197,5,1,Employee Referral,2026-04-22,0,0,0,0,,
8535,REQ-0197,5,1,LinkedIn,2026-04-18,0,0,0,0,,
8536,REQ-0197,5,1,Career Site,2026-05-02,1,1,0,0,,
8537,REQ-0197,5,1,Job Board,2026-04-15,0,0,0,0,,
8538,REQ-0197,5,1,Employee Referral,2026-04-24,0,0,0,0,,
8539,REQ-0197,5,1,LinkedIn,2026-04-30,1,1,0,0,,
8540,REQ-0197,5,1,Job Board,2026-05-03,1,0,0,0,,
8541,REQ-0197,5,1,Agency,2026-04-18,1,1,1,1,1,50
8542,REQ-0197,5,1,LinkedIn,2026-04-28,1,1,1,1,1,50
8543,REQ-0197,5,1,Career Site,2026-05-01,0,0,0,0,,
8544,REQ-0197,5,1,Employee Referral,2026-05-01,1,1,1,0,0,
8545,REQ-0197,5,1,Employee Referral,2026-04-20,1,0,0,0,,
8546,REQ-0197,5,1,Career Site,2026-04-25,0,0,0,0,,
8547,REQ-0197,5,1,Job Board,2026-04-10,1,0,0,0,,
8548,REQ-0197,5,1,Career Site,2026-04-29,1,1,0,0,,
8549,REQ-0197,5,1,LinkedIn,2026-04-18,1,0,0,0,,
8550,REQ-0197,5,1,Job Board,2026-04-26,0,0,0,0,,
8551,REQ-0197,5,1,Agency,2026-04-26,1,1,0,0,,
8552,REQ-0197,5,1,Career Site,2026-04-21,1,1,1,1,1,50
8553,REQ-0197,5,1,LinkedIn,2026-04-13,1,0,0,0,,
8554,REQ-0197,5,1,Job Board,2026-04-27,0,0,0,0,,
8555,REQ-0198,6,6,Job Board,2025-03-16,0,0,0,0,,
8556,REQ-0198,6,6,LinkedIn,2025-03-19,1,0,0,0,,
8557,REQ-0198,6,6,Agency,2025-03-21,1,1,0,0,,
8558,REQ-0198,6,6,Career Site,2025-03-28,1,0,0,0,,
8559,REQ-0198,6,6,Employee Referral,2025-03-18,1,1,1,1,1,46
8560,REQ-0198,6,6,Employee Referral,2025-03-12,0,0,0,0,,
8561,REQ-0198,6,6,Career Site,2025-04-02,1,1,0,0,,
8562,REQ-0198,6,6,LinkedIn,2025-04-03,1,1,0,0,,
8563,REQ-0198,6,6,Job Board,2025-03-31,1,0,0,0,,
8564,REQ-0198,6,6,Job Board,2025-03-16,1,0,0,0,,
8565,REQ-0198,6,6,Job Board,2025-03-29,0,0,0,0,,
8566,REQ-0198,6,6,Career Site,2025-03-23,0,0,0,0,,
8567,REQ-0198,6,6,Employee Referral,2025-03-14,0,0,0,0,,
8568,REQ-0198,6,6,Employee Referral,2025-03-15,1,0,0,0,,
8569,REQ-0198,6,6,Career Site,2025-03-14,1,1,0,0,,
8570,REQ-0198,6,6,Employee Referral,2025-03-28,1,1,1,1,1,46
8571,REQ-0198,6,6,Employee Referral,2025-03-30,1,0,0,0,,
8572,REQ-0198,6,6,Career Site,2025-03-12,1,0,0,0,,
8573,REQ-0198,6,6,LinkedIn,2025-03-29,1,0,0,0,,
8574,REQ-0198,6,6,Agency,2025-03-10,0,0,0,0,,
8575,REQ-0198,6,6,LinkedIn,2025-03-29,0,0,0,0,,
8576,REQ-0198,6,6,Job Board,2025-03-31,1,0,0,0,,
8577,REQ-0198,6,6,Agency,2025-03-17,0,0,0,0,,
8578,REQ-0198,6,6,Job Board,2025-04-01,0,0,0,0,,
8579,REQ-0198,6,6,Employee Referral,2025-03-12,1,1,1,1,1,46
8580,REQ-0198,6,6,Career Site,2025-03-16,1,0,0,0,,
8581,REQ-0198,6,6,Agency,2025-04-02,1,0,0,0,,
8582,REQ-0198,6,6,LinkedIn,2025-03-30,1,0,0,0,,
8583,REQ-0198,6,6,Career Site,2025-03-30,1,0,0,0,,
8584,REQ-0198,6,6,Employee Referral,2025-04-02,1,1,1,1,1,46
8585,REQ-0198,6,6,Employee Referral,2025-03-27,1,0,0,0,,
8586,REQ-0198,6,6,Job Board,2025-03-24,1,1,0,0,,
8587,REQ-0198,6,6,Career Site,2025-04-02,0,0,0,0,,
8588,REQ-0198,6,6,Job Board,2025-03-14,0,0,0,0,,
8589,REQ-0198,6,6,Job Board,2025-03-26,1,1,0,0,,
8590,REQ-0198,6,6,Career Site,2025-03-20,1,0,0,0,,
8591,REQ-0198,6,6,LinkedIn,2025-03-15,1,0,0,0,,
8592,REQ-0198,6,6,LinkedIn,2025-03-22,0,0,0,0,,
8593,REQ-0198,6,6,Agency,2025-03-19,1,0,0,0,,
8594,REQ-0198,6,6,Career Site,2025-03-17,0,0,0,0,,
8595,REQ-0198,6,6,Job Board,2025-04-04,0,0,0,0,,
8596,REQ-0198,6,6,Employee Referral,2025-03-11,1,0,0,0,,
8597,REQ-0198,6,6,Employee Referral,2025-03-11,1,1,0,0,,
8598,REQ-0198,6,6,Employee Referral,2025-03-23,1,1,0,0,,
8599,REQ-0198,6,6,LinkedIn,2025-03-23,0,0,0,0,,
8600,REQ-0198,6,6,LinkedIn,2025-03-29,1,1,0,0,,
8601,REQ-0198,6,6,Career Site,2025-03-25,1,0,0,0,,
8602,REQ-0198,6,6,Employee Referral,2025-04-01,1,0,0,0,,
8603,REQ-0198,6,6,Job Board,2025-03-24,0,0,0,0,,
8604,REQ-0198,6,6,Agency,2025-03-16,0,0,0,0,,
8605,REQ-0198,6,6,Career Site,2025-03-27,0,0,0,0,,
8606,REQ-0198,6,6,Career Site,2025-03-26,1,0,0,0,,
8607,REQ-0198,6,6,Career Site,2025-04-01,1,0,0,0,,
8608,REQ-0198,6,6,LinkedIn,2025-04-01,1,1,0,0,,
8609,REQ-0198,6,6,LinkedIn,2025-03-28,1,0,0,0,,
8610,REQ-0198,6,6,Employee Referral,2025-03-24,0,0,0,0,,
8611,REQ-0198,6,6,LinkedIn,2025-03-29,1,1,0,0,,
8612,REQ-0198,6,6,Career Site,2025-03-13,0,0,0,0,,
8613,REQ-0198,6,6,LinkedIn,2025-03-28,1,0,0,0,,
8614,REQ-0198,6,6,Employee Referral,2025-03-25,0,0,0,0,,
8615,REQ-0198,6,6,Career Site,2025-03-20,1,1,0,0,,
8616,REQ-0198,6,6,Career Site,2025-03-14,1,0,0,0,,
8617,REQ-0198,6,6,Agency,2025-03-27,1,0,0,0,,
8618,REQ-0199,10,1,Employee Referral,2024-12-31,0,0,0,0,,
8619,REQ-0199,10,1,Employee Referral,2024-12-27,1,0,0,0,,
8620,REQ-0199,10,1,LinkedIn,2024-12-31,1,0,0,0,,
8621,REQ-0199,10,1,Career Site,2024-12-25,0,0,0,0,,
8622,REQ-0199,10,1,LinkedIn,2024-12-19,1,0,0,0,,
8623,REQ-0199,10,1,Employee Referral,2024-12-26,0,0,0,0,,
8624,REQ-0199,10,1,Employee Referral,2024-12-19,0,0,0,0,,
8625,REQ-0199,10,1,Career Site,2024-12-31,1,1,0,0,,
8626,REQ-0199,10,1,Employee Referral,2024-12-29,1,1,0,0,,
8627,REQ-0199,10,1,Job Board,2024-12-31,1,0,0,0,,
8628,REQ-0199,10,1,Job Board,2024-12-21,1,1,1,1,1,70
8629,REQ-0199,10,1,Career Site,2024-12-14,1,0,0,0,,
8630,REQ-0199,10,1,Job Board,2024-12-26,0,0,0,0,,
8631,REQ-0199,10,1,LinkedIn,2024-12-26,1,1,1,1,1,70
8632,REQ-0199,10,1,Career Site,2024-12-29,0,0,0,0,,
8633,REQ-0199,10,1,Job Board,2025-01-01,0,0,0,0,,
8634,REQ-0199,10,1,LinkedIn,2024-12-26,0,0,0,0,,
8635,REQ-0199,10,1,Agency,2025-01-03,1,0,0,0,,
8636,REQ-0199,10,1,LinkedIn,2024-12-29,1,0,0,0,,
8637,REQ-0199,10,1,Job Board,2024-12-22,1,1,1,1,1,70
8638,REQ-0199,10,1,LinkedIn,2024-12-14,0,0,0,0,,
8639,REQ-0199,10,1,Job Board,2024-12-25,1,0,0,0,,
8640,REQ-0199,10,1,Employee Referral,2024-12-11,1,0,0,0,,
8641,REQ-0199,10,1,Agency,2024-12-30,1,0,0,0,,
8642,REQ-0199,10,1,Agency,2024-12-28,1,0,0,0,,
8643,REQ-0199,10,1,Employee Referral,2024-12-09,1,1,0,0,,
8644,REQ-0199,10,1,Career Site,2024-12-20,1,1,0,0,,
8645,REQ-0199,10,1,LinkedIn,2025-01-01,1,1,0,0,,
8646,REQ-0199,10,1,Job Board,2024-12-15,0,0,0,0,,
8647,REQ-0199,10,1,Job Board,2024-12-21,1,0,0,0,,
8648,REQ-0199,10,1,Career Site,2024-12-29,0,0,0,0,,
8649,REQ-0199,10,1,Agency,2024-12-25,1,1,0,0,,
8650,REQ-0199,10,1,Agency,2025-01-02,1,1,0,0,,
8651,REQ-0199,10,1,LinkedIn,2024-12-25,0,0,0,0,,
8652,REQ-0199,10,1,Job Board,2025-01-02,1,0,0,0,,
8653,REQ-0199,10,1,Agency,2024-12-14,1,1,0,0,,
8654,REQ-0199,10,1,Job Board,2024-12-18,0,0,0,0,,
8655,REQ-0199,10,1,Job Board,2025-01-03,0,0,0,0,,
8656,REQ-0199,10,1,LinkedIn,2024-12-25,0,0,0,0,,
8657,REQ-0199,10,1,Career Site,2024-12-15,0,0,0,0,,
8658,REQ-0199,10,1,LinkedIn,2024-12-09,0,0,0,0,,
8659,REQ-0199,10,1,LinkedIn,2024-12-20,1,1,0,0,,
8660,REQ-0199,10,1,Job Board,2025-01-03,1,0,0,0,,
8661,REQ-0199,10,1,Job Board,2024-12-30,0,0,0,0,,
8662,REQ-0199,10,1,Employee Referral,2025-01-03,1,0,0,0,,
8663,REQ-0199,10,1,Career Site,2024-12-20,1,1,0,0,,
8664,REQ-0199,10,1,LinkedIn,2025-01-01,1,1,1,1,1,70
8665,REQ-0199,10,1,LinkedIn,2024-12-12,1,0,0,0,,
8666,REQ-0199,10,1,Job Board,2024-12-11,0,0,0,0,,
8667,REQ-0199,10,1,LinkedIn,2024-12-09,1,1,0,0,,
8668,REQ-0199,10,1,Career Site,2024-12-11,1,0,0,0,,
8669,REQ-0199,10,1,Job Board,2024-12-29,1,1,0,0,,
8670,REQ-0199,10,1,Agency,2024-12-26,1,1,1,0,0,
8671,REQ-0200,10,6,LinkedIn,2025-06-12,0,0,0,0,,
8672,REQ-0200,10,6,Agency,2025-06-16,0,0,0,0,,
8673,REQ-0200,10,6,Employee Referral,2025-06-30,0,0,0,0,,
8674,REQ-0200,10,6,Agency,2025-06-12,0,0,0,0,,
8675,REQ-0200,10,6,Job Board,2025-07-04,1,0,0,0,,
8676,REQ-0200,10,6,Career Site,2025-06-09,1,1,0,0,,
8677,REQ-0200,10,6,LinkedIn,2025-06-20,0,0,0,0,,
8678,REQ-0200,10,6,Career Site,2025-06-21,1,1,0,0,,
8679,REQ-0200,10,6,Employee Referral,2025-06-19,0,0,0,0,,
8680,REQ-0200,10,6,Career Site,2025-06-30,1,1,1,1,1,52
8681,REQ-0200,10,6,LinkedIn,2025-07-01,0,0,0,0,,
8682,REQ-0200,10,6,LinkedIn,2025-06-29,1,1,0,0,,
8683,REQ-0200,10,6,Career Site,2025-06-19,1,1,0,0,,
8684,REQ-0200,10,6,LinkedIn,2025-06-10,1,1,1,1,1,52
8685,REQ-0200,10,6,Agency,2025-06-20,1,1,1,1,1,52
8686,REQ-0200,10,6,Job Board,2025-07-02,0,0,0,0,,
8687,REQ-0200,10,6,LinkedIn,2025-06-16,1,1,0,0,,
8688,REQ-0200,10,6,Career Site,2025-06-10,1,0,0,0,,
8689,REQ-0200,10,6,LinkedIn,2025-06-16,1,1,0,0,,
8690,REQ-0200,10,6,Agency,2025-06-14,0,0,0,0,,
8691,REQ-0200,10,6,Job Board,2025-06-16,1,0,0,0,,
8692,REQ-0200,10,6,Employee Referral,2025-07-02,1,0,0,0,,
8693,REQ-0200,10,6,Career Site,2025-06-19,1,0,0,0,,
8694,REQ-0200,10,6,Job Board,2025-06-12,0,0,0,0,,
8695,REQ-0200,10,6,Job Board,2025-06-13,0,0,0,0,,
8696,REQ-0200,10,6,Career Site,2025-06-19,0,0,0,0,,
8697,REQ-0200,10,6,Agency,2025-06-12,1,1,0,0,,
8698,REQ-0200,10,6,LinkedIn,2025-06-21,1,1,0,0,,
8699,REQ-0200,10,6,Employee Referral,2025-07-01,1,1,0,0,,
8700,REQ-0200,10,6,Job Board,2025-06-14,1,1,0,0,,
8701,REQ-0200,10,6,Employee Referral,2025-06-23,1,0,0,0,,
8702,REQ-0200,10,6,LinkedIn,2025-07-03,0,0,0,0,,
8703,REQ-0200,10,6,Job Board,2025-06-18,1,1,0,0,,
8704,REQ-0200,10,6,LinkedIn,2025-06-11,1,1,1,1,1,52
8705,REQ-0200,10,6,Job Board,2025-06-27,0,0,0,0,,
8706,REQ-0200,10,6,Job Board,2025-06-19,1,1,0,0,,
8707,REQ-0200,10,6,LinkedIn,2025-06-15,0,0,0,0,,
8708,REQ-0200,10,6,Career Site,2025-06-16,1,1,1,1,1,52
8709,REQ-0200,10,6,Job Board,2025-06-29,1,1,0,0,,
8710,REQ-0200,10,6,LinkedIn,2025-06-18,1,1,1,1,1,52
8711,REQ-0200,10,6,Job Board,2025-06-14,1,1,0,0,,
8712,REQ-0200,10,6,Career Site,2025-06-24,0,0,0,0,,
8713,REQ-0200,10,6,Job Board,2025-06-25,1,1,1,0,0,
8714,REQ-0200,10,6,Career Site,2025-06-15,1,0,0,0,,
8715,REQ-0200,10,6,Job Board,2025-06-11,0,0,0,0,,
8716,REQ-0200,10,6,Job Board,2025-06-15,0,0,0,0,,
8717,REQ-0200,10,6,Job Board,2025-06-29,0,0,0,0,,
8718,REQ-0200,10,6,Career Site,2025-06-14,0,0,0,0,,
8719,REQ-0200,10,6,Employee Referral,2025-06-21,1,1,1,0,0,
8720,REQ-0200,10,6,Employee Referral,2025-06-14,1,0,0,0,,
8721,REQ-0200,10,6,Employee Referral,2025-06-13,1,1,1,1,1,52
8722,REQ-0200,10,6,Job Board,2025-06-26,0,0,0,0,,
8723,REQ-0200,10,6,LinkedIn,2025-06-29,0,0,0,0,,
8724,REQ-0201,11,1,Career Site,2026-02-11,0,0,0,0,,
8725,REQ-0201,11,1,Agency,2026-01-26,1,0,0,0,,
8726,REQ-0201,11,1,LinkedIn,2026-01-26,1,1,1,1,1,43
8727,REQ-0201,11,1,Job Board,2026-02-16,1,1,0,0,,
8728,REQ-0201,11,1,Agency,2026-01-29,1,0,0,0,,
8729,REQ-0201,11,1,Job Board,2026-01-30,1,1,0,0,,
8730,REQ-0201,11,1,Career Site,2026-02-08,1,1,0,0,,
8731,REQ-0201,11,1,Job Board,2026-02-10,0,0,0,0,,
8732,REQ-0201,11,1,Employee Referral,2026-02-01,0,0,0,0,,
8733,REQ-0201,11,1,Employee Referral,2026-02-12,1,1,1,1,1,43
8734,REQ-0201,11,1,LinkedIn,2026-02-16,1,0,0,0,,
8735,REQ-0201,11,1,Job Board,2026-02-03,0,0,0,0,,
8736,REQ-0201,11,1,Job Board,2026-01-23,0,0,0,0,,
8737,REQ-0201,11,1,Job Board,2026-01-31,0,0,0,0,,
8738,REQ-0201,11,1,LinkedIn,2026-02-03,0,0,0,0,,
8739,REQ-0201,11,1,Career Site,2026-02-05,0,0,0,0,,
8740,REQ-0201,11,1,Career Site,2026-02-10,0,0,0,0,,
8741,REQ-0201,11,1,Job Board,2026-02-10,0,0,0,0,,
8742,REQ-0201,11,1,Job Board,2026-01-26,1,1,0,0,,
8743,REQ-0201,11,1,Job Board,2026-01-23,0,0,0,0,,
8744,REQ-0201,11,1,LinkedIn,2026-02-17,0,0,0,0,,
8745,REQ-0201,11,1,Job Board,2026-01-25,0,0,0,0,,
8746,REQ-0201,11,1,Job Board,2026-01-30,1,1,0,0,,
8747,REQ-0201,11,1,Employee Referral,2026-02-17,1,1,1,0,0,
8748,REQ-0201,11,1,LinkedIn,2026-01-27,1,1,0,0,,
8749,REQ-0201,11,1,Career Site,2026-01-25,1,0,0,0,,
8750,REQ-0201,11,1,Employee Referral,2026-02-15,1,0,0,0,,
8751,REQ-0201,11,1,LinkedIn,2026-01-28,0,0,0,0,,
8752,REQ-0201,11,1,Job Board,2026-01-23,1,0,0,0,,
8753,REQ-0201,11,1,Career Site,2026-02-03,0,0,0,0,,
8754,REQ-0201,11,1,Job Board,2026-02-17,1,1,1,0,0,
8755,REQ-0201,11,1,Employee Referral,2026-02-03,1,0,0,0,,
8756,REQ-0201,11,1,Employee Referral,2026-01-30,1,0,0,0,,
8757,REQ-0201,11,1,LinkedIn,2026-02-16,1,1,1,1,1,43
8758,REQ-0202,3,5,Employee Referral,2024-11-15,1,0,0,0,,
8759,REQ-0202,3,5,Job Board,2024-11-22,0,0,0,0,,
8760,REQ-0202,3,5,Employee Referral,2024-11-22,1,1,0,0,,
8761,REQ-0202,3,5,Employee Referral,2024-12-03,0,0,0,0,,
8762,REQ-0202,3,5,LinkedIn,2024-12-02,0,0,0,0,,
8763,REQ-0202,3,5,Job Board,2024-11-13,1,1,0,0,,
8764,REQ-0202,3,5,Employee Referral,2024-11-17,1,1,0,0,,
8765,REQ-0202,3,5,LinkedIn,2024-11-13,1,1,1,1,1,76
8766,REQ-0202,3,5,Employee Referral,2024-11-15,1,1,0,0,,
8767,REQ-0202,3,5,Job Board,2024-11-15,0,0,0,0,,
8768,REQ-0202,3,5,Career Site,2024-12-05,1,1,1,0,0,
8769,REQ-0202,3,5,Career Site,2024-12-01,0,0,0,0,,
8770,REQ-0202,3,5,Job Board,2024-11-16,0,0,0,0,,
8771,REQ-0202,3,5,LinkedIn,2024-11-26,1,0,0,0,,
8772,REQ-0202,3,5,LinkedIn,2024-12-01,1,0,0,0,,
8773,REQ-0202,3,5,Career Site,2024-11-26,1,0,0,0,,
8774,REQ-0202,3,5,Employee Referral,2024-11-26,1,0,0,0,,
8775,REQ-0202,3,5,Employee Referral,2024-11-14,0,0,0,0,,
8776,REQ-0202,3,5,LinkedIn,2024-11-28,0,0,0,0,,
8777,REQ-0203,3,2,Agency,2025-12-11,1,0,0,0,,
8778,REQ-0203,3,2,Job Board,2025-11-22,0,0,0,0,,
8779,REQ-0203,3,2,Agency,2025-11-29,0,0,0,0,,
8780,REQ-0203,3,2,Career Site,2025-12-09,1,1,0,0,,
8781,REQ-0203,3,2,Job Board,2025-12-03,0,0,0,0,,
8782,REQ-0203,3,2,LinkedIn,2025-12-05,0,0,0,0,,
8783,REQ-0203,3,2,Job Board,2025-12-09,1,0,0,0,,
8784,REQ-0203,3,2,Employee Referral,2025-12-13,1,1,1,1,1,34
8785,REQ-0203,3,2,Career Site,2025-11-29,0,0,0,0,,
8786,REQ-0203,3,2,Job Board,2025-11-25,1,0,0,0,,
8787,REQ-0203,3,2,Career Site,2025-11-25,0,0,0,0,,
8788,REQ-0203,3,2,Career Site,2025-12-02,0,0,0,0,,
8789,REQ-0203,3,2,Employee Referral,2025-12-09,1,1,0,0,,
8790,REQ-0203,3,2,Agency,2025-12-02,0,0,0,0,,
8791,REQ-0203,3,2,Job Board,2025-11-21,1,1,0,0,,
8792,REQ-0203,3,2,Job Board,2025-11-20,1,1,0,0,,
8793,REQ-0203,3,2,Job Board,2025-12-05,1,0,0,0,,
8794,REQ-0203,3,2,LinkedIn,2025-11-21,1,1,0,0,,
8795,REQ-0203,3,2,LinkedIn,2025-12-07,1,0,0,0,,
8796,REQ-0203,3,2,LinkedIn,2025-12-05,0,0,0,0,,
8797,REQ-0203,3,2,Job Board,2025-12-08,0,0,0,0,,
8798,REQ-0203,3,2,Job Board,2025-12-11,1,1,0,0,,
8799,REQ-0203,3,2,Employee Referral,2025-12-04,1,0,0,0,,
8800,REQ-0203,3,2,Employee Referral,2025-12-05,0,0,0,0,,
8801,REQ-0203,3,2,Career Site,2025-11-28,1,0,0,0,,
8802,REQ-0203,3,2,Employee Referral,2025-12-05,1,1,0,0,,
8803,REQ-0203,3,2,LinkedIn,2025-11-29,1,1,0,0,,
8804,REQ-0203,3,2,Career Site,2025-11-22,1,1,0,0,,
8805,REQ-0203,3,2,LinkedIn,2025-11-30,0,0,0,0,,
8806,REQ-0203,3,2,Job Board,2025-12-03,1,1,0,0,,
8807,REQ-0203,3,2,LinkedIn,2025-12-12,1,0,0,0,,
8808,REQ-0203,3,2,Employee Referral,2025-12-12,1,1,0,0,,
8809,REQ-0203,3,2,Employee Referral,2025-11-23,1,1,0,0,,
8810,REQ-0203,3,2,Career Site,2025-11-27,0,0,0,0,,
8811,REQ-0203,3,2,Job Board,2025-12-04,0,0,0,0,,
8812,REQ-0203,3,2,Job Board,2025-11-29,0,0,0,0,,
8813,REQ-0203,3,2,LinkedIn,2025-12-09,0,0,0,0,,
8814,REQ-0203,3,2,Employee Referral,2025-12-15,1,1,0,0,,
8815,REQ-0203,3,2,Job Board,2025-12-01,0,0,0,0,,
8816,REQ-0203,3,2,Employee Referral,2025-12-08,1,1,0,0,,
8817,REQ-0203,3,2,Career Site,2025-11-27,1,1,1,1,1,34
8818,REQ-0203,3,2,Employee Referral,2025-11-30,0,0,0,0,,
8819,REQ-0203,3,2,LinkedIn,2025-12-14,0,0,0,0,,
8820,REQ-0203,3,2,LinkedIn,2025-11-28,1,0,0,0,,
8821,REQ-0203,3,2,LinkedIn,2025-11-24,1,1,0,0,,
8822,REQ-0203,3,2,LinkedIn,2025-12-09,1,0,0,0,,
8823,REQ-0203,3,2,Employee Referral,2025-12-10,1,1,0,0,,
8824,REQ-0203,3,2,Career Site,2025-12-03,0,0,0,0,,
8825,REQ-0204,8,2,Job Board,2024-11-28,0,0,0,0,,
8826,REQ-0204,8,2,Job Board,2024-11-24,1,0,0,0,,
8827,REQ-0204,8,2,LinkedIn,2024-11-17,1,1,0,0,,
8828,REQ-0204,8,2,Job Board,2024-11-13,1,1,0,0,,
8829,REQ-0204,8,2,LinkedIn,2024-11-28,0,0,0,0,,
8830,REQ-0204,8,2,Career Site,2024-11-30,0,0,0,0,,
8831,REQ-0204,8,2,LinkedIn,2024-11-14,1,0,0,0,,
8832,REQ-0204,8,2,LinkedIn,2024-11-28,1,0,0,0,,
8833,REQ-0204,8,2,Employee Referral,2024-11-23,1,1,0,0,,
8834,REQ-0204,8,2,LinkedIn,2024-12-02,0,0,0,0,,
8835,REQ-0204,8,2,Employee Referral,2024-12-04,1,1,0,0,,
8836,REQ-0204,8,2,Job Board,2024-11-16,0,0,0,0,,
8837,REQ-0204,8,2,Career Site,2024-11-15,0,0,0,0,,
8838,REQ-0204,8,2,Job Board,2024-11-17,0,0,0,0,,
8839,REQ-0204,8,2,Employee Referral,2024-11-21,1,1,1,1,1,55
8840,REQ-0204,8,2,Job Board,2024-11-28,0,0,0,0,,
8841,REQ-0204,8,2,Career Site,2024-12-03,0,0,0,0,,
8842,REQ-0204,8,2,Agency,2024-11-24,1,1,0,0,,
8843,REQ-0204,8,2,LinkedIn,2024-11-23,1,1,1,1,1,55
8844,REQ-0204,8,2,Career Site,2024-11-22,1,1,1,1,1,55
8845,REQ-0204,8,2,Job Board,2024-11-27,0,0,0,0,,
8846,REQ-0204,8,2,LinkedIn,2024-12-01,1,0,0,0,,
8847,REQ-0204,8,2,Job Board,2024-11-27,1,1,1,1,1,55
8848,REQ-0204,8,2,LinkedIn,2024-12-04,0,0,0,0,,
8849,REQ-0204,8,2,Agency,2024-12-01,0,0,0,0,,
8850,REQ-0204,8,2,Job Board,2024-12-03,1,1,0,0,,
8851,REQ-0204,8,2,Job Board,2024-11-13,1,1,1,0,0,
8852,REQ-0204,8,2,LinkedIn,2024-11-22,0,0,0,0,,
8853,REQ-0204,8,2,Job Board,2024-12-05,0,0,0,0,,
8854,REQ-0204,8,2,Employee Referral,2024-11-25,1,1,1,1,1,55
8855,REQ-0204,8,2,LinkedIn,2024-12-03,1,0,0,0,,
8856,REQ-0204,8,2,Employee Referral,2024-11-28,1,0,0,0,,
8857,REQ-0204,8,2,Employee Referral,2024-11-25,0,0,0,0,,
8858,REQ-0204,8,2,Career Site,2024-11-12,0,0,0,0,,
8859,REQ-0204,8,2,Agency,2024-11-19,0,0,0,0,,
8860,REQ-0204,8,2,Career Site,2024-11-23,1,0,0,0,,
8861,REQ-0204,8,2,Career Site,2024-11-20,0,0,0,0,,
8862,REQ-0204,8,2,Job Board,2024-11-17,1,1,0,0,,
8863,REQ-0204,8,2,Employee Referral,2024-11-27,0,0,0,0,,
8864,REQ-0204,8,2,Job Board,2024-11-22,0,0,0,0,,
8865,REQ-0204,8,2,Employee Referral,2024-11-28,1,0,0,0,,
8866,REQ-0204,8,2,LinkedIn,2024-11-26,0,0,0,0,,
8867,REQ-0204,8,2,Agency,2024-12-04,0,0,0,0,,
8868,REQ-0205,12,1,Job Board,2026-05-08,1,1,1,0,0,
8869,REQ-0205,12,1,Career Site,2026-04-29,0,0,0,0,,
8870,REQ-0205,12,1,LinkedIn,2026-05-01,0,0,0,0,,
8871,REQ-0205,12,1,LinkedIn,2026-05-12,1,1,1,0,0,
8872,REQ-0205,12,1,LinkedIn,2026-05-11,0,0,0,0,,
8873,REQ-0205,12,1,Job Board,2026-05-02,0,0,0,0,,
8874,REQ-0205,12,1,Career Site,2026-05-15,0,0,0,0,,
8875,REQ-0205,12,1,Career Site,2026-05-15,0,0,0,0,,
8876,REQ-0205,12,1,LinkedIn,2026-05-02,1,0,0,0,,
8877,REQ-0205,12,1,LinkedIn,2026-05-05,1,1,0,0,,
8878,REQ-0205,12,1,Job Board,2026-05-01,1,0,0,0,,
8879,REQ-0205,12,1,LinkedIn,2026-05-23,1,1,0,0,,
8880,REQ-0205,12,1,LinkedIn,2026-05-19,0,0,0,0,,
8881,REQ-0205,12,1,LinkedIn,2026-05-16,1,1,0,0,,
8882,REQ-0205,12,1,Career Site,2026-05-12,1,1,0,0,,
8883,REQ-0205,12,1,Career Site,2026-04-29,1,1,1,1,1,56
8884,REQ-0205,12,1,Employee Referral,2026-05-14,0,0,0,0,,
8885,REQ-0205,12,1,LinkedIn,2026-04-29,0,0,0,0,,
8886,REQ-0205,12,1,Job Board,2026-05-19,1,1,0,0,,
8887,REQ-0205,12,1,Career Site,2026-05-20,1,1,0,0,,
8888,REQ-0205,12,1,Agency,2026-04-30,1,1,0,0,,
8889,REQ-0205,12,1,LinkedIn,2026-04-28,0,0,0,0,,
8890,REQ-0205,12,1,Job Board,2026-05-18,0,0,0,0,,
8891,REQ-0205,12,1,Job Board,2026-05-02,1,0,0,0,,
8892,REQ-0205,12,1,Career Site,2026-04-28,0,0,0,0,,
8893,REQ-0205,12,1,LinkedIn,2026-05-09,1,0,0,0,,
8894,REQ-0205,12,1,LinkedIn,2026-05-02,0,0,0,0,,
8895,REQ-0205,12,1,Employee Referral,2026-05-21,1,1,1,1,1,56
8896,REQ-0205,12,1,Career Site,2026-05-18,0,0,0,0,,
8897,REQ-0205,12,1,Job Board,2026-05-17,0,0,0,0,,
8898,REQ-0205,12,1,Career Site,2026-05-18,0,0,0,0,,
8899,REQ-0205,12,1,LinkedIn,2026-05-19,1,1,0,0,,
8900,REQ-0205,12,1,Employee Referral,2026-05-23,1,0,0,0,,
8901,REQ-0205,12,1,LinkedIn,2026-05-13,1,0,0,0,,
8902,REQ-0205,12,1,LinkedIn,2026-05-09,0,0,0,0,,
8903,REQ-0205,12,1,LinkedIn,2026-05-03,1,1,1,1,1,56
8904,REQ-0205,12,1,Employee Referral,2026-05-08,0,0,0,0,,
8905,REQ-0205,12,1,Career Site,2026-05-21,0,0,0,0,,
8906,REQ-0205,12,1,Career Site,2026-05-22,0,0,0,0,,
8907,REQ-0205,12,1,Job Board,2026-05-11,1,1,0,0,,
8908,REQ-0205,12,1,Employee Referral,2026-05-04,0,0,0,0,,
8909,REQ-0205,12,1,LinkedIn,2026-05-20,1,0,0,0,,
8910,REQ-0205,12,1,LinkedIn,2026-05-05,0,0,0,0,,
8911,REQ-0205,12,1,Employee Referral,2026-05-13,1,1,0,0,,
8912,REQ-0205,12,1,Job Board,2026-05-22,0,0,0,0,,
8913,REQ-0205,12,1,Career Site,2026-05-22,1,1,0,0,,
8914,REQ-0205,12,1,Job Board,2026-05-06,0,0,0,0,,
8915,REQ-0205,12,1,LinkedIn,2026-05-04,0,0,0,0,,
8916,REQ-0205,12,1,Job Board,2026-05-13,1,1,0,0,,
8917,REQ-0205,12,1,Career Site,2026-05-22,1,0,0,0,,
8918,REQ-0205,12,1,Job Board,2026-05-17,1,0,0,0,,
8919,REQ-0205,12,1,Employee Referral,2026-05-19,0,0,0,0,,
8920,REQ-0205,12,1,Agency,2026-05-12,1,1,0,0,,
8921,REQ-0205,12,1,Employee Referral,2026-05-14,1,1,1,1,1,56
8922,REQ-0205,12,1,LinkedIn,2026-05-04,1,0,0,0,,
8923,REQ-0205,12,1,Employee Referral,2026-05-04,1,0,0,0,,
8924,REQ-0206,11,2,Employee Referral,2024-09-22,0,0,0,0,,
8925,REQ-0206,11,2,LinkedIn,2024-10-04,1,0,0,0,,
8926,REQ-0206,11,2,Employee Referral,2024-10-05,0,0,0,0,,
8927,REQ-0206,11,2,Job Board,2024-09-26,1,1,0,0,,
8928,REQ-0206,11,2,Employee Referral,2024-10-15,1,0,0,0,,
8929,REQ-0206,11,2,Career Site,2024-10-15,0,0,0,0,,
8930,REQ-0206,11,2,Employee Referral,2024-09-27,1,1,0,0,,
8931,REQ-0206,11,2,Job Board,2024-10-03,1,0,0,0,,
8932,REQ-0206,11,2,Employee Referral,2024-10-03,1,1,0,0,,
8933,REQ-0206,11,2,LinkedIn,2024-09-23,1,1,0,0,,
8934,REQ-0206,11,2,Employee Referral,2024-10-15,1,1,0,0,,
8935,REQ-0206,11,2,Job Board,2024-10-07,1,1,0,0,,
8936,REQ-0206,11,2,Employee Referral,2024-10-07,1,0,0,0,,
8937,REQ-0206,11,2,Career Site,2024-10-02,0,0,0,0,,
8938,REQ-0206,11,2,LinkedIn,2024-10-06,1,0,0,0,,
8939,REQ-0206,11,2,Agency,2024-09-23,1,0,0,0,,
8940,REQ-0206,11,2,Job Board,2024-09-26,0,0,0,0,,
8941,REQ-0206,11,2,Employee Referral,2024-10-04,0,0,0,0,,
8942,REQ-0206,11,2,Career Site,2024-09-23,0,0,0,0,,
8943,REQ-0206,11,2,Job Board,2024-10-15,0,0,0,0,,
8944,REQ-0206,11,2,Job Board,2024-10-12,1,0,0,0,,
8945,REQ-0206,11,2,Job Board,2024-09-23,1,0,0,0,,
8946,REQ-0206,11,2,LinkedIn,2024-10-10,1,1,0,0,,
8947,REQ-0206,11,2,Employee Referral,2024-09-25,1,1,0,0,,
8948,REQ-0207,6,6,Employee Referral,2025-08-02,0,0,0,0,,
8949,REQ-0207,6,6,LinkedIn,2025-08-14,0,0,0,0,,
8950,REQ-0207,6,6,LinkedIn,2025-08-09,1,0,0,0,,
8951,REQ-0207,6,6,LinkedIn,2025-08-03,0,0,0,0,,
8952,REQ-0207,6,6,LinkedIn,2025-08-14,0,0,0,0,,
8953,REQ-0207,6,6,Employee Referral,2025-08-11,0,0,0,0,,
8954,REQ-0207,6,6,Job Board,2025-07-30,0,0,0,0,,
8955,REQ-0207,6,6,Career Site,2025-08-12,1,1,0,0,,
8956,REQ-0207,6,6,Job Board,2025-08-06,1,1,1,0,0,
8957,REQ-0207,6,6,Employee Referral,2025-07-26,1,1,1,1,1,42
8958,REQ-0207,6,6,Employee Referral,2025-07-27,1,0,0,0,,
8959,REQ-0207,6,6,Career Site,2025-08-11,1,0,0,0,,
8960,REQ-0207,6,6,LinkedIn,2025-07-27,1,1,0,0,,
8961,REQ-0207,6,6,Job Board,2025-07-28,1,1,0,0,,
8962,REQ-0207,6,6,Job Board,2025-08-16,0,0,0,0,,
8963,REQ-0207,6,6,Employee Referral,2025-08-06,1,0,0,0,,
8964,REQ-0207,6,6,Employee Referral,2025-08-07,0,0,0,0,,
8965,REQ-0207,6,6,Job Board,2025-08-20,0,0,0,0,,
8966,REQ-0207,6,6,Career Site,2025-08-07,0,0,0,0,,
8967,REQ-0207,6,6,Employee Referral,2025-08-07,1,0,0,0,,
8968,REQ-0207,6,6,LinkedIn,2025-08-04,0,0,0,0,,
8969,REQ-0207,6,6,Employee Referral,2025-08-06,0,0,0,0,,
8970,REQ-0207,6,6,Career Site,2025-08-16,1,0,0,0,,
8971,REQ-0207,6,6,Job Board,2025-08-20,1,1,1,1,1,42
8972,REQ-0207,6,6,Employee Referral,2025-08-03,1,1,0,0,,
8973,REQ-0207,6,6,LinkedIn,2025-08-09,1,1,1,0,0,
8974,REQ-0207,6,6,LinkedIn,2025-08-16,0,0,0,0,,
8975,REQ-0207,6,6,Agency,2025-07-26,1,0,0,0,,
8976,REQ-0207,6,6,LinkedIn,2025-08-11,1,0,0,0,,
8977,REQ-0207,6,6,LinkedIn,2025-07-30,1,1,0,0,,
8978,REQ-0207,6,6,LinkedIn,2025-08-18,1,1,1,0,0,
8979,REQ-0207,6,6,Job Board,2025-08-14,1,1,0,0,,
8980,REQ-0207,6,6,LinkedIn,2025-08-08,1,0,0,0,,
8981,REQ-0207,6,6,Employee Referral,2025-08-09,0,0,0,0,,
8982,REQ-0207,6,6,LinkedIn,2025-08-01,1,1,0,0,,
8983,REQ-0207,6,6,Job Board,2025-07-27,0,0,0,0,,
8984,REQ-0207,6,6,Agency,2025-08-19,1,1,1,1,1,42
8985,REQ-0207,6,6,Career Site,2025-08-02,1,1,0,0,,
8986,REQ-0207,6,6,LinkedIn,2025-07-30,1,1,0,0,,
8987,REQ-0207,6,6,Job Board,2025-08-02,1,1,0,0,,
8988,REQ-0207,6,6,Job Board,2025-08-15,1,0,0,0,,
8989,REQ-0207,6,6,Employee Referral,2025-07-29,1,0,0,0,,
8990,REQ-0207,6,6,Employee Referral,2025-08-11,1,0,0,0,,
8991,REQ-0207,6,6,Job Board,2025-08-02,1,0,0,0,,
8992,REQ-0207,6,6,Job Board,2025-08-17,0,0,0,0,,
8993,REQ-0207,6,6,Job Board,2025-07-30,1,1,0,0,,
8994,REQ-0207,6,6,Agency,2025-08-19,0,0,0,0,,
8995,REQ-0207,6,6,Job Board,2025-08-17,1,0,0,0,,
8996,REQ-0207,6,6,Career Site,2025-07-31,1,1,0,0,,
8997,REQ-0207,6,6,LinkedIn,2025-08-11,1,0,0,0,,
8998,REQ-0207,6,6,Job Board,2025-08-03,0,0,0,0,,
8999,REQ-0207,6,6,Agency,2025-08-19,1,0,0,0,,
9000,REQ-0207,6,6,Agency,2025-08-15,0,0,0,0,,
9001,REQ-0207,6,6,Employee Referral,2025-08-08,1,1,0,0,,
9002,REQ-0207,6,6,LinkedIn,2025-07-28,1,0,0,0,,
9003,REQ-0207,6,6,Career Site,2025-07-29,0,0,0,0,,
9004,REQ-0207,6,6,Employee Referral,2025-08-18,1,1,0,0,,
9005,REQ-0207,6,6,Career Site,2025-08-10,0,0,0,0,,
9006,REQ-0207,6,6,Job Board,2025-08-16,0,0,0,0,,
9007,REQ-0207,6,6,Employee Referral,2025-08-10,1,1,0,0,,
9008,REQ-0207,6,6,Career Site,2025-08-05,1,1,0,0,,
9009,REQ-0207,6,6,LinkedIn,2025-08-07,1,0,0,0,,
9010,REQ-0207,6,6,LinkedIn,2025-07-31,1,0,0,0,,
9011,REQ-0207,6,6,LinkedIn,2025-07-26,1,0,0,0,,
9012,REQ-0207,6,6,Employee Referral,2025-08-20,1,1,0,0,,
9013,REQ-0207,6,6,Job Board,2025-08-19,0,0,0,0,,
9014,REQ-0208,10,2,Agency,2025-09-14,0,0,0,0,,
9015,REQ-0208,10,2,LinkedIn,2025-08-28,1,0,0,0,,
9016,REQ-0208,10,2,LinkedIn,2025-09-18,0,0,0,0,,
9017,REQ-0208,10,2,Agency,2025-09-11,1,0,0,0,,
9018,REQ-0208,10,2,LinkedIn,2025-08-27,0,0,0,0,,
9019,REQ-0208,10,2,Career Site,2025-09-15,0,0,0,0,,
9020,REQ-0208,10,2,LinkedIn,2025-09-03,0,0,0,0,,
9021,REQ-0208,10,2,LinkedIn,2025-09-20,1,1,0,0,,
9022,REQ-0208,10,2,Agency,2025-08-29,1,1,1,1,1,61
9023,REQ-0208,10,2,Career Site,2025-09-20,0,0,0,0,,
9024,REQ-0208,10,2,LinkedIn,2025-09-06,1,1,0,0,,
9025,REQ-0208,10,2,LinkedIn,2025-09-01,0,0,0,0,,
9026,REQ-0208,10,2,Job Board,2025-08-28,0,0,0,0,,
9027,REQ-0208,10,2,Career Site,2025-09-11,0,0,0,0,,
9028,REQ-0208,10,2,Job Board,2025-08-29,0,0,0,0,,
9029,REQ-0208,10,2,Job Board,2025-09-04,1,0,0,0,,
9030,REQ-0208,10,2,Job Board,2025-08-27,1,0,0,0,,
9031,REQ-0208,10,2,Job Board,2025-09-19,0,0,0,0,,
9032,REQ-0208,10,2,Employee Referral,2025-09-12,1,1,0,0,,
9033,REQ-0208,10,2,Job Board,2025-08-31,1,1,0,0,,
9034,REQ-0208,10,2,LinkedIn,2025-09-14,0,0,0,0,,
9035,REQ-0208,10,2,Job Board,2025-09-10,1,0,0,0,,
9036,REQ-0209,11,6,Job Board,2025-05-27,1,1,1,0,0,
9037,REQ-0209,11,6,Job Board,2025-06-11,1,0,0,0,,
9038,REQ-0209,11,6,Employee Referral,2025-05-31,1,1,1,0,0,
9039,REQ-0209,11,6,Employee Referral,2025-05-26,1,1,0,0,,
9040,REQ-0209,11,6,LinkedIn,2025-05-26,1,1,1,1,1,40
9041,REQ-0209,11,6,LinkedIn,2025-06-15,1,0,0,0,,
9042,REQ-0209,11,6,LinkedIn,2025-06-05,1,0,0,0,,
9043,REQ-0209,11,6,LinkedIn,2025-05-25,0,0,0,0,,
9044,REQ-0209,11,6,Agency,2025-06-10,1,0,0,0,,
9045,REQ-0209,11,6,Career Site,2025-05-31,0,0,0,0,,
9046,REQ-0209,11,6,Job Board,2025-06-12,0,0,0,0,,
9047,REQ-0209,11,6,LinkedIn,2025-06-14,1,0,0,0,,
9048,REQ-0209,11,6,LinkedIn,2025-06-10,0,0,0,0,,
9049,REQ-0209,11,6,Employee Referral,2025-06-02,1,1,0,0,,
9050,REQ-0209,11,6,Employee Referral,2025-06-14,1,0,0,0,,
9051,REQ-0209,11,6,Employee Referral,2025-06-07,0,0,0,0,,
9052,REQ-0209,11,6,Career Site,2025-05-24,0,0,0,0,,
9053,REQ-0209,11,6,Job Board,2025-06-18,1,1,0,0,,
9054,REQ-0209,11,6,Career Site,2025-05-25,0,0,0,0,,
9055,REQ-0209,11,6,Employee Referral,2025-05-28,0,0,0,0,,
9056,REQ-0209,11,6,LinkedIn,2025-05-31,0,0,0,0,,
9057,REQ-0209,11,6,Job Board,2025-06-03,1,1,1,1,1,40
9058,REQ-0209,11,6,Job Board,2025-06-06,0,0,0,0,,
9059,REQ-0210,5,1,Career Site,2024-09-09,0,0,0,0,,
9060,REQ-0210,5,1,Job Board,2024-08-31,1,1,1,0,0,
9061,REQ-0210,5,1,Job Board,2024-09-14,1,1,1,1,1,55
9062,REQ-0210,5,1,LinkedIn,2024-09-15,1,1,1,1,1,55
9063,REQ-0210,5,1,Job Board,2024-09-02,1,0,0,0,,
9064,REQ-0210,5,1,Agency,2024-09-03,0,0,0,0,,
9065,REQ-0210,5,1,Employee Referral,2024-09-15,1,0,0,0,,
9066,REQ-0210,5,1,LinkedIn,2024-09-07,1,1,0,0,,
9067,REQ-0210,5,1,Career Site,2024-08-27,1,0,0,0,,
9068,REQ-0210,5,1,Job Board,2024-09-10,1,0,0,0,,
9069,REQ-0210,5,1,LinkedIn,2024-09-17,1,0,0,0,,
9070,REQ-0210,5,1,Career Site,2024-09-11,0,0,0,0,,
9071,REQ-0210,5,1,Career Site,2024-09-14,0,0,0,0,,
9072,REQ-0210,5,1,LinkedIn,2024-09-02,1,1,0,0,,
9073,REQ-0210,5,1,Career Site,2024-09-06,1,1,0,0,,
9074,REQ-0210,5,1,Job Board,2024-09-09,0,0,0,0,,
9075,REQ-0210,5,1,Employee Referral,2024-09-16,0,0,0,0,,
9076,REQ-0210,5,1,LinkedIn,2024-09-13,1,0,0,0,,
9077,REQ-0210,5,1,Job Board,2024-08-24,0,0,0,0,,
9078,REQ-0210,5,1,Agency,2024-09-14,1,1,0,0,,
9079,REQ-0210,5,1,Employee Referral,2024-08-27,0,0,0,0,,
9080,REQ-0210,5,1,Employee Referral,2024-09-11,1,1,0,0,,
9081,REQ-0210,5,1,Agency,2024-09-10,1,0,0,0,,
9082,REQ-0210,5,1,Agency,2024-09-11,0,0,0,0,,
9083,REQ-0210,5,1,Job Board,2024-09-12,0,0,0,0,,
9084,REQ-0210,5,1,Employee Referral,2024-09-08,1,0,0,0,,
9085,REQ-0210,5,1,LinkedIn,2024-09-15,1,1,1,1,1,55
9086,REQ-0210,5,1,Career Site,2024-09-06,0,0,0,0,,
9087,REQ-0210,5,1,LinkedIn,2024-08-31,0,0,0,0,,
9088,REQ-0210,5,1,Job Board,2024-09-02,1,0,0,0,,
9089,REQ-0210,5,1,LinkedIn,2024-08-26,0,0,0,0,,
9090,REQ-0210,5,1,Agency,2024-08-24,1,1,0,0,,
9091,REQ-0210,5,1,Job Board,2024-08-25,0,0,0,0,,
9092,REQ-0210,5,1,Job Board,2024-08-29,1,1,1,0,0,
9093,REQ-0210,5,1,Job Board,2024-09-03,0,0,0,0,,
9094,REQ-0210,5,1,Career Site,2024-08-24,0,0,0,0,,
9095,REQ-0210,5,1,LinkedIn,2024-09-16,0,0,0,0,,
9096,REQ-0210,5,1,Agency,2024-09-13,1,1,0,0,,
9097,REQ-0210,5,1,Job Board,2024-08-31,1,1,1,0,0,
9098,REQ-0210,5,1,LinkedIn,2024-08-30,0,0,0,0,,
9099,REQ-0210,5,1,LinkedIn,2024-09-02,1,1,0,0,,
9100,REQ-0210,5,1,LinkedIn,2024-09-06,0,0,0,0,,
9101,REQ-0210,5,1,Employee Referral,2024-09-04,1,1,0,0,,
9102,REQ-0210,5,1,Job Board,2024-08-24,1,1,1,0,0,
9103,REQ-0211,10,3,Employee Referral,2025-07-09,0,0,0,0,,
9104,REQ-0211,10,3,Job Board,2025-07-07,1,1,1,1,1,59
9105,REQ-0211,10,3,Job Board,2025-07-06,1,1,0,0,,
9106,REQ-0211,10,3,LinkedIn,2025-07-12,1,1,0,0,,
9107,REQ-0211,10,3,Job Board,2025-07-23,0,0,0,0,,
9108,REQ-0211,10,3,Job Board,2025-07-21,1,0,0,0,,
9109,REQ-0211,10,3,Employee Referral,2025-06-30,1,1,0,0,,
9110,REQ-0211,10,3,Employee Referral,2025-07-04,1,1,0,0,,
9111,REQ-0211,10,3,Job Board,2025-07-14,0,0,0,0,,
9112,REQ-0211,10,3,Job Board,2025-07-20,0,0,0,0,,
9113,REQ-0211,10,3,Employee Referral,2025-07-13,0,0,0,0,,
9114,REQ-0211,10,3,Agency,2025-07-17,0,0,0,0,,
9115,REQ-0211,10,3,Job Board,2025-07-17,1,0,0,0,,
9116,REQ-0211,10,3,Career Site,2025-07-04,1,1,0,0,,
9117,REQ-0211,10,3,LinkedIn,2025-07-17,1,0,0,0,,
9118,REQ-0211,10,3,Employee Referral,2025-07-18,1,1,1,1,1,59
9119,REQ-0211,10,3,Career Site,2025-07-14,0,0,0,0,,
9120,REQ-0211,10,3,LinkedIn,2025-07-22,1,1,1,1,1,59
9121,REQ-0211,10,3,Job Board,2025-07-18,1,0,0,0,,
9122,REQ-0211,10,3,Career Site,2025-07-11,1,0,0,0,,
9123,REQ-0211,10,3,Employee Referral,2025-07-03,0,0,0,0,,
9124,REQ-0211,10,3,Job Board,2025-07-23,1,0,0,0,,
9125,REQ-0211,10,3,LinkedIn,2025-06-29,1,0,0,0,,
9126,REQ-0211,10,3,Agency,2025-07-12,0,0,0,0,,
9127,REQ-0211,10,3,Job Board,2025-07-04,1,1,0,0,,
9128,REQ-0211,10,3,Agency,2025-07-21,0,0,0,0,,
9129,REQ-0211,10,3,Career Site,2025-07-01,1,0,0,0,,
9130,REQ-0211,10,3,Career Site,2025-07-07,1,0,0,0,,
9131,REQ-0211,10,3,Job Board,2025-07-17,0,0,0,0,,
9132,REQ-0211,10,3,Career Site,2025-07-21,1,0,0,0,,
9133,REQ-0211,10,3,Employee Referral,2025-06-30,1,1,1,1,1,59
9134,REQ-0211,10,3,Job Board,2025-07-10,1,0,0,0,,
9135,REQ-0211,10,3,LinkedIn,2025-07-14,0,0,0,0,,
9136,REQ-0211,10,3,Employee Referral,2025-07-14,1,0,0,0,,
9137,REQ-0212,11,3,Job Board,2025-02-12,1,1,0,0,,
9138,REQ-0212,11,3,Career Site,2025-02-05,1,1,0,0,,
9139,REQ-0212,11,3,Employee Referral,2025-02-02,0,0,0,0,,
9140,REQ-0212,11,3,Employee Referral,2025-01-27,1,0,0,0,,
9141,REQ-0212,11,3,LinkedIn,2025-02-20,1,1,0,0,,
9142,REQ-0212,11,3,LinkedIn,2025-02-11,1,0,0,0,,
9143,REQ-0212,11,3,Employee Referral,2025-02-06,0,0,0,0,,
9144,REQ-0212,11,3,LinkedIn,2025-02-17,1,0,0,0,,
9145,REQ-0212,11,3,Job Board,2025-02-05,1,1,0,0,,
9146,REQ-0212,11,3,LinkedIn,2025-01-29,1,1,0,0,,
9147,REQ-0212,11,3,Employee Referral,2025-01-30,1,1,0,0,,
9148,REQ-0212,11,3,LinkedIn,2025-02-15,0,0,0,0,,
9149,REQ-0212,11,3,Job Board,2025-02-20,1,0,0,0,,
9150,REQ-0212,11,3,Job Board,2025-02-07,0,0,0,0,,
9151,REQ-0212,11,3,LinkedIn,2025-02-11,1,1,0,0,,
9152,REQ-0212,11,3,Agency,2025-02-04,1,1,1,1,1,56
9153,REQ-0212,11,3,Job Board,2025-02-02,0,0,0,0,,
9154,REQ-0212,11,3,Job Board,2025-01-29,0,0,0,0,,
9155,REQ-0212,11,3,LinkedIn,2025-01-29,1,1,1,1,1,56
9156,REQ-0212,11,3,Job Board,2025-02-01,1,1,1,1,1,56
9157,REQ-0212,11,3,Career Site,2025-02-17,1,1,0,0,,
9158,REQ-0212,11,3,Job Board,2025-02-09,1,1,0,0,,
9159,REQ-0212,11,3,LinkedIn,2025-02-02,0,0,0,0,,
9160,REQ-0212,11,3,LinkedIn,2025-02-19,0,0,0,0,,
9161,REQ-0212,11,3,Employee Referral,2025-02-03,1,0,0,0,,
9162,REQ-0212,11,3,LinkedIn,2025-01-28,1,1,0,0,,
9163,REQ-0212,11,3,LinkedIn,2025-02-01,1,1,1,1,1,56
9164,REQ-0212,11,3,Career Site,2025-02-11,1,1,0,0,,
9165,REQ-0212,11,3,Career Site,2025-02-03,1,1,1,1,1,56
9166,REQ-0212,11,3,Job Board,2025-02-13,1,1,0,0,,
9167,REQ-0212,11,3,Agency,2025-02-09,1,0,0,0,,
9168,REQ-0212,11,3,LinkedIn,2025-02-14,1,1,0,0,,
9169,REQ-0212,11,3,Career Site,2025-02-14,1,1,0,0,,
9170,REQ-0212,11,3,Employee Referral,2025-02-08,1,1,1,1,1,56
9171,REQ-0212,11,3,Employee Referral,2025-01-28,1,1,0,0,,
9172,REQ-0212,11,3,Career Site,2025-02-20,1,1,1,1,1,56
9173,REQ-0212,11,3,LinkedIn,2025-02-15,0,0,0,0,,
9174,REQ-0213,6,5,LinkedIn,2025-11-09,0,0,0,0,,
9175,REQ-0213,6,5,Employee Referral,2025-11-11,0,0,0,0,,
9176,REQ-0213,6,5,Career Site,2025-11-12,1,0,0,0,,
9177,REQ-0213,6,5,Job Board,2025-11-08,1,1,0,0,,
9178,REQ-0213,6,5,LinkedIn,2025-11-18,1,1,0,0,,
9179,REQ-0213,6,5,Career Site,2025-10-27,0,0,0,0,,
9180,REQ-0213,6,5,Career Site,2025-11-13,1,1,0,0,,
9181,REQ-0213,6,5,LinkedIn,2025-11-06,1,1,0,0,,
9182,REQ-0213,6,5,Agency,2025-11-06,1,1,0,0,,
9183,REQ-0213,6,5,Employee Referral,2025-10-27,1,1,0,0,,
9184,REQ-0213,6,5,Agency,2025-11-03,0,0,0,0,,
9185,REQ-0213,6,5,LinkedIn,2025-11-13,1,0,0,0,,
9186,REQ-0213,6,5,Employee Referral,2025-11-04,1,0,0,0,,
9187,REQ-0213,6,5,Agency,2025-11-11,1,1,0,0,,
9188,REQ-0213,6,5,Job Board,2025-11-15,0,0,0,0,,
9189,REQ-0213,6,5,LinkedIn,2025-11-10,1,1,1,1,1,66
9190,REQ-0213,6,5,Career Site,2025-11-04,1,1,0,0,,
9191,REQ-0213,6,5,Job Board,2025-11-07,0,0,0,0,,
9192,REQ-0213,6,5,Agency,2025-11-11,1,0,0,0,,
9193,REQ-0213,6,5,LinkedIn,2025-11-02,0,0,0,0,,
9194,REQ-0213,6,5,Employee Referral,2025-11-12,1,1,1,1,1,66
9195,REQ-0213,6,5,LinkedIn,2025-11-01,1,0,0,0,,
9196,REQ-0213,6,5,LinkedIn,2025-11-04,1,1,0,0,,
9197,REQ-0213,6,5,LinkedIn,2025-11-15,1,1,0,0,,
9198,REQ-0213,6,5,Career Site,2025-11-10,1,1,0,0,,
9199,REQ-0213,6,5,Job Board,2025-11-07,1,0,0,0,,
9200,REQ-0213,6,5,Career Site,2025-11-02,0,0,0,0,,
9201,REQ-0213,6,5,LinkedIn,2025-11-03,1,0,0,0,,
9202,REQ-0213,6,5,Job Board,2025-11-13,1,0,0,0,,
9203,REQ-0213,6,5,Agency,2025-11-10,1,1,0,0,,
9204,REQ-0213,6,5,Career Site,2025-11-17,0,0,0,0,,
9205,REQ-0213,6,5,Employee Referral,2025-11-17,1,0,0,0,,
9206,REQ-0213,6,5,LinkedIn,2025-10-28,0,0,0,0,,
9207,REQ-0213,6,5,Agency,2025-11-20,1,0,0,0,,
9208,REQ-0213,6,5,Employee Referral,2025-11-12,0,0,0,0,,
9209,REQ-0213,6,5,Agency,2025-10-27,1,1,1,1,1,66
9210,REQ-0213,6,5,Employee Referral,2025-10-29,1,0,0,0,,
9211,REQ-0214,8,4,Career Site,2025-04-14,1,0,0,0,,
9212,REQ-0214,8,4,LinkedIn,2025-03-31,1,0,0,0,,
9213,REQ-0214,8,4,Employee Referral,2025-04-20,1,1,0,0,,
9214,REQ-0214,8,4,Career Site,2025-04-23,1,1,0,0,,
9215,REQ-0214,8,4,Employee Referral,2025-04-11,0,0,0,0,,
9216,REQ-0214,8,4,LinkedIn,2025-04-24,0,0,0,0,,
9217,REQ-0214,8,4,Agency,2025-04-06,1,0,0,0,,
9218,REQ-0214,8,4,LinkedIn,2025-04-25,1,0,0,0,,
9219,REQ-0214,8,4,Career Site,2025-04-20,0,0,0,0,,
9220,REQ-0214,8,4,LinkedIn,2025-04-03,0,0,0,0,,
9221,REQ-0214,8,4,LinkedIn,2025-04-12,1,0,0,0,,
9222,REQ-0214,8,4,Job Board,2025-04-07,1,0,0,0,,
9223,REQ-0214,8,4,Job Board,2025-04-21,1,0,0,0,,
9224,REQ-0214,8,4,Job Board,2025-04-19,1,1,0,0,,
9225,REQ-0214,8,4,Job Board,2025-04-15,1,1,1,1,1,45
9226,REQ-0214,8,4,LinkedIn,2025-04-23,1,0,0,0,,
9227,REQ-0214,8,4,LinkedIn,2025-04-15,1,1,1,1,1,45
9228,REQ-0214,8,4,LinkedIn,2025-04-01,1,1,1,0,0,
9229,REQ-0214,8,4,Career Site,2025-04-12,1,1,1,1,1,45
9230,REQ-0214,8,4,Job Board,2025-04-25,0,0,0,0,,
9231,REQ-0214,8,4,Employee Referral,2025-04-15,1,1,1,1,1,45
9232,REQ-0214,8,4,LinkedIn,2025-04-14,1,1,0,0,,
9233,REQ-0214,8,4,LinkedIn,2025-04-17,1,1,1,1,1,45
9234,REQ-0214,8,4,Agency,2025-04-01,0,0,0,0,,
9235,REQ-0214,8,4,LinkedIn,2025-04-19,0,0,0,0,,
9236,REQ-0214,8,4,LinkedIn,2025-04-25,1,1,0,0,,
9237,REQ-0214,8,4,Career Site,2025-04-19,1,0,0,0,,
9238,REQ-0214,8,4,Employee Referral,2025-04-11,0,0,0,0,,
9239,REQ-0214,8,4,Agency,2025-04-17,0,0,0,0,,
9240,REQ-0214,8,4,Career Site,2025-04-01,1,0,0,0,,
9241,REQ-0214,8,4,Career Site,2025-04-17,0,0,0,0,,
9242,REQ-0214,8,4,LinkedIn,2025-04-24,1,0,0,0,,
9243,REQ-0214,8,4,LinkedIn,2025-04-12,0,0,0,0,,
9244,REQ-0214,8,4,Career Site,2025-04-12,1,0,0,0,,
9245,REQ-0214,8,4,Agency,2025-04-08,1,1,1,1,1,45
9246,REQ-0214,8,4,LinkedIn,2025-04-20,1,0,0,0,,
9247,REQ-0214,8,4,Employee Referral,2025-04-17,0,0,0,0,,
9248,REQ-0214,8,4,Employee Referral,2025-04-10,0,0,0,0,,
9249,REQ-0214,8,4,Career Site,2025-04-24,0,0,0,0,,
9250,REQ-0214,8,4,Agency,2025-04-17,1,1,0,0,,
9251,REQ-0214,8,4,Career Site,2025-04-10,0,0,0,0,,
9252,REQ-0214,8,4,Agency,2025-04-19,1,1,1,1,1,45
9253,REQ-0214,8,4,Job Board,2025-04-23,1,1,0,0,,
9254,REQ-0214,8,4,Career Site,2025-04-09,0,0,0,0,,
9255,REQ-0214,8,4,Job Board,2025-04-15,1,1,0,0,,
9256,REQ-0214,8,4,LinkedIn,2025-04-11,0,0,0,0,,
9257,REQ-0214,8,4,Career Site,2025-04-03,1,0,0,0,,
9258,REQ-0214,8,4,LinkedIn,2025-04-08,1,0,0,0,,
9259,REQ-0214,8,4,Job Board,2025-04-16,0,0,0,0,,
9260,REQ-0214,8,4,Career Site,2025-04-09,1,1,0,0,,
9261,REQ-0214,8,4,Career Site,2025-04-25,0,0,0,0,,
9262,REQ-0214,8,4,Agency,2025-04-03,0,0,0,0,,
9263,REQ-0214,8,4,LinkedIn,2025-04-19,0,0,0,0,,
9264,REQ-0214,8,4,LinkedIn,2025-04-05,1,1,0,0,,
9265,REQ-0214,8,4,Employee Referral,2025-04-23,1,1,1,1,1,45
9266,REQ-0214,8,4,Job Board,2025-04-04,0,0,0,0,,
9267,REQ-0215,2,3,Job Board,2025-04-26,0,0,0,0,,
9268,REQ-0215,2,3,Job Board,2025-04-28,1,1,1,1,1,26
9269,REQ-0215,2,3,Career Site,2025-04-16,0,0,0,0,,
9270,REQ-0215,2,3,Employee Referral,2025-04-17,0,0,0,0,,
9271,REQ-0215,2,3,Job Board,2025-05-02,0,0,0,0,,
9272,REQ-0215,2,3,Career Site,2025-05-03,0,0,0,0,,
9273,REQ-0215,2,3,Agency,2025-05-06,1,0,0,0,,
9274,REQ-0215,2,3,Employee Referral,2025-04-28,1,0,0,0,,
9275,REQ-0215,2,3,LinkedIn,2025-04-24,0,0,0,0,,
9276,REQ-0215,2,3,Career Site,2025-05-06,0,0,0,0,,
9277,REQ-0215,2,3,Job Board,2025-04-29,0,0,0,0,,
9278,REQ-0215,2,3,Employee Referral,2025-04-12,0,0,0,0,,
9279,REQ-0215,2,3,LinkedIn,2025-05-06,0,0,0,0,,
9280,REQ-0215,2,3,Job Board,2025-04-20,0,0,0,0,,
9281,REQ-0215,2,3,LinkedIn,2025-04-30,0,0,0,0,,
9282,REQ-0215,2,3,LinkedIn,2025-05-07,1,1,0,0,,
9283,REQ-0215,2,3,LinkedIn,2025-04-23,1,1,1,0,0,
9284,REQ-0215,2,3,Career Site,2025-05-02,1,1,0,0,,
9285,REQ-0215,2,3,Agency,2025-04-22,1,0,0,0,,
9286,REQ-0215,2,3,Employee Referral,2025-05-07,1,0,0,0,,
9287,REQ-0215,2,3,Employee Referral,2025-04-25,1,1,0,0,,
9288,REQ-0215,2,3,Employee Referral,2025-04-13,0,0,0,0,,
9289,REQ-0215,2,3,LinkedIn,2025-05-04,1,1,1,1,1,26
9290,REQ-0215,2,3,Job Board,2025-04-23,0,0,0,0,,
9291,REQ-0215,2,3,Job Board,2025-04-21,1,1,0,0,,
9292,REQ-0215,2,3,LinkedIn,2025-04-16,0,0,0,0,,
9293,REQ-0215,2,3,Career Site,2025-05-04,0,0,0,0,,
9294,REQ-0215,2,3,Job Board,2025-04-26,0,0,0,0,,
9295,REQ-0215,2,3,Agency,2025-04-12,0,0,0,0,,
9296,REQ-0215,2,3,Employee Referral,2025-04-12,1,1,0,0,,
9297,REQ-0215,2,3,Agency,2025-05-02,0,0,0,0,,
9298,REQ-0215,2,3,Employee Referral,2025-04-20,1,1,0,0,,
9299,REQ-0215,2,3,Job Board,2025-04-26,0,0,0,0,,
9300,REQ-0215,2,3,LinkedIn,2025-04-24,0,0,0,0,,
9301,REQ-0215,2,3,LinkedIn,2025-05-07,1,1,1,1,1,26
9302,REQ-0215,2,3,LinkedIn,2025-04-17,0,0,0,0,,
9303,REQ-0215,2,3,Employee Referral,2025-05-04,1,1,0,0,,
9304,REQ-0215,2,3,Job Board,2025-05-02,0,0,0,0,,
9305,REQ-0215,2,3,Career Site,2025-04-16,0,0,0,0,,
9306,REQ-0215,2,3,Job Board,2025-04-26,1,1,0,0,,
9307,REQ-0215,2,3,LinkedIn,2025-04-21,0,0,0,0,,
9308,REQ-0215,2,3,Career Site,2025-05-06,1,1,1,1,1,26
9309,REQ-0215,2,3,Agency,2025-04-17,1,1,0,0,,
9310,REQ-0215,2,3,Employee Referral,2025-04-29,1,0,0,0,,
9311,REQ-0215,2,3,LinkedIn,2025-05-05,1,1,0,0,,
9312,REQ-0215,2,3,LinkedIn,2025-04-22,1,0,0,0,,
9313,REQ-0215,2,3,Career Site,2025-05-06,0,0,0,0,,
9314,REQ-0215,2,3,Career Site,2025-04-27,1,1,1,1,1,26
9315,REQ-0215,2,3,LinkedIn,2025-05-03,0,0,0,0,,
9316,REQ-0215,2,3,LinkedIn,2025-05-07,0,0,0,0,,
9317,REQ-0215,2,3,LinkedIn,2025-04-26,1,0,0,0,,
9318,REQ-0215,2,3,Employee Referral,2025-04-19,1,1,1,1,1,26
9319,REQ-0215,2,3,Job Board,2025-04-15,1,0,0,0,,
9320,REQ-0215,2,3,Job Board,2025-04-24,0,0,0,0,,
9321,REQ-0215,2,3,Employee Referral,2025-04-29,0,0,0,0,,
9322,REQ-0215,2,3,Job Board,2025-04-21,1,0,0,0,,
9323,REQ-0215,2,3,Career Site,2025-04-28,0,0,0,0,,
9324,REQ-0215,2,3,Job Board,2025-04-16,1,1,0,0,,
9325,REQ-0215,2,3,Job Board,2025-04-24,1,1,1,1,1,26
9326,REQ-0216,12,2,Job Board,2025-03-18,1,0,0,0,,
9327,REQ-0216,12,2,Employee Referral,2025-03-04,1,0,0,0,,
9328,REQ-0216,12,2,Employee Referral,2025-03-05,0,0,0,0,,
9329,REQ-0216,12,2,LinkedIn,2025-03-16,0,0,0,0,,
9330,REQ-0216,12,2,Job Board,2025-03-04,1,1,1,0,0,
9331,REQ-0216,12,2,LinkedIn,2025-03-02,1,1,0,0,,
9332,REQ-0216,12,2,LinkedIn,2025-03-13,0,0,0,0,,
9333,REQ-0216,12,2,Job Board,2025-03-07,0,0,0,0,,
9334,REQ-0216,12,2,Employee Referral,2025-03-08,0,0,0,0,,
9335,REQ-0216,12,2,LinkedIn,2025-03-12,1,0,0,0,,
9336,REQ-0216,12,2,LinkedIn,2025-02-27,1,0,0,0,,
9337,REQ-0216,12,2,LinkedIn,2025-03-06,1,1,0,0,,
9338,REQ-0216,12,2,Employee Referral,2025-03-06,1,1,1,0,0,
9339,REQ-0216,12,2,Employee Referral,2025-03-18,1,1,0,0,,
9340,REQ-0216,12,2,LinkedIn,2025-02-28,0,0,0,0,,
9341,REQ-0216,12,2,LinkedIn,2025-03-06,1,0,0,0,,
9342,REQ-0216,12,2,LinkedIn,2025-02-27,1,1,0,0,,
9343,REQ-0216,12,2,LinkedIn,2025-03-07,0,0,0,0,,
9344,REQ-0216,12,2,Job Board,2025-03-07,0,0,0,0,,
9345,REQ-0216,12,2,Career Site,2025-02-22,1,0,0,0,,
9346,REQ-0216,12,2,Career Site,2025-03-10,0,0,0,0,,
9347,REQ-0216,12,2,Job Board,2025-03-02,1,1,1,1,1,35
9348,REQ-0216,12,2,Job Board,2025-03-10,1,1,0,0,,
9349,REQ-0216,12,2,LinkedIn,2025-03-10,1,0,0,0,,
9350,REQ-0216,12,2,Job Board,2025-03-04,1,0,0,0,,
9351,REQ-0216,12,2,LinkedIn,2025-03-12,0,0,0,0,,
9352,REQ-0216,12,2,Career Site,2025-03-02,1,1,1,0,0,
9353,REQ-0216,12,2,LinkedIn,2025-02-25,0,0,0,0,,
9354,REQ-0216,12,2,Employee Referral,2025-03-15,0,0,0,0,,
9355,REQ-0216,12,2,Employee Referral,2025-03-01,0,0,0,0,,
9356,REQ-0216,12,2,Job Board,2025-02-25,0,0,0,0,,
9357,REQ-0216,12,2,Agency,2025-03-03,1,0,0,0,,
9358,REQ-0216,12,2,Agency,2025-02-22,0,0,0,0,,
9359,REQ-0216,12,2,Career Site,2025-03-16,0,0,0,0,,
9360,REQ-0216,12,2,Job Board,2025-03-04,0,0,0,0,,
9361,REQ-0217,8,5,Job Board,2025-06-11,0,0,0,0,,
9362,REQ-0217,8,5,Employee Referral,2025-06-15,1,1,0,0,,
9363,REQ-0217,8,5,Agency,2025-06-14,1,0,0,0,,
9364,REQ-0217,8,5,Employee Referral,2025-05-23,0,0,0,0,,
9365,REQ-0217,8,5,Job Board,2025-06-15,1,0,0,0,,
9366,REQ-0217,8,5,Employee Referral,2025-05-28,0,0,0,0,,
9367,REQ-0217,8,5,LinkedIn,2025-06-02,1,0,0,0,,
9368,REQ-0217,8,5,Career Site,2025-06-14,0,0,0,0,,
9369,REQ-0217,8,5,Job Board,2025-05-25,0,0,0,0,,
9370,REQ-0217,8,5,LinkedIn,2025-05-28,0,0,0,0,,
9371,REQ-0217,8,5,Agency,2025-06-10,1,1,0,0,,
9372,REQ-0217,8,5,LinkedIn,2025-05-25,1,0,0,0,,
9373,REQ-0217,8,5,Career Site,2025-05-29,0,0,0,0,,
9374,REQ-0217,8,5,Agency,2025-06-15,1,0,0,0,,
9375,REQ-0217,8,5,Job Board,2025-05-23,1,0,0,0,,
9376,REQ-0217,8,5,Agency,2025-05-23,1,0,0,0,,
9377,REQ-0217,8,5,Employee Referral,2025-05-31,1,1,1,1,1,55
9378,REQ-0217,8,5,LinkedIn,2025-06-03,0,0,0,0,,
9379,REQ-0217,8,5,Agency,2025-06-02,1,1,0,0,,
9380,REQ-0217,8,5,Employee Referral,2025-06-02,1,1,1,1,1,55
9381,REQ-0217,8,5,LinkedIn,2025-06-08,0,0,0,0,,
9382,REQ-0217,8,5,Employee Referral,2025-06-06,0,0,0,0,,
9383,REQ-0217,8,5,Career Site,2025-06-10,1,0,0,0,,
9384,REQ-0217,8,5,LinkedIn,2025-06-06,1,1,1,0,0,
9385,REQ-0217,8,5,Employee Referral,2025-06-07,1,1,0,0,,
9386,REQ-0217,8,5,Career Site,2025-06-09,1,1,1,1,1,55
9387,REQ-0217,8,5,Job Board,2025-06-06,0,0,0,0,,
9388,REQ-0217,8,5,Career Site,2025-06-14,1,1,0,0,,
9389,REQ-0217,8,5,Job Board,2025-06-17,0,0,0,0,,
9390,REQ-0217,8,5,Job Board,2025-06-13,0,0,0,0,,
9391,REQ-0217,8,5,LinkedIn,2025-05-30,1,1,0,0,,
9392,REQ-0217,8,5,Employee Referral,2025-06-04,0,0,0,0,,
9393,REQ-0217,8,5,LinkedIn,2025-05-27,0,0,0,0,,
9394,REQ-0217,8,5,Career Site,2025-06-01,1,1,1,1,1,55
9395,REQ-0217,8,5,Employee Referral,2025-05-28,0,0,0,0,,
9396,REQ-0217,8,5,Career Site,2025-06-05,1,1,0,0,,
9397,REQ-0217,8,5,Employee Referral,2025-06-16,1,0,0,0,,
9398,REQ-0217,8,5,Job Board,2025-05-31,1,0,0,0,,
9399,REQ-0217,8,5,Agency,2025-06-16,1,1,0,0,,
9400,REQ-0217,8,5,Employee Referral,2025-06-17,0,0,0,0,,
9401,REQ-0217,8,5,LinkedIn,2025-06-09,0,0,0,0,,
9402,REQ-0217,8,5,LinkedIn,2025-05-28,1,0,0,0,,
9403,REQ-0217,8,5,Job Board,2025-05-24,1,1,0,0,,
9404,REQ-0217,8,5,LinkedIn,2025-05-29,1,0,0,0,,
9405,REQ-0217,8,5,Employee Referral,2025-06-17,0,0,0,0,,
9406,REQ-0217,8,5,Job Board,2025-06-08,1,0,0,0,,
9407,REQ-0217,8,5,Agency,2025-06-09,1,1,0,0,,
9408,REQ-0217,8,5,Career Site,2025-05-29,1,1,0,0,,
9409,REQ-0218,1,6,Employee Referral,2026-02-08,0,0,0,0,,
9410,REQ-0218,1,6,LinkedIn,2026-02-24,1,0,0,0,,
9411,REQ-0218,1,6,LinkedIn,2026-02-17,0,0,0,0,,
9412,REQ-0218,1,6,Job Board,2026-02-04,1,1,1,1,1,47
9413,REQ-0218,1,6,Career Site,2026-02-19,0,0,0,0,,
9414,REQ-0218,1,6,LinkedIn,2026-02-13,0,0,0,0,,
9415,REQ-0218,1,6,Agency,2026-02-06,0,0,0,0,,
9416,REQ-0218,1,6,Employee Referral,2026-02-07,1,1,1,1,1,47
9417,REQ-0218,1,6,Job Board,2026-02-05,0,0,0,0,,
9418,REQ-0218,1,6,Job Board,2026-02-17,1,1,0,0,,
9419,REQ-0218,1,6,Job Board,2026-02-09,1,1,0,0,,
9420,REQ-0218,1,6,Career Site,2026-02-21,1,1,0,0,,
9421,REQ-0218,1,6,LinkedIn,2026-02-15,0,0,0,0,,
9422,REQ-0218,1,6,LinkedIn,2026-02-16,1,0,0,0,,
9423,REQ-0218,1,6,LinkedIn,2026-02-25,0,0,0,0,,
9424,REQ-0218,1,6,Employee Referral,2026-02-04,1,0,0,0,,
9425,REQ-0218,1,6,Employee Referral,2026-02-25,1,1,0,0,,
9426,REQ-0218,1,6,Job Board,2026-02-05,0,0,0,0,,
9427,REQ-0218,1,6,Career Site,2026-02-20,1,0,0,0,,
9428,REQ-0218,1,6,Job Board,2026-02-07,1,0,0,0,,
9429,REQ-0218,1,6,Job Board,2026-02-19,0,0,0,0,,
9430,REQ-0218,1,6,Employee Referral,2026-02-20,1,1,0,0,,
9431,REQ-0218,1,6,Career Site,2026-02-12,1,1,1,1,1,47
9432,REQ-0218,1,6,LinkedIn,2026-02-19,1,0,0,0,,
9433,REQ-0218,1,6,Employee Referral,2026-02-08,1,1,0,0,,
9434,REQ-0218,1,6,LinkedIn,2026-02-12,1,1,0,0,,
9435,REQ-0218,1,6,LinkedIn,2026-02-15,0,0,0,0,,
9436,REQ-0218,1,6,Employee Referral,2026-02-11,1,1,0,0,,
9437,REQ-0218,1,6,Career Site,2026-02-21,1,1,0,0,,
9438,REQ-0218,1,6,Career Site,2026-02-22,1,1,1,1,1,47
9439,REQ-0218,1,6,Employee Referral,2026-02-03,1,1,1,1,1,47
9440,REQ-0218,1,6,Job Board,2026-02-19,1,1,0,0,,
9441,REQ-0218,1,6,Career Site,2026-02-20,0,0,0,0,,
9442,REQ-0218,1,6,Employee Referral,2026-02-14,1,0,0,0,,
9443,REQ-0218,1,6,LinkedIn,2026-02-13,1,1,1,0,0,
9444,REQ-0218,1,6,LinkedIn,2026-02-21,1,1,1,1,1,47
9445,REQ-0218,1,6,Job Board,2026-02-06,1,0,0,0,,
9446,REQ-0218,1,6,Job Board,2026-01-31,1,1,0,0,,
9447,REQ-0218,1,6,Employee Referral,2026-02-20,0,0,0,0,,
9448,REQ-0218,1,6,LinkedIn,2026-02-21,1,1,1,1,1,47
9449,REQ-0218,1,6,LinkedIn,2026-02-01,1,1,0,0,,
9450,REQ-0218,1,6,Agency,2026-02-08,0,0,0,0,,
9451,REQ-0218,1,6,Job Board,2026-02-13,1,1,0,0,,
9452,REQ-0219,6,6,Job Board,2025-02-14,1,1,1,1,1,39
9453,REQ-0219,6,6,LinkedIn,2025-02-23,1,0,0,0,,
9454,REQ-0219,6,6,Job Board,2025-02-15,0,0,0,0,,
9455,REQ-0219,6,6,LinkedIn,2025-02-19,1,0,0,0,,
9456,REQ-0219,6,6,LinkedIn,2025-02-15,1,1,1,1,1,39
9457,REQ-0219,6,6,Agency,2025-02-10,1,1,0,0,,
9458,REQ-0219,6,6,LinkedIn,2025-02-08,1,0,0,0,,
9459,REQ-0219,6,6,Job Board,2025-02-21,0,0,0,0,,
9460,REQ-0219,6,6,Job Board,2025-02-25,0,0,0,0,,
9461,REQ-0219,6,6,Job Board,2025-02-08,0,0,0,0,,
9462,REQ-0219,6,6,LinkedIn,2025-02-10,0,0,0,0,,
9463,REQ-0219,6,6,LinkedIn,2025-03-04,0,0,0,0,,
9464,REQ-0219,6,6,Job Board,2025-03-03,0,0,0,0,,
9465,REQ-0219,6,6,LinkedIn,2025-02-22,1,0,0,0,,
9466,REQ-0219,6,6,Employee Referral,2025-03-01,0,0,0,0,,
9467,REQ-0219,6,6,LinkedIn,2025-02-24,0,0,0,0,,
9468,REQ-0219,6,6,Job Board,2025-02-28,1,0,0,0,,
9469,REQ-0219,6,6,LinkedIn,2025-02-22,0,0,0,0,,
9470,REQ-0219,6,6,Employee Referral,2025-02-16,0,0,0,0,,
9471,REQ-0219,6,6,Career Site,2025-02-28,0,0,0,0,,
9472,REQ-0219,6,6,Agency,2025-03-02,1,1,1,1,1,39
9473,REQ-0219,6,6,Agency,2025-02-09,1,1,0,0,,
9474,REQ-0219,6,6,Job Board,2025-02-08,1,1,0,0,,
9475,REQ-0219,6,6,Employee Referral,2025-02-11,1,1,0,0,,
9476,REQ-0219,6,6,Job Board,2025-02-10,0,0,0,0,,
9477,REQ-0219,6,6,Career Site,2025-02-22,1,0,0,0,,
9478,REQ-0219,6,6,LinkedIn,2025-02-17,1,1,0,0,,
9479,REQ-0219,6,6,LinkedIn,2025-03-02,1,1,0,0,,
9480,REQ-0219,6,6,Employee Referral,2025-02-22,1,1,1,1,1,39
9481,REQ-0219,6,6,LinkedIn,2025-03-03,1,0,0,0,,
9482,REQ-0219,6,6,Career Site,2025-02-26,1,1,1,0,0,
9483,REQ-0219,6,6,Job Board,2025-03-02,0,0,0,0,,
9484,REQ-0219,6,6,Employee Referral,2025-02-13,1,0,0,0,,
9485,REQ-0219,6,6,Agency,2025-02-15,0,0,0,0,,
9486,REQ-0219,6,6,Job Board,2025-02-18,1,1,0,0,,
9487,REQ-0219,6,6,Employee Referral,2025-02-21,1,1,0,0,,
9488,REQ-0219,6,6,Job Board,2025-02-28,1,1,1,0,0,
9489,REQ-0219,6,6,LinkedIn,2025-02-12,1,0,0,0,,
9490,REQ-0219,6,6,Employee Referral,2025-02-25,1,0,0,0,,
9491,REQ-0219,6,6,LinkedIn,2025-03-05,0,0,0,0,,
9492,REQ-0219,6,6,Career Site,2025-02-20,1,0,0,0,,
9493,REQ-0219,6,6,Employee Referral,2025-02-24,1,1,1,1,1,39
9494,REQ-0219,6,6,Career Site,2025-02-22,1,0,0,0,,
9495,REQ-0219,6,6,LinkedIn,2025-03-01,0,0,0,0,,
9496,REQ-0219,6,6,LinkedIn,2025-02-22,1,1,0,0,,
9497,REQ-0219,6,6,Agency,2025-02-11,0,0,0,0,,
9498,REQ-0219,6,6,LinkedIn,2025-02-15,0,0,0,0,,
9499,REQ-0219,6,6,LinkedIn,2025-02-08,0,0,0,0,,
9500,REQ-0219,6,6,Employee Referral,2025-02-25,0,0,0,0,,
9501,REQ-0219,6,6,Agency,2025-02-10,1,1,1,0,0,
9502,REQ-0219,6,6,Agency,2025-02-08,1,1,1,0,0,
9503,REQ-0219,6,6,Career Site,2025-02-16,0,0,0,0,,
9504,REQ-0219,6,6,Job Board,2025-02-23,1,1,0,0,,
9505,REQ-0219,6,6,Job Board,2025-02-21,1,1,1,1,1,39
9506,REQ-0219,6,6,Employee Referral,2025-03-02,0,0,0,0,,
9507,REQ-0219,6,6,Job Board,2025-02-26,0,0,0,0,,
9508,REQ-0219,6,6,Career Site,2025-02-14,1,0,0,0,,
9509,REQ-0219,6,6,Career Site,2025-02-11,1,0,0,0,,
9510,REQ-0219,6,6,LinkedIn,2025-02-17,1,0,0,0,,
9511,REQ-0219,6,6,Agency,2025-02-26,1,0,0,0,,
9512,REQ-0220,10,1,Agency,2024-07-13,1,0,0,0,,
9513,REQ-0220,10,1,LinkedIn,2024-07-29,0,0,0,0,,
9514,REQ-0220,10,1,Career Site,2024-07-27,1,1,0,0,,
9515,REQ-0220,10,1,Job Board,2024-07-26,0,0,0,0,,
9516,REQ-0220,10,1,LinkedIn,2024-07-20,1,0,0,0,,
9517,REQ-0220,10,1,Employee Referral,2024-07-29,1,0,0,0,,
9518,REQ-0220,10,1,Employee Referral,2024-07-20,1,0,0,0,,
9519,REQ-0220,10,1,Employee Referral,2024-08-06,0,0,0,0,,
9520,REQ-0220,10,1,Employee Referral,2024-07-13,1,1,1,1,1,62
9521,REQ-0220,10,1,LinkedIn,2024-07-23,1,1,0,0,,
9522,REQ-0220,10,1,LinkedIn,2024-08-07,1,0,0,0,,
9523,REQ-0220,10,1,LinkedIn,2024-07-29,1,1,0,0,,
9524,REQ-0220,10,1,LinkedIn,2024-07-23,0,0,0,0,,
9525,REQ-0220,10,1,LinkedIn,2024-07-30,0,0,0,0,,
9526,REQ-0220,10,1,Agency,2024-07-26,1,1,0,0,,
9527,REQ-0220,10,1,LinkedIn,2024-08-02,1,0,0,0,,
9528,REQ-0220,10,1,LinkedIn,2024-07-23,1,1,0,0,,
9529,REQ-0220,10,1,Employee Referral,2024-07-20,1,0,0,0,,
9530,REQ-0220,10,1,Job Board,2024-07-19,1,1,1,1,1,62
9531,REQ-0220,10,1,Career Site,2024-08-05,0,0,0,0,,
9532,REQ-0220,10,1,Agency,2024-07-13,1,0,0,0,,
