employee_id,employee_name,department_id,job_id,location_id,manager_id,gender,ethnicity_group,age_band,hire_date,termination_date,term_type,is_active,tenure_months,tenure_band,tenure_band_sort,base_salary,compa_ratio,performance_rating,potential_rating,potential_label,engagement_score,overtime_hours,commute_km,work_model,months_since_promotion
1,Haley Kirk,9,7,4,108,Female,Group D,25-34,2022-07-07,,,1,47.8,2-4 yr,2,133800.0,1.0242,4,3,High,83.2,11.8,3.6,Hybrid,6.4
2,Jordan Cooper,2,6,12,392,Female,Group E,45-54,2020-07-08,,,1,71.7,4-6 yr,3,30700.0,0.8971,5,3,High,66.3,20.0,3.2,Hybrid,11.5
3,William Garcia,6,1,11,272,Male,Group D,25-34,2025-10-14,,,1,8.5,<1 yr,0,25700.0,1.0744,3,3,High,63.9,4.5,0.0,Remote,8.5
4,Danny Bailey,10,5,14,1655,Female,Group B,35-44,2023-12-30,,,1,30.0,2-4 yr,2,89700.0,0.9436,1,2,Medium,63.9,2.3,34.9,Onsite,8.3
5,Mrs. Lisa Barnes PhD,10,3,4,1217,Female,Group A,35-44,2024-03-25,,,1,27.2,2-4 yr,2,70500.0,0.9345,4,3,High,84.8,7.9,0.0,Remote,24.3
6,Christopher Hamilton,5,3,3,805,Male,Group A,25-34,2023-10-12,,,1,32.6,2-4 yr,2,90900.0,1.0458,3,3,High,92.6,9.3,26.9,Onsite,12.6
7,Ricky Hart,2,1,9,2358,Female,Group D,45-54,2025-02-22,,,1,16.2,1-2 yr,1,65500.0,1.0675,4,3,High,65.2,5.8,0.5,Hybrid,8.8
8,Michael Evans,9,4,4,1638,Male,Group A,25-34,2026-04-14,,,1,2.5,<1 yr,0,85500.0,1.1334,5,2,Medium,74.3,14.1,4.9,Hybrid,2.5
9,Colleen Jenkins,6,5,11,2158,Male,Group D,<25,2022-09-14,,,1,45.5,2-4 yr,2,45900.0,1.0182,3,2,Medium,73.5,3.1,34.8,Onsite,15.5
10,Kelli Goodwin,7,5,3,1904,Female,Group A,25-34,2022-02-24,,,1,52.1,4-6 yr,3,100100.0,0.9636,4,3,High,53.0,3.3,13.1,Onsite,9.3
11,Laurie Brewer,7,1,8,1486,Female,Group E,25-34,2025-04-05,,,1,14.8,1-2 yr,1,21100.0,0.9897,3,2,Medium,87.7,6.3,7.8,Onsite,9.0
12,Luke Waters,1,8,7,2692,Male,Group A,35-44,2021-06-26,,,1,60.1,4-6 yr,3,235400.0,1.1037,3,2,Medium,72.9,4.8,0.0,Remote,15.8
13,Timothy Richardson,1,3,14,2488,Female,Group A,25-34,2024-01-28,,,1,29.0,2-4 yr,2,73900.0,0.9291,3,2,Medium,78.8,5.0,7.2,Hybrid,17.0
14,Chris Peterson,2,7,12,1075,Male,Group D,25-34,2020-01-16,2023-06-12,Voluntary,0,40.8,2-4 yr,2,36800.0,0.8936,2,2,Medium,54.0,1.4,16.9,Onsite,3.7
15,James Perry,8,7,3,113,Male,Group D,25-34,2022-06-04,,,1,48.9,4-6 yr,3,136300.0,0.9055,3,2,Medium,79.7,1.7,28.7,Onsite,3.7
16,Julie Mcconnell,11,4,11,2593,Male,Group C,35-44,2022-12-31,,,1,42.0,2-4 yr,2,37900.0,1.0048,2,2,Medium,83.4,1.3,31.0,Onsite,32.7
17,Erica Golden,4,2,9,2750,Female,Group C,45-54,2025-06-03,,,1,12.9,1-2 yr,1,64800.0,0.832,4,2,Medium,92.3,9.5,0.0,Remote,12.9
18,Tracy Navarro,6,6,7,2751,Female,Group E,<25,2023-12-24,,,1,30.2,2-4 yr,2,137800.0,0.9418,3,1,Low,81.6,5.3,2.5,Onsite,22.5
19,Christine Ramirez,2,6,2,2791,Female,Group A,25-34,2022-08-18,2025-03-08,Voluntary,0,30.7,2-4 yr,2,91000.0,0.8204,2,2,Medium,66.4,3.6,7.6,Hybrid,20.7
20,Alison Bradshaw,8,1,3,201,Male,Group C,35-44,2024-12-05,,,1,18.8,1-2 yr,1,60100.0,1.0903,4,3,High,79.7,2.7,5.6,Hybrid,18.8
21,Brandy Hernandez,6,1,10,1650,Female,Group A,<25,2024-12-30,,,1,18.0,1-2 yr,1,64000.0,1.2066,3,1,Low,69.4,10.8,9.0,Hybrid,18.0
22,Tina Kane,10,1,9,470,Female,Group A,55+,2026-01-08,,,1,5.7,<1 yr,0,53500.0,0.8719,4,2,Medium,57.9,9.0,21.0,Hybrid,5.7
23,Olivia Parker,9,1,1,1,Female,Group C,45-54,2024-09-04,,,1,21.8,1-2 yr,1,50200.0,0.9654,3,3,High,85.5,5.9,23.3,Hybrid,19.0
24,Mark Khan,7,2,12,2517,Male,Group A,25-34,2024-09-30,,,1,21.0,1-2 yr,1,20900.0,1.092,3,2,Medium,72.7,16.6,20.9,Hybrid,8.9
25,Kayla Smith,12,2,13,1510,Male,Group B,25-34,2023-08-12,2024-09-10,Voluntary,0,13.0,1-2 yr,1,18200.0,1.0213,2,3,High,69.3,14.2,30.2,Onsite,10.6
26,Jerry Hall,4,3,11,2666,Male,Group B,25-34,2026-01-30,,,1,5.0,<1 yr,0,35700.0,0.9464,2,1,Low,54.5,5.4,12.2,Hybrid,5.0
27,Corey Porter,8,4,8,1943,Male,Group C,35-44,2025-11-19,,,1,7.3,<1 yr,0,36200.0,1.0767,3,3,High,100.0,3.6,8.8,Onsite,7.3
28,Brian Martin,3,6,13,550,Male,Group A,25-34,2024-09-19,,,1,21.3,1-2 yr,1,31400.0,0.9856,3,2,Medium,71.9,10.9,3.4,Hybrid,18.9
29,Richard Glenn,4,3,6,607,Male,Group A,35-44,2025-06-26,2025-11-19,Voluntary,0,4.8,<1 yr,0,125900.0,1.0812,4,3,High,40.8,7.5,26.3,Hybrid,12.1
30,Mark Walter,7,2,2,1163,Female,Group A,25-34,2024-01-17,,,1,29.4,2-4 yr,2,64600.0,1.0413,5,3,High,88.1,3.2,21.2,Onsite,18.2
31,Gavin Keith,7,5,6,2060,Male,Group A,35-44,2023-04-02,2024-01-19,Voluntary,0,9.6,<1 yr,0,136000.0,0.9773,1,2,Medium,61.8,9.4,38.5,Hybrid,16.2
32,Lisa Bauer,11,5,13,1603,Female,Group A,35-44,2025-06-10,2026-06-03,Voluntary,0,11.8,<1 yr,0,26000.0,0.9826,4,2,Medium,77.7,9.3,5.2,Onsite,12.6
33,Emily Jennings,11,6,11,1826,Female,Group E,45-54,2023-05-24,,,1,37.2,2-4 yr,2,56400.0,1.0391,3,3,High,74.3,8.5,6.4,Onsite,5.4
34,Amy Morris,10,5,4,1605,Female,Group B,25-34,2025-03-25,,,1,15.2,1-2 yr,1,78100.0,0.8662,5,2,Medium,61.2,6.4,0.0,Remote,15.2
35,Stephen Roberts,9,2,11,1746,Male,Group D,25-34,2023-12-02,2026-05-31,Voluntary,0,29.9,2-4 yr,2,28800.0,0.9486,3,2,Medium,96.7,17.2,11.0,Hybrid,10.7
36,Jessica Gray,4,6,13,419,Female,Group A,<25,2021-09-18,,,1,57.4,4-6 yr,3,26000.0,0.8161,3,1,Low,65.0,7.0,16.6,Hybrid,4.4
37,Dr. Matthew Price Jr.,9,3,13,981,Male,Group B,45-54,2025-04-21,,,1,14.3,1-2 yr,1,23500.0,1.0614,4,2,Medium,59.3,5.3,5.6,Onsite,14.3
38,John Lucas,11,1,13,1603,Male,Group E,45-54,2025-03-08,2025-05-28,Voluntary,0,2.7,<1 yr,0,15200.0,1.0826,4,3,High,57.5,4.6,18.8,Onsite,5.2
39,Mrs. Teresa Bartlett MD,7,6,1,553,Male,Group A,25-34,2020-07-26,,,1,71.1,4-6 yr,3,133100.0,1.128,3,1,Low,55.9,8.3,15.0,Onsite,37.2
40,David Morse,5,3,4,2305,Female,Group C,25-34,2023-01-08,,,1,41.7,2-4 yr,2,69600.0,0.9226,4,3,High,65.6,6.7,14.1,Hybrid,22.0
41,Matthew Delgado,5,2,1,613,Male,Group E,<25,2024-07-25,2026-03-11,Voluntary,0,19.5,1-2 yr,1,72000.0,1.0909,3,3,High,85.2,3.0,21.0,Hybrid,23.2
42,Andre Little,9,3,2,963,Male,Group A,25-34,2026-05-11,,,1,1.6,<1 yr,0,67400.0,0.8744,3,2,Medium,68.7,9.0,34.3,Hybrid,1.6
43,Joshua Mata,4,3,9,2750,Female,Group C,25-34,2024-03-20,2024-12-22,Voluntary,0,9.1,<1 yr,0,94500.0,0.9766,3,3,High,91.9,15.8,26.6,Onsite,8.7
44,Eric Rodriguez,7,6,13,267,Female,Group A,25-34,2025-09-09,,,1,9.7,<1 yr,0,31800.0,0.9981,3,3,High,70.7,5.5,12.2,Hybrid,9.7
45,Francisco Wilson,8,6,9,2221,Male,Group B,25-34,2024-02-13,2026-03-25,Involuntary,0,25.3,2-4 yr,2,143000.0,1.027,1,2,Medium,78.8,10.1,7.6,Hybrid,13.1
46,Lindsey Robbins,9,1,2,834,Male,Group A,25-34,2026-03-01,,,1,4.0,<1 yr,0,49000.0,1.0025,4,2,Medium,62.9,2.6,0.0,Remote,4.0
47,David Buckley,3,8,8,2048,Female,Group A,35-44,2023-08-25,,,1,34.2,2-4 yr,2,67100.0,0.9515,3,1,Low,85.2,8.0,29.5,Onsite,23.6
48,Jacob Meyers,5,4,11,1370,Female,Group A,35-44,2024-10-17,,,1,20.4,1-2 yr,1,39200.0,1.0392,3,2,Medium,72.2,5.6,13.6,Hybrid,14.0
49,Daniel Walsh,5,3,3,613,Male,Group A,25-34,2023-07-14,,,1,35.5,2-4 yr,2,83700.0,0.963,4,2,Medium,100.0,18.6,7.9,Hybrid,8.3
50,George Myers,10,2,3,694,Male,Group E,25-34,2025-09-14,,,1,9.5,<1 yr,0,70300.0,1.0049,5,3,High,56.8,14.2,1.1,Hybrid,4.4
51,Matthew Navarro,12,2,4,749,Male,Group A,<25,2023-10-26,2025-05-07,Involuntary,0,18.4,1-2 yr,1,62700.0,1.0326,4,2,Medium,91.5,9.4,7.1,Hybrid,31.7
52,Veronica Jones,11,1,5,928,Male,Group B,55+,2024-12-16,,,1,18.4,1-2 yr,1,46200.0,0.9066,4,3,High,84.9,14.1,0.0,Remote,6.2
53,William Yates,8,1,13,1750,Male,Group A,<25,2025-10-29,2025-12-20,Involuntary,0,1.7,<1 yr,0,14100.0,1.0043,3,2,Medium,92.0,3.3,16.6,Hybrid,8.0
54,Courtney Anderson,7,2,12,1933,Female,Group C,25-34,2024-11-05,,,1,19.8,1-2 yr,1,18500.0,0.9666,2,1,Low,65.7,15.2,8.5,Hybrid,16.1
55,Steven Christensen,10,4,14,1196,Male,Group D,45-54,2026-04-26,2026-05-20,Voluntary,0,0.8,<1 yr,0,81700.0,1.0272,4,1,Low,91.2,3.2,12.4,Onsite,2.1
56,Matthew Moss,2,2,2,2368,Male,Group A,35-44,2025-12-01,,,1,6.9,<1 yr,0,63800.0,1.0284,2,3,High,88.6,2.1,3.0,Onsite,6.9
57,Brian Shepherd,12,4,10,1363,Male,Group C,35-44,2023-12-07,,,1,30.7,2-4 yr,2,87000.0,1.0402,2,3,High,82.7,2.5,8.1,Hybrid,0.8
58,Renee Newton,6,2,12,2695,Female,Group C,25-34,2025-04-24,,,1,14.2,1-2 yr,1,17900.0,0.9352,3,3,High,93.6,4.6,0.0,Remote,14.2
59,Matthew Richardson,3,7,7,965,Male,Group D,35-44,2019-06-03,,,1,84.9,6+ yr,4,178400.0,1.0132,1,1,Low,86.9,4.7,16.5,Hybrid,17.9
60,Becky Horton,5,2,3,613,Male,Group A,35-44,2025-10-11,,,1,8.6,<1 yr,0,66700.0,0.9534,4,2,Medium,64.5,10.3,3.7,Onsite,8.6
61,Theodore Lara,3,3,9,2308,Male,Group A,35-44,2023-01-31,2025-05-04,Voluntary,0,27.1,2-4 yr,2,94000.0,0.9715,3,3,High,55.4,7.8,29.7,Hybrid,10.4
62,Alan Hall,12,3,3,1225,Male,Group A,35-44,2024-08-07,,,1,22.7,1-2 yr,1,93600.0,1.0769,2,2,Medium,54.3,3.1,10.3,Hybrid,5.0
63,Patricia Mccarthy,6,6,11,2158,Male,Group B,<25,2023-03-08,,,1,39.8,2-4 yr,2,59900.0,1.1035,3,3,High,61.5,3.9,0.0,Remote,28.8
64,Daniel Wallace,2,5,1,2596,Male,Group D,<25,2026-02-07,,,1,4.7,<1 yr,0,94900.0,0.9684,2,1,Low,76.3,4.9,8.3,Hybrid,4.7
65,Lisa Brown,9,1,11,1746,Male,Group C,35-44,2025-09-13,2026-05-12,Voluntary,0,7.9,<1 yr,0,22400.0,0.9365,1,1,Low,76.3,5.7,8.5,Hybrid,9.5
66,Dana Klein,7,2,12,1933,Male,Group D,25-34,2024-02-17,2025-01-04,Voluntary,0,10.6,<1 yr,0,17100.0,0.8934,5,3,High,73.3,2.6,18.0,Onsite,28.4
67,Edward Harrell,3,1,4,2607,Female,Group C,25-34,2024-08-12,,,1,22.6,1-2 yr,1,48200.0,1.0075,3,2,Medium,91.2,12.1,1.4,Hybrid,3.7
68,Jonathan Golden,7,3,12,2517,Male,Group B,55+,2023-12-19,,,1,30.4,2-4 yr,2,27100.0,1.1396,4,3,High,77.7,14.8,24.7,Onsite,2.6
69,Michelle Sanchez,11,3,9,1742,Male,Group C,25-34,2023-04-17,,,1,38.4,2-4 yr,2,113900.0,1.1771,4,2,Medium,75.2,8.3,3.1,Onsite,19.3
70,Kara Torres,11,6,12,1836,Non-binary,Group C,35-44,2022-01-06,,,1,53.7,4-6 yr,3,35700.0,1.0432,4,3,High,71.5,2.9,21.0,Hybrid,19.7
71,Megan English,7,5,3,1163,Female,Group B,45-54,2023-04-17,,,1,38.4,2-4 yr,2,114700.0,1.1042,4,2,Medium,62.4,4.8,9.6,Hybrid,24.4
72,Charles Nelson,8,1,1,1718,Female,Group D,<25,2024-12-22,2026-03-24,Voluntary,0,15.0,1-2 yr,1,49000.0,0.9423,2,3,High,77.6,1.6,0.0,Remote,7.9
73,Michele Day,5,4,13,1781,Female,Group D,35-44,2026-03-02,,,1,3.9,<1 yr,0,21800.0,0.9846,4,2,Medium,70.4,6.2,24.4,Onsite,3.9
74,Kenneth Jones,10,8,12,1480,Female,Group E,<25,2021-09-10,,,1,57.6,4-6 yr,3,46300.0,0.9282,4,3,High,74.7,15.6,20.4,Hybrid,14.4
75,Robert Rodriguez,11,7,12,2147,Male,Group D,<25,2022-07-17,,,1,47.4,2-4 yr,2,48300.0,1.1729,2,2,Medium,89.3,15.2,8.9,Hybrid,6.2
76,Elizabeth Jackson,3,1,14,1112,Male,Group A,55+,2024-09-19,,,1,21.3,1-2 yr,1,51300.0,1.017,2,1,Low,62.9,4.4,19.0,Hybrid,15.1
77,Sophia Stewart,6,9,7,,Female,Group A,<25,2019-02-05,,,1,88.8,6+ yr,4,283400.0,1.0883,3,2,Medium,59.2,11.5,22.4,Onsite,13.7
78,Joel Rodriguez,12,4,5,1225,Male,Group A,35-44,2023-08-13,,,1,34.6,2-4 yr,2,70100.0,0.8723,2,3,High,61.3,14.6,0.0,Remote,14.9
79,Allison Hicks,12,1,1,1019,Female,Group A,25-34,2025-08-25,,,1,10.2,<1 yr,0,49900.0,0.9596,1,2,Medium,63.7,6.3,0.0,Remote,10.2
80,Aaron Shea,11,1,1,1081,Male,Group B,25-34,2025-10-20,,,1,8.3,<1 yr,0,47400.0,0.9115,4,1,Low,62.2,13.9,0.0,Remote,8.3
81,Michele Carrillo,12,2,3,917,Male,Group B,45-54,2023-11-03,,,1,31.9,2-4 yr,2,71900.0,1.0277,3,2,Medium,79.8,4.1,2.7,Onsite,6.2
82,Lisa Beck,12,2,13,2632,Female,Group B,35-44,2024-09-26,,,1,21.1,1-2 yr,1,19100.0,1.0718,3,3,High,78.9,6.8,0.0,Remote,4.5
83,Brian Barber,11,4,1,440,Male,Group A,25-34,2022-06-05,2023-03-05,Voluntary,0,9.0,<1 yr,0,78700.0,0.9598,2,1,Low,63.9,4.2,0.0,Remote,10.0
84,Nancy Lucas,4,2,3,2770,Male,Group A,25-34,2026-02-05,,,1,4.8,<1 yr,0,62300.0,0.8905,5,3,High,83.0,10.2,1.5,Hybrid,4.8
85,Matthew Miller,11,5,12,1618,Female,Group B,25-34,2023-04-11,,,1,38.6,2-4 yr,2,25600.0,0.9008,4,3,High,85.5,11.6,12.6,Hybrid,1.2
86,Alexa Baker,5,2,13,599,Male,Group B,<25,2025-01-23,,,1,17.2,1-2 yr,1,18400.0,1.0325,3,2,Medium,80.8,7.6,4.0,Hybrid,17.2
87,Sheila Sandoval,1,8,7,2692,Male,Group C,35-44,2025-11-02,,,1,7.9,<1 yr,0,216700.0,1.016,4,2,Medium,94.4,14.5,2.2,Hybrid,7.9
88,Neil Clark,1,2,4,106,Male,Group C,45-54,2024-11-25,,,1,19.1,1-2 yr,1,61600.0,1.0145,4,2,Medium,80.2,7.9,0.0,Remote,5.2
89,Ian Yates,7,2,11,1486,Male,Group A,55+,2025-12-04,,,1,6.8,<1 yr,0,32600.0,1.0738,3,2,Medium,84.7,7.6,9.5,Hybrid,6.8
90,Frank Campbell,7,6,9,1486,Male,Group A,25-34,2023-08-08,,,1,34.7,2-4 yr,2,150100.0,1.078,3,2,Medium,81.5,1.6,0.0,Remote,17.5
91,Daniel Cruz,9,3,13,981,Female,Group C,35-44,2023-08-03,,,1,34.9,2-4 yr,2,20000.0,0.9033,5,3,High,45.3,10.1,25.0,Hybrid,4.9
92,David Wilson,3,2,12,1112,Female,Group C,25-34,2024-03-24,2025-05-28,Voluntary,0,14.1,1-2 yr,1,15500.0,0.8098,3,2,Medium,81.5,2.9,0.0,Remote,10.1
93,Melissa Young,7,2,12,1933,Male,Group A,25-34,2025-10-28,,,1,8.0,<1 yr,0,18700.0,0.977,4,3,High,58.1,1.3,18.7,Onsite,3.6
94,Kyle Levine,3,3,2,2712,Male,Group C,25-34,2023-04-15,,,1,38.5,2-4 yr,2,76200.0,0.9886,3,3,High,58.8,4.8,0.9,Onsite,12.9
95,Ashley Duffy,5,5,5,385,Female,Group A,35-44,2025-04-12,,,1,14.6,1-2 yr,1,86100.0,0.8965,3,1,Low,71.0,5.2,0.0,Remote,9.4
96,Courtney Gonzalez,1,4,12,2488,Male,Group C,25-34,2026-02-26,,,1,4.1,<1 yr,0,23300.0,0.9798,4,2,Medium,55.8,7.1,14.0,Hybrid,4.1
97,Diane Collins,1,5,7,106,Male,Group A,25-34,2023-12-25,,,1,30.2,2-4 yr,2,123300.0,1.0146,4,2,Medium,80.4,1.5,6.4,Hybrid,16.4
98,Joshua Weaver,12,4,3,845,Female,Group C,55+,2025-11-02,2026-05-15,Voluntary,0,6.4,<1 yr,0,81600.0,0.9388,2,2,Medium,61.9,11.8,36.8,Onsite,7.9
99,Jeff Walker,1,1,12,2488,Male,Group A,35-44,2025-07-23,2025-12-15,Voluntary,0,4.8,<1 yr,0,15100.0,1.0013,4,3,High,63.1,4.4,3.6,Onsite,6.4
100,Briana Anderson,11,2,3,625,Female,Group A,25-34,2024-06-11,,,1,24.6,2-4 yr,2,62000.0,0.8862,3,3,High,100.0,28.2,2.8,Onsite,24.5
101,David Holloway,5,3,12,599,Male,Group A,25-34,2025-06-21,,,1,12.3,1-2 yr,1,22300.0,0.9378,4,1,Low,53.1,18.6,2.9,Onsite,12.3
102,Timothy Lawson,2,5,2,1432,Female,Group D,35-44,2025-12-23,,,1,6.2,<1 yr,0,83000.0,0.901,3,2,Medium,81.5,6.0,10.3,Hybrid,6.2
103,Deanna Black,1,1,2,284,Male,Group B,25-34,2026-03-04,,,1,3.9,<1 yr,0,46100.0,0.9431,1,2,Medium,84.6,10.6,13.8,Onsite,3.9
104,Philip Weaver,11,4,9,2527,Female,Group D,25-34,2022-11-22,,,1,43.2,2-4 yr,2,106900.0,1.1048,5,2,Medium,90.6,1.0,17.7,Onsite,5.7
105,Eric Smith,9,6,9,1746,Female,Group C,25-34,2025-07-06,,,1,11.8,<1 yr,0,146400.0,1.0514,4,2,Medium,56.7,3.5,1.5,Hybrid,6.8
106,Kevin Key,1,7,7,87,Male,Group E,45-54,2020-07-18,,,1,71.4,4-6 yr,3,193400.0,1.0984,4,3,High,80.1,28.3,6.9,Hybrid,16.5
107,Faith Reed,1,7,2,2754,Non-binary,Group C,25-34,2019-10-10,,,1,80.7,6+ yr,4,132500.0,0.9927,4,2,Medium,70.1,32.3,11.7,Onsite,18.0
108,Katherine Conner,9,8,3,453,Male,Group A,35-44,2023-02-26,,,1,40.1,2-4 yr,2,195500.0,1.0723,3,3,High,67.0,5.8,0.0,Remote,11.0
109,James Pugh,1,4,7,284,Female,Group A,<25,2024-03-21,,,1,27.3,2-4 yr,2,97700.0,0.9609,2,1,Low,49.3,7.4,8.6,Onsite,7.5
110,Michael Griffin,3,1,8,2650,Male,Group B,35-44,2024-11-12,,,1,19.5,1-2 yr,1,21300.0,0.9991,4,3,High,76.3,4.0,28.7,Onsite,14.1
111,Ronnie Bonilla MD,3,6,12,550,Male,Group C,25-34,2025-05-31,,,1,13.0,1-2 yr,1,33700.0,0.9848,3,2,Medium,85.0,12.6,13.2,Hybrid,13.0
112,Debra Morris MD,12,5,11,1363,Female,Group E,25-34,2021-06-26,,,1,60.1,4-6 yr,3,41900.0,0.9295,2,2,Medium,50.8,3.5,4.5,Hybrid,24.1
113,William Hernandez,8,8,5,1449,Male,Group D,35-44,2025-06-05,,,1,12.8,1-2 yr,1,181200.0,1.075,3,2,Medium,89.6,7.5,0.0,Remote,8.2
114,Michelle Carr,6,1,14,1958,Male,Group A,45-54,2025-10-22,,,1,8.2,<1 yr,0,53800.0,1.0666,2,1,Low,70.6,2.2,5.8,Onsite,8.2
115,Dr. Alexander Huynh,4,7,12,131,Female,Group D,25-34,2023-05-02,,,1,37.9,2-4 yr,2,38800.0,0.9422,3,3,High,96.5,3.9,3.1,Onsite,3.8
116,David Smith,2,7,9,1394,Male,Group C,25-34,2022-09-04,,,1,45.8,2-4 yr,2,180200.0,1.0754,3,3,High,50.9,7.0,7.1,Onsite,9.0
117,Alyssa Gallegos,1,2,2,107,Female,Group A,<25,2024-07-02,,,1,23.9,1-2 yr,1,55100.0,0.8881,3,3,High,57.6,4.4,0.0,Remote,23.9
118,William Salazar,12,3,12,2632,Male,Group D,<25,2022-07-09,,,1,47.7,2-4 yr,2,25300.0,1.0639,2,2,Medium,67.0,17.2,0.0,Remote,11.6
119,Mrs. Gina Duarte,4,2,9,2666,Male,Group D,25-34,2026-05-18,,,1,1.4,<1 yr,0,76200.0,0.9784,5,3,High,59.4,6.8,2.1,Hybrid,1.4
120,Eric Howard,5,2,2,613,Male,Group D,25-34,2025-09-06,,,1,9.8,<1 yr,0,68100.0,1.0977,2,1,Low,73.4,12.1,1.7,Hybrid,9.8
121,Michael Reyes,8,3,3,201,Female,Group A,35-44,2025-02-13,,,1,16.5,1-2 yr,1,79900.0,0.9192,3,3,High,47.4,22.6,38.9,Onsite,7.2
122,Gary Bennett,1,6,1,204,Male,Group A,25-34,2023-08-17,,,1,34.4,2-4 yr,2,107600.0,0.9119,3,3,High,64.4,12.6,5.2,Hybrid,17.2
123,Stacy Pierce,3,3,1,282,Female,Group B,55+,2024-03-10,,,1,27.7,2-4 yr,2,83400.0,1.0171,2,1,Low,76.0,33.7,10.4,Hybrid,27.7
124,Walter Mitchell,4,2,10,2666,Male,Group C,45-54,2023-12-13,,,1,30.6,2-4 yr,2,63700.0,0.9462,4,3,High,68.5,7.9,0.0,Remote,8.6
125,Natalie Romero,2,1,5,359,Male,Group D,25-34,2024-09-13,2025-10-16,Voluntary,0,13.1,1-2 yr,1,53400.0,1.0479,4,3,High,46.5,6.8,0.0,Remote,21.5
126,Gabriel Swanson,12,6,8,2728,Male,Group D,25-34,2023-07-24,,,1,35.2,2-4 yr,2,47900.0,0.9901,5,3,High,72.3,2.9,9.1,Onsite,8.6
127,Tamara Cole,3,4,12,1112,Female,Group A,25-34,2024-12-22,,,1,18.2,1-2 yr,1,23300.0,0.9798,5,3,High,76.1,9.5,0.0,Remote,12.3
128,Julie Scott,1,1,1,1670,Female,Group B,35-44,2024-10-29,,,1,20.0,1-2 yr,1,51400.0,0.9885,4,2,Medium,59.5,4.3,0.0,Remote,20.0
129,Lisa Rivera,11,2,12,2561,Female,Group A,35-44,2026-04-10,2026-05-07,Voluntary,0,0.9,<1 yr,0,17600.0,0.9195,3,2,Medium,68.9,7.2,5.1,Hybrid,2.7
130,Michael Smith,7,5,1,2173,Female,Group A,35-44,2023-03-02,2024-03-27,Voluntary,0,12.8,1-2 yr,1,83800.0,0.8551,3,3,High,73.1,7.1,5.8,Hybrid,9.8
131,Amber Ibarra,4,8,12,2653,Female,Group A,35-44,2025-06-27,2026-06-14,Involuntary,0,11.6,<1 yr,0,45300.0,0.9082,3,2,Medium,69.4,2.0,3.3,Hybrid,12.1
132,Andrew Strong,4,2,13,1135,Male,Group E,<25,2023-08-01,2025-06-26,Involuntary,0,22.8,1-2 yr,1,17400.0,0.9764,2,2,Medium,80.1,16.0,5.5,Onsite,9.0
133,Julie Sanchez,4,2,12,419,Female,Group B,25-34,2024-07-21,,,1,23.3,1-2 yr,1,17300.0,0.9039,3,3,High,46.1,2.7,6.3,Onsite,3.1
134,Brittany Howe,11,1,3,625,Male,Group E,35-44,2026-02-27,2026-05-12,Involuntary,0,2.4,<1 yr,0,59200.0,1.074,1,2,Medium,94.2,4.9,27.1,Onsite,4.0
135,Patricia Bird,9,8,10,231,Male,Group A,35-44,2021-04-18,,,1,62.4,4-6 yr,3,175000.0,0.9975,4,2,Medium,49.6,3.5,12.0,Hybrid,31.0
136,Stacey Smith,4,9,5,,Male,Group C,25-34,2025-11-13,,,1,7.5,<1 yr,0,225300.0,1.0948,3,2,Medium,47.7,8.8,0.0,Remote,7.5
137,Bryan Fisher,6,7,3,784,Female,Group C,25-34,2021-05-05,2023-06-02,Voluntary,0,24.9,2-4 yr,2,144200.0,0.958,3,3,High,74.6,29.5,4.7,Hybrid,3.0
138,Samantha Bradley,4,5,8,1506,Male,Group E,45-54,2022-02-08,,,1,52.7,4-6 yr,3,41900.0,1.0428,3,3,High,67.9,6.5,6.9,Hybrid,30.2
139,Anthony Beck,1,3,3,107,Female,Group E,25-34,2024-11-14,2025-08-13,Involuntary,0,8.9,<1 yr,0,81000.0,0.9319,4,3,High,61.1,2.7,0.0,Remote,8.9
140,Jason Johnson,10,4,4,1605,Male,Group A,35-44,2023-01-04,2024-04-16,Involuntary,0,15.4,1-2 yr,1,68700.0,0.9107,2,3,High,55.9,5.4,40.4,Onsite,25.7
141,Brittany Gonzalez,2,4,3,2791,Male,Group D,35-44,2023-12-05,2026-03-20,Involuntary,0,27.5,2-4 yr,2,86200.0,0.9917,3,3,High,54.9,14.8,1.3,Onsite,12.3
142,Carl Hughes,12,2,9,1777,Male,Group E,25-34,2026-03-20,,,1,3.4,<1 yr,0,70700.0,0.9078,3,3,High,99.1,3.8,13.1,Hybrid,3.4
143,Kelli Smith,10,8,2,1480,Male,Group B,35-44,2018-05-29,,,1,97.0,6+ yr,4,166000.0,1.0267,3,3,High,68.1,5.1,6.9,Hybrid,13.0
144,Michelle Blankenship,5,3,3,805,Female,Group A,45-54,2023-05-19,,,1,37.4,2-4 yr,2,84900.0,0.9768,5,3,High,75.1,3.8,0.0,Remote,2.8
145,Wanda Walton,6,6,5,2751,Female,Group C,25-34,2023-07-10,,,1,35.7,2-4 yr,2,112600.0,0.9737,4,3,High,79.4,12.1,0.0,Remote,1.1
146,Patricia Mcmahon,4,2,2,1692,Female,Group E,25-34,2026-06-07,,,1,0.8,<1 yr,0,55300.0,0.8914,3,2,Medium,70.8,8.1,4.8,Hybrid,0.8
147,Cheryl Dorsey,11,3,4,440,Non-binary,Group E,55+,2024-08-09,,,1,22.7,1-2 yr,1,72500.0,0.961,5,3,High,90.7,1.5,7.8,Hybrid,17.4
148,Nicole Benson,7,5,9,1486,Male,Group B,25-34,2026-03-23,,,1,3.3,<1 yr,0,107300.0,0.9279,3,2,Medium,80.5,9.2,42.1,Onsite,3.3
149,Joseph Johnson,1,9,11,,Female,Group E,35-44,2021-02-18,,,1,64.3,4-6 yr,3,88100.0,0.912,4,3,High,68.2,9.8,4.6,Hybrid,35.8
150,Christine Brown,6,2,2,713,Female,Group D,25-34,2023-12-29,,,1,30.0,2-4 yr,2,60000.0,0.9671,2,1,Low,72.3,14.2,34.0,Hybrid,2.3
151,Kimberly Brown,7,1,12,1933,Female,Group A,35-44,2025-05-15,,,1,13.5,1-2 yr,1,13400.0,0.8886,1,3,High,79.4,7.1,5.3,Hybrid,13.5
152,Tina Elliott,5,1,13,599,Male,Group A,35-44,2026-01-14,,,1,5.5,<1 yr,0,12900.0,0.9188,3,2,Medium,76.1,14.2,22.2,Onsite,5.5
153,John Richardson,10,7,13,74,Female,Group A,55+,2025-04-27,2025-10-25,Voluntary,0,5.9,<1 yr,0,39000.0,1.0172,3,2,Medium,80.4,4.2,24.8,Onsite,12.4
154,Natasha Walton,3,4,5,2712,Male,Group A,35-44,2026-06-03,,,1,0.9,<1 yr,0,79600.0,0.9905,3,2,Medium,76.5,2.4,0.0,Remote,0.9
155,Vincent Joyce,5,1,4,805,Female,Group E,<25,2024-07-07,,,1,23.8,1-2 yr,1,48900.0,1.0222,3,2,Medium,67.8,1.8,20.7,Hybrid,13.6
156,Jeffrey Murphy,7,1,11,1486,Male,Group A,35-44,2026-01-16,2026-06-05,Voluntary,0,4.6,<1 yr,0,20300.0,0.8487,4,3,High,79.2,0.8,25.1,Hybrid,5.4
157,Michael Fletcher,11,7,1,2344,Female,Group B,35-44,2025-10-22,,,1,8.2,<1 yr,0,142400.0,1.0028,3,1,Low,47.0,6.0,26.9,Hybrid,8.2
158,Devin Schultz,2,2,8,935,Female,Group A,25-34,2023-10-24,,,1,32.2,2-4 yr,2,26700.0,0.9867,2,1,Low,67.9,6.4,0.0,Remote,3.1
159,John Adams,7,6,4,2060,Female,Group E,25-34,2021-11-02,,,1,55.9,4-6 yr,3,118300.0,1.0897,3,3,High,65.4,6.8,22.4,Onsite,1.1
160,Robert Johns,1,2,11,1447,Male,Group A,25-34,2024-12-22,,,1,18.2,1-2 yr,1,30500.0,1.0046,4,2,Medium,86.0,5.1,2.3,Onsite,18.2
161,Phillip Thomas,7,4,7,553,Female,Group A,35-44,2024-07-03,,,1,23.9,1-2 yr,1,112100.0,1.1025,5,3,High,89.2,4.7,3.8,Hybrid,20.8
162,Laura Mercado,7,4,2,1904,Male,Group C,35-44,2022-07-13,,,1,47.6,2-4 yr,2,76800.0,0.9964,4,2,Medium,78.5,3.1,5.7,Hybrid,11.5
163,Jessica Armstrong,8,2,2,2624,Female,Group C,35-44,2025-12-07,,,1,6.7,<1 yr,0,58100.0,0.9365,3,3,High,82.8,2.8,13.6,Hybrid,6.7
164,Linda Newton,1,3,6,2324,Female,Group B,45-54,2024-07-25,,,1,23.2,1-2 yr,1,111700.0,0.9593,4,2,Medium,73.6,14.0,4.2,Hybrid,20.7
165,Henry Perry,11,5,14,1603,Male,Group C,25-34,2025-10-20,,,1,8.3,<1 yr,0,92400.0,0.972,4,2,Medium,69.1,2.6,27.2,Onsite,8.3
166,Anthony Powell,6,7,3,784,Female,Group B,35-44,2022-03-10,2022-11-09,Voluntary,0,8.0,<1 yr,0,144600.0,0.9607,3,2,Medium,66.9,7.8,22.2,Hybrid,6.0
167,Patrick Smith,7,6,6,2060,Female,Group B,35-44,2023-06-08,,,1,36.7,2-4 yr,2,158900.0,0.9483,4,3,High,66.0,6.9,2.6,Onsite,12.7
168,Ashley Collins,3,3,12,1235,Female,Group A,25-34,2023-07-25,,,1,35.2,2-4 yr,2,24700.0,1.0387,4,3,High,74.5,3.9,5.9,Hybrid,18.5
169,Kelli Delacruz,3,5,6,59,Female,Group B,35-44,2022-02-25,2025-10-04,Voluntary,0,43.3,2-4 yr,2,124800.0,0.8968,4,2,Medium,55.6,1.1,9.1,Hybrid,40.5
170,Bobby Montgomery,3,3,3,2712,Male,Group E,35-44,2023-04-02,,,1,38.9,2-4 yr,2,111000.0,1.277,2,1,Low,90.4,4.5,3.2,Hybrid,22.3
171,Angela Walker,6,4,9,2158,Female,Group A,25-34,2024-11-11,,,1,19.6,1-2 yr,1,91900.0,0.9498,2,3,High,59.0,3.9,3.3,Onsite,14.2
172,Kevin Wood,10,4,11,470,Male,Group A,35-44,2024-08-04,2025-05-29,Voluntary,0,9.8,<1 yr,0,42000.0,1.1135,2,2,Medium,100.0,1.6,36.8,Onsite,11.7
173,Michael Howell,8,3,3,2546,Female,Group A,35-44,2024-12-10,,,1,18.6,1-2 yr,1,85700.0,0.986,4,2,Medium,96.6,12.3,2.8,Onsite,3.2
174,Nancy Green,7,4,4,1930,Female,Group A,<25,2025-10-21,,,1,8.3,<1 yr,0,75800.0,1.0048,3,2,Medium,90.6,0.1,30.1,Onsite,7.5
175,Donald Klein,11,3,3,440,Male,Group A,25-34,2025-01-22,,,1,17.2,1-2 yr,1,82700.0,0.9514,4,3,High,45.9,6.3,11.8,Onsite,15.1
176,Johnathan Hernandez,9,5,9,1746,Female,Group D,35-44,2023-10-14,,,1,32.5,2-4 yr,2,114500.0,0.9901,3,3,High,91.1,2.4,13.7,Onsite,32.5
177,James Greene,2,3,9,443,Male,Group D,35-44,2024-09-22,,,1,21.2,1-2 yr,1,92300.0,0.9539,2,3,High,97.4,4.1,30.3,Onsite,19.0
178,Lisa Baker,6,5,7,932,Male,Group B,45-54,2023-12-16,2026-04-15,Voluntary,0,28.0,2-4 yr,2,111100.0,0.9143,2,2,Medium,85.1,21.7,3.6,Onsite,21.4
179,Alyssa Lee,4,6,5,2770,Female,Group A,25-34,2022-11-08,,,1,43.7,2-4 yr,2,114200.0,0.9875,3,2,Medium,84.8,13.3,0.0,Remote,6.0
180,April Gonzalez,8,2,12,533,Male,Group C,25-34,2026-01-23,,,1,5.2,<1 yr,0,15800.0,0.8255,3,3,High,98.0,7.4,0.0,Remote,5.2
181,Jesse Morrison,1,3,13,842,Female,Group D,45-54,2024-02-17,,,1,28.4,2-4 yr,2,22000.0,0.9937,3,2,Medium,77.2,6.8,3.9,Hybrid,20.4
182,Christina Barnett,8,5,14,406,Female,Group D,25-34,2024-08-09,2026-04-06,Voluntary,0,19.9,1-2 yr,1,97300.0,1.0236,3,1,Low,22.0,7.1,19.2,Hybrid,22.7
183,Christopher Lewis,4,6,3,1818,Male,Group B,45-54,2023-01-22,2024-01-17,Voluntary,0,11.8,<1 yr,0,123800.0,0.9898,1,2,Medium,28.7,13.7,4.8,Onsite,7.7
184,Maxwell Ward,10,3,5,1605,Female,Group A,25-34,2023-03-05,,,1,39.8,2-4 yr,2,68700.0,0.8549,5,1,Low,77.5,4.7,0.0,Remote,6.0
185,Ricardo Barber,4,3,12,1260,Female,Group D,25-34,2024-12-17,,,1,18.4,1-2 yr,1,24700.0,1.0387,3,3,High,59.9,0.3,8.1,Hybrid,18.4
186,David Leonard,8,8,13,1449,Male,Group A,25-34,2023-01-28,,,1,41.0,2-4 yr,2,48800.0,1.0508,5,2,Medium,47.0,6.6,13.9,Onsite,10.3
187,Mark Clark,3,6,9,2650,Female,Group D,25-34,2025-02-10,,,1,16.6,1-2 yr,1,148900.0,1.0694,4,3,High,53.8,6.4,13.7,Onsite,15.4
188,Sean Williams,11,2,13,1836,Male,Group E,45-54,2023-08-10,,,1,34.7,2-4 yr,2,18900.0,1.0606,3,3,High,87.2,11.0,10.9,Hybrid,12.7
189,David Proctor,9,4,12,981,Female,Group A,25-34,2023-07-01,,,1,36.0,2-4 yr,2,20200.0,0.8495,3,1,Low,47.7,7.7,3.6,Hybrid,8.2
190,Denise Henderson,11,5,3,1081,Non-binary,Group E,25-34,2025-10-30,,,1,8.0,<1 yr,0,103900.0,1.0002,4,3,High,87.3,19.4,19.4,Hybrid,8.0
191,Dennis Simpson,6,7,7,949,Male,Group A,35-44,2021-04-09,2026-02-11,Voluntary,0,58.1,4-6 yr,3,171900.0,0.9763,3,2,Medium,79.1,13.6,38.1,Onsite,0.7
192,Matthew Myers,3,2,13,1235,Female,Group A,<25,2026-01-07,,,1,5.7,<1 yr,0,15300.0,0.8586,4,3,High,87.0,6.8,0.0,Remote,2.2
193,Daniel Calderon,3,2,1,282,Female,Group A,45-54,2026-06-05,2026-06-23,Involuntary,0,0.6,<1 yr,0,54200.0,0.8212,2,2,Medium,59.0,11.4,12.3,Hybrid,0.8
194,John Burton,1,3,1,204,Male,Group B,25-34,2023-08-14,,,1,34.5,2-4 yr,2,79000.0,0.9634,3,2,Medium,68.9,14.7,3.6,Hybrid,23.1
195,Jeffrey Burnett,11,4,6,157,Male,Group C,55+,2023-11-10,,,1,31.6,2-4 yr,2,122700.0,1.0538,2,3,High,57.9,2.9,22.8,Onsite,31.6
196,Justin Contreras,8,6,1,201,Male,Group B,45-54,2021-03-08,,,1,63.7,4-6 yr,3,110900.0,0.9398,4,3,High,48.0,14.3,0.0,Remote,15.8
197,Elaine Love,1,3,5,284,Male,Group A,35-44,2023-01-10,,,1,41.6,2-4 yr,2,78300.0,0.9744,3,3,High,100.0,4.2,0.0,Remote,3.4
198,Amy Bautista,11,3,5,157,Male,Group D,35-44,2024-09-01,,,1,21.9,1-2 yr,1,89000.0,1.1075,3,1,Low,60.0,1.7,0.0,Remote,6.5
199,Crystal Harris,9,1,10,1746,Female,Group A,25-34,2024-10-31,,,1,19.9,1-2 yr,1,54500.0,1.0275,2,3,High,66.7,5.5,9.7,Hybrid,16.1
200,Tara Ford,12,5,8,2728,Male,Group A,25-34,2024-09-27,,,1,21.1,1-2 yr,1,40600.0,1.0105,2,2,Medium,53.4,11.8,25.1,Onsite,13.7
201,Andrew Davis,8,7,3,113,Male,Group A,35-44,2026-05-03,,,1,1.9,<1 yr,0,161800.0,1.0749,3,2,Medium,91.3,5.0,17.3,Hybrid,1.9
202,Lauren Johnson,12,3,6,917,Female,Group E,25-34,2023-04-12,,,1,38.6,2-4 yr,2,111400.0,0.9567,3,2,Medium,64.4,4.7,0.0,Remote,24.0
203,Michael Rogers,5,3,12,1061,Male,Group A,35-44,2023-09-30,2024-09-21,Voluntary,0,11.7,<1 yr,0,22000.0,0.9251,4,3,High,94.1,7.3,16.0,Hybrid,19.2
204,Melissa Garcia,1,7,1,12,Male,Group E,55+,2023-10-29,,,1,32.0,2-4 yr,2,138700.0,0.9768,3,2,Medium,85.0,11.6,10.3,Hybrid,23.4
205,William Bean,2,2,12,392,Female,Group A,45-54,2025-05-05,,,1,13.8,1-2 yr,1,17500.0,0.9143,2,3,High,71.2,15.6,12.1,Onsite,13.8
206,Kelsey Wilkerson,5,2,3,2305,Female,Group A,<25,2023-06-21,,,1,36.3,2-4 yr,2,74500.0,1.0649,3,3,High,89.7,9.5,2.1,Hybrid,6.3
207,Christopher Farmer,4,5,3,288,Male,Group B,25-34,2024-06-19,,,1,24.3,2-4 yr,2,102300.0,0.9848,3,2,Medium,48.1,7.1,15.7,Hybrid,14.4
208,Charlotte Davis,6,3,4,137,Female,Group B,45-54,2023-04-11,,,1,38.6,2-4 yr,2,73700.0,0.9769,4,3,High,100.0,0.8,10.1,Hybrid,20.6
209,Mackenzie Allen,4,6,9,2666,Male,Group D,45-54,2021-02-17,2024-09-21,Voluntary,0,43.1,2-4 yr,2,142100.0,1.0205,2,2,Medium,82.8,10.2,2.0,Hybrid,6.8
210,Zachary Thomas,2,3,12,392,Male,Group B,35-44,2025-05-10,,,1,13.7,1-2 yr,1,24800.0,1.0429,3,2,Medium,100.0,8.1,2.9,Onsite,12.2
211,Phillip Avila,4,3,7,1734,Female,Group B,25-34,2024-08-23,,,1,22.2,1-2 yr,1,108100.0,1.0631,3,2,Medium,82.4,13.7,25.0,Onsite,13.6
212,Joy Kelley,12,6,2,1549,Female,Group E,25-34,2020-12-28,,,1,66.0,4-6 yr,3,107200.0,0.9665,3,2,Medium,54.6,4.8,8.3,Onsite,11.2
213,Rachael Hill,10,2,11,747,Female,Group B,45-54,2023-08-07,,,1,34.8,2-4 yr,2,27300.0,0.8992,2,1,Low,67.4,21.5,2.2,Hybrid,10.6
214,Eugene Mullins,3,6,13,1112,Male,Group A,35-44,2022-01-26,,,1,53.1,4-6 yr,3,31200.0,0.9793,2,3,High,65.0,4.7,3.1,Hybrid,8.0
215,Amber Bradford,12,1,13,2632,Female,Group B,25-34,2026-04-26,2026-05-15,Voluntary,0,0.6,<1 yr,0,13200.0,0.9402,3,2,Medium,82.5,6.7,68.4,Onsite,2.1
216,Tyler Rivera,4,7,13,131,Male,Group A,25-34,2023-08-20,,,1,34.3,2-4 yr,2,39900.0,1.0407,2,2,Medium,68.0,7.9,0.0,Remote,17.9
217,Mary Mckinney,2,3,12,14,Female,Group A,25-34,2024-11-05,,,1,19.8,1-2 yr,1,25000.0,1.0513,1,2,Medium,100.0,2.6,10.8,Onsite,3.0
218,Nicole Bryan,5,3,8,1069,Female,Group C,25-34,2022-12-08,,,1,42.7,2-4 yr,2,31100.0,0.925,4,2,Medium,99.2,6.8,15.6,Onsite,12.9
219,Larry Powell,6,8,5,998,Male,Group A,35-44,2020-10-31,,,1,67.9,4-6 yr,3,181000.0,1.0738,5,2,Medium,73.3,9.0,0.0,Remote,39.1
220,Aaron Arellano,6,1,9,1650,Male,Group D,25-34,2025-12-22,2026-05-11,Voluntary,0,4.6,<1 yr,0,52000.0,0.8475,5,1,Low,96.0,6.9,0.0,Remote,6.2
221,Michael Avery,1,5,12,596,Female,Group A,45-54,2023-04-03,,,1,38.9,2-4 yr,2,28500.0,1.0028,3,2,Medium,68.5,15.8,15.6,Hybrid,13.7
222,Christine Miles,3,2,6,1338,Male,Group B,35-44,2023-07-30,,,1,35.0,2-4 yr,2,87800.0,0.9368,3,3,High,58.6,18.4,22.9,Hybrid,9.7
223,James Jones,6,1,5,166,Male,Group B,25-34,2026-03-04,2026-04-23,Voluntary,0,1.6,<1 yr,0,49100.0,0.9635,3,1,Low,43.9,4.9,0.0,Remote,3.9
224,Angel Roberson,4,3,5,288,Male,Group E,25-34,2023-04-10,2026-06-03,Voluntary,0,37.8,2-4 yr,2,72700.0,0.9047,2,2,Medium,64.1,8.9,0.0,Remote,8.4
225,Keith Cohen,4,2,14,419,Male,Group B,35-44,2025-07-15,,,1,11.5,<1 yr,0,65300.0,1.02,3,2,Medium,61.3,1.4,4.1,Onsite,4.5
226,Vicki Thomas,7,2,8,2173,Male,Group A,35-44,2025-12-08,,,1,6.7,<1 yr,0,27500.0,1.0163,4,1,Low,80.1,3.4,18.0,Hybrid,6.7
227,Joseph Small,4,2,4,1971,Female,Group C,25-34,2024-05-07,2025-04-04,Involuntary,0,10.9,<1 yr,0,55200.0,0.9091,3,2,Medium,59.7,6.6,27.0,Onsite,7.4
228,Timothy Knight,11,1,3,928,Male,Group A,35-44,2024-11-02,,,1,19.9,1-2 yr,1,57800.0,1.0486,3,2,Medium,74.5,1.8,0.0,Remote,19.9
229,Katherine Proctor,5,3,5,385,Female,Group C,35-44,2024-12-24,,,1,18.2,1-2 yr,1,72300.0,0.8997,2,1,Low,67.1,8.1,0.0,Remote,17.2
230,Cody Smith,5,3,8,1069,Female,Group D,55+,2024-09-10,2025-12-13,Voluntary,0,15.1,1-2 yr,1,34500.0,1.0262,4,3,High,60.8,3.9,15.8,Onsite,21.6
231,Jesus Carroll,9,9,9,,Male,Group B,35-44,2018-02-13,,,1,100.5,6+ yr,4,247600.0,0.9992,5,3,High,91.2,7.5,3.0,Hybrid,19.6
232,Katrina Garcia,6,2,9,2158,Male,Group A,25-34,2024-10-12,,,1,20.6,1-2 yr,1,73900.0,0.9489,2,3,High,50.4,14.3,0.0,Remote,15.6
233,Shannon Mueller,6,4,12,1958,Male,Group A,25-34,2024-01-29,,,1,29.0,2-4 yr,2,26400.0,1.1102,3,3,High,71.2,15.8,0.0,Remote,26.1
234,Tamara Flores,7,2,7,2060,Female,Group A,35-44,2025-12-28,,,1,6.0,<1 yr,0,77800.0,0.9506,3,2,Medium,59.6,17.1,9.7,Onsite,6.0
235,Sharon Erickson,8,1,11,2405,Non-binary,Group E,25-34,2025-12-04,,,1,6.8,<1 yr,0,26200.0,1.0953,3,1,Low,97.7,4.5,9.4,Onsite,6.8
236,Christina Morales,5,9,6,,Male,Group B,25-34,2018-05-26,,,1,97.1,6+ yr,4,322300.0,1.0808,3,2,Medium,80.9,11.4,16.0,Hybrid,28.2
237,Paul Chan,4,2,1,723,Male,Group A,45-54,2023-06-06,,,1,36.8,2-4 yr,2,64000.0,0.9697,2,2,Medium,69.1,13.8,0.0,Remote,8.8
238,Christopher Cherry,11,3,9,1364,Male,Group B,25-34,2026-03-25,,,1,3.2,<1 yr,0,92300.0,0.9539,2,2,Medium,71.5,2.4,0.0,Remote,3.2
239,Tiffany Brown,2,2,14,798,Female,Group D,25-34,2024-03-08,,,1,27.7,2-4 yr,2,63200.0,0.9872,5,3,High,56.3,10.8,0.0,Remote,7.5
240,Christopher Carrillo,12,7,11,1177,Female,Group A,25-34,2019-05-31,2024-10-21,Voluntary,0,64.7,4-6 yr,3,68600.0,1.0502,3,2,Medium,76.0,12.5,15.5,Onsite,5.6
241,Jeffrey Henry,3,5,3,59,Female,Group B,35-44,2023-12-31,,,1,30.0,2-4 yr,2,102800.0,0.9896,2,3,High,91.1,10.7,18.4,Hybrid,26.4
242,Jeffery Houston,10,4,5,694,Male,Group D,25-34,2022-12-10,,,1,42.6,2-4 yr,2,83000.0,1.0329,3,2,Medium,71.4,7.1,0.0,Remote,26.8
243,Jesse Porter,10,3,13,378,Female,Group A,25-34,2026-04-25,,,1,2.2,<1 yr,0,22400.0,1.0117,5,3,High,66.1,12.8,5.3,Hybrid,2.2
244,Yvonne Ramos,2,6,2,2791,Male,Group B,25-34,2022-07-07,,,1,47.8,2-4 yr,2,109400.0,0.9863,2,2,Medium,50.7,14.0,0.0,Remote,21.8
245,Sarah Davenport,11,6,10,1364,Male,Group B,<25,2022-05-05,,,1,49.8,4-6 yr,3,119100.0,0.9895,3,3,High,50.6,18.4,0.0,Remote,7.2
246,Joshua Ramsey,5,3,9,2063,Male,Group A,25-34,2023-07-09,2024-04-25,Voluntary,0,9.6,<1 yr,0,86600.0,0.895,4,2,Medium,67.4,3.8,0.0,Remote,24.3
247,Sarah Page,2,3,1,269,Male,Group B,25-34,2023-08-07,,,1,34.8,2-4 yr,2,82600.0,1.0073,4,2,Medium,80.9,7.8,16.0,Onsite,12.9
248,Joel Williams,2,2,8,935,Female,Group C,25-34,2025-12-08,,,1,6.7,<1 yr,0,28200.0,1.0421,2,2,Medium,71.3,7.1,8.7,Hybrid,6.7
249,Anthony Castillo,4,2,12,1135,Male,Group A,35-44,2024-09-04,,,1,21.8,1-2 yr,1,21800.0,1.139,2,3,High,66.0,11.9,10.5,Hybrid,7.2
250,Matthew Taylor,4,3,9,2750,Male,Group A,35-44,2024-12-08,,,1,18.7,1-2 yr,1,98900.0,1.0221,2,2,Medium,74.1,5.2,14.9,Hybrid,6.2
251,Samantha Wilson,3,3,12,550,Male,Group B,25-34,2025-08-19,,,1,10.3,<1 yr,0,26000.0,1.0934,2,3,High,65.0,1.2,0.0,Remote,10.3
252,Judith Villegas,1,8,12,2100,Male,Group D,35-44,2021-12-16,,,1,54.4,4-6 yr,3,51200.0,1.0265,3,2,Medium,65.6,11.1,0.0,Remote,2.7
253,Steven Cummings,5,4,4,613,Male,Group B,25-34,2024-03-11,,,1,27.6,2-4 yr,2,88500.0,1.1731,4,3,High,63.4,17.5,41.6,Onsite,9.1
254,Gabriel Maynard,6,4,12,1958,Male,Group A,<25,2023-07-16,,,1,35.5,2-4 yr,2,29100.0,1.2237,3,2,Medium,68.6,18.6,9.7,Onsite,11.0
255,Jennifer Smith,11,8,4,2782,Male,Group A,25-34,2020-02-28,2024-11-13,Involuntary,0,56.5,4-6 yr,3,176700.0,1.1167,2,3,High,54.4,8.2,25.1,Onsite,8.6
256,Christopher Campbell,6,4,13,1958,Female,Group C,25-34,2023-01-29,,,1,41.0,2-4 yr,2,21800.0,0.9846,2,2,Medium,70.4,4.9,6.7,Hybrid,10.5
257,Jason Ferguson,12,2,12,2632,Non-binary,Group E,35-44,2023-12-10,,,1,30.7,2-4 yr,2,19700.0,1.0293,3,1,Low,100.0,14.6,9.4,Hybrid,9.6
258,Kathleen Brown,2,1,12,392,Male,Group A,35-44,2025-08-23,,,1,10.2,<1 yr,0,14500.0,0.9615,4,3,High,74.7,3.5,13.6,Hybrid,10.2
259,Michele Smith,5,4,13,599,Female,Group D,55+,2023-03-11,2024-11-28,Voluntary,0,20.6,1-2 yr,1,19700.0,0.8898,2,2,Medium,94.0,4.6,12.7,Hybrid,3.9
260,Kimberly Chavez,11,3,9,2527,Male,Group D,25-34,2023-08-07,,,1,34.8,2-4 yr,2,92700.0,0.958,4,3,High,92.6,9.0,0.0,Remote,30.4
261,Joanne Wheeler,2,4,12,392,Female,Group B,45-54,2022-07-12,,,1,47.6,2-4 yr,2,22400.0,0.942,4,3,High,75.5,23.0,7.1,Hybrid,6.9
262,Steven Smith,11,6,14,1836,Female,Group A,35-44,2022-05-17,,,1,49.4,4-6 yr,3,114900.0,1.0038,3,3,High,71.7,8.1,9.9,Hybrid,7.9
263,Christine Ryan,12,6,11,240,Male,Group E,45-54,2020-09-02,,,1,69.9,4-6 yr,3,55600.0,1.0243,3,3,High,71.6,8.9,7.2,Hybrid,16.3
264,Benjamin Collier,6,5,8,2447,Male,Group A,25-34,2023-04-15,2024-03-01,Involuntary,0,10.5,<1 yr,0,43600.0,1.0851,2,3,High,31.0,1.6,4.0,Hybrid,1.7
265,Darren Hill,12,2,3,1755,Male,Group E,25-34,2024-04-01,2025-01-18,Involuntary,0,9.6,<1 yr,0,73900.0,1.0563,4,2,Medium,74.7,7.4,0.0,Remote,4.3
266,Alicia Diaz,12,3,5,1483,Female,Group B,25-34,2025-12-18,,,1,6.4,<1 yr,0,85400.0,1.0627,2,1,Low,48.0,3.6,0.0,Remote,6.4
267,Kathryn Freeman,7,7,14,2483,Non-binary,Group A,45-54,2021-05-04,2024-11-18,Voluntary,0,42.5,2-4 yr,2,115100.0,0.8356,3,1,Low,66.7,11.5,2.1,Hybrid,3.9
268,Joshua Beard,6,8,1,998,Female,Group E,25-34,2024-11-24,,,1,19.2,1-2 yr,1,162300.0,0.9436,3,2,Medium,82.3,15.0,18.6,Onsite,7.5
269,Dana Hines,2,7,4,427,Male,Group B,55+,2023-05-16,2025-03-13,Voluntary,0,21.9,1-2 yr,1,119700.0,0.9163,3,3,High,47.2,4.2,8.7,Hybrid,4.8
270,Isaiah Malone,11,5,1,157,Male,Group A,25-34,2022-08-21,,,1,46.3,2-4 yr,2,100700.0,1.0276,4,3,High,61.4,5.5,0.0,Remote,19.9
271,Mr. William Martinez MD,11,3,14,1569,Female,Group A,25-34,2025-03-25,,,1,15.2,1-2 yr,1,82400.0,1.036,3,2,Medium,75.2,5.7,21.9,Onsite,15.2
272,Jessica Stevenson,6,7,9,305,Male,Group C,35-44,2023-01-02,,,1,41.9,2-4 yr,2,174800.0,1.0432,3,2,Medium,61.9,6.5,0.0,Remote,5.8
273,Jessica Warren MD,5,6,11,1370,Female,Group D,35-44,2026-06-08,,,1,0.7,<1 yr,0,51000.0,0.9396,4,3,High,61.0,1.2,6.3,Hybrid,0.7
274,Barbara Armstrong,2,1,3,439,Female,Group C,45-54,2026-05-29,2026-06-19,Involuntary,0,0.7,<1 yr,0,57600.0,1.045,3,3,High,76.9,0.2,6.8,Hybrid,1.1
275,Cynthia Dean,10,5,5,399,Female,Group A,25-34,2024-07-17,,,1,23.4,1-2 yr,1,95300.0,0.9923,4,2,Medium,68.4,7.0,0.0,Remote,14.4
276,Christopher Green,12,6,9,1777,Female,Group A,<25,2022-02-25,,,1,52.1,4-6 yr,3,136600.0,0.981,2,3,High,98.2,8.6,31.1,Onsite,4.8
277,Amber Floyd,9,1,12,981,Female,Group A,35-44,2025-05-07,,,1,13.8,1-2 yr,1,14200.0,0.9416,5,3,High,64.6,6.2,8.0,Hybrid,7.5
278,Stephanie Miller,6,3,9,886,Female,Group B,<25,2025-04-03,,,1,14.9,1-2 yr,1,102600.0,1.0604,4,2,Medium,97.3,12.8,14.2,Onsite,14.9
279,Kimberly Jackson,3,7,11,1771,Female,Group A,25-34,2023-06-09,,,1,36.7,2-4 yr,2,66100.0,1.0119,4,2,Medium,100.0,4.8,2.5,Hybrid,7.9
280,Adam Garner,9,1,9,1746,Male,Group D,25-34,2025-06-03,,,1,12.9,1-2 yr,1,66200.0,1.0789,3,2,Medium,78.6,3.1,42.3,Onsite,12.9
281,Joshua Decker,12,2,12,2632,Non-binary,Group D,35-44,2023-10-21,,,1,32.3,2-4 yr,2,21300.0,1.1129,4,3,High,68.5,3.6,10.1,Onsite,12.5
282,Cheyenne King,3,7,1,2105,Male,Group A,25-34,2022-03-24,,,1,51.2,4-6 yr,3,151100.0,1.0641,4,3,High,92.1,7.7,54.8,Onsite,17.6
283,Jason Thomas,9,6,2,1,Female,Group D,25-34,2020-06-03,2022-03-03,Voluntary,0,21.0,1-2 yr,1,98600.0,0.8889,4,3,High,77.7,1.0,23.5,Hybrid,11.3
284,Craig Baker,1,7,2,1514,Male,Group A,45-54,2022-12-30,,,1,42.0,2-4 yr,2,126300.0,0.9462,4,3,High,83.2,5.8,0.8,Hybrid,7.5
285,Jamie Butler,8,3,11,2095,Female,Group C,35-44,2024-06-25,,,1,24.1,2-4 yr,2,37900.0,1.0048,4,1,Low,84.9,4.1,16.6,Onsite,12.5
286,Joshua Livingston,4,2,3,2606,Non-binary,Group B,35-44,2025-04-15,,,1,14.5,1-2 yr,1,76000.0,1.0863,4,3,High,79.2,19.4,0.0,Remote,14.5
287,Kevin Terry,6,4,13,1285,Male,Group E,45-54,2022-11-23,2023-09-30,Voluntary,0,10.2,<1 yr,0,24700.0,1.1156,5,3,High,89.2,2.7,2.9,Hybrid,5.5
288,Jesse Diaz,4,7,3,1172,Female,Group B,35-44,2024-07-01,,,1,23.9,1-2 yr,1,151300.0,1.0052,4,3,High,78.9,7.8,16.7,Onsite,11.1
289,Amber Knapp,7,8,8,1834,Female,Group E,35-44,2024-09-03,,,1,21.8,1-2 yr,1,66000.0,0.9359,4,2,Medium,83.2,9.0,15.2,Onsite,21.5
290,Tiffany Eaton,12,1,12,2632,Male,Group D,25-34,2025-06-03,2026-03-20,Voluntary,0,9.5,<1 yr,0,13700.0,0.9085,4,3,High,34.8,14.9,5.6,Onsite,12.9
291,Robert Brock,4,3,3,2770,Female,Group C,45-54,2025-10-01,2026-01-07,Voluntary,0,3.2,<1 yr,0,84600.0,0.9733,4,3,High,44.3,13.4,12.5,Hybrid,8.9
292,Nancy Morris,4,5,3,288,Female,Group D,<25,2025-04-29,,,1,14.0,1-2 yr,1,86300.0,0.8308,4,3,High,81.8,4.5,0.0,Remote,14.0
293,Rachel Martinez,7,3,3,1391,Female,Group E,<25,2022-09-21,,,1,45.3,2-4 yr,2,83500.0,0.9607,3,2,Medium,79.8,3.8,7.6,Hybrid,4.3
294,Michael Davis,8,8,12,2084,Male,Group B,25-34,2023-10-14,2025-03-27,Involuntary,0,17.4,1-2 yr,1,52400.0,1.0505,4,3,High,56.5,10.6,16.9,Onsite,11.9
295,Miguel Wagner,7,1,7,553,Male,Group E,35-44,2026-03-28,,,1,3.1,<1 yr,0,66200.0,1.0267,5,2,Medium,58.9,12.4,2.7,Onsite,3.1
296,Kelsey Hansen,9,2,12,954,Female,Group A,25-34,2025-09-15,,,1,9.5,<1 yr,0,17400.0,0.9091,3,3,High,54.4,1.5,0.0,Remote,9.5
297,Shannon Stanley,9,2,6,1996,Female,Group B,35-44,2025-02-28,2026-06-19,Involuntary,0,15.6,1-2 yr,1,86400.0,0.9219,3,3,High,63.9,2.3,0.0,Remote,15.7
298,Eric Baker,10,7,6,1689,Male,Group A,25-34,2021-04-17,,,1,62.4,4-6 yr,3,217600.0,1.0792,3,3,High,62.7,3.5,37.2,Onsite,8.6
299,Steven Griffin,1,9,9,,Male,Group E,35-44,2020-01-04,,,1,77.8,6+ yr,4,268300.0,1.0827,4,3,High,66.7,3.7,5.0,Hybrid,3.0
300,Joseph Copeland,4,2,8,1506,Male,Group E,25-34,2024-03-21,,,1,27.3,2-4 yr,2,26100.0,0.9645,4,2,Medium,57.0,4.2,0.0,Remote,19.3
301,James Maldonado,4,6,12,1260,Male,Group D,35-44,2022-05-18,2026-01-11,Voluntary,0,43.8,2-4 yr,2,35300.0,1.0316,3,1,Low,78.9,6.4,19.5,Hybrid,3.2
302,Timothy Esparza,8,1,13,865,Female,Group D,35-44,2024-07-18,2025-10-26,Voluntary,0,15.3,1-2 yr,1,12700.0,0.9046,2,3,High,53.7,21.6,22.5,Onsite,23.4
303,Johnny Johnson,12,6,12,2450,Female,Group A,25-34,2020-12-31,,,1,65.9,4-6 yr,3,30800.0,0.9001,4,3,High,64.1,3.4,45.8,Onsite,13.0
304,Timothy Dillon,6,3,14,1285,Male,Group A,25-34,2024-12-27,,,1,18.1,1-2 yr,1,82800.0,1.041,4,2,Medium,68.3,14.2,9.9,Hybrid,10.4
305,Krystal Pratt,6,8,10,1966,Female,Group A,25-34,2024-11-18,,,1,19.3,1-2 yr,1,175500.0,1.0003,4,2,Medium,75.1,7.5,9.1,Hybrid,7.7
306,Melanie Cruz,9,6,3,834,Male,Group A,35-44,2023-02-26,,,1,40.1,2-4 yr,2,119300.0,0.9538,3,3,High,61.6,15.0,12.7,Hybrid,21.8
307,Nathan Ramirez,5,2,3,1990,Non-binary,Group A,25-34,2026-05-18,,,1,1.4,<1 yr,0,70200.0,1.0034,2,1,Low,66.7,8.0,5.6,Onsite,1.4
308,Blake Page,9,6,12,981,Female,Group D,35-44,2025-06-27,,,1,12.1,1-2 yr,1,34600.0,1.0111,3,3,High,90.1,12.4,17.6,Hybrid,12.1
309,Alexis Jimenez,9,3,12,954,Female,Group A,25-34,2022-11-29,,,1,43.0,2-4 yr,2,21800.0,0.9167,3,1,Low,47.3,2.2,8.1,Onsite,24.7
310,Keith Dixon,4,1,9,2666,Male,Group C,45-54,2024-06-16,,,1,24.4,2-4 yr,2,59400.0,0.9681,4,2,Medium,66.4,3.5,10.1,Onsite,4.9
311,Daniel Garcia,5,9,12,,Female,Group B,45-54,2020-09-01,,,1,69.9,4-6 yr,3,53700.0,0.8818,3,2,Medium,82.7,7.0,8.7,Hybrid,36.4
312,Charles Rogers,9,2,7,1,Female,Group D,25-34,2024-06-15,,,1,24.5,2-4 yr,2,68600.0,0.8382,4,2,Medium,66.4,6.8,11.8,Hybrid,4.1
313,Brittany Pacheco,12,5,9,240,Male,Group A,25-34,2022-01-03,,,1,53.8,4-6 yr,3,117800.0,1.0187,2,1,Low,73.4,2.5,13.3,Hybrid,5.5
314,Patrick Richards,4,1,13,1135,Male,Group C,35-44,2024-12-08,,,1,18.7,1-2 yr,1,16700.0,1.1895,2,1,Low,36.3,5.0,52.5,Onsite,18.7
315,Lisa Carpenter,4,1,13,419,Female,Group B,35-44,2024-12-24,,,1,18.2,1-2 yr,1,14400.0,1.0256,3,3,High,50.3,16.4,8.5,Onsite,17.9
316,William Knight,12,2,13,2632,Female,Group A,25-34,2025-08-27,2026-06-18,Involuntary,0,9.7,<1 yr,0,17200.0,0.9652,3,1,Low,69.9,27.6,0.0,Remote,10.1
317,Andrew Strickland,4,2,7,1734,Male,Group B,25-34,2026-03-30,,,1,3.0,<1 yr,0,84600.0,1.0337,4,3,High,77.2,12.9,52.8,Onsite,3.0
318,Aaron Williamson,4,3,1,2492,Male,Group C,<25,2026-04-12,2026-04-30,Involuntary,0,0.6,<1 yr,0,83900.0,1.0232,3,3,High,84.9,13.2,9.5,Onsite,2.6
319,Lauren Hayes,4,2,8,1506,Female,Group A,35-44,2025-08-13,,,1,10.5,<1 yr,0,25400.0,0.9387,4,1,Low,58.9,13.9,11.5,Onsite,10.5
320,Kim Harris,11,6,8,2565,Male,Group C,45-54,2020-12-06,,,1,66.8,4-6 yr,3,43900.0,0.9074,3,3,High,99.7,6.3,34.4,Onsite,14.5
321,John Davis,4,4,12,216,Female,Group E,25-34,2026-05-06,2026-06-19,Involuntary,0,1.4,<1 yr,0,23700.0,0.9966,3,2,Medium,48.7,9.2,15.0,Hybrid,1.8
322,Andrea Harris,8,2,7,2624,Male,Group E,35-44,2024-05-17,,,1,25.4,2-4 yr,2,78600.0,0.9604,2,3,High,72.6,8.1,14.5,Hybrid,24.4
323,Justin Black,11,3,12,1569,Male,Group D,45-54,2025-04-20,2026-02-04,Voluntary,0,9.5,<1 yr,0,24800.0,1.0429,4,3,High,68.8,4.3,1.0,Hybrid,14.3
324,Amber Cruz,5,8,5,2579,Male,Group B,35-44,2025-03-11,,,1,15.6,1-2 yr,1,162700.0,0.9652,2,2,Medium,67.3,6.9,0.0,Remote,14.6
325,Matthew Cox,1,1,5,106,Male,Group C,55+,2026-04-06,,,1,2.8,<1 yr,0,52800.0,1.0361,4,2,Medium,97.6,3.1,0.0,Remote,2.8
326,Danielle Hodge,11,4,13,1653,Male,Group B,25-34,2024-06-24,2026-03-20,Voluntary,0,20.8,1-2 yr,1,21000.0,0.9485,4,3,High,79.4,3.8,31.2,Onsite,24.2
327,Angela Walker,2,7,11,2195,Female,Group C,35-44,2022-03-09,,,1,51.7,4-6 yr,3,64900.0,0.9936,2,3,High,85.1,4.9,11.0,Onsite,7.3
328,John Harris,7,8,12,1384,Male,Group B,<25,2023-08-27,,,1,34.1,2-4 yr,2,53700.0,1.0766,3,2,Medium,74.9,21.1,13.4,Onsite,17.6
329,Jennifer Rivera,3,2,1,282,Male,Group A,45-54,2025-06-07,,,1,12.7,1-2 yr,1,78600.0,1.1909,5,3,High,63.9,4.0,23.1,Onsite,12.7
330,Monica Anderson MD,1,9,11,,Male,Group A,35-44,2025-02-27,,,1,16.0,1-2 yr,1,91700.0,0.9493,3,3,High,73.4,10.9,16.6,Hybrid,12.0
331,Robert Gregory,5,1,12,387,Female,Group A,35-44,2026-01-11,,,1,5.6,<1 yr,0,14100.0,0.935,4,3,High,91.1,6.5,9.9,Onsite,5.6
332,Kathryn Burke,12,4,7,917,Male,Group B,35-44,2023-05-30,,,1,37.0,2-4 yr,2,90900.0,0.894,4,2,Medium,60.6,18.2,13.6,Onsite,5.1
333,Derek Sanders,10,2,7,399,Male,Group A,25-34,2026-01-07,2026-06-09,Voluntary,0,5.0,<1 yr,0,78400.0,0.958,3,1,Low,89.3,12.5,0.0,Remote,5.7
334,Stephen Irwin,12,9,2,,Female,Group B,35-44,2023-12-28,,,1,30.1,2-4 yr,2,180500.0,0.9144,3,1,Low,58.7,1.4,13.8,Hybrid,11.6
335,Gabrielle Barber,10,3,5,1217,Male,Group A,<25,2025-12-20,,,1,6.3,<1 yr,0,81800.0,1.0179,3,2,Medium,49.4,8.7,0.0,Remote,6.3
336,Gerald Torres,11,6,4,928,Female,Group E,35-44,2021-10-14,,,1,56.5,4-6 yr,3,109000.0,1.0041,3,2,Medium,53.9,4.2,0.0,Remote,3.4
337,Craig Doyle,6,3,7,713,Female,Group E,25-34,2023-05-31,,,1,37.0,2-4 yr,2,106900.0,1.0513,4,2,Medium,64.1,5.8,8.3,Hybrid,27.3
338,Mary Johnson,7,5,13,2517,Male,Group E,25-34,2022-05-19,,,1,49.4,4-6 yr,3,28600.0,1.0809,4,2,Medium,73.5,2.1,0.0,Remote,15.0
339,Rebecca Hicks,10,1,3,2708,Female,Group B,45-54,2026-01-11,2026-06-11,Involuntary,0,5.0,<1 yr,0,53800.0,0.9761,4,1,Low,61.8,6.7,0.0,Remote,5.6
340,Lori Mcfarland,10,6,3,694,Female,Group C,45-54,2026-04-19,,,1,2.4,<1 yr,0,135700.0,1.0849,2,1,Low,74.9,9.6,0.0,Remote,2.4
341,Stephen Villanueva,5,3,11,1083,Non-binary,Group A,25-34,2022-11-13,,,1,43.5,2-4 yr,2,40600.0,1.0764,4,2,Medium,72.9,19.2,31.8,Hybrid,4.9
342,Matthew Douglas,2,2,3,269,Male,Group A,55+,2026-05-31,2026-06-15,Voluntary,0,0.5,<1 yr,0,63700.0,0.9105,4,3,High,89.0,17.2,5.7,Hybrid,1.0
343,Justin Hoffman,4,5,1,1692,Female,Group D,35-44,2021-11-03,,,1,55.8,4-6 yr,3,94600.0,0.9653,4,2,Medium,62.8,9.0,3.5,Hybrid,16.6
344,Antonio Romero,2,2,14,798,Female,Group C,25-34,2026-01-28,,,1,5.0,<1 yr,0,56300.0,0.8794,4,2,Medium,69.1,12.1,6.0,Hybrid,5.0
345,Jacqueline Palmer,11,1,12,75,Female,Group A,35-44,2025-03-16,2025-10-09,Voluntary,0,6.8,<1 yr,0,14700.0,0.9748,2,2,Medium,67.0,3.5,8.5,Hybrid,15.5
346,Tammy Lee,1,6,3,557,Non-binary,Group A,35-44,2026-02-03,2026-04-27,Voluntary,0,2.7,<1 yr,0,120000.0,0.9594,2,2,Medium,79.3,5.6,2.8,Hybrid,4.8
347,Tiffany Macdonald,2,2,4,269,Male,Group A,45-54,2024-03-08,2025-03-29,Voluntary,0,12.7,1-2 yr,1,60800.0,1.0013,3,3,High,63.1,5.7,4.0,Hybrid,5.6
348,Tyler Hall,10,3,5,399,Male,Group D,45-54,2024-10-31,,,1,19.9,1-2 yr,1,68800.0,0.8561,4,3,High,59.8,5.5,0.0,Remote,9.1
349,Joseph Pugh,5,5,11,2063,Male,Group B,35-44,2025-03-13,,,1,15.6,1-2 yr,1,41200.0,0.9139,3,2,Medium,83.8,10.5,6.4,Hybrid,8.7
350,Matthew Carroll,3,9,1,,Male,Group A,55+,2024-09-12,,,1,21.6,1-2 yr,1,203500.0,0.969,3,2,Medium,43.7,2.9,15.2,Hybrid,2.4
351,Brian Jackson,3,1,13,592,Female,Group A,35-44,2026-01-03,,,1,5.8,<1 yr,0,14600.0,1.0399,3,2,Medium,86.7,12.3,0.0,Remote,5.8
352,Richard Taylor,7,2,12,1314,Male,Group D,25-34,2024-08-26,,,1,22.1,1-2 yr,1,20000.0,1.0449,2,1,Low,59.8,1.8,0.0,Remote,16.1
353,Mark Cline,11,4,3,928,Male,Group A,45-54,2025-05-22,,,1,13.3,1-2 yr,1,81700.0,0.9399,2,1,Low,46.8,10.3,0.0,Remote,13.3
354,Carl Parks,6,1,11,1650,Male,Group C,45-54,2025-11-14,,,1,7.5,<1 yr,0,25300.0,1.0577,5,3,High,75.8,12.9,4.7,Hybrid,7.5
355,Melissa Cannon,3,6,3,1040,Female,Group A,45-54,2025-10-14,2026-06-09,Voluntary,0,7.8,<1 yr,0,118000.0,0.9434,3,2,Medium,57.9,8.8,32.5,Hybrid,8.5
356,Michael Bean,9,2,12,981,Female,Group A,35-44,2026-04-20,,,1,2.3,<1 yr,0,18300.0,0.9561,3,2,Medium,83.5,7.4,3.9,Hybrid,0.9
357,Pedro Wilson,8,6,7,2624,Male,Group B,45-54,2020-06-05,,,1,72.8,6+ yr,4,139600.0,0.9541,2,2,Medium,57.7,16.8,4.3,Hybrid,5.9
358,Yvonne White,3,3,11,279,Female,Group B,25-34,2023-02-09,,,1,40.6,2-4 yr,2,36300.0,0.9624,4,3,High,80.4,9.2,30.0,Onsite,8.3
359,Penny Gonzales,2,7,2,1460,Male,Group D,45-54,2025-02-12,,,1,16.5,1-2 yr,1,174100.0,1.3043,2,1,Low,78.3,12.0,0.0,Remote,4.8
360,Edwin Johnson,6,1,13,2462,Female,Group E,25-34,2025-07-25,,,1,11.2,<1 yr,0,13100.0,0.933,3,2,Medium,63.8,5.0,0.0,Remote,11.2
361,Erica Herman,3,6,9,2650,Male,Group B,55+,2024-12-13,,,1,18.5,1-2 yr,1,130300.0,0.9358,2,2,Medium,64.7,10.5,21.4,Onsite,18.3
362,Lauren Davis,1,3,11,589,Male,Group A,35-44,2023-07-05,2026-04-21,Voluntary,0,33.5,2-4 yr,2,43500.0,1.1532,3,2,Medium,66.6,11.6,20.2,Onsite,35.8
363,Rachel Burns,1,2,9,1447,Male,Group C,25-34,2025-12-27,2026-03-02,Voluntary,0,2.1,<1 yr,0,74100.0,0.9515,3,3,High,64.0,8.9,0.0,Remote,6.1
364,Henry Cameron,9,5,1,1675,Male,Group E,45-54,2026-01-21,,,1,5.3,<1 yr,0,94300.0,0.9622,4,3,High,62.6,9.5,5.0,Hybrid,5.3
365,Antonio White,7,4,5,553,Male,Group A,35-44,2024-03-22,,,1,27.3,2-4 yr,2,82900.0,1.0316,2,1,Low,95.4,5.6,0.0,Remote,27.3
366,Mary Scott,3,6,1,59,Male,Group B,35-44,2020-04-03,,,1,74.9,6+ yr,4,126600.0,1.0729,3,3,High,79.1,7.1,0.0,Remote,12.1
367,Charles Hatfield,7,2,12,937,Female,Group A,45-54,2024-08-09,,,1,22.7,1-2 yr,1,19400.0,1.0136,3,2,Medium,75.9,2.9,7.0,Hybrid,11.2
368,Angelica Fowler,1,3,14,842,Male,Group C,25-34,2022-12-05,,,1,42.8,2-4 yr,2,85500.0,1.0749,2,1,Low,74.6,15.3,0.0,Remote,2.6
369,Kenneth Wilkerson,2,5,2,2279,Male,Group C,25-34,2025-04-19,,,1,14.4,1-2 yr,1,92000.0,0.9987,3,2,Medium,67.8,4.4,3.0,Onsite,14.4
370,Dana Montoya,9,2,3,2667,Female,Group D,45-54,2024-06-03,,,1,24.9,2-4 yr,2,65800.0,0.9405,2,1,Low,65.8,6.0,0.0,Remote,24.9
371,Christine Vasquez,11,3,3,440,Female,Group A,25-34,2023-07-09,2024-11-04,Voluntary,0,15.9,1-2 yr,1,84000.0,0.9664,2,2,Medium,50.3,20.8,3.0,Onsite,19.1
372,Mitchell Price,7,2,4,1163,Male,Group A,55+,2024-01-16,,,1,29.4,2-4 yr,2,57500.0,0.947,2,3,High,80.0,1.5,18.3,Onsite,4.8
373,Angela Gomez,12,1,12,2450,Male,Group D,25-34,2024-12-13,,,1,18.5,1-2 yr,1,16700.0,1.1074,1,1,Low,63.8,2.7,5.8,Hybrid,18.5
374,Carolyn Norton,7,2,13,1314,Male,Group B,35-44,2023-10-22,,,1,32.3,2-4 yr,2,20000.0,1.1223,2,2,Medium,68.0,7.2,8.3,Onsite,15.5
375,Dr. Pam Brown,4,3,5,2492,Male,Group C,25-34,2025-08-27,,,1,10.1,<1 yr,0,84000.0,1.0453,4,3,High,58.3,15.2,0.0,Remote,10.1
376,Billy Clark,11,4,4,2714,Female,Group B,35-44,2024-07-08,,,1,23.7,1-2 yr,1,79100.0,1.0485,4,2,Medium,57.9,2.1,8.9,Hybrid,6.2
377,Tiffany Estes,10,3,1,399,Female,Group B,25-34,2024-07-09,2025-02-28,Involuntary,0,7.7,<1 yr,0,72100.0,0.8793,3,3,High,54.6,2.4,2.5,Onsite,15.7
378,Wendy Montoya,10,7,13,1203,Female,Group E,35-44,2020-04-08,,,1,74.7,6+ yr,4,31300.0,0.8164,3,3,High,79.0,4.9,12.6,Onsite,7.3
379,Alicia Barajas,11,4,12,2561,Male,Group A,35-44,2025-09-25,,,1,9.1,<1 yr,0,24300.0,1.0219,4,3,High,62.8,14.5,14.4,Onsite,9.1
380,Tammy Estes,12,5,12,1510,Male,Group B,25-34,2022-08-16,,,1,46.5,2-4 yr,2,30300.0,1.0662,4,3,High,78.2,15.6,1.5,Onsite,32.9
381,Kristen Noble,6,5,14,2695,Female,Group C,35-44,2025-11-04,,,1,7.8,<1 yr,0,78900.0,0.83,4,3,High,97.1,12.0,3.3,Hybrid,7.8
382,Robert Paul,4,8,9,136,Female,Group E,35-44,2025-03-03,,,1,15.9,1-2 yr,1,178600.0,0.88,4,3,High,69.3,7.6,17.7,Onsite,4.5
383,Paula Smith,2,1,8,935,Female,Group B,35-44,2026-02-16,,,1,4.4,<1 yr,0,20400.0,0.9568,4,1,Low,82.2,6.7,15.4,Hybrid,4.4
384,Gregory Ballard,12,6,3,749,Male,Group A,<25,2021-12-19,,,1,54.3,4-6 yr,3,128000.0,1.0233,3,3,High,71.1,3.6,0.0,Remote,9.4
385,Richard Johnson III,5,7,1,324,Male,Group C,35-44,2022-05-04,2024-06-15,Voluntary,0,25.4,2-4 yr,2,156100.0,1.0993,4,1,Low,78.4,1.5,35.3,Onsite,49.9
386,Nathan Nelson,12,2,4,1225,Female,Group D,<25,2024-11-30,,,1,19.0,1-2 yr,1,51700.0,0.8514,5,3,High,64.2,4.9,12.1,Onsite,19.0
387,Victor Clark,5,7,13,2555,Male,Group C,45-54,2026-01-13,,,1,5.5,<1 yr,0,34200.0,0.892,5,3,High,79.7,5.8,29.1,Onsite,5.5
388,Roy Adams,12,3,13,2450,Female,Group A,45-54,2024-03-01,,,1,28.0,2-4 yr,2,19400.0,0.8762,3,2,Medium,49.7,3.7,15.1,Hybrid,28.0
389,Angela Brown,1,4,3,557,Female,Group B,35-44,2022-05-07,,,1,49.8,4-6 yr,3,90000.0,1.0354,4,3,High,59.7,23.6,14.5,Onsite,6.6
390,Derrick Hanson,11,6,1,928,Female,Group B,25-34,2023-11-01,,,1,31.9,2-4 yr,2,112300.0,0.9517,5,2,Medium,78.7,29.0,9.3,Hybrid,31.9
391,Valerie Delacruz MD,10,1,12,153,Male,Group A,55+,2024-12-20,,,1,18.3,1-2 yr,1,14800.0,0.9814,3,2,Medium,72.6,7.2,5.1,Hybrid,9.3
392,Gregory Cochran,2,7,13,2195,Female,Group D,35-44,2024-07-05,,,1,23.8,1-2 yr,1,41400.0,1.0798,3,1,Low,92.8,8.3,3.3,Hybrid,23.8
393,Alec Giles,6,4,3,137,Female,Group B,25-34,2024-11-05,,,1,19.8,1-2 yr,1,79600.0,0.9158,3,3,High,70.3,2.4,0.0,Remote,19.8
394,Joshua Payne,11,6,12,645,Female,Group B,<25,2021-12-22,,,1,54.2,4-6 yr,3,34500.0,1.0082,2,2,Medium,69.0,6.2,0.0,Remote,6.8
395,Brian Vaughn,5,6,14,2412,Male,Group C,35-44,2023-04-24,,,1,38.2,2-4 yr,2,126600.0,1.1061,3,3,High,66.8,13.1,3.6,Hybrid,1.9
396,Ruth Ware,2,1,1,2596,Male,Group D,25-34,2026-04-24,2026-05-27,Voluntary,0,1.1,<1 yr,0,44700.0,0.8596,2,1,Low,58.6,9.0,3.3,Onsite,2.2
397,Michael Hall,12,3,4,1755,Male,Group B,55+,2022-12-18,2025-07-17,Voluntary,0,30.9,2-4 yr,2,85700.0,1.136,3,1,Low,84.9,19.1,17.8,Hybrid,10.8
398,Makayla Bowers,1,3,4,106,Female,Group B,35-44,2023-02-03,2025-05-06,Involuntary,0,27.0,2-4 yr,2,70600.0,0.9358,2,3,High,61.8,0.5,18.9,Onsite,18.4
399,Bradley Mccullough,10,7,3,2798,Male,Group A,45-54,2025-04-10,2026-04-05,Voluntary,0,11.8,<1 yr,0,134300.0,0.8922,2,2,Medium,55.6,10.6,9.9,Hybrid,3.2
400,Vanessa Clark,5,5,9,1370,Female,Group B,35-44,2023-08-13,2025-06-30,Voluntary,0,22.6,1-2 yr,1,111300.0,0.9625,3,3,High,77.4,16.1,0.0,Remote,15.7
401,Brooke Andrade,9,6,8,661,Female,Group C,25-34,2020-10-31,2023-05-05,Voluntary,0,30.1,2-4 yr,2,44900.0,0.9281,5,2,Medium,91.9,9.7,10.3,Hybrid,10.4
402,Emily Sanders,9,7,4,1175,Male,Group A,55+,2023-07-21,,,1,35.3,2-4 yr,2,139200.0,1.0655,5,3,High,87.2,5.5,9.7,Hybrid,4.5
403,James Ortega,9,5,12,954,Male,Group E,25-34,2021-06-12,2023-01-10,Voluntary,0,19.0,1-2 yr,1,30000.0,1.0556,2,3,High,39.7,4.9,10.0,Hybrid,8.5
404,Angela Parker,11,6,14,1569,Male,Group B,35-44,2022-05-17,,,1,49.4,4-6 yr,3,112100.0,0.9794,4,3,High,55.4,6.7,0.0,Remote,6.4
405,Megan Robinson,3,2,13,550,Female,Group B,35-44,2024-09-01,,,1,21.9,1-2 yr,1,17000.0,0.954,5,3,High,92.0,5.1,13.6,Hybrid,16.6
406,Cody Sullivan,8,7,12,186,Male,Group B,35-44,2024-10-18,,,1,20.4,1-2 yr,1,40100.0,0.9738,3,3,High,67.2,2.6,9.6,Onsite,20.4
407,Jeffrey Livingston,12,2,11,1363,Female,Group B,45-54,2023-11-04,,,1,31.8,2-4 yr,2,30400.0,1.0013,2,2,Medium,37.2,10.6,10.8,Onsite,17.4
408,Anna Wolfe,11,3,5,625,Male,Group D,35-44,2025-07-10,,,1,11.7,<1 yr,0,76800.0,0.9557,4,2,Medium,80.2,9.8,0.0,Remote,5.2
409,Brandon Wright,4,4,12,115,Male,Group D,<25,2022-09-06,2024-06-25,Voluntary,0,21.6,1-2 yr,1,21700.0,0.9125,4,3,High,56.6,13.6,4.3,Onsite,17.5
410,Edwin White,6,1,3,2751,Male,Group C,35-44,2025-01-25,,,1,17.1,1-2 yr,1,52400.0,0.9507,4,3,High,73.4,14.1,14.1,Onsite,10.1
411,Kyle Rogers,6,6,13,1958,Female,Group A,45-54,2026-01-05,2026-06-08,Involuntary,0,5.1,<1 yr,0,30800.0,0.9667,2,2,Medium,81.8,1.9,9.5,Hybrid,5.8
412,Stephanie Simmons,11,3,8,2149,Male,Group B,35-44,2024-01-16,,,1,29.4,2-4 yr,2,32700.0,0.9726,5,3,High,81.0,12.2,3.3,Hybrid,1.0
413,Brittany Travis,4,2,10,2693,Male,Group B,45-54,2025-05-09,,,1,13.7,1-2 yr,1,59600.0,0.8853,3,1,Low,76.7,4.3,6.4,Hybrid,8.9
414,Jay Rios,4,1,3,723,Male,Group A,55+,2025-01-04,,,1,17.8,1-2 yr,1,51900.0,0.9416,1,3,High,88.3,5.0,49.2,Hybrid,13.9
415,Angela Thomas,6,1,11,272,Female,Group A,45-54,2024-08-11,,,1,22.6,1-2 yr,1,19700.0,0.8236,3,1,Low,57.0,9.0,0.0,Remote,10.1
416,Amy Giles,4,3,12,1135,Female,Group B,25-34,2026-02-01,,,1,4.9,<1 yr,0,23200.0,0.9756,3,2,Medium,65.3,8.0,2.0,Hybrid,4.9
417,Ashley Carpenter,5,7,2,324,Female,Group B,35-44,2021-02-28,2022-06-05,Voluntary,0,15.2,1-2 yr,1,131200.0,0.9829,4,1,Low,53.2,12.6,0.0,Remote,16.4
418,Douglas Nash,10,2,9,747,Male,Group C,45-54,2024-09-25,,,1,21.1,1-2 yr,1,81300.0,1.0439,5,3,High,73.9,9.0,34.4,Hybrid,19.1
419,Troy Mack,4,7,13,131,Female,Group B,35-44,2022-01-11,2023-08-18,Voluntary,0,19.2,1-2 yr,1,35300.0,0.9207,4,3,High,71.7,8.1,10.1,Hybrid,16.4
420,Alvin Mays,4,4,14,216,Female,Group E,<25,2026-05-06,2026-06-16,Voluntary,0,1.3,<1 yr,0,78400.0,0.9857,4,3,High,65.1,7.3,2.6,Hybrid,1.8
421,Robin James,1,5,3,106,Female,Group C,35-44,2025-12-01,,,1,6.9,<1 yr,0,93000.0,0.8953,3,3,High,43.5,9.3,4.6,Onsite,6.9
422,Christopher Valencia,7,4,10,1486,Male,Group A,35-44,2025-12-07,,,1,6.7,<1 yr,0,91500.0,1.094,3,2,Medium,68.6,2.8,6.0,Onsite,6.7
423,Jason Sanchez,3,2,4,1040,Female,Group B,45-54,2023-09-08,,,1,33.7,2-4 yr,2,59400.0,0.9783,2,3,High,77.9,7.2,8.0,Hybrid,13.0
424,Jennifer Klein,6,4,9,886,Female,Group B,35-44,2024-10-31,,,1,19.9,1-2 yr,1,95000.0,0.9818,2,2,Medium,100.0,8.3,4.0,Hybrid,8.9
425,Clifford Ross,5,5,6,508,Female,Group A,55+,2021-07-26,,,1,59.1,4-6 yr,3,127500.0,0.9162,3,2,Medium,87.9,16.3,7.6,Hybrid,12.9
426,Julie Ortiz,9,3,14,981,Female,Group A,25-34,2023-05-18,,,1,37.4,2-4 yr,2,72000.0,0.9052,4,3,High,90.2,3.4,0.0,Remote,12.4
427,Nancy Knight,2,8,4,1642,Male,Group B,25-34,2025-08-24,,,1,10.2,<1 yr,0,154300.0,0.9751,5,2,Medium,58.4,5.0,7.0,Hybrid,8.3
428,William Wilkinson,5,5,13,2412,Female,Group A,<25,2025-06-18,,,1,12.4,1-2 yr,1,26400.0,0.9977,4,3,High,87.7,2.8,6.1,Hybrid,12.4
429,Judy Lowe,10,1,12,153,Female,Group B,25-34,2026-01-16,,,1,5.4,<1 yr,0,15000.0,0.9947,3,2,Medium,61.5,6.4,18.6,Onsite,5.4
430,Matthew Daugherty,12,6,4,1755,Female,Group D,45-54,2023-06-07,,,1,36.8,2-4 yr,2,99200.0,0.9138,3,1,Low,62.6,2.8,17.4,Onsite,12.1
431,Maria Bradford,12,6,6,1483,Male,Group B,55+,2022-08-04,,,1,46.8,2-4 yr,2,167200.0,0.9979,3,2,Medium,95.3,10.7,11.9,Hybrid,10.4
432,Ricky Ashley,1,3,2,2324,Non-binary,Group E,<25,2024-12-17,,,1,18.4,1-2 yr,1,78500.0,1.0184,4,2,Medium,80.3,10.8,16.7,Onsite,6.2
433,Michelle Young,4,4,9,2750,Female,Group A,35-44,2024-08-04,,,1,22.8,1-2 yr,1,88600.0,0.9157,3,2,Medium,60.0,5.4,2.7,Hybrid,2.9
434,Faith Houston,8,3,13,1807,Male,Group C,45-54,2025-10-14,2025-12-12,Involuntary,0,1.9,<1 yr,0,22900.0,1.0343,2,2,Medium,51.2,2.0,24.0,Hybrid,8.5
435,Timothy Rodriguez,8,3,7,2624,Female,Group D,35-44,2025-07-15,,,1,11.5,<1 yr,0,90400.0,0.8891,3,2,Medium,100.0,3.2,0.0,Remote,11.5
436,Kimberly Murphy,10,2,3,399,Male,Group A,<25,2024-07-03,,,1,23.9,1-2 yr,1,78900.0,1.1278,4,2,Medium,63.0,10.1,0.0,Remote,5.7
437,David Walter,10,3,3,399,Male,Group E,<25,2025-09-19,,,1,9.3,<1 yr,0,90600.0,1.0423,3,3,High,79.5,15.5,0.0,Remote,9.3
438,Timothy Warren,3,2,12,1112,Female,Group C,35-44,2025-10-02,2026-06-15,Voluntary,0,8.4,<1 yr,0,15000.0,0.7837,4,3,High,48.9,5.6,16.0,Hybrid,7.9
439,Rachel Griffin,2,7,1,2694,Female,Group C,25-34,2026-01-02,,,1,5.9,<1 yr,0,127000.0,0.8944,3,1,Low,53.3,11.5,6.3,Hybrid,5.9
440,Kristin Stevens,11,7,3,2345,Female,Group B,55+,2023-01-28,,,1,41.0,2-4 yr,2,156000.0,1.0364,4,2,Medium,65.3,4.9,22.3,Onsite,9.2
441,Scott Rose,6,1,13,2695,Male,Group B,25-34,2024-10-17,,,1,20.4,1-2 yr,1,15000.0,1.0684,2,3,High,80.6,7.6,15.8,Hybrid,20.4
442,Michael Medina,4,4,3,1971,Female,Group C,25-34,2022-11-03,,,1,43.9,2-4 yr,2,78100.0,0.8985,4,2,Medium,68.7,2.8,0.0,Remote,21.6
443,Susan Perez,2,7,11,427,Male,Group D,45-54,2022-04-30,,,1,50.0,4-6 yr,3,60200.0,0.9216,1,1,Low,61.1,5.7,6.6,Hybrid,12.8
444,Scott Hall,4,3,13,1948,Female,Group E,25-34,2025-12-27,,,1,6.1,<1 yr,0,21300.0,0.9621,3,2,Medium,65.7,4.9,15.0,Onsite,6.1
445,Christine Miller,10,3,8,2099,Male,Group D,25-34,2023-06-04,,,1,36.9,2-4 yr,2,35600.0,1.0589,5,1,Low,61.4,6.7,10.1,Hybrid,36.9
446,Dale Rogers,9,2,13,981,Male,Group D,25-34,2024-06-06,,,1,24.8,2-4 yr,2,18700.0,1.0494,4,3,High,79.0,14.7,0.0,Remote,14.3
447,Shelby Scott,10,2,1,399,Female,Group B,35-44,2024-04-06,,,1,26.8,2-4 yr,2,57200.0,0.8667,4,3,High,52.5,18.8,24.2,Onsite,9.1
448,Miguel Kemp,5,3,13,2412,Female,Group A,55+,2025-12-14,,,1,6.5,<1 yr,0,23300.0,1.0524,3,2,Medium,84.7,20.3,1.5,Hybrid,6.5
449,Joshua Mann,1,8,3,2692,Male,Group A,35-44,2021-07-12,,,1,59.6,4-6 yr,3,178100.0,0.9769,2,2,Medium,68.6,3.6,4.3,Onsite,32.2
450,Jill Wallace,5,9,12,,Female,Group C,25-34,2023-12-25,,,1,30.2,2-4 yr,2,62800.0,1.0312,3,3,High,83.3,5.1,0.0,Remote,10.9
451,Jennifer Phillips,7,4,10,1486,Female,Group B,55+,2025-01-15,,,1,17.4,1-2 yr,1,70200.0,0.8393,3,3,High,94.6,3.1,1.6,Onsite,3.9
452,Sarah Young,9,5,4,2667,Female,Group A,35-44,2022-03-10,2023-03-04,Voluntary,0,11.8,<1 yr,0,96000.0,1.0648,3,2,Medium,65.8,2.9,6.4,Onsite,9.9
453,Erica Knight,9,9,12,,Female,Group D,35-44,2024-03-06,2024-10-30,Voluntary,0,7.8,<1 yr,0,55400.0,0.9097,3,3,High,49.1,14.2,28.3,Onsite,27.8
454,Michael York,12,1,12,1510,Male,Group B,35-44,2025-02-10,2025-05-23,Involuntary,0,3.4,<1 yr,0,15600.0,1.0345,3,2,Medium,77.2,7.4,5.9,Onsite,8.3
455,Andrew Phillips,9,1,5,1482,Female,Group A,35-44,2026-05-13,,,1,1.6,<1 yr,0,53300.0,1.0459,3,3,High,73.8,10.9,0.0,Remote,1.6
456,Andrea Gallagher,9,8,6,231,Female,Group D,25-34,2024-04-07,,,1,26.7,2-4 yr,2,259300.0,1.0617,3,3,High,61.5,11.4,8.2,Onsite,13.9
457,Mark Miller,1,5,6,284,Non-binary,Group A,55+,2021-09-14,,,1,57.5,4-6 yr,3,115500.0,0.83,5,3,High,83.4,4.2,1.6,Hybrid,13.8
458,Troy Brown,12,4,2,1019,Female,Group D,35-44,2023-12-19,,,1,30.4,2-4 yr,2,75300.0,0.9769,2,2,Medium,57.4,4.5,4.7,Hybrid,19.1
459,Corey Summers,7,3,13,1314,Male,Group A,25-34,2025-01-03,,,1,17.8,1-2 yr,1,24000.0,1.084,3,2,Medium,73.5,8.7,11.2,Hybrid,17.8
460,Johnny Bell,2,6,12,1803,Male,Group D,25-34,2021-07-18,,,1,59.4,4-6 yr,3,32500.0,0.9497,3,3,High,84.3,16.3,11.7,Hybrid,13.2
461,Paula Humphrey,4,1,13,216,Male,Group A,35-44,2025-04-11,,,1,14.6,1-2 yr,1,14900.0,1.0613,2,2,Medium,75.6,7.3,10.3,Hybrid,14.6
462,Renee Martin,12,2,11,1777,Male,Group B,35-44,2023-12-02,,,1,30.9,2-4 yr,2,30300.0,0.998,5,3,High,53.9,7.5,19.3,Onsite,3.5
463,George Vargas,6,2,12,2462,Female,Group B,35-44,2024-11-24,,,1,19.2,1-2 yr,1,17900.0,0.9352,2,2,Medium,92.5,1.4,29.0,Onsite,10.0
464,Shawn Yoder,3,2,5,59,Female,Group B,45-54,2025-09-20,,,1,9.3,<1 yr,0,61300.0,0.9477,3,1,Low,79.9,33.0,0.0,Remote,9.3
465,Lauren Matthews,3,2,13,1893,Male,Group B,55+,2025-10-26,2026-01-25,Voluntary,0,3.0,<1 yr,0,17100.0,0.9596,5,3,High,62.7,9.9,8.7,Onsite,8.1
466,Richard Johnson,1,2,13,842,Female,Group C,25-34,2023-07-19,,,1,35.4,2-4 yr,2,17600.0,0.9877,3,3,High,87.0,2.9,0.0,Remote,25.2
467,Angela Suarez DDS,6,2,13,1285,Female,Group D,55+,2024-06-07,,,1,24.7,2-4 yr,2,16200.0,0.9091,5,3,High,51.6,15.0,0.0,Remote,7.6
468,Carlos Reynolds,8,1,11,2405,Female,Group A,<25,2025-05-21,,,1,13.3,1-2 yr,1,23700.0,0.9908,5,3,High,81.8,12.3,14.4,Hybrid,3.0
469,David West,4,2,11,2693,Male,Group E,25-34,2023-07-24,2025-10-17,Voluntary,0,26.8,2-4 yr,2,26800.0,0.8827,3,1,Low,54.4,12.8,16.2,Onsite,5.0
470,Caitlin Tran,10,7,9,1213,Female,Group D,<25,2019-08-30,2024-03-10,Voluntary,0,54.3,4-6 yr,3,164900.0,0.9841,4,2,Medium,34.7,7.1,0.7,Hybrid,33.3
471,Cheyenne Rios,1,4,3,2324,Male,Group A,25-34,2022-08-08,,,1,46.7,2-4 yr,2,91100.0,1.0481,3,2,Medium,67.1,6.2,11.6,Onsite,33.6
472,Nathaniel West,1,3,11,2455,Female,Group D,<25,2025-11-29,2026-04-02,Voluntary,0,4.1,<1 yr,0,38200.0,1.0127,4,3,High,96.9,6.8,6.5,Onsite,7.0
473,Lori Leonard,12,9,12,,Male,Group D,35-44,2024-02-27,,,1,28.1,2-4 yr,2,58800.0,0.9655,3,3,High,85.4,7.5,8.8,Hybrid,18.7
474,Kenneth Clark,10,3,10,747,Female,Group A,45-54,2026-03-17,,,1,3.4,<1 yr,0,84100.0,1.0055,3,2,Medium,80.2,11.0,9.6,Hybrid,3.4
475,Ryan Holt Jr.,4,4,2,1692,Female,Group C,45-54,2025-11-13,,,1,7.5,<1 yr,0,84600.0,1.0976,3,2,Medium,43.4,5.0,4.5,Onsite,7.4
476,Erica Diaz,12,4,14,2632,Male,Group B,35-44,2026-05-25,,,1,1.2,<1 yr,0,71900.0,0.9039,4,3,High,88.1,5.4,10.2,Hybrid,1.2
477,Lisa Evans,9,3,3,1996,Female,Group C,<25,2023-01-11,,,1,41.6,2-4 yr,2,88400.0,1.017,4,3,High,65.7,9.1,0.0,Remote,4.4
478,Austin Green,5,2,7,1091,Male,Group C,35-44,2024-09-24,,,1,21.2,1-2 yr,1,84400.0,1.0313,2,2,Medium,55.6,4.2,0.0,Remote,19.2
479,Tracey May,9,1,14,954,Female,Group B,35-44,2025-10-21,2026-04-22,Involuntary,0,6.0,<1 yr,0,53000.0,1.0508,2,2,Medium,57.6,4.9,0.0,Remote,8.3
480,Terrence Banks,3,1,6,1040,Female,Group E,35-44,2025-07-13,,,1,11.6,<1 yr,0,77900.0,1.055,3,2,Medium,71.3,8.8,22.0,Onsite,7.8
481,Benjamin Tucker,4,3,12,115,Female,Group B,45-54,2023-06-09,,,1,36.7,2-4 yr,2,21300.0,0.8957,3,2,Medium,71.3,11.2,0.0,Remote,8.7
482,Christopher Sutton,2,4,3,2596,Female,Group D,25-34,2022-05-15,2023-09-16,Voluntary,0,16.1,1-2 yr,1,79800.0,0.9181,3,3,High,61.5,8.6,7.1,Onsite,12.7
483,Amber Russell,11,2,1,2714,Male,Group B,35-44,2024-01-08,,,1,29.7,2-4 yr,2,62900.0,0.953,3,3,High,87.8,17.1,14.8,Hybrid,17.9
484,Virginia Cain,9,8,1,2144,Female,Group B,35-44,2018-07-20,,,1,95.3,6+ yr,4,179900.0,1.0459,4,2,Medium,78.1,10.6,6.4,Hybrid,9.3
485,Jonathan Taylor,2,1,12,798,Female,Group C,55+,2026-02-14,,,1,4.5,<1 yr,0,14700.0,0.9748,3,3,High,63.4,3.4,0.0,Remote,4.5
486,Brenda Walton,5,2,10,1370,Female,Group C,35-44,2025-12-19,,,1,6.3,<1 yr,0,65900.0,0.9789,3,3,High,84.2,2.9,0.0,Remote,6.3
487,Peter Powers,5,5,12,1061,Male,Group E,25-34,2025-03-20,2025-07-15,Involuntary,0,3.8,<1 yr,0,33300.0,1.1717,2,1,Low,60.6,1.7,2.2,Hybrid,13.5
488,Amanda Bryant,4,7,13,131,Male,Group A,35-44,2019-04-25,,,1,86.2,6+ yr,4,40000.0,1.0433,3,2,Medium,83.9,9.6,16.4,Hybrid,14.1
489,Cynthia Best,1,6,8,284,Female,Group C,45-54,2024-10-15,,,1,20.5,1-2 yr,1,54100.0,1.1182,3,2,Medium,87.7,8.8,33.0,Onsite,11.2
490,Mary Foley,12,3,12,1510,Male,Group C,35-44,2024-07-18,2026-02-17,Voluntary,0,19.0,1-2 yr,1,24100.0,1.0135,1,1,Low,70.1,3.5,3.5,Hybrid,18.3
491,Randy Schmitt,2,2,10,443,Female,Group B,25-34,2023-07-14,,,1,35.5,2-4 yr,2,70700.0,1.0502,5,3,High,76.5,4.6,9.9,Hybrid,5.6
492,Dr. Lori Rodriguez,6,1,3,2447,Male,Group D,25-34,2025-04-07,2025-12-04,Involuntary,0,7.9,<1 yr,0,60100.0,1.0903,1,1,Low,47.7,5.4,0.0,Remote,3.6
493,Donald Mann,10,5,1,298,Male,Group A,55+,2025-04-03,,,1,14.9,1-2 yr,1,106000.0,1.0816,4,1,Low,55.6,9.3,20.8,Onsite,4.9
494,Daniel Mora,6,1,9,272,Female,Group A,25-34,2024-10-04,,,1,20.8,1-2 yr,1,58800.0,0.9583,3,3,High,64.9,4.5,13.9,Hybrid,6.1
495,Erica Wright,4,3,13,115,Male,Group A,25-34,2022-06-01,,,1,48.9,4-6 yr,3,21600.0,0.9756,3,3,High,52.9,2.4,27.7,Onsite,25.1
496,Steven Ferguson,6,2,5,2751,Male,Group C,25-34,2023-12-20,,,1,30.3,2-4 yr,2,66500.0,1.0281,3,3,High,100.0,5.7,0.0,Remote,16.8
497,Joe Franklin,2,2,14,798,Female,Group D,25-34,2024-07-06,,,1,23.8,1-2 yr,1,63800.0,0.9966,3,1,Low,56.5,9.7,19.7,Onsite,3.7
498,Thomas Smith,6,5,10,886,Female,Group C,45-54,2025-11-23,,,1,7.2,<1 yr,0,105500.0,1.0554,2,3,High,81.0,3.2,10.4,Hybrid,7.2
499,Alexis Reid,4,3,11,2750,Male,Group C,35-44,2024-02-17,,,1,28.4,2-4 yr,2,35400.0,0.9385,2,1,Low,82.7,5.4,20.8,Onsite,4.2
500,Hunter Sanchez,11,5,12,1881,Female,Group C,35-44,2022-07-10,2023-03-04,Voluntary,0,7.8,<1 yr,0,24000.0,0.8445,4,3,High,76.4,9.5,0.9,Onsite,16.9
501,Spencer Keith,8,3,7,201,Male,Group A,25-34,2023-04-22,,,1,38.3,2-4 yr,2,94300.0,0.9274,4,2,Medium,82.9,7.6,10.6,Hybrid,18.2
502,Sarah Barron,4,3,14,216,Female,Group E,<25,2024-01-06,,,1,29.8,2-4 yr,2,72900.0,0.9165,2,3,High,60.5,1.3,10.1,Hybrid,29.8
503,Karina Holmes,4,1,1,2492,Male,Group A,25-34,2025-07-05,,,1,11.8,<1 yr,0,54200.0,1.0423,2,1,Low,98.3,7.3,12.8,Hybrid,3.0
504,Donna Jones,3,6,2,2213,Male,Group A,45-54,2020-06-29,2024-11-21,Involuntary,0,52.8,4-6 yr,3,110000.0,0.9917,2,2,Medium,66.0,3.5,11.6,Onsite,23.8
505,Stephanie Andrews,7,4,8,1486,Male,Group A,55+,2025-07-13,,,1,11.6,<1 yr,0,38500.0,1.1452,3,1,Low,64.2,8.5,10.2,Hybrid,6.0
506,Daisy Ho,3,8,3,975,Female,Group A,45-54,2023-12-02,,,1,30.9,2-4 yr,2,188900.0,1.0361,3,3,High,59.3,13.2,5.2,Hybrid,29.6
507,Justin Mckinney,1,2,8,2488,Male,Group B,45-54,2024-06-24,2025-04-01,Voluntary,0,9.2,<1 yr,0,24800.0,0.9165,2,1,Low,63.9,1.4,13.6,Hybrid,2.6
508,Jeffrey Espinoza,5,7,6,324,Female,Group A,45-54,2025-05-18,,,1,13.4,1-2 yr,1,199700.0,0.9904,4,3,High,76.4,5.8,19.3,Onsite,13.4
509,Daniel Swanson,5,2,5,1990,Male,Group A,45-54,2025-03-03,2025-09-10,Voluntary,0,6.3,<1 yr,0,56600.0,0.8751,3,3,High,62.9,4.6,0.0,Remote,0.7
510,Deborah Yoder,11,2,1,928,Female,Group D,<25,2025-09-22,,,1,9.2,<1 yr,0,65700.0,0.9955,3,3,High,77.4,10.7,22.0,Onsite,9.2
511,Kenneth Jones,6,5,12,2695,Female,Group D,35-44,2022-06-25,2024-12-04,Voluntary,0,29.3,2-4 yr,2,28800.0,1.0134,3,3,High,56.5,12.0,9.5,Onsite,0.8
512,Shawn Norman,8,4,9,2405,Male,Group B,45-54,2025-10-18,,,1,8.4,<1 yr,0,94800.0,0.9797,3,2,Medium,56.3,5.7,11.2,Hybrid,7.7
513,Peter Adams,10,4,1,399,Male,Group A,35-44,2024-07-04,,,1,23.9,1-2 yr,1,98200.0,1.1976,4,3,High,78.9,9.6,2.3,Hybrid,7.8
514,Teresa Lopez,8,6,12,1807,Male,Group D,25-34,2026-02-06,,,1,4.7,<1 yr,0,36800.0,1.0754,3,3,High,47.8,8.5,4.5,Hybrid,4.7
515,Linda White,11,9,13,,Female,Group E,25-34,2023-04-13,,,1,38.6,2-4 yr,2,52900.0,0.933,4,3,High,83.7,12.8,20.3,Onsite,5.2
516,Kathleen Gray,10,4,4,1217,Male,Group E,55+,2024-07-24,,,1,23.2,1-2 yr,1,75800.0,1.0048,3,2,Medium,57.0,3.5,3.9,Hybrid,23.2
517,Lori Holt,5,9,7,,Male,Group B,25-34,2022-02-21,,,1,52.2,4-6 yr,3,295700.0,1.1356,5,3,High,77.6,16.3,0.0,Remote,7.5
518,Cody Marquez,5,3,7,1091,Female,Group E,25-34,2022-06-07,2023-09-08,Voluntary,0,15.0,1-2 yr,1,91900.0,0.9038,3,3,High,57.6,37.4,12.0,Hybrid,6.0
519,Ryan Ellis,11,8,5,2782,Female,Group A,25-34,2019-04-04,2025-02-07,Involuntary,0,70.2,4-6 yr,3,166500.0,0.9878,3,2,Medium,79.9,12.5,0.0,Remote,18.4
520,Debra Carlson,6,5,1,166,Male,Group E,25-34,2022-08-06,2024-12-25,Voluntary,0,28.6,2-4 yr,2,96200.0,0.9816,4,3,High,61.4,4.0,8.5,Onsite,26.8
521,Beth Young,6,2,14,1958,Male,Group C,25-34,2023-08-08,,,1,34.7,2-4 yr,2,71400.0,1.1153,3,2,Medium,71.7,1.7,30.5,Hybrid,11.2
522,Ashley Harrison,2,4,6,1432,Non-binary,Group A,<25,2024-05-10,,,1,25.7,2-4 yr,2,109600.0,0.9413,3,2,Medium,71.0,7.4,0.0,Remote,25.7
523,Kristine Campbell,6,5,1,191,Male,Group A,55+,2024-12-22,,,1,18.2,1-2 yr,1,104500.0,1.0663,4,3,High,62.5,11.8,8.4,Onsite,18.2
524,Veronica Edwards,11,5,12,1881,Female,Group B,35-44,2026-01-13,,,1,5.5,<1 yr,0,30000.0,1.0556,4,2,Medium,65.4,6.0,10.8,Hybrid,5.5
525,Tina Smith,9,1,8,661,Male,Group C,25-34,2024-11-09,,,1,19.6,1-2 yr,1,22000.0,1.0319,3,2,Medium,60.6,7.6,9.7,Onsite,10.3
526,James Flores,3,2,7,59,Male,Group A,35-44,2026-02-20,,,1,4.3,<1 yr,0,91500.0,1.118,4,3,High,79.0,6.5,8.0,Onsite,4.3
527,Calvin Yates,1,5,14,2488,Male,Group E,45-54,2022-11-26,2024-11-19,Involuntary,0,23.8,1-2 yr,1,89500.0,0.9415,2,3,High,70.1,6.1,14.4,Hybrid,31.5
528,Katherine Gonzalez,12,8,7,334,Male,Group C,45-54,2025-11-20,,,1,7.3,<1 yr,0,220900.0,1.0357,2,3,High,81.5,5.8,3.9,Hybrid,7.3
529,Scott Zamora,12,2,8,2728,Male,Group C,45-54,2024-04-07,,,1,26.7,2-4 yr,2,24200.0,0.8943,2,1,Low,65.2,7.5,9.7,Onsite,25.9
530,Hector Park,4,3,6,723,Female,Group A,55+,2026-05-12,2026-05-26,Involuntary,0,0.5,<1 yr,0,101500.0,0.8717,3,1,Low,53.7,14.2,0.0,Remote,1.6
531,Zachary Dixon,10,3,3,1217,Female,Group B,<25,2024-08-05,,,1,22.8,1-2 yr,1,83700.0,0.963,3,3,High,87.1,3.4,21.4,Onsite,4.6
532,Joseph Medina,4,4,3,1734,Male,Group E,<25,2023-11-16,,,1,31.4,2-4 yr,2,89400.0,1.0285,3,2,Medium,70.0,13.4,26.2,Onsite,7.7
533,Brandon Cox,8,7,12,294,Male,Group E,45-54,2020-06-24,,,1,72.2,6+ yr,4,38600.0,0.9373,5,3,High,45.2,6.3,6.5,Onsite,17.7
534,Melissa Sampson,12,3,13,1510,Male,Group A,35-44,2024-01-14,,,1,29.5,2-4 yr,2,25400.0,1.1472,5,2,Medium,67.8,6.4,0.0,Remote,29.5
535,Charles Wilson,1,5,13,2488,Female,Group C,25-34,2023-05-01,2025-03-26,Involuntary,0,22.8,1-2 yr,1,23900.0,0.9033,3,2,Medium,40.5,13.2,5.3,Hybrid,3.7
536,Heather Sanders,3,2,8,1112,Male,Group E,45-54,2024-10-23,,,1,20.2,1-2 yr,1,28700.0,1.0606,3,1,Low,89.3,11.4,9.1,Hybrid,20.2
537,Rodney Gray,11,1,12,1836,Male,Group E,45-54,2025-05-18,2026-01-10,Voluntary,0,7.8,<1 yr,0,15100.0,1.0013,3,2,Medium,55.8,4.0,11.2,Hybrid,13.4
538,Amber Acosta,6,7,4,1236,Non-binary,Group A,25-34,2025-11-07,2026-01-16,Voluntary,0,2.3,<1 yr,0,109700.0,0.8397,3,2,Medium,86.7,8.8,2.0,Hybrid,7.7
539,Melissa Davis,4,2,6,723,Female,Group A,35-44,2025-01-08,2025-11-05,Voluntary,0,9.9,<1 yr,0,84900.0,0.9059,4,1,Low,71.0,3.8,6.6,Onsite,9.1
540,Ariel Goodman,1,2,8,204,Male,Group D,25-34,2025-07-31,2025-10-22,Involuntary,0,2.7,<1 yr,0,27400.0,1.0126,2,2,Medium,66.7,8.1,4.4,Hybrid,2.4
541,David Barnes,1,4,11,2455,Female,Group D,45-54,2022-08-30,,,1,46.0,2-4 yr,2,36800.0,0.9756,4,3,High,61.2,3.9,16.5,Hybrid,6.4
542,Anthony Williams,7,4,11,1486,Female,Group E,35-44,2022-07-25,2024-11-19,Voluntary,0,27.9,2-4 yr,2,37000.0,0.9809,2,2,Medium,65.1,7.6,10.7,Hybrid,1.2
543,Eric Combs,6,3,1,1899,Male,Group A,25-34,2024-09-03,2025-11-16,Voluntary,0,14.4,1-2 yr,1,93600.0,1.1415,2,1,Low,64.4,6.2,4.5,Hybrid,5.7
544,Christopher Randall,1,5,5,204,Male,Group B,35-44,2022-03-14,,,1,51.5,4-6 yr,3,100600.0,1.0475,3,2,Medium,57.4,4.4,0.0,Remote,24.5
545,Lindsey Davis,11,3,10,1742,Male,Group A,35-44,2022-07-30,,,1,47.0,2-4 yr,2,77300.0,0.9242,3,3,High,100.0,2.8,4.2,Onsite,28.6
546,Teresa Lawson,4,5,4,607,Male,Group A,55+,2023-07-11,,,1,35.6,2-4 yr,2,90500.0,1.0038,3,2,Medium,49.5,1.1,0.0,Remote,12.6
547,Eric Yoder,9,2,9,1746,Female,Group D,45-54,2023-09-25,,,1,33.1,2-4 yr,2,75900.0,0.9746,3,3,High,66.6,10.6,16.3,Onsite,15.1
548,Matthew Clark,12,3,11,240,Male,Group D,25-34,2022-12-20,,,1,42.3,2-4 yr,2,34500.0,0.9146,2,3,High,40.3,7.8,5.7,Hybrid,19.5
549,Jared Flores,10,5,12,1196,Male,Group A,35-44,2025-11-27,,,1,7.1,<1 yr,0,24900.0,0.8761,4,2,Medium,84.0,1.0,3.2,Onsite,7.1
550,Michael Rodriguez,3,7,12,624,Female,Group A,25-34,2024-10-01,,,1,20.9,1-2 yr,1,38100.0,0.9252,4,3,High,75.5,7.7,0.0,Remote,14.7
551,Marissa Bush,3,6,13,592,Female,Group B,35-44,2021-10-04,,,1,56.8,4-6 yr,3,27200.0,0.8537,4,2,Medium,100.0,16.5,9.6,Onsite,11.2
552,Nicholas Leblanc,1,4,7,1670,Male,Group A,25-34,2025-07-22,,,1,11.3,<1 yr,0,92500.0,0.9097,3,2,Medium,64.7,4.3,15.2,Hybrid,11.3
553,Lisa Oneal,7,7,3,2496,Non-binary,Group B,45-54,2024-04-16,,,1,26.4,2-4 yr,2,151900.0,1.0092,5,2,Medium,49.7,7.0,0.0,Remote,9.7
554,Marvin Curry,6,4,13,1958,Male,Group A,45-54,2022-05-30,,,1,49.0,4-6 yr,3,21800.0,0.9846,2,2,Medium,53.7,22.3,2.2,Hybrid,23.3
555,Tara Hancock,7,5,7,553,Male,Group A,45-54,2021-12-19,,,1,54.3,4-6 yr,3,121300.0,0.9982,4,2,Medium,56.0,0.6,11.2,Hybrid,25.8
556,Nathaniel Barnett,5,7,3,324,Female,Group E,35-44,2020-05-27,,,1,73.1,6+ yr,4,139000.0,0.9235,4,2,Medium,65.9,20.4,0.0,Remote,18.7
557,Dr. Marie Davis,1,7,1,87,Male,Group B,45-54,2022-07-12,,,1,47.6,2-4 yr,2,146700.0,1.0331,4,2,Medium,82.5,5.1,18.3,Onsite,47.6
558,Jeffrey Boyle,3,3,13,550,Male,Group D,35-44,2024-03-02,,,1,27.9,2-4 yr,2,20600.0,0.9304,4,2,Medium,70.4,11.7,31.5,Onsite,27.9
559,Gregory Kelly,5,7,11,2457,Female,Group D,35-44,2026-01-09,2026-06-05,Voluntary,0,4.8,<1 yr,0,64600.0,0.989,1,2,Medium,100.0,24.8,13.5,Hybrid,5.7
560,Stephanie Alexander,11,4,8,2149,Male,Group C,25-34,2025-04-11,,,1,14.6,1-2 yr,1,37200.0,1.1065,3,2,Medium,57.5,6.8,17.8,Hybrid,10.5
561,Sheila Walker,6,2,1,2447,Male,Group A,45-54,2025-01-30,,,1,17.0,1-2 yr,1,55900.0,0.847,3,2,Medium,77.6,26.5,20.8,Hybrid,17.0
562,Sharon Pope,8,3,12,865,Female,Group A,25-34,2022-08-11,,,1,46.6,2-4 yr,2,22200.0,0.9336,4,3,High,71.9,18.6,4.7,Onsite,3.4
563,Paul Grant,8,1,12,406,Male,Group E,45-54,2025-12-30,,,1,6.0,<1 yr,0,15100.0,1.0013,4,2,Medium,63.3,10.0,15.5,Onsite,6.0
564,Riley Molina,11,2,7,157,Male,Group D,<25,2026-02-07,,,1,4.7,<1 yr,0,88700.0,1.0838,2,2,Medium,78.4,14.8,0.0,Remote,4.7
565,Aaron Smith,11,3,3,1551,Male,Group D,35-44,2022-07-29,,,1,47.0,2-4 yr,2,92900.0,1.0688,2,1,Low,76.1,3.9,2.9,Hybrid,14.9
566,Todd Ingram,5,6,1,556,Non-binary,Group A,35-44,2021-09-03,,,1,57.9,4-6 yr,3,106000.0,0.8983,4,2,Medium,67.3,6.9,16.3,Onsite,13.2
567,Brianna Burns,7,1,8,1163,Male,Group A,35-44,2026-05-29,2026-06-12,Involuntary,0,0.5,<1 yr,0,23400.0,1.0976,1,1,Low,37.0,5.5,0.0,Remote,1.1
568,Charles Mitchell,6,6,12,1958,Non-binary,Group B,55+,2025-12-15,2026-01-13,Voluntary,0,1.0,<1 yr,0,39400.0,1.1514,2,1,Low,63.2,9.6,11.0,Hybrid,6.5
569,Samantha Williams,8,2,4,15,Male,Group E,45-54,2024-12-26,,,1,18.1,1-2 yr,1,59100.0,0.9733,3,2,Medium,81.0,2.5,0.0,Remote,17.1
570,David Taylor,6,3,12,1958,Male,Group B,25-34,2023-08-10,2024-09-22,Voluntary,0,13.4,1-2 yr,1,24300.0,1.0219,1,3,High,64.1,39.4,16.5,Hybrid,23.3
571,Sonia Mccall,9,6,7,1,Male,Group D,<25,2025-07-31,2025-12-27,Voluntary,0,4.9,<1 yr,0,145700.0,0.9958,4,1,Low,75.9,3.8,34.6,Onsite,2.2
572,Diane Ball,7,9,5,,Female,Group A,25-34,2021-09-18,,,1,57.4,4-6 yr,3,203900.0,0.9908,3,2,Medium,87.7,11.3,0.0,Remote,8.3
573,Ashley Robinson,1,3,3,1670,Male,Group D,25-34,2023-12-23,,,1,30.2,2-4 yr,2,78200.0,0.8997,2,1,Low,49.7,11.3,19.4,Hybrid,13.6
574,Robert Allison,12,6,9,240,Female,Group B,35-44,2023-04-22,,,1,38.3,2-4 yr,2,142300.0,1.022,3,3,High,51.7,0.6,12.7,Hybrid,22.5
575,Nancy Lawson,2,9,8,,Male,Group B,25-34,2020-06-09,,,1,72.7,6+ yr,4,88100.0,1.0232,4,2,Medium,61.3,10.6,9.7,Onsite,9.7
576,Regina Martin,9,6,2,2667,Male,Group A,35-44,2022-06-01,,,1,48.9,4-6 yr,3,111500.0,1.0052,4,2,Medium,79.2,9.8,0.0,Remote,9.0
577,Patrick Turner,1,2,12,842,Female,Group A,55+,2026-03-10,,,1,3.7,<1 yr,0,17800.0,0.93,5,3,High,57.3,17.5,16.4,Hybrid,3.7
578,Dana Mays,5,2,4,508,Female,Group A,35-44,2023-10-16,,,1,32.5,2-4 yr,2,57400.0,0.9453,4,3,High,98.9,5.5,0.0,Remote,5.7
579,Amy Tran MD,9,9,12,,Male,Group B,35-44,2020-08-14,,,1,70.5,4-6 yr,3,58700.0,0.9639,4,3,High,88.3,4.2,7.3,Hybrid,10.8
580,Nathaniel Costa,5,1,10,2063,Male,Group E,35-44,2026-04-27,,,1,2.1,<1 yr,0,56300.0,1.0615,3,3,High,69.9,9.7,4.2,Hybrid,2.1
581,Joshua Rivera,8,3,13,533,Female,Group A,45-54,2023-05-07,,,1,37.8,2-4 yr,2,19500.0,0.8808,2,2,Medium,97.4,5.1,51.7,Onsite,9.3
582,David Young,12,4,13,2632,Male,Group D,25-34,2024-04-24,2025-11-18,Involuntary,0,18.8,1-2 yr,1,23100.0,1.0434,1,1,Low,66.3,10.1,0.0,Remote,6.9
583,Christopher Cortez,12,1,3,1225,Male,Group A,35-44,2025-03-23,2026-02-25,Voluntary,0,11.1,<1 yr,0,55400.0,1.0051,3,2,Medium,52.8,2.0,11.4,Onsite,13.8
584,Candace Johnston,9,4,1,2134,Male,Group B,35-44,2023-11-23,2024-05-15,Involuntary,0,5.7,<1 yr,0,85100.0,1.0378,3,2,Medium,86.2,1.1,0.0,Remote,8.1
585,Corey Pierce,12,3,7,917,Female,Group D,25-34,2022-08-26,2023-05-05,Voluntary,0,8.3,<1 yr,0,77200.0,0.7592,4,1,Low,81.1,11.3,10.3,Hybrid,26.9
586,Annette Stanley,5,5,1,2305,Female,Group A,35-44,2026-04-14,,,1,2.5,<1 yr,0,100900.0,1.0296,5,2,Medium,100.0,6.3,0.0,Remote,2.5
587,Ronald Lopez,1,8,9,330,Female,Group B,35-44,2023-12-29,,,1,30.0,2-4 yr,2,212700.0,1.048,2,1,Low,81.3,1.9,8.6,Hybrid,10.7
588,Mary Carey,6,5,1,2778,Female,Group E,25-34,2022-12-18,,,1,42.4,2-4 yr,2,99000.0,1.0102,2,1,Low,74.3,14.1,11.2,Hybrid,10.5
589,Laura White,1,7,9,587,Female,Group A,25-34,2024-05-10,,,1,25.7,2-4 yr,2,179800.0,1.073,3,3,High,66.6,12.1,18.4,Hybrid,25.7
590,Steven Henson,12,5,8,1639,Female,Group A,25-34,2024-10-22,,,1,20.2,1-2 yr,1,41600.0,1.0353,3,2,Medium,71.4,3.3,10.6,Onsite,13.3
591,Monica Brady,6,1,3,713,Male,Group A,25-34,2024-07-04,,,1,23.9,1-2 yr,1,56400.0,1.0232,3,3,High,42.6,8.3,0.0,Remote,8.3
592,Jennifer Robertson,3,7,12,1708,Female,Group E,35-44,2023-01-20,,,1,41.3,2-4 yr,2,41300.0,1.0029,4,2,Medium,67.0,4.4,12.8,Onsite,17.6
593,Daniel Wilson,8,2,1,725,Male,Group A,25-34,2023-11-15,,,1,31.5,2-4 yr,2,65500.0,0.9924,3,1,Low,90.2,19.7,0.0,Remote,21.0
594,Karla Nolan,4,8,5,136,Male,Group A,45-54,2018-07-31,,,1,95.0,6+ yr,4,162700.0,0.9652,4,3,High,58.6,2.3,0.0,Remote,2.6
595,Dr. Sheila Fisher,11,4,3,1081,Female,Group A,<25,2025-05-14,,,1,13.5,1-2 yr,1,79300.0,0.9123,4,2,Medium,83.6,0.8,19.2,Onsite,13.5
596,Robin Edwards,1,7,13,951,Female,Group B,45-54,2019-04-20,2026-01-04,Voluntary,0,80.5,6+ yr,4,37400.0,0.9755,2,2,Medium,64.7,5.7,17.5,Hybrid,17.7
597,Devon Roach,8,2,12,865,Male,Group B,45-54,2024-10-25,,,1,20.1,1-2 yr,1,18100.0,0.9457,4,2,Medium,100.0,5.2,3.4,Hybrid,10.3
598,Brenda Garcia,6,8,12,737,Female,Group D,45-54,2025-08-13,2025-12-30,Voluntary,0,4.6,<1 yr,0,44600.0,0.8941,5,3,High,88.7,7.5,0.0,Remote,2.6
599,Joanna Smith,5,7,13,2457,Male,Group B,35-44,2023-12-01,2024-10-08,Voluntary,0,10.2,<1 yr,0,35100.0,0.9155,4,2,Medium,77.7,13.1,5.9,Onsite,7.8
600,Amy Smith,5,3,12,1194,Female,Group E,25-34,2024-09-14,2026-01-13,Involuntary,0,16.0,1-2 yr,1,26300.0,1.106,3,3,High,52.1,11.3,28.6,Onsite,21.5
601,Michelle Reeves,8,5,12,1807,Female,Group C,35-44,2023-05-25,,,1,37.2,2-4 yr,2,29300.0,1.031,3,2,Medium,82.3,22.9,12.9,Onsite,27.4
602,Samuel Banks,10,5,4,2708,Male,Group C,25-34,2025-05-15,,,1,13.5,1-2 yr,1,97200.0,1.0781,3,3,High,67.0,6.4,17.7,Onsite,7.2
603,Michael Logan,6,1,1,2447,Male,Group C,35-44,2025-06-16,,,1,12.5,1-2 yr,1,55600.0,1.0692,3,3,High,71.3,4.6,11.9,Hybrid,3.2
604,Mark Phillips,3,3,10,2308,Female,Group E,25-34,2025-01-04,2025-06-16,Involuntary,0,5.4,<1 yr,0,78000.0,0.9326,3,2,Medium,71.2,9.5,8.2,Hybrid,7.0
605,Ryan Edwards,9,2,3,2667,Male,Group D,35-44,2026-06-12,2026-06-28,Voluntary,0,0.5,<1 yr,0,66600.0,0.952,3,3,High,81.4,4.4,0.0,Remote,0.6
606,Teresa Gentry,12,6,7,1755,Male,Group C,35-44,2025-02-26,,,1,16.1,1-2 yr,1,134900.0,0.922,4,3,High,72.9,4.7,10.3,Hybrid,9.5
607,Thomas Davenport,4,7,3,2128,Male,Group C,35-44,2022-07-21,2023-03-03,Voluntary,0,7.4,<1 yr,0,127600.0,0.8477,2,2,Medium,54.9,4.7,7.5,Onsite,16.6
608,Colleen Terry,1,4,13,842,Female,Group E,55+,2024-08-12,,,1,22.6,1-2 yr,1,21900.0,0.9892,4,2,Medium,75.5,20.6,10.9,Hybrid,8.5
609,Harold Taylor,6,8,3,77,Male,Group C,35-44,2021-03-15,,,1,63.5,4-6 yr,3,184800.0,1.0136,4,2,Medium,78.7,1.3,9.8,Hybrid,35.3
610,Jeremy Jackson,9,5,3,1482,Male,Group B,25-34,2024-12-11,,,1,18.6,1-2 yr,1,108800.0,1.0474,3,2,Medium,100.0,2.9,9.9,Hybrid,11.6
611,Shannon Moore,1,8,4,2692,Female,Group C,25-34,2023-06-08,,,1,36.7,2-4 yr,2,146700.0,0.9271,3,1,Low,49.5,4.5,0.0,Remote,9.9
612,Johnny Rodgers,12,1,13,2450,Male,Group C,25-34,2026-03-22,,,1,3.3,<1 yr,0,13300.0,0.9473,3,2,Medium,77.9,8.8,10.2,Hybrid,3.3
613,Jane Contreras,5,7,1,324,Female,Group C,25-34,2023-02-19,,,1,40.3,2-4 yr,2,145300.0,1.0232,2,3,High,57.0,7.8,3.3,Onsite,29.2
614,Andrea Skinner,2,4,6,439,Male,Group B,<25,2022-05-11,,,1,49.6,4-6 yr,3,132500.0,1.1379,4,3,High,50.3,10.5,0.0,Remote,19.5
615,Robert Sims,1,5,9,589,Male,Group C,35-44,2024-07-15,,,1,23.5,1-2 yr,1,118700.0,1.0265,2,2,Medium,86.3,1.5,12.5,Onsite,23.5
616,Roger Short,3,6,12,550,Male,Group A,35-44,2021-04-17,,,1,62.4,4-6 yr,3,35100.0,1.0257,3,1,Low,77.6,14.5,8.9,Hybrid,2.7
617,Todd Hall,11,6,7,625,Male,Group C,35-44,2023-06-06,,,1,36.8,2-4 yr,2,136200.0,0.9308,5,3,High,80.3,0.7,8.1,Hybrid,9.0
618,Jason Brennan,11,1,3,625,Male,Group C,55+,2024-10-10,,,1,20.6,1-2 yr,1,51800.0,0.9398,3,3,High,66.3,3.5,26.4,Onsite,3.1
619,Melissa Doyle,4,5,1,1692,Female,Group C,<25,2021-06-06,,,1,60.8,4-6 yr,3,102000.0,1.0408,1,2,Medium,48.4,7.7,8.5,Hybrid,27.6
620,Teresa Barnes,8,2,12,1807,Female,Group C,55+,2024-05-18,,,1,25.4,2-4 yr,2,18800.0,0.9822,5,3,High,73.6,6.8,19.9,Onsite,15.8
621,Joseph Harmon,4,6,12,419,Male,Group A,25-34,2025-02-04,2025-07-04,Voluntary,0,4.9,<1 yr,0,32100.0,0.938,3,2,Medium,61.7,10.5,0.0,Remote,7.6
622,Michael Grant,11,3,6,1081,Male,Group B,25-34,2025-05-29,,,1,13.0,1-2 yr,1,106600.0,0.9155,3,1,Low,95.2,1.1,0.0,Remote,13.0
623,Andrew Smith,12,5,4,2729,Male,Group A,25-34,2024-04-25,,,1,26.1,2-4 yr,2,85400.0,0.9472,3,2,Medium,84.3,5.7,7.6,Onsite,26.1
624,Jason Mann,3,8,14,2048,Male,Group B,45-54,2024-09-12,2026-03-15,Voluntary,0,18.0,1-2 yr,1,176200.0,1.0561,2,2,Medium,81.8,4.5,5.7,Hybrid,21.6
625,Melissa Williams,11,7,2,2139,Female,Group A,25-34,2023-10-09,,,1,32.7,2-4 yr,2,108200.0,0.8106,3,1,Low,60.2,11.2,0.8,Hybrid,32.7
626,Roy Robinson,1,6,1,204,Male,Group B,35-44,2026-02-17,,,1,4.4,<1 yr,0,114000.0,0.9661,3,3,High,56.1,11.5,9.2,Hybrid,1.3
627,Judy Gutierrez,3,5,6,2712,Male,Group D,45-54,2022-11-09,,,1,43.7,2-4 yr,2,162800.0,1.1699,4,3,High,77.9,4.7,1.3,Hybrid,24.7
628,Joseph Bowen,6,3,3,538,Male,Group C,35-44,2023-08-18,,,1,34.4,2-4 yr,2,87900.0,1.0113,4,3,High,83.9,10.8,8.3,Hybrid,13.4
629,Stacey Jones,4,2,10,2666,Female,Group E,35-44,2023-08-17,,,1,34.4,2-4 yr,2,59800.0,0.8883,3,3,High,78.7,8.5,14.4,Onsite,7.0
630,Kenneth Patrick,4,1,1,2770,Male,Group A,25-34,2025-06-30,,,1,12.0,<1 yr,0,51500.0,0.9904,4,3,High,66.8,6.2,10.6,Onsite,12.0
631,Jesse Kramer,1,4,6,106,Female,Group B,35-44,2023-05-14,,,1,37.5,2-4 yr,2,113100.0,0.9713,4,3,High,76.0,10.3,7.2,Hybrid,4.1
632,Jared Graham,6,4,3,1899,Male,Group A,25-34,2022-11-13,,,1,43.5,2-4 yr,2,84700.0,0.9745,2,2,Medium,82.1,12.5,0.0,Remote,20.7
633,Ryan Mitchell,11,1,5,2714,Male,Group A,35-44,2025-04-18,,,1,14.4,1-2 yr,1,49300.0,0.9674,4,3,High,82.8,8.1,0.0,Remote,10.6
634,Matthew Rios,2,1,3,269,Male,Group B,25-34,2025-05-10,,,1,13.7,1-2 yr,1,53900.0,0.9779,4,2,Medium,64.2,7.7,10.0,Onsite,10.8
635,Randy Martin,11,3,14,1881,Female,Group A,25-34,2024-02-28,,,1,28.0,2-4 yr,2,84100.0,1.0573,5,3,High,54.7,2.5,8.2,Hybrid,8.2
636,Dr. Philip Morales,7,1,11,1486,Male,Group B,35-44,2025-07-11,,,1,11.6,<1 yr,0,25600.0,1.0702,3,2,Medium,63.5,7.6,1.1,Hybrid,11.6
637,Jose Mitchell,5,2,9,2374,Male,Group D,<25,2025-02-18,2025-05-14,Voluntary,0,2.8,<1 yr,0,81600.0,1.0478,2,1,Low,53.6,7.2,8.9,Onsite,16.3
638,Lucas White,1,4,12,842,Female,Group C,45-54,2025-02-24,,,1,16.1,1-2 yr,1,24700.0,1.0387,4,2,Medium,70.7,8.9,26.1,Onsite,15.4
639,Lisa White,10,2,4,1605,Male,Group C,55+,2025-05-28,,,1,13.1,1-2 yr,1,68100.0,1.1215,4,3,High,80.2,9.0,24.8,Onsite,4.9
640,Daniel Walters,1,5,1,204,Female,Group A,25-34,2024-11-14,,,1,19.5,1-2 yr,1,81100.0,0.8276,5,3,High,80.6,8.5,7.7,Hybrid,1.2
641,Joel Burnett,6,1,6,1899,Female,Group D,35-44,2024-09-01,,,1,21.9,1-2 yr,1,73200.0,0.9913,3,2,Medium,61.1,2.0,3.3,Hybrid,14.9
642,Amy Johnson,8,6,12,533,Female,Group B,<25,2025-02-18,,,1,16.3,1-2 yr,1,36200.0,1.0579,4,2,Medium,89.1,4.5,25.8,Onsite,16.3
643,Mark Thompson,1,4,5,1670,Male,Group B,25-34,2022-08-19,,,1,46.4,2-4 yr,2,80300.0,0.9993,2,3,High,58.0,3.9,0.0,Remote,12.5
644,Joyce Larson,1,6,2,284,Female,Group B,55+,2020-08-30,2024-08-20,Voluntary,0,47.7,2-4 yr,2,98300.0,0.8862,4,2,Medium,74.1,32.3,32.9,Onsite,4.1
645,Dr. Kevin Miller,11,7,14,2489,Male,Group A,35-44,2023-02-08,,,1,40.7,2-4 yr,2,136400.0,0.9903,2,2,Medium,57.9,4.7,8.7,Onsite,17.2
646,Patricia Webb,9,4,10,1746,Male,Group B,25-34,2024-03-21,,,1,27.3,2-4 yr,2,93500.0,1.1179,2,2,Medium,83.4,4.8,9.4,Hybrid,5.3
647,Alexis White,6,2,3,538,Female,Group C,25-34,2023-10-27,,,1,32.1,2-4 yr,2,65100.0,0.9305,3,2,Medium,85.9,0.7,9.7,Hybrid,22.8
648,David Small III,6,3,1,2447,Female,Group A,25-34,2024-12-10,2025-10-28,Voluntary,0,10.6,<1 yr,0,73700.0,0.8988,2,2,Medium,46.6,12.3,23.8,Onsite,11.3
649,Thomas Davis,7,2,3,1391,Male,Group D,45-54,2024-04-06,,,1,26.8,2-4 yr,2,63900.0,0.9134,4,3,High,79.1,7.2,0.0,Remote,13.2
650,Erica Becker,1,3,8,557,Female,Group E,25-34,2024-12-09,,,1,18.7,1-2 yr,1,29500.0,0.8775,3,2,Medium,75.1,10.6,8.6,Onsite,18.7
651,Sarah Weeks,2,4,11,2578,Male,Group D,25-34,2024-01-14,,,1,29.5,2-4 yr,2,35800.0,0.9491,4,2,Medium,72.9,8.7,9.4,Hybrid,8.5
652,Wendy Kelly,4,2,13,1135,Male,Group A,35-44,2025-05-28,,,1,13.1,1-2 yr,1,19900.0,1.1167,1,1,Low,61.3,13.2,16.2,Hybrid,2.2
653,Jacob Jacobs,3,5,11,2308,Female,Group A,35-44,2023-04-23,2024-12-17,Voluntary,0,19.8,1-2 yr,1,35900.0,0.7964,2,3,High,60.5,21.4,25.1,Onsite,10.4
654,Lauren Howard,4,4,9,2666,Female,Group D,45-54,2024-06-06,,,1,24.8,2-4 yr,2,87300.0,0.9022,5,3,High,56.2,19.7,14.2,Hybrid,20.4
655,James Campbell,5,6,12,1194,Male,Group D,<25,2022-08-07,,,1,46.7,2-4 yr,2,37700.0,1.1017,4,3,High,71.4,14.1,29.6,Hybrid,8.6
656,Brandy Juarez,8,7,2,2696,Male,Group A,25-34,2020-04-09,,,1,74.7,6+ yr,4,124800.0,0.935,4,3,High,65.5,1.9,8.3,Hybrid,27.6
657,Kenneth Santiago,3,6,6,282,Female,Group A,45-54,2022-03-08,2024-02-03,Voluntary,0,22.9,1-2 yr,1,154900.0,0.9244,4,3,High,66.7,6.1,34.7,Hybrid,9.8
658,Jason Fisher,8,2,1,201,Female,Group D,35-44,2025-10-03,,,1,8.9,<1 yr,0,70600.0,1.0697,3,3,High,89.7,6.8,11.1,Hybrid,8.9
659,Jennifer Olson,7,4,5,1904,Male,Group B,<25,2022-12-18,,,1,42.4,2-4 yr,2,84600.0,1.0528,4,1,Low,62.0,6.3,0.0,Remote,19.0
660,Jessica Brown,10,2,1,298,Male,Group D,35-44,2024-07-15,,,1,23.5,1-2 yr,1,61900.0,0.9379,3,3,High,64.6,5.5,8.1,Hybrid,12.5
661,Andrea Hinton,9,7,8,108,Male,Group C,55+,2019-11-24,,,1,79.2,6+ yr,4,59400.0,1.0203,4,3,High,48.7,7.0,0.0,Remote,9.3
662,Jacqueline Howard,5,3,2,1091,Female,Group A,25-34,2026-01-04,,,1,5.8,<1 yr,0,78800.0,1.0223,4,2,Medium,78.8,9.9,7.4,Hybrid,5.8
663,Brittany Reyes,1,1,9,589,Female,Group E,35-44,2024-09-28,,,1,21.0,1-2 yr,1,61000.0,0.9941,3,2,Medium,66.1,1.5,0.0,Remote,17.3
664,Joseph Anderson,2,4,1,2596,Male,Group A,45-54,2024-08-13,,,1,22.5,1-2 yr,1,82300.0,1.0037,3,3,High,55.7,5.2,3.0,Hybrid,11.2
665,Brooke Johnson,9,5,12,954,Male,Group A,55+,2025-02-15,,,1,16.4,1-2 yr,1,25700.0,0.9043,4,2,Medium,57.2,2.7,18.4,Hybrid,12.2
666,Grace Thompson,7,1,12,2517,Female,Group B,35-44,2026-03-16,2026-04-25,Voluntary,0,1.3,<1 yr,0,14300.0,0.9483,4,2,Medium,75.1,9.2,16.9,Hybrid,3.5
667,Christian Black,12,6,3,1549,Female,Group D,<25,2024-02-07,,,1,28.7,2-4 yr,2,131200.0,1.0489,2,1,Low,59.9,3.3,30.6,Hybrid,10.3
668,Brandon Mitchell,11,2,11,1826,Female,Group A,<25,2024-09-11,,,1,21.6,1-2 yr,1,26500.0,0.8729,3,2,Medium,66.4,1.3,13.1,Hybrid,21.6
669,Jason Carter,12,2,12,2450,Female,Group C,55+,2025-01-11,,,1,17.6,1-2 yr,1,18700.0,0.977,3,1,Low,84.2,9.6,0.0,Remote,15.8
670,Rebecca Mays,11,5,12,1569,Female,Group B,<25,2025-08-28,,,1,10.1,<1 yr,0,30900.0,1.0873,4,3,High,55.3,1.4,3.5,Hybrid,10.1
671,Kelsey Castillo,3,4,13,592,Male,Group B,35-44,2025-07-21,,,1,11.3,<1 yr,0,23100.0,1.0434,5,3,High,78.6,0.9,6.0,Onsite,11.3
672,Peter Castillo,6,6,8,1899,Male,Group E,25-34,2025-03-24,,,1,15.2,1-2 yr,1,47100.0,0.9735,4,1,Low,100.0,16.1,22.7,Onsite,5.9
673,Jack Velasquez,9,6,12,954,Female,Group C,<25,2023-04-30,,,1,38.0,2-4 yr,2,32900.0,0.9614,3,2,Medium,74.9,17.3,10.8,Hybrid,8.5
674,Gregory Harvey,6,3,4,137,Female,Group E,<25,2023-08-04,,,1,34.9,2-4 yr,2,78700.0,1.0432,4,3,High,54.3,8.0,9.1,Onsite,2.8
675,Rebecca Hall,4,1,12,216,Male,Group B,45-54,2025-02-09,2026-02-27,Involuntary,0,12.6,1-2 yr,1,15000.0,0.9947,4,3,High,49.4,6.0,15.8,Onsite,13.9
676,Michael Robertson,12,1,7,2729,Female,Group E,<25,2025-02-04,,,1,16.8,1-2 yr,1,61100.0,0.9476,4,3,High,59.5,9.4,20.5,Hybrid,14.5
677,Elizabeth Jarvis,9,1,13,954,Female,Group A,25-34,2025-11-13,2026-04-20,Involuntary,0,5.2,<1 yr,0,14500.0,1.0328,2,2,Medium,71.7,9.5,26.0,Hybrid,7.5
678,Tyrone Bishop,11,1,3,157,Male,Group C,35-44,2024-06-21,2026-06-09,Voluntary,0,23.6,1-2 yr,1,51800.0,0.9398,4,3,High,72.8,4.5,36.4,Onsite,11.9
679,Alexis Guerra DVM,12,4,11,240,Female,Group B,45-54,2025-08-24,,,1,10.2,<1 yr,0,41900.0,1.1108,3,3,High,77.6,9.3,4.5,Hybrid,10.2
680,Amanda Phillips,6,4,12,2462,Female,Group B,25-34,2025-02-06,,,1,16.7,1-2 yr,1,24600.0,1.0345,4,3,High,81.5,6.2,0.0,Remote,16.7
681,Christina Rodgers,3,2,6,59,Male,Group D,35-44,2024-01-15,,,1,29.5,2-4 yr,2,86700.0,0.9251,4,2,Medium,49.0,13.3,3.3,Onsite,7.6
682,Lisa Burton,12,1,12,1510,Female,Group B,25-34,2025-12-07,,,1,6.7,<1 yr,0,14400.0,0.9549,3,3,High,75.9,8.7,3.9,Hybrid,6.7
683,Jeffery Gomez,9,6,6,402,Female,Group D,25-34,2025-08-06,,,1,10.8,<1 yr,0,161800.0,0.9656,3,3,High,81.1,6.2,23.1,Onsite,10.8
684,Brian Bush,9,2,8,2325,Male,Group D,25-34,2024-03-15,,,1,27.5,2-4 yr,2,27500.0,1.0163,3,2,Medium,78.4,9.6,9.9,Hybrid,21.1
685,Gina Thomas,1,3,12,2488,Female,Group A,35-44,2023-12-03,,,1,30.9,2-4 yr,2,22500.0,0.9462,4,3,High,58.6,6.2,13.2,Onsite,4.5
686,Lisa Ingram,9,6,11,1746,Male,Group E,35-44,2020-08-20,,,1,70.3,4-6 yr,3,62400.0,1.1496,4,2,Medium,78.3,10.4,11.2,Hybrid,28.0
687,Terry Austin,1,5,9,2455,Male,Group A,<25,2025-08-10,,,1,10.6,<1 yr,0,119400.0,1.0325,2,1,Low,84.4,9.5,15.5,Onsite,10.6
688,Daniel Campos,4,3,6,723,Female,Group A,55+,2023-08-18,,,1,34.4,2-4 yr,2,96700.0,0.8305,2,2,Medium,72.1,4.7,0.0,Remote,33.5
689,David Pennington,5,2,2,1990,Male,Group A,35-44,2024-02-11,2025-05-19,Voluntary,0,15.2,1-2 yr,1,54600.0,0.8801,5,2,Medium,41.8,4.3,21.1,Hybrid,28.6
690,Krystal Howard,1,2,12,2488,Male,Group A,<25,2025-08-05,,,1,10.8,<1 yr,0,19400.0,1.0136,3,2,Medium,91.0,17.0,68.8,Onsite,10.8
691,Ashley Simpson,9,1,1,1996,Male,Group B,35-44,2025-08-01,,,1,10.9,<1 yr,0,47200.0,0.9077,4,2,Medium,84.5,3.2,5.8,Hybrid,10.1
692,Suzanne Brewer,9,4,7,2134,Female,Group A,55+,2022-07-23,,,1,47.2,2-4 yr,2,113300.0,1.1143,2,2,Medium,63.7,4.1,4.7,Hybrid,12.7
693,Jeremy Hayes,1,6,1,1670,Female,Group A,25-34,2025-12-11,,,1,6.6,<1 yr,0,111400.0,0.9441,3,3,High,62.2,2.9,11.1,Onsite,6.6
694,Martin Zhang,10,7,4,2798,Female,Group B,35-44,2024-02-23,,,1,28.2,2-4 yr,2,114500.0,0.8765,4,3,High,73.6,12.5,5.6,Hybrid,5.5
695,Derek Adams,11,1,11,1826,Male,Group B,25-34,2026-04-06,,,1,2.8,<1 yr,0,26600.0,1.112,2,1,Low,65.1,0.5,30.3,Onsite,2.8
696,Zachary Trevino MD,4,5,3,607,Male,Group D,25-34,2026-03-01,2026-04-16,Involuntary,0,1.5,<1 yr,0,107700.0,1.0368,3,1,Low,64.4,16.5,12.4,Hybrid,4.0
697,Heather Mitchell DVM,5,4,1,1091,Female,Group D,25-34,2023-10-23,,,1,32.2,2-4 yr,2,78000.0,0.9512,3,3,High,55.2,4.2,0.0,Remote,7.3
698,Keith Lewis,10,2,13,1196,Male,Group A,35-44,2025-12-12,,,1,6.6,<1 yr,0,17000.0,0.954,3,1,Low,69.4,2.0,2.7,Hybrid,6.6
699,Eric Frazier DVM,11,8,13,2047,Male,Group B,25-34,2024-12-20,2026-04-19,Voluntary,0,15.9,1-2 yr,1,47000.0,1.0121,4,3,High,51.9,4.8,24.2,Onsite,9.2
700,Christopher Sanchez,6,5,6,191,Male,Group B,45-54,2022-05-05,,,1,49.8,4-6 yr,3,133000.0,0.9557,1,2,Medium,82.9,11.0,20.6,Onsite,22.1
701,Paul Jefferson,8,6,13,865,Male,Group A,35-44,2023-10-09,,,1,32.7,2-4 yr,2,35500.0,1.1142,2,3,High,100.0,6.3,3.8,Onsite,11.7
702,Beverly Ramos,7,9,3,,Male,Group B,35-44,2018-03-20,2022-10-13,Voluntary,0,54.8,4-6 yr,3,219000.0,0.9838,4,2,Medium,56.7,18.9,0.0,Remote,9.8
703,Elizabeth Ramirez,6,2,3,1899,Male,Group A,25-34,2024-04-17,2025-03-13,Involuntary,0,10.8,<1 yr,0,71600.0,1.0234,3,3,High,47.3,6.2,9.4,Hybrid,23.2
704,Casey Caldwell,2,3,3,1432,Male,Group A,35-44,2025-08-22,,,1,10.2,<1 yr,0,84200.0,0.9687,4,2,Medium,54.6,6.2,4.8,Hybrid,8.6
705,Denise Sanders,9,2,7,1482,Female,Group E,45-54,2025-02-15,,,1,16.4,1-2 yr,1,90000.0,1.0997,4,3,High,88.7,7.5,11.4,Onsite,3.0
706,Christopher Adkins,12,4,8,2728,Male,Group D,<25,2024-09-27,,,1,21.1,1-2 yr,1,32300.0,0.9607,3,3,High,66.0,7.0,12.1,Hybrid,21.1
707,Tammy Hall,5,4,13,387,Female,Group A,25-34,2025-02-10,,,1,16.6,1-2 yr,1,20700.0,0.935,4,2,Medium,56.6,8.8,0.0,Remote,14.4
708,Michael Nelson,1,8,11,330,Female,Group E,35-44,2018-05-15,,,1,97.5,6+ yr,4,76400.0,0.9656,4,2,Medium,71.7,3.1,14.1,Hybrid,30.2
709,Denise Mcguire,1,1,13,842,Male,Group D,35-44,2026-01-03,,,1,5.8,<1 yr,0,15100.0,1.0755,5,2,Medium,47.2,1.5,13.3,Hybrid,5.8
710,Jamie Brown,7,5,14,937,Male,Group B,35-44,2022-10-26,,,1,44.1,2-4 yr,2,94200.0,0.991,3,2,Medium,55.7,10.0,12.9,Hybrid,33.0
711,Christine Juarez,9,4,11,1746,Female,Group C,35-44,2025-05-21,,,1,13.3,1-2 yr,1,37300.0,0.9889,2,2,Medium,64.2,10.1,1.1,Hybrid,13.3
712,Kathleen Mays MD,7,2,6,1930,Male,Group C,25-34,2025-12-31,,,1,5.9,<1 yr,0,94200.0,1.0051,2,3,High,41.7,11.3,7.3,Hybrid,5.9
713,Tammy Garcia,6,7,3,1236,Male,Group D,25-34,2023-01-02,,,1,41.9,2-4 yr,2,151500.0,1.0065,4,2,Medium,46.7,4.3,4.8,Hybrid,41.9
714,Susan Wilson,6,6,12,1958,Female,Group E,35-44,2024-03-13,,,1,27.6,2-4 yr,2,34500.0,1.0082,3,2,Medium,56.2,8.2,5.7,Hybrid,4.8
715,Brian Holloway,1,1,8,2324,Female,Group A,25-34,2025-10-02,,,1,8.9,<1 yr,0,22300.0,1.046,4,2,Medium,88.4,11.2,5.3,Hybrid,2.5
716,Lisa Mejia,12,5,11,1363,Female,Group D,35-44,2022-02-06,,,1,52.7,4-6 yr,3,46300.0,1.0271,5,3,High,75.5,10.9,48.8,Onsite,28.9
717,Austin Kelly,6,3,9,2158,Female,Group B,55+,2026-01-17,2026-04-20,Voluntary,0,3.1,<1 yr,0,86300.0,0.8919,2,2,Medium,75.4,5.4,26.8,Onsite,5.4
718,Patricia Harris,12,2,10,1363,Female,Group A,25-34,2024-03-19,,,1,27.4,2-4 yr,2,70300.0,1.0443,4,2,Medium,70.3,21.6,8.0,Onsite,17.3
719,Brian Mendez,7,3,3,1163,Male,Group E,25-34,2022-06-15,,,1,48.5,4-6 yr,3,79300.0,0.9123,3,2,Medium,59.7,1.8,28.4,Onsite,13.1
720,Jasmine Green,5,6,11,2374,Female,Group B,45-54,2022-10-28,,,1,44.1,2-4 yr,2,52800.0,0.9727,3,3,High,73.1,3.5,15.5,Onsite,25.4
721,Daniel Evans,7,1,10,1486,Male,Group A,35-44,2026-03-22,2026-04-20,Voluntary,0,1.0,<1 yr,0,55000.0,1.037,3,1,Low,49.7,4.3,5.6,Onsite,3.3
722,Meagan Duke,11,1,12,1569,Male,Group A,25-34,2024-11-27,,,1,19.1,1-2 yr,1,15300.0,1.0146,4,3,High,69.7,3.1,4.1,Hybrid,19.1
723,Andrew Crane,4,7,3,1786,Female,Group B,45-54,2025-01-27,,,1,17.0,1-2 yr,1,138200.0,0.9182,4,2,Medium,47.7,1.3,5.0,Hybrid,6.1
724,Dr. Phillip Avila DDS,1,2,5,106,Female,Group A,35-44,2025-02-16,,,1,16.4,1-2 yr,1,57500.0,0.889,3,3,High,60.1,2.2,0.0,Remote,9.5
725,Robin Richardson,8,7,5,2696,Male,Group C,45-54,2021-08-18,,,1,58.4,4-6 yr,3,138600.0,0.996,4,3,High,57.7,5.2,0.0,Remote,15.5
726,Mallory Mayo,9,1,14,981,Male,Group B,45-54,2026-02-03,,,1,4.8,<1 yr,0,53100.0,1.0527,2,3,High,77.4,4.2,26.7,Onsite,4.8
727,Ryan Perez,5,2,12,599,Male,Group B,35-44,2024-11-26,,,1,19.1,1-2 yr,1,21600.0,1.1285,4,3,High,48.6,2.2,6.5,Hybrid,11.7
728,Lauren Peters,10,2,12,2099,Male,Group B,35-44,2024-09-23,,,1,21.2,1-2 yr,1,20500.0,1.0711,1,2,Medium,81.7,10.2,0.0,Remote,7.9
729,Brittany Adams,4,2,14,115,Female,Group B,35-44,2024-06-30,,,1,24.0,1-2 yr,1,64500.0,1.0075,3,2,Medium,50.1,4.1,8.4,Onsite,23.8
730,Dakota Everett,7,5,5,1904,Male,Group D,35-44,2022-04-15,,,1,50.5,4-6 yr,3,103000.0,1.0725,4,1,Low,81.3,4.1,0.0,Remote,32.3
731,Manuel Frazier,1,1,2,1670,Female,Group B,35-44,2025-09-04,,,1,9.8,<1 yr,0,42200.0,0.8633,3,2,Medium,67.7,3.1,10.0,Hybrid,9.8
732,Ryan Richardson,8,1,12,406,Female,Group E,25-34,2025-10-23,,,1,8.2,<1 yr,0,15200.0,1.008,1,3,High,87.9,5.2,4.7,Hybrid,1.2
733,Jermaine Shaw,6,4,5,2778,Male,Group A,25-34,2025-01-13,,,1,17.5,1-2 yr,1,79200.0,0.9856,3,3,High,44.8,8.0,0.0,Remote,7.3
734,Patricia Wagner,9,6,12,981,Female,Group D,45-54,2021-11-27,2024-02-28,Voluntary,0,27.0,2-4 yr,2,34000.0,0.9936,4,2,Medium,44.3,2.9,6.8,Hybrid,5.7
735,Julie Reeves,10,3,9,747,Male,Group C,35-44,2024-03-12,2024-12-03,Involuntary,0,8.7,<1 yr,0,92000.0,0.9508,1,2,Medium,79.8,1.6,11.8,Hybrid,27.6
736,Shelly Ward,3,6,5,2213,Non-binary,Group B,35-44,2023-01-19,,,1,41.3,2-4 yr,2,122000.0,1.055,4,3,High,51.6,3.7,0.0,Remote,6.0
737,Tiffany Parsons,6,9,12,,Male,Group A,25-34,2020-09-17,2023-04-06,Voluntary,0,30.6,2-4 yr,2,51700.0,0.8489,2,2,Medium,65.4,16.3,0.0,Remote,41.1
738,Rebecca Villanueva,9,4,12,981,Male,Group B,45-54,2023-06-20,,,1,36.3,2-4 yr,2,26100.0,1.0976,4,1,Low,69.9,8.9,8.6,Hybrid,6.2
739,Renee Fisher,10,2,5,399,Male,Group E,35-44,2024-03-20,,,1,27.3,2-4 yr,2,68400.0,1.0575,3,2,Medium,62.6,4.3,0.0,Remote,15.1
740,Eugene Smith,6,6,14,2462,Female,Group E,25-34,2023-03-04,,,1,39.9,2-4 yr,2,120100.0,1.0493,3,2,Medium,39.2,16.1,8.0,Hybrid,13.0
741,Ashley Little,2,4,11,2358,Female,Group C,25-34,2023-03-15,,,1,39.5,2-4 yr,2,41600.0,1.1029,3,3,High,79.4,12.9,0.0,Remote,19.1
742,Deborah Taylor,8,4,12,406,Male,Group B,<25,2023-06-16,2025-10-18,Voluntary,0,28.1,2-4 yr,2,22300.0,0.9378,3,2,Medium,98.2,27.3,9.1,Onsite,23.5
743,Caitlin Chavez,3,8,8,2048,Male,Group B,35-44,2024-07-06,,,1,23.8,1-2 yr,1,77000.0,1.0919,3,3,High,53.3,8.8,34.6,Onsite,17.1
744,Jeffrey Pacheco,10,2,8,399,Male,Group A,45-54,2024-01-05,,,1,29.8,2-4 yr,2,29100.0,1.0754,3,1,Low,38.5,5.2,8.0,Hybrid,29.8
745,Thomas Alvarez,5,2,14,1061,Female,Group B,35-44,2025-05-10,,,1,13.7,1-2 yr,1,63700.0,0.995,2,1,Low,66.4,0.5,11.8,Onsite,4.7
746,Thomas Cabrera,5,2,14,1061,Male,Group C,35-44,2025-10-26,,,1,8.1,<1 yr,0,72700.0,1.1356,4,1,Low,86.3,2.7,0.0,Remote,8.1
747,Patrick Diaz,10,7,9,1213,Male,Group A,35-44,2019-12-21,,,1,78.3,6+ yr,4,210700.0,1.2575,3,2,Medium,66.4,15.6,22.5,Onsite,7.1
748,Diana Moore,12,3,13,2632,Non-binary,Group A,25-34,2022-07-26,,,1,47.1,2-4 yr,2,18500.0,0.8356,3,3,High,69.7,4.8,0.3,Hybrid,6.1
749,Bailey Haynes,12,7,7,2227,Male,Group A,35-44,2021-12-29,,,1,54.0,4-6 yr,3,202700.0,1.1512,2,1,Low,58.3,0.8,0.0,Remote,16.0
750,John White,6,2,9,886,Non-binary,Group A,45-54,2025-05-24,,,1,13.2,1-2 yr,1,79800.0,1.0247,2,1,Low,62.7,24.6,19.0,Onsite,12.1
751,Vanessa Parrish,2,3,9,443,Male,Group B,45-54,2025-03-30,2025-10-02,Voluntary,0,6.1,<1 yr,0,84900.0,0.8774,4,2,Medium,82.3,7.4,0.0,Remote,12.4
752,Christopher Mitchell,6,6,3,2751,Female,Group A,45-54,2023-09-15,,,1,33.5,2-4 yr,2,110900.0,0.8866,4,3,High,88.2,2.8,5.2,Hybrid,8.7
753,Benjamin Boyd,7,2,11,1486,Female,Group E,25-34,2023-07-06,,,1,35.8,2-4 yr,2,29500.0,0.9717,2,2,Medium,85.4,16.0,17.6,Onsite,14.9
754,Marisa Harris,10,1,3,399,Male,Group B,35-44,2025-05-11,,,1,13.6,1-2 yr,1,51500.0,0.9343,4,2,Medium,78.6,7.5,20.5,Hybrid,11.6
755,Aaron Rodriguez,5,5,12,387,Female,Group D,25-34,2025-01-24,2026-01-17,Involuntary,0,11.8,<1 yr,0,23800.0,0.8374,3,3,High,77.7,7.0,2.5,Onsite,3.7
756,Aaron Lewis,1,3,6,557,Male,Group A,<25,2022-11-28,,,1,43.0,2-4 yr,2,110600.0,0.9498,3,2,Medium,53.8,8.1,21.8,Hybrid,15.8
757,Amy Morton,7,4,13,267,Male,Group A,25-34,2024-04-09,,,1,26.7,2-4 yr,2,22300.0,1.0072,5,2,Medium,72.1,29.0,13.5,Hybrid,26.7
758,Christine Perkins,1,1,9,1447,Female,Group D,<25,2026-06-10,,,1,0.7,<1 yr,0,65100.0,1.061,3,1,Low,61.3,3.2,0.0,Remote,0.7
759,Danny Turner,2,3,7,1432,Female,Group B,35-44,2024-04-11,,,1,26.6,2-4 yr,2,91200.0,0.8969,3,1,Low,73.5,4.4,18.7,Hybrid,26.6
760,Stephanie Hanson,3,2,10,2308,Male,Group A,55+,2026-03-21,,,1,3.3,<1 yr,0,68700.0,1.0205,3,1,Low,84.5,1.4,8.1,Onsite,3.3
761,Bonnie Harrington,12,2,1,1225,Male,Group B,35-44,2026-04-13,,,1,2.6,<1 yr,0,65800.0,0.997,4,2,Medium,56.5,3.0,13.9,Onsite,2.6
762,Jose Blake,6,4,8,1899,Male,Group D,45-54,2022-11-24,2025-09-26,Voluntary,0,34.1,2-4 yr,2,34300.0,1.0202,3,2,Medium,63.3,1.4,15.5,Onsite,19.3
763,Carly Lewis,1,4,3,284,Male,Group A,25-34,2026-02-04,,,1,4.8,<1 yr,0,89200.0,1.0262,5,3,High,64.3,9.7,9.9,Hybrid,4.8
764,Peggy Parker,3,3,14,550,Female,Group A,<25,2024-03-10,,,1,27.7,2-4 yr,2,84400.0,1.0611,3,3,High,79.3,4.0,15.8,Onsite,21.8
765,Laura Griffin,10,5,13,1821,Female,Group E,45-54,2024-01-12,,,1,29.6,2-4 yr,2,23800.0,0.8995,4,2,Medium,42.1,10.9,32.9,Onsite,10.1
766,Lori Goodwin,8,5,3,201,Female,Group E,25-34,2024-11-29,,,1,19.0,1-2 yr,1,95400.0,0.9184,2,2,Medium,88.2,6.8,13.3,Onsite,14.2
767,David Graham,2,2,6,1432,Male,Group B,35-44,2025-10-04,,,1,8.8,<1 yr,0,88500.0,0.9443,2,2,Medium,48.0,2.6,11.3,Onsite,4.4
768,Christopher Carrillo,4,1,5,2492,Female,Group E,35-44,2024-10-26,,,1,20.1,1-2 yr,1,47900.0,0.94,2,3,High,45.2,10.2,0.0,Remote,13.2
769,Dennis Gonzalez,5,2,11,2063,Male,Group C,25-34,2026-01-31,,,1,4.9,<1 yr,0,30200.0,0.9947,4,3,High,69.7,6.0,3.4,Hybrid,4.9
770,Matthew Robertson,5,4,3,805,Female,Group A,25-34,2024-09-27,,,1,21.1,1-2 yr,1,100100.0,1.1516,2,1,Low,54.9,2.6,3.4,Onsite,21.1
771,Destiny Hartman,11,2,5,625,Male,Group A,35-44,2024-09-20,2025-05-12,Voluntary,0,7.7,<1 yr,0,70000.0,1.0823,5,3,High,62.4,6.6,0.0,Remote,16.2
772,Christopher Garcia,8,3,6,15,Female,Group A,35-44,2026-06-12,2026-06-26,Voluntary,0,0.5,<1 yr,0,118200.0,1.0151,3,3,High,58.6,7.2,15.8,Hybrid,0.6
773,Jessica Underwood,9,2,5,2667,Female,Group B,45-54,2026-01-22,,,1,5.2,<1 yr,0,68100.0,1.0529,3,2,Medium,70.2,10.7,0.0,Remote,5.2
774,Jessica Ellison,3,8,8,2048,Non-binary,Group A,25-34,2025-03-28,,,1,15.1,1-2 yr,1,70100.0,0.994,4,2,Medium,56.2,3.0,0.0,Remote,2.4
775,Ms. Jennifer Terry,8,2,11,2095,Male,Group B,45-54,2023-11-25,,,1,31.1,2-4 yr,2,29700.0,0.9783,3,3,High,68.4,7.5,15.1,Hybrid,4.8
776,Michelle Quinn,5,3,12,1061,Female,Group D,35-44,2022-09-19,2025-08-04,Voluntary,0,34.5,2-4 yr,2,22800.0,0.9588,3,2,Medium,43.2,3.8,18.0,Onsite,18.3
777,Dennis Tran,9,4,8,2325,Male,Group B,35-44,2025-12-14,,,1,6.5,<1 yr,0,33400.0,0.9935,4,3,High,88.6,7.9,0.0,Remote,6.5
778,Betty Gregory,2,5,6,1432,Female,Group E,55+,2022-03-13,,,1,51.6,4-6 yr,3,137200.0,0.9859,3,1,Low,31.3,6.2,12.3,Onsite,8.6
779,Jason Bullock,10,2,13,1655,Male,Group B,25-34,2023-06-05,2025-12-30,Voluntary,0,30.8,2-4 yr,2,16900.0,0.9484,4,3,High,63.9,8.0,29.7,Onsite,11.3
780,Jared Black,9,4,1,1638,Male,Group D,45-54,2023-01-09,2023-12-05,Voluntary,0,10.8,<1 yr,0,84900.0,1.0354,5,3,High,87.9,12.8,14.1,Hybrid,36.6
781,Jasmine Bell,10,2,3,2708,Male,Group E,25-34,2023-10-21,2025-05-31,Voluntary,0,19.3,1-2 yr,1,77500.0,1.1078,2,2,Medium,54.7,10.3,20.1,Hybrid,25.5
782,Crystal Robinson,11,5,4,928,Female,Group E,45-54,2022-06-04,2026-02-08,Voluntary,0,44.2,2-4 yr,2,77800.0,0.8629,4,3,High,65.5,11.7,14.2,Hybrid,7.4
783,Chad Castro,2,1,11,116,Female,Group B,25-34,2024-11-18,,,1,19.3,1-2 yr,1,22800.0,0.9532,3,3,High,89.0,2.5,3.5,Onsite,19.3
784,Ann Brown,6,8,4,998,Male,Group D,35-44,2018-05-21,2022-06-21,Involuntary,0,49.0,4-6 yr,3,177200.0,1.1198,2,2,Medium,69.7,9.2,17.6,Hybrid,9.4
785,Melanie Johnson,4,2,1,607,Female,Group B,25-34,2025-11-25,2026-02-07,Voluntary,0,2.4,<1 yr,0,63300.0,0.9591,4,2,Medium,79.5,12.8,8.4,Hybrid,7.1
786,Jennifer Collins,5,1,2,805,Female,Group A,35-44,2025-08-01,,,1,10.9,<1 yr,0,44000.0,0.9002,3,2,Medium,67.7,0.8,0.0,Remote,5.4
787,Matthew Michael,6,2,13,2695,Male,Group D,25-34,2025-05-22,2025-08-23,Voluntary,0,3.1,<1 yr,0,18600.0,1.0438,1,2,Medium,44.5,3.1,9.7,Hybrid,13.3
788,Nicole Robertson,10,1,14,2099,Male,Group C,55+,2024-12-26,,,1,18.1,1-2 yr,1,44200.0,0.8763,4,2,Medium,93.9,9.7,6.9,Hybrid,18.1
789,Ashley Barnes,3,2,13,1893,Female,Group A,25-34,2023-07-20,,,1,35.3,2-4 yr,2,18100.0,1.0157,3,3,High,83.4,3.5,13.1,Hybrid,9.0
790,John Bullock,6,3,11,272,Male,Group B,25-34,2024-09-25,,,1,21.1,1-2 yr,1,40900.0,1.0843,4,2,Medium,65.5,7.7,0.0,Remote,19.3
791,Denise King,7,9,3,,Female,Group E,25-34,2026-05-16,2026-06-02,Voluntary,0,0.6,<1 yr,0,216100.0,0.9708,2,2,Medium,81.3,12.2,0.0,Remote,1.5
792,Andrea Powell,4,3,12,488,Female,Group A,25-34,2024-06-25,,,1,24.1,2-4 yr,2,23900.0,1.005,3,3,High,55.4,1.6,7.1,Hybrid,9.4
793,Peter Lutz,11,6,10,2593,Male,Group C,35-44,2022-10-07,,,1,44.7,2-4 yr,2,123800.0,1.0286,3,2,Medium,69.4,16.8,35.2,Onsite,19.3
794,Kristen Cowan,6,3,6,166,Male,Group A,25-34,2025-01-06,,,1,17.7,1-2 yr,1,109600.0,0.9413,3,2,Medium,48.8,14.0,12.3,Onsite,13.7
795,Emily Greer,10,2,4,399,Female,Group A,25-34,2023-12-02,,,1,30.9,2-4 yr,2,63000.0,1.0375,4,2,Medium,72.7,6.7,5.6,Hybrid,4.9
796,Wendy Lara,3,1,13,550,Female,Group E,35-44,2025-11-25,,,1,7.1,<1 yr,0,12900.0,0.9188,4,1,Low,88.3,4.8,10.5,Onsite,7.1
797,Dr. Brian Summers,11,1,10,1826,Female,Group C,35-44,2026-05-09,,,1,1.7,<1 yr,0,52900.0,0.9974,5,2,Medium,69.4,5.9,0.0,Remote,1.7
798,Michael Stone,2,7,13,2176,Male,Group B,35-44,2023-06-11,,,1,36.6,2-4 yr,2,36000.0,0.939,4,3,High,85.0,7.2,20.1,Onsite,14.6
799,Samantha Brown,12,2,12,2450,Female,Group B,25-34,2025-12-26,,,1,6.1,<1 yr,0,19400.0,1.0136,3,2,Medium,80.9,1.6,43.3,Onsite,6.1
800,Bob Owen,5,5,12,1781,Female,Group B,35-44,2024-03-11,,,1,27.6,2-4 yr,2,30700.0,1.0802,3,2,Medium,62.1,7.1,0.0,Remote,3.8
801,Elizabeth Ramirez,5,6,5,417,Female,Group D,45-54,2025-11-11,2026-05-30,Involuntary,0,6.6,<1 yr,0,114100.0,0.9867,4,3,High,51.0,9.3,0.0,Remote,7.6
802,Thomas Brown,5,4,12,599,Female,Group E,45-54,2024-06-16,2026-05-14,Voluntary,0,22.9,1-2 yr,1,20200.0,0.8495,3,1,Low,71.1,5.6,10.4,Onsite,4.8
803,Eric Smith,7,1,3,2173,Female,Group A,35-44,2025-06-24,2025-09-20,Voluntary,0,2.9,<1 yr,0,51300.0,0.9307,3,2,Medium,79.6,1.6,10.6,Hybrid,6.2
804,Carla Moss,4,1,12,1260,Female,Group B,25-34,2026-05-16,2026-05-27,Involuntary,0,0.4,<1 yr,0,13200.0,0.8753,3,3,High,44.1,12.8,24.2,Onsite,1.5
805,Tammy Khan,5,7,1,324,Male,Group C,25-34,2022-07-07,,,1,47.8,2-4 yr,2,144000.0,1.0141,4,3,High,69.2,14.4,11.8,Onsite,42.3
806,Leslie Jackson,8,1,2,2624,Non-binary,Group E,25-34,2026-01-10,,,1,5.6,<1 yr,0,50300.0,1.0291,3,3,High,67.8,5.8,43.7,Onsite,5.6
807,Sarah Schneider,12,2,14,2632,Male,Group A,<25,2023-12-06,2025-04-15,Involuntary,0,16.3,1-2 yr,1,58700.0,0.9169,3,2,Medium,46.8,2.4,5.6,Hybrid,4.1
808,William Mercer,1,5,14,842,Female,Group B,35-44,2022-06-21,,,1,48.3,4-6 yr,3,100900.0,1.0614,4,3,High,90.6,14.9,17.2,Hybrid,11.5
809,Christopher Nelson,1,5,4,2324,Female,Group A,35-44,2022-07-02,,,1,47.9,2-4 yr,2,81300.0,0.9017,2,2,Medium,96.7,2.7,29.9,Hybrid,3.5
810,Michael Gallagher,8,2,3,725,Male,Group B,35-44,2025-11-16,,,1,7.4,<1 yr,0,78000.0,1.1149,3,2,Medium,79.4,7.8,0.0,Remote,4.9
811,Mark Hawkins,3,3,9,2308,Female,Group A,45-54,2025-08-04,,,1,10.8,<1 yr,0,83500.0,0.863,2,3,High,76.4,26.2,9.1,Onsite,10.8
812,Eric Atkinson,3,4,8,1893,Female,Group D,25-34,2023-07-08,,,1,35.7,2-4 yr,2,30200.0,0.8983,4,3,High,69.8,2.7,0.0,Remote,9.8
813,Tammy Murphy,4,1,4,1818,Male,Group D,25-34,2024-07-16,2025-05-29,Voluntary,0,10.4,<1 yr,0,46000.0,0.9615,2,3,High,88.5,17.5,4.9,Hybrid,8.4
814,Ronald Boyle,7,3,3,1391,Male,Group A,45-54,2025-06-08,,,1,12.7,1-2 yr,1,83700.0,0.963,4,3,High,69.9,10.9,7.1,Hybrid,9.6
815,Sandra Johnson,9,8,9,231,Female,Group C,35-44,2024-02-26,,,1,28.1,2-4 yr,2,199100.0,0.981,3,2,Medium,71.6,6.1,2.3,Hybrid,11.6
816,Sabrina Atkins,10,4,1,694,Non-binary,Group A,<25,2025-07-06,,,1,11.8,<1 yr,0,83600.0,1.0195,3,3,High,86.9,7.9,22.0,Hybrid,11.8
817,Jerry Porter,1,2,13,596,Male,Group A,55+,2025-08-30,,,1,10.0,<1 yr,0,15900.0,0.8923,4,2,Medium,94.6,15.9,13.9,Hybrid,10.0
818,Ryan Anderson,12,1,11,1777,Male,Group D,35-44,2026-04-22,2026-06-19,Voluntary,0,1.9,<1 yr,0,24100.0,1.0075,4,2,Medium,51.2,15.5,0.0,Remote,2.3
819,Sandra Cox,10,1,3,694,Male,Group A,25-34,2025-06-23,,,1,12.2,1-2 yr,1,55200.0,1.0015,3,2,Medium,56.1,4.5,14.5,Onsite,12.2
820,Timothy Stewart,11,2,13,1603,Male,Group B,25-34,2025-07-19,,,1,11.4,<1 yr,0,17700.0,0.9933,4,3,High,100.0,8.3,1.1,Hybrid,0.8
821,Rachel Lopez,5,2,9,1083,Male,Group D,45-54,2025-04-03,,,1,14.9,1-2 yr,1,83100.0,1.067,3,2,Medium,66.1,9.1,8.6,Hybrid,14.9
822,Sandra Butler,1,1,13,596,Female,Group D,25-34,2025-02-11,,,1,16.6,1-2 yr,1,13600.0,0.9687,3,3,High,83.7,3.1,19.1,Onsite,16.6
823,Karen Mitchell,11,2,12,2561,Male,Group B,45-54,2023-06-17,,,1,36.4,2-4 yr,2,20000.0,1.0449,4,3,High,84.6,6.2,9.8,Hybrid,6.4
824,Billy Long,1,3,3,284,Male,Group A,25-34,2026-01-29,2026-03-29,Voluntary,0,1.9,<1 yr,0,98400.0,1.1321,3,2,Medium,59.1,6.1,0.0,Remote,5.0
825,Matthew Kim,4,5,8,1506,Male,Group A,35-44,2025-09-08,2025-12-16,Voluntary,0,3.3,<1 yr,0,38000.0,0.9457,3,2,Medium,59.4,11.7,8.1,Hybrid,8.6
826,Anthony Larson,2,1,14,1803,Male,Group B,35-44,2025-12-02,2026-01-21,Voluntary,0,1.6,<1 yr,0,50800.0,1.0071,3,3,High,60.6,18.0,17.9,Hybrid,6.9
827,Kelly Parker,11,4,12,75,Female,Group A,<25,2024-10-26,,,1,20.1,1-2 yr,1,22000.0,0.9251,4,3,High,97.3,4.5,16.7,Hybrid,20.1
828,Thomas James,1,3,12,842,Male,Group E,35-44,2025-02-27,2026-02-01,Involuntary,0,11.1,<1 yr,0,26100.0,1.0976,2,2,Medium,45.0,6.3,10.2,Onsite,4.6
829,Kristina Aguirre,5,4,3,805,Female,Group A,35-44,2025-08-24,,,1,10.2,<1 yr,0,77300.0,0.8893,4,3,High,59.0,4.6,0.0,Remote,10.2
830,Dr. Lauren Andrews,4,2,4,2770,Female,Group C,25-34,2024-02-06,2025-07-16,Voluntary,0,17.3,1-2 yr,1,62200.0,1.0244,4,3,High,66.7,4.9,13.9,Onsite,3.0
831,Christina Harris,1,6,6,106,Female,Group A,35-44,2025-04-10,,,1,14.7,1-2 yr,1,161600.0,0.9644,2,2,Medium,84.4,3.6,10.6,Hybrid,5.5
832,Gary Stokes,1,4,4,107,Female,Group A,35-44,2023-08-04,2025-05-30,Involuntary,0,21.8,1-2 yr,1,70700.0,0.9372,2,2,Medium,64.1,3.5,9.5,Hybrid,12.1
833,Stacy Snyder,8,6,9,2221,Male,Group A,55+,2025-12-14,,,1,6.5,<1 yr,0,139900.0,1.0047,3,3,High,72.5,11.6,9.2,Onsite,6.5
834,Shannon Moore,9,7,5,456,Female,Group D,25-34,2020-02-14,,,1,76.5,6+ yr,4,129000.0,0.927,3,3,High,89.0,6.4,0.0,Remote,25.3
835,Kathy Perry,10,7,14,1203,Male,Group B,55+,2019-06-25,,,1,84.2,6+ yr,4,157500.0,1.1435,3,1,Low,47.0,13.6,22.0,Onsite,11.0
836,Terry Moore,2,2,14,1803,Male,Group A,35-44,2024-06-02,,,1,24.9,2-4 yr,2,57700.0,0.9013,2,2,Medium,48.5,2.1,23.3,Onsite,7.6
837,Christopher Stewart,5,2,1,417,Female,Group A,25-34,2024-12-11,,,1,18.6,1-2 yr,1,66800.0,1.0121,5,2,Medium,79.1,14.6,26.9,Onsite,6.8
838,Vincent Key,4,1,12,419,Male,Group E,<25,2024-12-15,,,1,18.5,1-2 yr,1,13900.0,0.9218,4,3,High,45.6,11.6,0.9,Hybrid,10.9
839,Brent Baker,8,1,3,15,Male,Group A,55+,2025-03-24,2025-11-17,Voluntary,0,7.8,<1 yr,0,46200.0,0.8382,3,2,Medium,72.4,13.0,2.8,Onsite,9.8
840,Ivan Wiley,11,2,13,1618,Male,Group D,35-44,2024-09-26,2026-04-05,Involuntary,0,18.3,1-2 yr,1,18700.0,1.0494,3,2,Medium,45.1,7.6,63.2,Onsite,8.1
841,Paula Lopez,4,8,2,136,Male,Group A,25-34,2018-09-12,,,1,93.6,6+ yr,4,166300.0,1.0286,2,3,High,71.5,1.7,12.9,Onsite,12.1
842,Andrew Nelson,1,7,12,1952,Male,Group C,35-44,2024-05-17,,,1,25.4,2-4 yr,2,46100.0,1.1195,4,3,High,63.8,11.1,8.8,Hybrid,25.4
843,Donna Torres,10,1,14,1655,Male,Group C,45-54,2025-05-31,,,1,13.0,1-2 yr,1,48600.0,0.9635,3,2,Medium,66.9,10.1,7.0,Hybrid,13.0
844,William Smith,3,5,13,1112,Female,Group B,35-44,2022-08-26,2025-10-05,Voluntary,0,37.3,2-4 yr,2,27800.0,1.0506,3,3,High,54.5,11.0,8.4,Onsite,12.9
845,Jordan Wood,12,7,4,1337,Male,Group B,25-34,2024-09-17,2025-10-24,Voluntary,0,13.2,1-2 yr,1,144900.0,1.1092,3,1,Low,77.3,1.4,12.8,Onsite,4.1
846,Stephanie Smith,4,1,13,488,Male,Group E,35-44,2024-12-15,,,1,18.5,1-2 yr,1,15500.0,1.104,4,2,Medium,55.4,3.7,11.1,Onsite,18.5
847,Kathy Swanson,12,1,5,845,Female,Group B,35-44,2026-05-12,,,1,1.6,<1 yr,0,48700.0,0.9557,4,3,High,55.4,15.0,0.0,Remote,1.6
848,Julia Henry,7,3,11,1486,Female,Group D,25-34,2023-08-16,,,1,34.5,2-4 yr,2,36500.0,0.9677,3,3,High,76.2,11.4,9.2,Onsite,19.0
849,Joseph Thomas,5,3,8,1069,Male,Group E,35-44,2022-09-20,2025-05-01,Voluntary,0,31.3,2-4 yr,2,35400.0,1.0529,4,3,High,91.1,9.4,54.3,Onsite,14.8
850,Erin Guerrero,11,2,4,928,Male,Group B,45-54,2023-11-02,,,1,31.9,2-4 yr,2,57800.0,0.9519,3,2,Medium,76.5,10.8,3.6,Hybrid,13.3
851,Todd Foster,2,5,12,798,Male,Group A,<25,2023-03-13,,,1,39.6,2-4 yr,2,27900.0,0.9817,3,2,Medium,49.5,1.2,4.3,Hybrid,4.5
852,Bianca White,6,6,4,2751,Female,Group B,<25,2020-09-17,,,1,69.4,4-6 yr,3,98800.0,0.9101,4,3,High,88.8,4.3,14.1,Onsite,25.6
853,Robert Stephens,2,5,13,392,Female,Group B,45-54,2024-04-18,,,1,26.4,2-4 yr,2,24400.0,0.9221,5,2,Medium,73.9,3.5,9.6,Hybrid,16.8
854,Micheal Boone,12,3,12,2450,Male,Group C,25-34,2023-10-14,,,1,32.5,2-4 yr,2,22900.0,0.963,4,3,High,53.9,18.3,24.3,Hybrid,16.7
855,Janet Reed,7,1,6,1904,Male,Group A,45-54,2025-12-03,,,1,6.9,<1 yr,0,78000.0,1.0563,2,2,Medium,57.8,4.5,0.0,Remote,3.7
856,Timothy Bowman,7,3,12,2517,Female,Group A,<25,2022-08-19,,,1,46.4,2-4 yr,2,23900.0,1.005,2,1,Low,80.3,21.4,10.0,Onsite,19.3
857,Kathryn Gray,8,8,12,2084,Male,Group C,45-54,2018-08-05,2024-01-23,Voluntary,0,65.6,4-6 yr,3,50800.0,1.0184,2,2,Medium,87.0,17.0,2.2,Hybrid,26.2
858,Aaron Brown,4,4,13,1135,Male,Group C,35-44,2026-04-02,2026-05-23,Involuntary,0,1.7,<1 yr,0,23100.0,1.0434,3,2,Medium,70.8,9.3,32.9,Onsite,2.9
859,Jordan Rogers,8,2,8,1943,Male,Group A,35-44,2025-07-23,,,1,11.2,<1 yr,0,29000.0,1.0717,2,3,High,50.7,3.2,12.3,Hybrid,11.2
860,Justin Lawson,11,2,7,1551,Female,Group A,55+,2025-12-04,,,1,6.8,<1 yr,0,79600.0,0.9726,3,3,High,63.8,6.3,5.4,Hybrid,6.8
861,Lisa Lucas,3,4,7,1040,Female,Group A,35-44,2025-04-28,2026-05-19,Voluntary,0,12.7,1-2 yr,1,101300.0,0.9963,4,2,Medium,58.4,8.3,15.3,Hybrid,10.6
862,Brenda Espinoza,6,5,1,538,Male,Group A,35-44,2022-05-04,,,1,49.9,4-6 yr,3,101000.0,1.0306,3,1,Low,81.2,20.6,0.0,Remote,23.7
863,Eric Williams,3,5,12,550,Female,Group C,55+,2021-10-30,,,1,56.0,4-6 yr,3,26100.0,0.9184,4,1,Low,72.4,11.9,34.5,Onsite,24.7
864,Michael Lee,11,5,12,1603,Male,Group C,55+,2026-03-09,2026-06-20,Voluntary,0,3.4,<1 yr,0,29100.0,1.0239,3,2,Medium,88.9,7.9,41.7,Onsite,3.7
865,Scott Russell,8,7,12,857,Female,Group D,35-44,2023-03-14,,,1,39.6,2-4 yr,2,41900.0,1.0175,5,3,High,65.4,3.3,12.3,Hybrid,7.2
866,Trevor Greene,4,5,5,1818,Male,Group A,45-54,2026-05-17,,,1,1.4,<1 yr,0,95900.0,0.9985,3,3,High,53.8,11.1,0.0,Remote,1.4
867,Linda Allen,10,3,13,1196,Female,Group C,35-44,2022-08-11,2025-12-17,Voluntary,0,40.2,2-4 yr,2,20000.0,0.9033,4,3,High,72.9,23.8,20.7,Onsite,14.5
868,George Humphrey,4,3,1,1818,Non-binary,Group B,<25,2022-08-09,,,1,46.7,2-4 yr,2,78000.0,0.9512,3,2,Medium,57.8,13.2,0.0,Remote,6.7
869,Michael Cortez,4,6,3,723,Female,Group D,45-54,2020-05-22,,,1,73.3,6+ yr,4,117200.0,0.937,3,2,Medium,80.5,9.2,0.0,Remote,15.8
870,Carlos Martinez,7,5,3,1930,Male,Group B,35-44,2021-06-29,,,1,60.0,4-6 yr,3,109900.0,1.058,2,2,Medium,80.0,8.5,13.3,Hybrid,19.9
871,Matthew Davis,1,5,1,284,Male,Group A,25-34,2024-01-28,,,1,29.0,2-4 yr,2,97100.0,0.9908,4,3,High,82.3,3.7,0.0,Remote,20.1
872,Abigail Coffey,8,4,7,725,Male,Group A,25-34,2025-10-22,,,1,8.2,<1 yr,0,111100.0,1.0926,3,1,Low,89.3,3.1,15.1,Hybrid,8.2
873,Debra Miller,5,5,14,2412,Female,Group A,45-54,2024-11-11,,,1,19.6,1-2 yr,1,87000.0,0.9152,3,3,High,54.0,6.9,9.6,Hybrid,17.1
874,Julia Douglas,4,2,13,1948,Male,Group A,25-34,2025-09-21,,,1,9.3,<1 yr,0,17800.0,0.9989,5,2,Medium,46.9,0.9,13.0,Hybrid,9.3
875,Angela Peterson,9,6,9,1746,Female,Group E,45-54,2020-08-01,,,1,70.9,4-6 yr,3,111600.0,0.8015,3,3,High,78.2,7.8,9.3,Onsite,18.0
876,Crystal Ramirez,6,5,14,1958,Non-binary,Group A,35-44,2025-10-11,,,1,8.6,<1 yr,0,88500.0,0.931,2,1,Low,60.0,15.4,20.9,Hybrid,8.6
877,James Mooney,10,2,12,835,Female,Group D,35-44,2023-08-25,,,1,34.2,2-4 yr,2,20600.0,1.0763,3,2,Medium,78.2,9.5,38.7,Onsite,18.6
878,Elizabeth Torres,5,2,11,2374,Male,Group A,25-34,2024-09-16,,,1,21.4,1-2 yr,1,31600.0,1.0408,1,2,Medium,65.5,5.5,7.8,Hybrid,16.9
879,Christina Smith,5,4,2,2305,Male,Group C,35-44,2024-10-29,2025-03-03,Voluntary,0,4.1,<1 yr,0,70700.0,0.9172,4,2,Medium,63.3,11.3,7.7,Onsite,12.0
880,Tiffany Jones,5,1,7,805,Non-binary,Group A,<25,2026-01-21,2026-04-23,Voluntary,0,3.0,<1 yr,0,53700.0,0.8328,3,3,High,81.6,11.9,14.1,Hybrid,5.3
881,Alan Leach,7,3,4,1904,Male,Group B,45-54,2022-11-21,,,1,43.3,2-4 yr,2,77600.0,1.0286,5,3,High,57.2,9.4,10.3,Hybrid,18.2
882,Krista Velasquez,7,6,12,937,Male,Group E,35-44,2022-09-02,,,1,45.9,2-4 yr,2,31900.0,0.9322,5,3,High,88.6,6.4,0.0,Remote,19.7
883,Amanda Butler,7,4,1,1930,Male,Group A,45-54,2026-03-05,,,1,3.8,<1 yr,0,81400.0,0.9927,4,3,High,67.5,4.3,4.1,Hybrid,3.8
884,Alexis Adams,11,8,8,2047,Female,Group C,25-34,2023-12-29,,,1,30.0,2-4 yr,2,68600.0,0.9728,3,2,Medium,43.7,2.6,26.0,Onsite,16.3
885,Julia Thomas,5,4,2,508,Female,Group B,25-34,2026-03-27,,,1,3.1,<1 yr,0,72800.0,0.9445,4,3,High,57.7,10.6,16.1,Onsite,3.1
886,Elijah Allen,6,7,11,305,Male,Group E,45-54,2021-06-22,,,1,60.2,4-6 yr,3,67700.0,1.0364,3,3,High,87.5,5.7,2.5,Hybrid,6.6
887,Brian Morgan,8,8,13,1449,Male,Group D,45-54,2023-09-04,,,1,33.8,2-4 yr,2,44500.0,0.9582,3,2,Medium,70.6,1.9,19.6,Onsite,4.9
888,Alejandro Vang,12,2,3,917,Female,Group C,45-54,2024-01-19,2026-04-23,Involuntary,0,27.1,2-4 yr,2,67500.0,0.9648,1,1,Low,55.2,8.3,0.0,Remote,17.7
889,Michael Hartman,4,1,12,1260,Male,Group C,35-44,2024-08-16,,,1,22.4,1-2 yr,1,14000.0,0.9284,3,3,High,56.5,14.9,15.1,Hybrid,16.8
890,Sandra Hernandez,11,2,3,625,Male,Group C,35-44,2024-03-21,,,1,27.3,2-4 yr,2,71400.0,1.0206,4,1,Low,52.1,1.4,4.3,Onsite,8.4
891,Samantha Kennedy,5,1,4,556,Male,Group A,35-44,2025-01-03,,,1,17.8,1-2 yr,1,49300.0,1.0305,4,2,Medium,49.7,7.1,4.6,Hybrid,6.8
892,Laura Holden,7,6,14,1933,Male,Group B,35-44,2021-01-03,2025-01-03,Voluntary,0,48.0,2-4 yr,2,109000.0,0.9523,4,2,Medium,66.7,10.7,4.4,Hybrid,32.8
893,Juan Gibson,3,3,2,1040,Female,Group A,25-34,2025-01-30,,,1,17.0,1-2 yr,1,69100.0,0.8965,2,1,Low,82.1,11.5,10.6,Onsite,11.2
894,William Waller,7,3,1,1904,Male,Group B,55+,2024-03-21,2024-10-07,Voluntary,0,6.6,<1 yr,0,87400.0,1.0659,4,3,High,48.3,9.4,0.0,Remote,12.5
895,Loretta Hobbs,3,4,12,1235,Female,Group D,55+,2023-03-28,,,1,39.1,2-4 yr,2,22800.0,0.9588,4,3,High,59.3,6.9,0.0,Remote,4.8
896,Ms. Maria Russell,4,1,8,1506,Male,Group C,25-34,2025-02-12,2026-02-09,Involuntary,0,11.9,<1 yr,0,23400.0,1.0976,2,1,Low,49.9,7.1,35.5,Onsite,10.2
897,Antonio Thomas,3,4,3,59,Female,Group A,25-34,2023-10-22,2024-11-08,Involuntary,0,12.6,1-2 yr,1,91000.0,1.0469,4,3,High,87.9,16.3,5.7,Hybrid,26.2
898,Connie Santos,11,4,13,1618,Female,Group A,45-54,2024-08-17,,,1,22.4,1-2 yr,1,25700.0,1.1608,3,1,Low,63.6,5.4,15.0,Onsite,22.4
899,Brittany Carroll,7,2,13,1933,Female,Group A,55+,2025-07-07,2025-09-14,Voluntary,0,2.3,<1 yr,0,17100.0,0.9596,3,1,Low,74.3,3.9,0.0,Remote,11.8
900,Sandra Johnson,7,2,4,1904,Female,Group A,25-34,2025-12-02,,,1,6.9,<1 yr,0,53400.0,0.8794,4,1,Low,37.6,2.7,1.8,Hybrid,4.1
901,Robert Johnson,8,8,4,1449,Male,Group D,25-34,2025-01-29,,,1,17.0,1-2 yr,1,179600.0,1.135,3,3,High,60.4,18.3,5.8,Hybrid,7.2
902,Brett Shah,3,2,5,2213,Female,Group A,45-54,2026-06-02,2026-06-16,Voluntary,0,0.5,<1 yr,0,62100.0,0.9601,3,3,High,54.2,17.0,0.0,Remote,0.9
903,Mary Roberts,11,1,13,2561,Female,Group C,<25,2024-09-03,2025-02-01,Involuntary,0,5.0,<1 yr,0,13200.0,0.9402,3,1,Low,53.0,7.8,11.7,Hybrid,11.1
904,April Bender,6,4,8,713,Female,Group B,<25,2025-08-15,2025-12-26,Voluntary,0,4.4,<1 yr,0,32300.0,0.9607,3,3,High,61.3,19.1,4.7,Hybrid,10.5
905,Pamela Bush,9,3,12,954,Female,Group E,35-44,2024-06-05,2025-11-13,Involuntary,0,17.3,1-2 yr,1,22100.0,0.9294,2,2,Medium,71.2,11.3,17.3,Hybrid,9.2
906,Felicia Sandoval,7,6,11,1486,Female,Group A,45-54,2023-12-22,,,1,30.3,2-4 yr,2,55200.0,1.0169,3,3,High,62.5,2.6,6.0,Hybrid,2.2
907,Dawn Carter,5,5,11,1370,Male,Group A,35-44,2024-08-21,,,1,22.3,1-2 yr,1,49200.0,1.0914,2,1,Low,94.5,4.6,11.7,Onsite,22.3
908,Miguel Barnes,3,2,12,550,Female,Group B,<25,2025-03-28,,,1,15.1,1-2 yr,1,17300.0,0.9039,2,2,Medium,49.9,3.6,15.1,Hybrid,15.1
909,Austin Miller,2,2,1,439,Male,Group B,55+,2024-01-03,,,1,29.9,2-4 yr,2,64100.0,0.9712,4,3,High,83.1,14.7,0.0,Remote,14.3
910,Emily Hodges,10,1,8,470,Female,Group C,25-34,2025-04-12,,,1,14.6,1-2 yr,1,21100.0,0.9897,3,2,Medium,80.9,5.0,20.9,Hybrid,14.6
911,Mckenzie Johnson,1,6,13,2488,Female,Group A,<25,2021-11-26,,,1,55.1,4-6 yr,3,33700.0,1.0578,5,2,Medium,71.6,5.3,11.6,Hybrid,5.7
912,Erika Hamilton,11,2,12,1836,Female,Group B,25-34,2025-03-28,2026-01-16,Voluntary,0,9.7,<1 yr,0,16900.0,0.883,3,1,Low,48.7,11.9,14.6,Hybrid,6.2
913,Mark Roman,11,4,3,625,Male,Group B,25-34,2024-10-16,,,1,20.4,1-2 yr,1,77200.0,0.8882,4,3,High,79.7,3.2,34.4,Onsite,20.4
914,Mary Gutierrez,12,2,12,2450,Male,Group C,25-34,2025-10-13,2026-01-25,Voluntary,0,3.4,<1 yr,0,18600.0,0.9718,4,3,High,91.1,1.5,19.6,Onsite,3.4
915,Shannon Warner,5,6,9,1370,Female,Group A,25-34,2022-01-27,,,1,53.1,4-6 yr,3,126400.0,0.9078,3,2,Medium,76.1,2.4,18.0,Onsite,7.2
916,Wendy Marquez,6,8,8,737,Female,Group D,25-34,2023-06-01,,,1,37.0,2-4 yr,2,67700.0,0.96,3,2,Medium,55.1,5.9,8.4,Hybrid,15.0
917,Brittany Lee,12,7,4,1337,Male,Group B,35-44,2023-08-04,,,1,34.9,2-4 yr,2,136300.0,1.0433,2,2,Medium,95.7,2.3,0.0,Remote,11.3
918,Emily Clark,4,9,2,,Male,Group C,25-34,2022-08-16,2023-10-02,Voluntary,0,13.5,1-2 yr,1,198500.0,1.0056,3,3,High,83.4,8.5,30.7,Onsite,13.7
919,Andrew Castillo,4,2,12,488,Male,Group A,25-34,2024-06-05,,,1,24.8,2-4 yr,2,17300.0,0.9039,3,3,High,53.6,3.8,7.1,Hybrid,18.9
920,Justin Smith,1,3,9,589,Male,Group B,45-54,2025-02-09,2025-06-17,Involuntary,0,4.2,<1 yr,0,103500.0,1.0697,3,1,Low,66.3,21.7,12.6,Hybrid,16.6
921,Amanda Massey,7,6,11,1486,Female,Group A,25-34,2024-05-03,,,1,25.9,2-4 yr,2,59200.0,1.0906,3,2,Medium,77.1,15.6,0.9,Hybrid,14.0
922,Michael Harrison,4,5,1,1971,Female,Group E,25-34,2024-05-06,2025-08-14,Voluntary,0,15.3,1-2 yr,1,94900.0,0.9684,1,2,Medium,77.7,12.7,30.8,Onsite,20.4
923,Adriana Lewis,2,2,8,935,Male,Group A,45-54,2026-02-05,2026-05-12,Involuntary,0,3.2,<1 yr,0,28000.0,1.0347,3,2,Medium,71.0,1.6,33.0,Onsite,4.8
924,Angela Manning,4,4,1,1818,Male,Group B,<25,2026-01-24,,,1,5.2,<1 yr,0,90900.0,1.1085,3,2,Medium,73.4,7.3,13.7,Hybrid,5.2
925,Marc Cruz,4,3,1,2770,Female,Group E,25-34,2024-09-22,,,1,21.2,1-2 yr,1,86800.0,1.0585,4,2,Medium,64.6,24.1,7.8,Hybrid,21.2
926,Joseph Davidson,4,1,13,1948,Male,Group D,55+,2025-06-02,,,1,12.9,1-2 yr,1,13800.0,0.9829,3,2,Medium,94.8,4.0,25.3,Onsite,4.0
927,Devin Daugherty,8,1,13,406,Female,Group C,35-44,2025-08-18,,,1,10.4,<1 yr,0,12100.0,0.8618,4,3,High,73.4,5.0,17.5,Onsite,10.4
928,James Rodriguez,11,7,2,255,Male,Group B,<25,2024-11-19,,,1,19.3,1-2 yr,1,139400.0,1.0444,2,3,High,46.1,5.7,10.2,Onsite,13.3
929,Samuel Brown,8,3,9,2221,Male,Group B,25-34,2023-05-15,,,1,37.5,2-4 yr,2,110600.0,1.143,3,3,High,63.6,11.4,5.1,Hybrid,17.3
930,David Lopez,6,2,6,2751,Female,Group A,25-34,2023-12-10,,,1,30.7,2-4 yr,2,95900.0,1.0233,4,3,High,80.1,14.9,0.0,Remote,30.7
931,Robyn Mcpherson,7,3,4,1930,Female,Group C,35-44,2022-06-29,,,1,48.0,2-4 yr,2,76400.0,1.0127,4,3,High,55.2,5.0,3.1,Hybrid,18.5
932,Danielle Davis,6,7,1,1216,Female,Group B,35-44,2021-06-04,2023-10-26,Voluntary,0,28.7,2-4 yr,2,129600.0,0.9127,1,2,Medium,71.0,4.6,1.3,Hybrid,15.4
933,Patricia Gill,1,8,11,149,Female,Group B,25-34,2023-12-01,,,1,30.9,2-4 yr,2,79500.0,1.0048,4,3,High,83.1,9.8,7.7,Onsite,8.6
934,Cheryl Mccarthy,6,5,13,2695,Male,Group B,35-44,2025-08-30,2025-11-01,Voluntary,0,2.1,<1 yr,0,28400.0,1.0733,4,2,Medium,75.4,6.2,7.3,Hybrid,10.0
935,Michele Johnson,2,7,8,1460,Female,Group D,25-34,2023-01-11,,,1,41.6,2-4 yr,2,57900.0,0.9945,2,1,Low,67.0,10.1,17.1,Onsite,12.4
936,Marc Rodriguez,6,1,5,2447,Male,Group A,35-44,2024-07-23,,,1,23.2,1-2 yr,1,56400.0,1.1068,3,2,Medium,74.2,23.9,0.0,Remote,4.5
937,Timothy Schultz MD,7,7,13,328,Male,Group C,<25,2023-11-07,,,1,31.7,2-4 yr,2,39900.0,1.0407,3,3,High,100.0,7.7,0.0,Remote,11.5
938,Jeremy Henry,10,1,4,694,Male,Group C,35-44,2026-03-06,,,1,3.8,<1 yr,0,48300.0,1.0096,3,2,Medium,84.3,4.9,1.8,Hybrid,3.8
939,Phillip Simmons,3,1,13,1893,Male,Group A,35-44,2025-12-01,,,1,6.9,<1 yr,0,13800.0,0.9829,3,3,High,70.7,1.6,7.9,Hybrid,6.9
940,Courtney Mitchell,1,3,2,1670,Male,Group A,55+,2026-02-14,,,1,4.5,<1 yr,0,77200.0,1.0016,2,2,Medium,59.4,23.5,17.0,Onsite,4.5
941,Melissa Escobar PhD,6,8,12,737,Non-binary,Group B,25-34,2025-04-01,,,1,14.9,1-2 yr,1,52800.0,1.0585,3,2,Medium,100.0,7.4,0.0,Remote,14.9
942,David Castro,12,2,3,845,Male,Group A,55+,2026-06-11,,,1,0.6,<1 yr,0,71000.0,1.0149,3,2,Medium,81.7,1.6,5.2,Hybrid,0.6
943,Amanda Cooper,11,4,9,2593,Male,Group A,35-44,2023-12-13,,,1,30.6,2-4 yr,2,101800.0,1.0521,4,3,High,83.2,3.5,54.9,Onsite,30.6
944,Lance Johnson,1,3,4,2324,Female,Group A,35-44,2022-08-27,,,1,46.1,2-4 yr,2,71400.0,0.9464,3,2,Medium,67.4,5.2,15.4,Hybrid,7.9
945,Rachel Robinson,6,4,7,932,Female,Group D,35-44,2022-11-10,,,1,43.6,2-4 yr,2,102400.0,1.0071,3,1,Low,51.0,4.9,16.4,Hybrid,27.0
946,Susan Brown,6,1,6,1899,Female,Group D,55+,2024-10-02,,,1,20.9,1-2 yr,1,69500.0,0.9412,4,2,Medium,66.1,6.2,3.6,Hybrid,5.3
947,Jacob Wood,12,1,5,1225,Female,Group E,35-44,2025-03-23,2026-01-06,Voluntary,0,9.5,<1 yr,0,43700.0,0.8575,3,3,High,55.9,1.4,0.0,Remote,3.1
948,Dr. Bryan Taylor,12,1,7,917,Male,Group B,25-34,2025-07-30,,,1,11.0,<1 yr,0,72700.0,1.1275,3,2,Medium,84.2,8.2,5.4,Hybrid,11.0
949,Randy Mitchell,6,8,3,998,Male,Group A,35-44,2022-06-05,,,1,48.8,4-6 yr,3,194000.0,1.0641,2,2,Medium,65.3,8.4,15.2,Onsite,7.3
950,Michael Wagner,2,6,1,2368,Male,Group B,25-34,2025-03-06,,,1,15.8,1-2 yr,1,115300.0,0.9771,3,2,Medium,84.7,5.3,0.0,Remote,15.8
951,Deborah Baker,1,8,13,2100,Female,Group A,25-34,2025-11-09,2026-03-11,Voluntary,0,4.0,<1 yr,0,40600.0,0.8742,3,2,Medium,55.1,15.0,1.7,Onsite,7.7
952,Joseph Evans,6,1,1,538,Female,Group E,45-54,2024-11-18,2025-08-15,Voluntary,0,8.9,<1 yr,0,57100.0,1.0981,4,2,Medium,95.5,4.2,3.0,Hybrid,12.9
953,Matthew Brennan,10,1,2,399,Male,Group C,35-44,2025-08-19,2026-02-18,Voluntary,0,6.0,<1 yr,0,48000.0,0.982,5,2,Medium,81.4,5.0,5.9,Hybrid,7.6
954,Andrea Davis,9,7,12,2200,Male,Group A,<25,2024-08-05,2025-07-17,Voluntary,0,11.4,<1 yr,0,42300.0,1.0272,1,3,High,56.5,14.2,8.2,Hybrid,13.9
955,Andrea Kim,8,2,10,2095,Male,Group A,45-54,2025-06-17,2025-09-22,Voluntary,0,3.2,<1 yr,0,59400.0,0.8824,2,3,High,66.8,32.0,12.5,Onsite,3.1
956,Heather Wilson,9,4,7,834,Male,Group E,25-34,2024-05-04,,,1,25.9,2-4 yr,2,119600.0,1.1762,4,3,High,69.4,3.4,17.4,Onsite,5.9
957,Victoria Medina,4,2,13,1948,Male,Group D,25-34,2023-11-20,2024-08-27,Voluntary,0,9.2,<1 yr,0,17300.0,0.9708,3,3,High,78.5,10.8,25.7,Hybrid,13.9
958,Mark Adams,7,1,13,2517,Female,Group A,45-54,2025-02-06,,,1,16.7,1-2 yr,1,14400.0,1.0256,5,3,High,86.3,4.4,49.7,Onsite,16.7
959,Vanessa Patterson DDS,10,4,12,1655,Male,Group C,35-44,2025-10-15,,,1,8.5,<1 yr,0,21600.0,0.9083,3,3,High,88.6,17.6,3.9,Hybrid,8.5
960,Elizabeth Walker,3,2,13,1112,Male,Group C,35-44,2024-12-15,,,1,18.5,1-2 yr,1,16900.0,0.9484,2,3,High,62.5,0.9,11.7,Hybrid,15.0
961,James Phillips,7,5,9,1486,Female,Group B,25-34,2025-11-26,,,1,7.1,<1 yr,0,104200.0,0.9011,5,3,High,95.4,9.7,6.9,Onsite,7.1
962,Carlos Rivers,10,1,4,2708,Male,Group A,25-34,2026-03-09,2026-05-21,Voluntary,0,2.4,<1 yr,0,50900.0,1.064,2,3,High,93.2,5.3,7.4,Hybrid,3.7
963,Kathleen James,9,7,6,456,Male,Group C,<25,2020-12-06,2022-04-17,Voluntary,0,16.3,1-2 yr,1,212200.0,1.0524,4,2,Medium,65.9,14.5,7.7,Onsite,16.8
964,Sarah Mckee,8,5,3,2624,Male,Group A,35-44,2023-06-20,,,1,36.3,2-4 yr,2,113600.0,1.0936,3,1,Low,30.5,9.7,26.7,Onsite,6.4
965,Jeremiah Hernandez,3,8,5,350,Female,Group B,45-54,2021-07-31,2024-10-23,Voluntary,0,38.8,2-4 yr,2,158200.0,0.9385,2,2,Medium,65.3,1.2,0.0,Remote,18.9
966,Laura Cross,7,3,13,1933,Female,Group C,35-44,2022-11-14,,,1,43.5,2-4 yr,2,22400.0,1.0117,4,2,Medium,74.6,14.4,12.4,Onsite,9.5
967,Whitney Sanders,2,3,6,2279,Female,Group B,35-44,2025-08-26,2026-01-09,Voluntary,0,4.5,<1 yr,0,104800.0,0.9,4,3,High,74.1,1.5,3.0,Hybrid,8.0
968,Eric Morris,7,1,3,553,Male,Group A,25-34,2024-09-20,,,1,21.3,1-2 yr,1,58600.0,1.0631,5,3,High,69.2,1.8,24.7,Onsite,6.6
969,Katherine Jones,9,5,3,1638,Female,Group D,<25,2021-10-06,,,1,56.8,4-6 yr,3,92500.0,0.8905,5,3,High,48.2,7.2,13.2,Hybrid,11.0
970,Travis Wilson,11,3,3,928,Female,Group D,45-54,2022-08-15,,,1,46.5,2-4 yr,2,73400.0,0.8445,3,1,Low,47.4,5.2,13.8,Hybrid,22.6
971,Jonathan Parker,1,2,11,1447,Male,Group D,25-34,2025-10-11,,,1,8.6,<1 yr,0,31300.0,1.031,3,2,Medium,66.5,6.1,0.0,Remote,3.8
972,Martin Williamson,4,1,14,1260,Male,Group A,35-44,2025-04-06,,,1,14.8,1-2 yr,1,49000.0,0.9715,4,3,High,46.8,1.6,8.2,Onsite,14.8
973,Andrea Montgomery,8,3,12,406,Female,Group A,25-34,2025-05-21,,,1,13.3,1-2 yr,1,24500.0,1.0303,3,2,Medium,90.9,3.1,2.0,Hybrid,13.3
974,Connor Jones,3,6,9,2650,Female,Group C,25-34,2025-01-13,,,1,17.5,1-2 yr,1,119400.0,0.8575,3,3,High,61.5,6.3,16.9,Onsite,3.4
975,Matthew Poole,3,9,3,,Female,Group C,55+,2021-05-15,,,1,61.5,4-6 yr,3,229800.0,1.0323,4,2,Medium,66.5,12.4,13.2,Onsite,11.8
976,Jennifer Myers,4,4,7,2606,Female,Group D,45-54,2022-06-03,,,1,48.9,4-6 yr,3,103700.0,1.0199,5,2,Medium,96.7,5.9,9.2,Onsite,10.1
977,April Williams,7,2,4,1930,Female,Group C,35-44,2025-02-06,,,1,16.7,1-2 yr,1,52500.0,0.8646,3,3,High,55.6,10.4,7.5,Hybrid,2.2
978,Laura Vazquez,11,5,2,928,Male,Group A,45-54,2024-09-09,,,1,21.6,1-2 yr,1,92400.0,1.003,5,3,High,69.7,12.6,5.6,Hybrid,21.6
979,Eric Moran,9,4,11,1746,Male,Group E,35-44,2023-11-24,2025-04-27,Voluntary,0,17.1,1-2 yr,1,42100.0,1.1161,4,2,Medium,65.6,12.1,0.0,Remote,27.6
980,Sharon Lopez,10,2,13,378,Male,Group B,35-44,2024-10-27,2025-08-21,Involuntary,0,9.8,<1 yr,0,20200.0,1.1336,3,3,High,62.7,8.6,0.0,Remote,18.0
981,Alec Smith,9,7,12,2200,Male,Group C,25-34,2023-06-08,,,1,36.7,2-4 yr,2,40700.0,0.9883,3,1,Low,66.1,3.7,66.1,Onsite,8.1
982,Allen Lee,8,6,12,406,Male,Group B,25-34,2023-02-12,,,1,40.5,2-4 yr,2,35000.0,1.0228,3,2,Medium,82.9,2.1,8.2,Hybrid,19.6
983,Andre Gonzalez,11,5,13,645,Female,Group D,25-34,2023-11-06,,,1,31.8,2-4 yr,2,24600.0,0.9297,3,2,Medium,38.5,6.1,11.8,Hybrid,12.5
984,Peggy Long,9,1,13,954,Male,Group A,25-34,2025-01-23,2025-08-10,Involuntary,0,6.5,<1 yr,0,15000.0,1.0684,2,2,Medium,56.7,1.6,2.7,Hybrid,12.3
985,Christina Smith DVM,5,1,5,417,Female,Group A,55+,2026-01-09,,,1,5.7,<1 yr,0,50900.0,0.9988,2,2,Medium,40.1,2.7,0.0,Remote,5.7
986,Lori Roth,4,3,13,1135,Male,Group C,35-44,2026-05-28,,,1,1.1,<1 yr,0,22100.0,0.9982,4,2,Medium,68.6,1.4,0.0,Remote,1.1
987,Katie Miller,5,4,4,2305,Male,Group E,35-44,2025-09-30,,,1,9.0,<1 yr,0,81500.0,1.0803,3,3,High,80.6,8.3,0.0,Remote,9.0
988,Charles Curtis,5,5,4,805,Female,Group A,25-34,2022-07-31,,,1,47.0,2-4 yr,2,93100.0,1.0326,2,3,High,75.1,14.7,0.0,Remote,12.6
989,Justin Moore,2,4,1,359,Female,Group E,45-54,2024-12-28,,,1,18.0,1-2 yr,1,82200.0,1.0024,2,2,Medium,90.9,24.4,0.0,Remote,18.0
990,John Patel,8,5,3,656,Female,Group E,25-34,2026-01-23,,,1,5.2,<1 yr,0,103600.0,0.9973,3,3,High,90.2,12.9,19.4,Onsite,5.2
991,Melissa Baxter,6,5,7,2751,Female,Group B,35-44,2021-10-11,2024-04-02,Voluntary,0,29.7,2-4 yr,2,113000.0,0.9299,2,2,Medium,54.2,3.9,2.9,Onsite,11.2
992,Mrs. Brittany Rodriguez,9,4,6,2667,Male,Group C,35-44,2023-01-11,2025-01-20,Voluntary,0,24.3,2-4 yr,2,137700.0,1.1826,4,3,High,83.4,1.0,30.0,Onsite,27.7
993,Taylor Jackson,8,2,14,1750,Male,Group A,25-34,2025-12-13,,,1,6.5,<1 yr,0,60900.0,0.9513,5,3,High,41.3,14.1,18.6,Onsite,0.8
994,Stephanie Logan,1,3,3,557,Female,Group C,25-34,2024-02-28,,,1,28.0,2-4 yr,2,87200.0,1.0032,2,1,Low,65.5,5.8,4.8,Onsite,24.7
995,Michael Carpenter,4,4,14,1135,Non-binary,Group C,25-34,2025-08-07,,,1,10.7,<1 yr,0,80800.0,1.0158,3,2,Medium,66.5,5.4,26.0,Onsite,7.2
996,Mark Bailey,2,8,4,1243,Male,Group D,35-44,2019-11-03,,,1,79.9,6+ yr,4,174900.0,1.1053,4,2,Medium,80.5,16.6,0.0,Remote,14.8
997,Michael Robinson MD,3,3,3,2607,Female,Group D,35-44,2022-08-17,,,1,46.4,2-4 yr,2,87500.0,1.0067,3,2,Medium,76.4,2.7,8.6,Hybrid,6.6
998,Patricia Christensen,6,9,5,,Female,Group A,25-34,2018-06-23,,,1,96.2,6+ yr,4,190800.0,0.9271,4,3,High,90.2,13.4,0.0,Remote,41.4
999,Shirley Moran,7,2,3,553,Female,Group C,35-44,2024-03-06,,,1,27.8,2-4 yr,2,70700.0,1.0106,3,1,Low,89.7,11.4,3.7,Hybrid,15.6
1000,Julie Lopez,10,1,1,1217,Male,Group A,55+,2024-08-12,,,1,22.6,1-2 yr,1,55100.0,1.0596,2,3,High,81.3,12.2,10.7,Onsite,22.6
1001,Rose Hughes,11,3,3,440,Male,Group C,45-54,2023-02-10,,,1,40.6,2-4 yr,2,96900.0,1.1148,3,3,High,93.6,2.3,0.0,Remote,8.4
1002,Theresa Martinez,11,1,11,1364,Male,Group A,55+,2024-11-07,,,1,19.7,1-2 yr,1,27300.0,1.1413,3,3,High,70.3,8.5,8.5,Hybrid,19.7
1003,Debbie Cobb,12,4,6,1549,Male,Group A,25-34,2022-12-18,,,1,42.4,2-4 yr,2,115100.0,0.9885,3,3,High,64.2,8.3,31.4,Onsite,12.6
1004,Daniel Wallace,1,1,13,842,Female,Group E,25-34,2026-01-15,,,1,5.5,<1 yr,0,13900.0,0.99,4,3,High,56.9,11.0,17.1,Hybrid,5.5
1005,Cody Gonzales,12,4,3,1225,Female,Group E,25-34,2024-01-09,2024-10-08,Involuntary,0,9.0,<1 yr,0,89000.0,1.0239,3,3,High,54.7,3.6,19.0,Onsite,4.5
1006,Melissa Cook,9,1,6,1675,Male,Group C,35-44,2025-03-11,2026-05-31,Involuntary,0,14.7,1-2 yr,1,76900.0,1.0414,1,1,Low,75.8,16.0,5.9,Hybrid,13.6
1007,Jeffery Boyd,1,1,13,596,Male,Group D,35-44,2025-08-08,,,1,10.7,<1 yr,0,13700.0,0.9758,3,3,High,73.9,6.5,8.8,Onsite,10.7
1008,Anthony Conrad,3,8,1,350,Male,Group A,25-34,2018-02-26,,,1,100.1,6+ yr,4,156500.0,0.9099,3,3,High,83.3,12.6,4.1,Hybrid,13.0
1009,Scott Smith,11,6,11,2527,Female,Group A,35-44,2026-06-02,2026-06-16,Voluntary,0,0.5,<1 yr,0,53300.0,0.9819,2,2,Medium,86.0,9.4,12.2,Hybrid,0.9
1010,Ryan Conner,10,6,1,2708,Female,Group A,<25,2022-10-09,,,1,44.7,2-4 yr,2,114200.0,0.9678,3,3,High,92.5,14.6,9.0,Hybrid,11.2
1011,Rebekah Jenkins,5,2,3,508,Male,Group E,45-54,2025-01-16,,,1,17.4,1-2 yr,1,66600.0,0.952,4,2,Medium,93.4,4.9,12.9,Onsite,11.6
1012,Donna Padilla,7,5,3,1163,Female,Group A,55+,2024-01-26,,,1,29.1,2-4 yr,2,95200.0,0.9164,3,3,High,68.5,6.9,0.0,Remote,10.3
1013,Jessica Mills,7,1,5,2173,Male,Group C,25-34,2025-08-07,2025-11-03,Involuntary,0,2.9,<1 yr,0,43800.0,0.8595,1,3,High,42.1,20.0,0.0,Remote,10.7
1014,Jason Allen,2,3,3,359,Female,Group A,35-44,2023-01-20,,,1,41.3,2-4 yr,2,98400.0,1.1321,3,3,High,64.9,14.5,0.0,Remote,24.1
1015,Tammy Hill,1,1,13,2488,Female,Group A,25-34,2024-12-04,,,1,18.8,1-2 yr,1,13700.0,0.9758,2,2,Medium,70.7,2.1,5.1,Hybrid,13.0
1016,James Brown,1,2,4,2324,Female,Group E,25-34,2025-06-23,2026-03-15,Voluntary,0,8.7,<1 yr,0,56200.0,0.9256,4,1,Low,44.8,7.9,6.4,Hybrid,12.2
1017,Austin Scott,4,2,1,1971,Female,Group A,25-34,2024-11-30,,,1,19.0,1-2 yr,1,61900.0,0.9379,3,1,Low,42.2,4.6,6.4,Hybrid,17.3
1018,Natasha Morris,3,2,14,550,Female,Group C,45-54,2024-06-26,,,1,24.1,2-4 yr,2,63500.0,0.9919,4,2,Medium,77.9,6.9,5.4,Onsite,3.5
1019,Brandon Blake,12,7,1,1337,Female,Group D,35-44,2019-04-25,,,1,86.2,6+ yr,4,154900.0,1.0908,3,3,High,68.1,0.7,11.6,Hybrid,6.9
1020,Richard Sanders,8,3,11,2405,Female,Group E,45-54,2022-05-28,,,1,49.1,4-6 yr,3,38700.0,1.026,2,3,High,80.7,1.5,6.4,Hybrid,23.4
1021,Patrick Daugherty Jr.,3,5,4,282,Male,Group A,35-44,2022-01-27,2024-06-27,Voluntary,0,29.0,2-4 yr,2,89600.0,0.9938,3,3,High,43.3,8.6,18.0,Hybrid,15.9
1022,Juan Sanders,4,2,12,1260,Female,Group A,45-54,2023-08-31,2024-11-12,Voluntary,0,14.4,1-2 yr,1,20100.0,1.0502,2,2,Medium,74.3,14.6,3.3,Hybrid,2.0
1023,Joshua Brown,1,4,13,2488,Male,Group B,25-34,2023-07-01,2024-11-21,Voluntary,0,16.7,1-2 yr,1,25600.0,1.1563,1,1,Low,66.9,11.1,13.7,Hybrid,2.9
1024,Lawrence Clark,12,3,11,1777,Male,Group A,45-54,2022-11-01,,,1,43.9,2-4 yr,2,37600.0,0.9968,3,1,Low,92.8,8.1,28.9,Onsite,11.5
1025,Edward Haynes,3,1,14,1893,Female,Group A,25-34,2026-06-09,,,1,0.7,<1 yr,0,48500.0,0.9615,3,3,High,79.9,7.8,6.7,Hybrid,0.7
1026,Douglas Johnson,8,2,8,1116,Male,Group A,25-34,2023-08-26,,,1,34.1,2-4 yr,2,28400.0,1.0495,3,2,Medium,38.1,7.2,0.0,Remote,17.0
1027,Lisa Velez,7,6,7,1904,Male,Group B,35-44,2025-06-16,,,1,12.5,1-2 yr,1,149500.0,1.0217,5,3,High,47.3,3.1,0.0,Remote,12.5
1028,Diane Carter,2,5,1,269,Female,Group B,25-34,2021-06-17,,,1,60.4,4-6 yr,3,91900.0,0.9378,3,2,Medium,86.0,6.9,20.4,Onsite,8.3
1029,James White,11,2,1,2714,Non-binary,Group B,25-34,2025-06-03,,,1,12.9,1-2 yr,1,58800.0,0.8909,3,3,High,68.0,11.2,19.7,Onsite,4.0
1030,Lisa Collins,1,3,14,842,Female,Group B,55+,2022-10-14,,,1,44.5,2-4 yr,2,65000.0,0.8172,3,3,High,95.3,8.5,12.4,Hybrid,7.8
1031,Brian Mendoza,6,1,10,2158,Male,Group C,35-44,2025-06-16,2026-04-08,Involuntary,0,9.7,<1 yr,0,57800.0,1.0897,3,2,Medium,61.9,9.0,0.0,Remote,12.5
1032,Lauren Marks,1,2,9,589,Male,Group A,25-34,2025-05-28,,,1,13.1,1-2 yr,1,74200.0,0.9527,3,2,Medium,84.4,1.7,30.0,Onsite,13.1
1033,Dana Lopez,2,6,12,14,Female,Group D,25-34,2021-06-18,,,1,60.4,4-6 yr,3,36400.0,1.0637,3,3,High,85.6,1.2,29.5,Onsite,6.6
1034,Julie Cox,2,3,6,1429,Male,Group B,25-34,2024-12-09,,,1,18.7,1-2 yr,1,115800.0,0.9945,4,2,Medium,65.4,3.7,3.6,Hybrid,10.5
1035,Breanna Mcintosh,10,2,5,2708,Male,Group E,<25,2024-04-19,2024-11-29,Voluntary,0,7.4,<1 yr,0,63500.0,0.9818,3,2,Medium,58.0,1.5,0.0,Remote,18.3
1036,Debbie Collins,10,3,5,298,Female,Group E,55+,2026-01-28,,,1,5.0,<1 yr,0,74700.0,0.9296,4,3,High,73.5,5.6,0.0,Remote,5.0
1037,Jonathan Fields,11,3,5,1551,Male,Group A,25-34,2024-10-25,2025-09-28,Voluntary,0,11.1,<1 yr,0,80400.0,1.0005,4,3,High,87.9,2.1,0.0,Remote,4.7
1038,Veronica Reid,3,4,3,2607,Male,Group C,45-54,2025-05-26,,,1,13.1,1-2 yr,1,79700.0,0.9169,2,1,Low,89.8,5.1,4.1,Hybrid,12.1
1039,Julia Leach,12,2,12,2450,Male,Group D,35-44,2025-12-13,,,1,6.5,<1 yr,0,18600.0,0.9718,2,2,Medium,45.3,2.0,9.5,Hybrid,6.5
1040,Brandon Tyler,3,7,6,2105,Female,Group D,25-34,2025-10-08,,,1,8.7,<1 yr,0,206900.0,1.0261,4,3,High,100.0,17.5,21.8,Onsite,8.7
1041,Jaime Ellis,3,5,8,282,Female,Group B,35-44,2025-09-12,2026-04-28,Involuntary,0,7.5,<1 yr,0,39500.0,0.9831,2,2,Medium,62.9,4.9,3.6,Onsite,5.4
1042,Kyle Rose,12,6,1,845,Male,Group C,25-34,2022-03-28,,,1,51.1,4-6 yr,3,118500.0,1.0042,2,1,Low,79.9,9.2,0.0,Remote,16.6
1043,Kirsten Smith MD,1,1,14,842,Female,Group B,25-34,2024-09-28,,,1,21.0,1-2 yr,1,48800.0,0.9675,3,1,Low,61.7,7.6,18.8,Hybrid,13.0
1044,Jessica Rogers,10,2,14,1196,Female,Group C,45-54,2024-10-07,,,1,20.7,1-2 yr,1,66700.0,1.0419,4,2,Medium,82.4,1.9,25.5,Onsite,20.7
1045,Jimmy Brown,9,3,1,2134,Male,Group E,45-54,2025-05-06,2026-04-14,Voluntary,0,11.3,<1 yr,0,85600.0,1.0439,2,2,Medium,68.1,4.5,0.0,Remote,13.8
1046,Jason Olson,9,6,2,402,Male,Group C,<25,2024-03-26,,,1,27.1,2-4 yr,2,114900.0,1.0359,4,2,Medium,74.1,5.5,3.0,Hybrid,17.0
1047,Kristin Wall,5,3,2,2305,Female,Group D,35-44,2025-12-12,2026-03-23,Voluntary,0,3.3,<1 yr,0,83000.0,1.0768,4,3,High,77.7,29.5,15.1,Onsite,3.5
1048,Debbie Contreras,8,3,2,2624,Male,Group B,55+,2023-08-29,,,1,34.0,2-4 yr,2,77200.0,1.0016,3,2,Medium,64.2,3.8,5.9,Onsite,7.9
1049,Jack Wyatt,10,3,8,153,Female,Group B,25-34,2026-03-30,,,1,3.0,<1 yr,0,29600.0,0.8804,3,3,High,59.2,0.8,17.1,Hybrid,3.0
1050,Tyler Johnston,12,3,8,2728,Male,Group C,35-44,2024-07-11,,,1,23.6,1-2 yr,1,28900.0,0.8596,3,1,Low,92.4,3.7,0.0,Remote,15.2
1051,Michael Ellis,9,1,13,954,Female,Group D,35-44,2024-09-27,,,1,21.1,1-2 yr,1,13900.0,0.99,2,3,High,80.5,11.4,15.8,Hybrid,19.5
1052,Brianna Kelley,12,5,5,1755,Male,Group A,25-34,2024-03-23,,,1,27.2,2-4 yr,2,81800.0,0.8517,4,3,High,58.2,5.8,0.0,Remote,10.7
1053,Edward Brown,8,1,5,725,Male,Group B,25-34,2026-04-08,,,1,2.7,<1 yr,0,50200.0,0.9851,5,3,High,51.9,8.3,0.0,Remote,2.7
1054,Kendra Washington,6,1,9,272,Male,Group A,35-44,2025-01-17,,,1,17.4,1-2 yr,1,66600.0,1.0854,3,2,Medium,71.0,22.5,0.0,Remote,15.8
1055,Steven Anderson,2,1,12,798,Male,Group A,45-54,2026-04-18,,,1,2.4,<1 yr,0,15900.0,1.0544,5,3,High,85.3,8.5,16.3,Hybrid,2.4
1056,John Fritz,6,1,4,2778,Female,Group A,35-44,2025-01-03,,,1,17.8,1-2 yr,1,50300.0,1.0514,3,2,Medium,51.7,1.6,13.8,Hybrid,17.0
1057,Brianna Paul,6,1,3,538,Male,Group B,35-44,2026-06-11,,,1,0.6,<1 yr,0,59000.0,1.0704,3,1,Low,76.9,5.9,6.0,Hybrid,0.6
1058,Brady Paul,3,6,3,2607,Male,Group C,35-44,2024-10-07,,,1,20.7,1-2 yr,1,124400.0,0.9946,3,2,Medium,82.0,4.9,15.9,Hybrid,20.1
1059,Craig Cain,9,1,13,981,Male,Group D,25-34,2025-11-03,,,1,7.9,<1 yr,0,16100.0,1.1467,3,3,High,76.5,15.1,25.5,Onsite,3.3
1060,Vanessa Johnson,1,1,5,204,Female,Group A,45-54,2025-11-15,,,1,7.5,<1 yr,0,49700.0,0.9753,2,1,Low,85.5,18.0,0.0,Remote,7.5
1061,Tara Brock,5,7,12,324,Male,Group A,35-44,2022-12-18,,,1,42.4,2-4 yr,2,42900.0,1.0418,2,2,Medium,84.3,6.3,24.6,Onsite,6.3
1062,Christine Everett,5,2,11,1083,Female,Group A,<25,2024-11-29,2025-08-31,Involuntary,0,9.0,<1 yr,0,32500.0,1.0705,1,1,Low,56.9,9.8,1.1,Hybrid,3.5
1063,Dustin Parker,8,2,12,1750,Male,Group B,55+,2025-05-30,2026-05-11,Voluntary,0,11.4,<1 yr,0,16500.0,0.8621,3,3,High,99.5,10.2,0.0,Remote,13.0
1064,Erin Lucas DDS,8,3,12,533,Male,Group A,25-34,2023-10-26,,,1,32.1,2-4 yr,2,28500.0,1.1985,4,1,Low,74.4,10.6,0.0,Remote,17.3
1065,Jaclyn Crawford,6,6,2,191,Female,Group A,45-54,2024-03-25,,,1,27.2,2-4 yr,2,98800.0,0.8907,4,3,High,84.8,6.5,17.0,Hybrid,5.1
1066,Krista Nichols,10,2,8,1821,Male,Group A,45-54,2025-10-24,,,1,8.2,<1 yr,0,26800.0,0.9904,3,1,Low,56.6,7.7,39.1,Hybrid,3.9
1067,Brooke Graham,6,2,10,1650,Male,Group A,25-34,2025-12-03,,,1,6.9,<1 yr,0,73600.0,1.0933,3,2,Medium,48.0,2.8,22.0,Onsite,6.9
1068,Douglas Howard,9,2,12,981,Male,Group B,35-44,2025-11-10,,,1,7.6,<1 yr,0,18400.0,0.9613,2,3,High,61.9,5.0,57.7,Onsite,7.6
1069,Ashley Morrison,5,7,8,2555,Male,Group C,35-44,2021-06-14,2023-11-09,Voluntary,0,28.8,2-4 yr,2,50400.0,0.8657,3,2,Medium,35.8,2.3,11.2,Onsite,10.8
1070,Ricardo Carpenter,2,2,12,392,Female,Group B,25-34,2024-09-30,,,1,21.0,1-2 yr,1,19100.0,0.9979,5,2,Medium,44.1,3.5,56.3,Onsite,17.7
1071,Samuel Whitehead,8,3,8,1116,Female,Group E,25-34,2023-12-10,,,1,30.7,2-4 yr,2,33600.0,0.9994,4,3,High,70.1,2.1,24.9,Onsite,22.2
1072,Robert Lara,12,6,9,240,Male,Group E,45-54,2024-06-16,,,1,24.4,2-4 yr,2,145600.0,1.0457,3,2,Medium,82.6,2.8,0.0,Remote,7.2
1073,Jody Mendoza,8,1,2,201,Male,Group D,25-34,2025-01-06,2026-01-30,Voluntary,0,12.8,1-2 yr,1,45500.0,0.9309,3,2,Medium,58.4,2.0,6.3,Hybrid,12.9
1074,Aimee Miller,2,2,7,2279,Female,Group E,25-34,2025-09-07,2025-11-10,Voluntary,0,2.1,<1 yr,0,68300.0,0.8346,1,2,Medium,67.7,10.9,11.9,Hybrid,9.7
1075,Erica Green,2,8,13,1686,Female,Group A,25-34,2021-12-19,2024-02-14,Involuntary,0,25.9,2-4 yr,2,47900.0,1.0314,3,2,Medium,59.4,16.8,12.3,Onsite,5.4
1076,Faith Richards,9,1,13,954,Male,Group C,45-54,2024-10-19,2026-04-11,Voluntary,0,17.7,1-2 yr,1,14400.0,1.0256,2,2,Medium,55.7,6.7,3.3,Hybrid,10.8
1077,Michelle Rowe,5,3,12,387,Male,Group A,35-44,2024-02-21,,,1,28.3,2-4 yr,2,26000.0,1.0934,2,2,Medium,87.6,5.7,9.7,Hybrid,2.1
1078,Matthew Miller,6,8,14,737,Male,Group D,25-34,2021-07-09,,,1,59.7,4-6 yr,3,174200.0,1.0441,3,2,Medium,88.3,17.8,11.5,Onsite,37.1
1079,Keith Sawyer,12,4,12,2450,Male,Group A,<25,2022-06-05,,,1,48.8,4-6 yr,3,23100.0,0.9714,3,2,Medium,71.9,7.6,0.0,Remote,12.3
1080,Suzanne Carter,12,2,14,1510,Male,Group D,<25,2025-05-30,2026-06-22,Voluntary,0,12.7,1-2 yr,1,55800.0,0.8716,3,2,Medium,90.1,17.6,26.4,Onsite,13.0
1081,Krystal Allen,11,7,5,519,Female,Group A,25-34,2021-07-30,,,1,59.0,4-6 yr,3,135400.0,0.973,2,2,Medium,75.6,12.5,0.0,Remote,29.6
1082,Miguel Webb,11,1,8,2736,Male,Group A,45-54,2024-10-27,,,1,20.1,1-2 yr,1,21900.0,1.0272,3,2,Medium,50.3,25.2,20.4,Hybrid,20.1
1083,Scott Gaines,5,7,11,2555,Male,Group A,25-34,2019-12-10,,,1,78.6,6+ yr,4,69400.0,1.0625,2,3,High,61.1,1.3,31.4,Onsite,15.4
1084,Jeremy Rodriguez,4,2,3,2606,Female,Group B,25-34,2024-10-11,,,1,20.6,1-2 yr,1,63600.0,0.9091,5,2,Medium,48.2,5.0,9.9,Hybrid,20.6
1085,Ronald Weber,12,1,3,749,Female,Group A,35-44,2025-07-10,,,1,11.7,<1 yr,0,58900.0,1.0686,3,1,Low,44.0,2.8,3.7,Hybrid,5.2
1086,Steven Livingston,7,4,1,1163,Male,Group E,35-44,2023-12-19,,,1,30.4,2-4 yr,2,78900.0,0.9622,3,2,Medium,57.5,2.0,13.3,Hybrid,12.1
1087,Victoria Parker,5,4,12,1194,Male,Group C,35-44,2026-05-28,2026-06-06,Voluntary,0,0.3,<1 yr,0,24000.0,1.0093,3,2,Medium,55.7,2.5,12.6,Hybrid,1.1
1088,Angela Bowers,1,2,13,596,Male,Group D,25-34,2023-06-07,,,1,36.8,2-4 yr,2,16700.0,0.9371,3,2,Medium,59.9,3.9,11.7,Hybrid,17.8
1089,Herbert Spencer,2,3,13,1803,Female,Group A,35-44,2022-12-18,,,1,42.4,2-4 yr,2,23000.0,1.0388,3,3,High,52.1,5.2,3.0,Hybrid,15.8
1090,Eric Holmes,12,6,12,1510,Male,Group C,25-34,2023-10-29,,,1,32.0,2-4 yr,2,36400.0,1.0637,4,1,Low,49.3,9.1,4.3,Onsite,12.1
1091,Jerry Hernandez,5,7,2,324,Male,Group B,25-34,2020-02-23,,,1,76.2,6+ yr,4,135600.0,1.0159,4,3,High,85.5,1.9,5.3,Onsite,20.0
1092,Tracie Gibson,11,3,12,645,Male,Group A,35-44,2024-06-07,,,1,24.7,2-4 yr,2,24900.0,1.0471,2,1,Low,68.2,8.0,5.4,Hybrid,24.7
1093,Linda Wiggins,1,1,4,1670,Non-binary,Group E,45-54,2024-07-23,,,1,23.2,1-2 yr,1,46300.0,0.9678,3,1,Low,70.0,4.3,3.1,Hybrid,1.8
1094,Stephanie Wilson,2,2,12,1803,Male,Group E,35-44,2026-01-18,,,1,5.4,<1 yr,0,18800.0,0.9822,4,3,High,66.0,2.8,6.2,Onsite,5.4
1095,Robert Williamson,3,1,5,1040,Female,Group B,<25,2026-03-24,,,1,3.2,<1 yr,0,49400.0,0.9694,1,2,Medium,79.8,8.8,0.0,Remote,3.2
1096,Jacqueline Wyatt,11,1,13,1569,Male,Group A,25-34,2025-02-11,2026-01-22,Involuntary,0,11.3,<1 yr,0,12800.0,0.9117,2,1,Low,70.8,6.5,25.5,Onsite,16.6
1097,Christopher Scott,7,3,6,553,Male,Group B,45-54,2026-01-19,,,1,5.3,<1 yr,0,129300.0,1.1104,3,3,High,66.0,9.2,7.8,Onsite,2.7
1098,Harold Ramirez,9,6,12,954,Male,Group D,25-34,2026-04-13,2026-05-05,Involuntary,0,0.7,<1 yr,0,36800.0,1.0754,3,3,High,39.4,4.9,0.0,Remote,2.6
1099,Anna Blackburn,1,4,1,284,Female,Group A,35-44,2024-04-10,,,1,26.6,2-4 yr,2,83000.0,1.0122,3,1,Low,75.5,8.4,31.2,Onsite,15.8
1100,Geoffrey Murray,4,8,1,918,Female,Group C,55+,2022-08-20,,,1,46.3,2-4 yr,2,179500.0,1.0436,4,3,High,29.8,2.6,10.9,Hybrid,4.8
1101,Dennis Valdez,5,5,1,556,Female,Group A,25-34,2024-10-09,,,1,20.7,1-2 yr,1,110400.0,1.1265,4,1,Low,87.2,5.0,0.0,Remote,17.0
1102,Cheryl Buckley,3,2,8,1040,Male,Group A,45-54,2024-12-09,,,1,18.7,1-2 yr,1,30700.0,1.1345,3,2,Medium,55.4,6.8,24.6,Onsite,17.9
1103,Jose Weaver,5,2,3,2305,Male,Group E,35-44,2025-03-15,,,1,15.5,1-2 yr,1,69600.0,0.9949,4,3,High,76.3,0.4,0.8,Hybrid,6.8
1104,Jacob Smith,10,8,13,1480,Male,Group B,25-34,2021-01-27,2025-09-11,Voluntary,0,55.5,4-6 yr,3,45200.0,0.9733,3,3,High,62.6,4.0,9.1,Onsite,20.7
1105,Brian Gutierrez,3,3,14,550,Female,Group B,45-54,2025-08-07,,,1,10.7,<1 yr,0,84900.0,1.0674,3,2,Medium,76.5,3.6,4.7,Hybrid,8.0
1106,Peter Stafford,8,8,14,2084,Male,Group D,45-54,2019-01-13,,,1,89.5,6+ yr,4,175500.0,1.0519,3,2,Medium,94.9,9.5,0.2,Hybrid,6.7
1107,Linda Meyer,2,3,13,798,Male,Group D,55+,2024-02-10,2026-06-03,Voluntary,0,27.7,2-4 yr,2,22500.0,1.0163,4,3,High,80.7,6.8,0.0,Remote,22.7
1108,Amy Espinoza,8,5,14,406,Male,Group C,45-54,2026-05-31,,,1,1.0,<1 yr,0,86200.0,0.9068,3,1,Low,78.4,14.2,0.7,Hybrid,1.0
1109,Jacob Nguyen,7,1,13,267,Female,Group B,35-44,2026-02-13,2026-06-17,Voluntary,0,4.1,<1 yr,0,12700.0,0.9046,4,2,Medium,52.5,1.6,5.2,Hybrid,4.5
1110,Elizabeth Decker,7,6,5,553,Male,Group B,25-34,2023-12-01,,,1,30.9,2-4 yr,2,120900.0,1.0455,3,3,High,51.1,9.4,0.0,Remote,30.9
1111,Jason Miller,11,5,11,1123,Male,Group A,55+,2024-07-05,,,1,23.8,1-2 yr,1,39500.0,0.8762,3,2,Medium,68.1,13.7,0.0,Remote,5.8
1112,Louis Robinson MD,3,7,12,1228,Male,Group A,35-44,2025-06-14,,,1,12.5,1-2 yr,1,40400.0,0.9811,5,3,High,90.9,4.3,1.0,Hybrid,12.5
1113,Stephanie Munoz,3,2,4,1040,Male,Group C,25-34,2024-11-13,,,1,19.5,1-2 yr,1,62300.0,1.026,3,3,High,62.3,4.7,2.8,Hybrid,14.1
1114,Elizabeth Grant,8,4,3,2546,Male,Group C,25-34,2022-05-12,,,1,49.6,4-6 yr,3,92000.0,1.0584,3,3,High,69.9,2.1,2.9,Onsite,9.1
1115,Dr. Erica Morgan,1,2,1,284,Female,Group B,35-44,2025-01-01,,,1,17.9,1-2 yr,1,69200.0,1.0485,4,3,High,72.3,4.9,2.8,Hybrid,6.3
1116,Larry Thompson,8,7,8,2006,Female,Group B,35-44,2022-08-12,2024-04-08,Voluntary,0,19.9,1-2 yr,1,55400.0,0.9516,4,3,High,68.5,4.6,4.4,Onsite,10.5
1117,William Collins,12,3,13,1510,Male,Group B,35-44,2025-08-10,,,1,10.6,<1 yr,0,20000.0,0.9033,5,2,Medium,68.7,8.0,10.9,Hybrid,10.6
1118,Jennifer Gross,6,1,1,932,Male,Group C,25-34,2025-02-10,2026-05-25,Involuntary,0,15.4,1-2 yr,1,57200.0,1.1,2,2,Medium,45.8,10.7,9.1,Hybrid,4.2
1119,Shane Diaz,9,1,10,1746,Female,Group A,25-34,2025-06-26,,,1,12.1,1-2 yr,1,50300.0,0.9483,4,2,Medium,99.1,27.8,7.3,Hybrid,12.1
1120,Amber Clark,8,2,3,2624,Male,Group A,25-34,2024-03-02,,,1,27.9,2-4 yr,2,75000.0,1.072,3,3,High,73.6,1.1,0.0,Remote,27.9
1121,Peter Bryan,2,1,4,2534,Non-binary,Group A,45-54,2025-08-20,,,1,10.3,<1 yr,0,47300.0,0.9887,2,3,High,81.4,3.6,0.0,Remote,10.3
1122,Stephanie Newton,4,6,3,2770,Female,Group A,35-44,2026-03-17,,,1,3.4,<1 yr,0,124100.0,0.9922,3,2,Medium,56.3,3.0,10.3,Onsite,3.4
1123,Joshua Moore,11,7,11,1402,Female,Group A,45-54,2020-12-24,,,1,66.2,4-6 yr,3,62000.0,0.9492,3,3,High,58.3,2.1,3.9,Hybrid,3.6
1124,Jason Jacobs,9,3,6,402,Female,Group A,55+,2022-09-28,,,1,45.0,2-4 yr,2,115300.0,0.9902,3,2,Medium,48.4,1.0,21.1,Onsite,11.6
1125,Cindy Gordon,12,2,7,2729,Female,Group A,35-44,2024-03-31,,,1,27.0,2-4 yr,2,91200.0,1.1144,3,2,Medium,100.0,6.1,3.9,Hybrid,6.1
1126,Michael Young,12,1,8,2728,Male,Group A,<25,2026-06-07,,,1,0.8,<1 yr,0,19200.0,0.9006,3,2,Medium,58.1,5.8,0.0,Remote,0.8
1127,Bryan Rodgers,8,5,8,1116,Male,Group A,45-54,2025-01-15,,,1,17.4,1-2 yr,1,38900.0,0.9681,5,1,Low,73.6,4.7,5.9,Onsite,5.1
1128,Calvin Obrien,9,2,5,1482,Male,Group B,25-34,2024-11-07,,,1,19.7,1-2 yr,1,65200.0,1.008,5,3,High,68.1,4.0,0.0,Remote,12.6
1129,Shawna Harris,9,6,12,981,Male,Group B,25-34,2025-09-11,,,1,9.6,<1 yr,0,33700.0,0.9848,2,2,Medium,88.4,1.5,13.3,Hybrid,9.6
1130,Cheryl Vargas,12,2,7,917,Male,Group B,25-34,2025-07-03,2025-10-24,Voluntary,0,3.7,<1 yr,0,87900.0,1.074,1,1,Low,25.0,4.3,11.6,Hybrid,11.9
1131,Alexander Collier,1,6,13,2488,Non-binary,Group A,25-34,2026-04-24,,,1,2.2,<1 yr,0,30000.0,0.9416,3,1,Low,31.9,4.9,12.7,Hybrid,2.2
1132,Michael Osborne,6,2,6,2447,Female,Group B,25-34,2025-03-31,2026-05-03,Voluntary,0,13.1,1-2 yr,1,87800.0,0.9368,2,2,Medium,83.8,13.0,3.1,Onsite,11.6
1133,Ronald Jordan,12,1,12,2450,Male,Group B,35-44,2025-04-23,,,1,14.2,1-2 yr,1,14900.0,0.9881,4,3,High,51.9,6.0,33.4,Onsite,11.8
1134,Stephen Salinas,8,2,1,656,Female,Group C,<25,2023-07-24,,,1,35.2,2-4 yr,2,67100.0,1.0167,3,3,High,73.9,12.0,4.8,Hybrid,11.1
1135,David Walters,4,7,12,131,Male,Group B,45-54,2020-11-07,2025-08-31,Voluntary,0,57.8,4-6 yr,3,44100.0,1.0709,3,3,High,74.7,2.0,6.3,Hybrid,8.4
1136,Matthew Young,1,1,8,106,Male,Group A,55+,2025-09-02,2026-02-06,Voluntary,0,5.2,<1 yr,0,21900.0,1.0272,1,3,High,56.1,7.4,0.0,Remote,9.9
1137,Jacqueline Thomas,7,1,12,937,Female,Group A,35-44,2025-10-13,2026-03-05,Voluntary,0,4.7,<1 yr,0,14300.0,0.9483,5,1,Low,62.4,5.0,24.4,Onsite,6.1
1138,Brandon Duffy,5,5,7,508,Female,Group A,45-54,2026-03-03,,,1,3.9,<1 yr,0,96300.0,0.7925,3,2,Medium,81.4,10.2,9.9,Hybrid,3.9
1139,Anna Lynch,1,2,1,106,Female,Group A,45-54,2024-10-28,,,1,20.0,1-2 yr,1,66400.0,1.0061,2,3,High,81.1,4.4,0.0,Remote,15.8
1140,Craig Oneill,7,1,1,2060,Non-binary,Group D,<25,2026-04-25,,,1,2.2,<1 yr,0,53900.0,1.0365,4,2,Medium,52.5,6.6,0.0,Remote,2.2
1141,Dr. Tiffany Odonnell,8,1,8,1116,Female,Group A,45-54,2025-07-21,,,1,11.3,<1 yr,0,21500.0,1.0084,4,3,High,89.8,7.9,2.5,Hybrid,5.8
1142,Matthew Cooley,1,6,2,284,Female,Group E,35-44,2026-06-07,,,1,0.8,<1 yr,0,114700.0,1.0341,3,3,High,72.9,19.8,1.4,Hybrid,0.8
1143,Cynthia Lopez,7,5,11,1486,Male,Group C,45-54,2023-10-15,,,1,32.5,2-4 yr,2,42500.0,0.9428,3,3,High,64.1,3.6,9.3,Onsite,5.3
1144,Leslie Johnson,10,2,5,399,Non-binary,Group A,45-54,2025-11-09,2026-01-31,Voluntary,0,2.7,<1 yr,0,65900.0,1.0189,2,1,Low,62.6,6.4,0.0,Remote,5.7
1145,Felicia Byrd,11,4,5,440,Male,Group E,25-34,2024-08-12,2024-12-03,Voluntary,0,3.7,<1 yr,0,83100.0,1.0341,2,2,Medium,70.5,6.3,0.0,Remote,8.6
1146,Sara Novak,12,5,12,2632,Male,Group A,25-34,2021-11-25,2025-08-25,Voluntary,0,45.0,2-4 yr,2,30500.0,1.0732,3,3,High,75.2,13.1,10.8,Onsite,4.4
1147,Aaron Mcknight,3,3,11,2650,Female,Group B,35-44,2022-12-27,,,1,42.1,2-4 yr,2,37300.0,0.9889,4,3,High,99.9,20.1,18.9,Onsite,20.9
1148,Tom Cox,11,1,4,1081,Female,Group B,25-34,2025-06-08,2026-04-23,Involuntary,0,10.5,<1 yr,0,53900.0,1.1267,2,1,Low,53.7,1.0,13.9,Hybrid,12.7
1149,Andrew Schwartz,7,2,8,2517,Male,Group A,35-44,2024-04-17,,,1,26.4,2-4 yr,2,27500.0,1.0163,3,2,Medium,85.1,18.6,12.9,Onsite,26.4
1150,Shane Anderson,9,4,12,954,Female,Group A,55+,2024-02-03,2025-03-02,Involuntary,0,12.9,1-2 yr,1,21300.0,0.8957,4,3,High,52.3,7.8,6.1,Hybrid,2.5
1151,Nicholas Young,2,6,3,2596,Female,Group A,25-34,2022-08-09,,,1,46.7,2-4 yr,2,107100.0,0.8563,2,2,Medium,47.8,5.7,17.9,Hybrid,7.5
1152,Samantha Thompson,8,3,1,15,Female,Group A,45-54,2023-05-22,2025-01-14,Voluntary,0,19.8,1-2 yr,1,87500.0,1.0671,3,3,High,55.8,12.9,24.2,Onsite,2.3
1153,Lisa Gates,2,2,14,798,Male,Group C,45-54,2024-12-16,,,1,18.4,1-2 yr,1,64100.0,1.0012,3,3,High,80.6,12.2,0.0,Remote,18.4
1154,Cody Rojas,4,1,13,115,Female,Group C,35-44,2024-10-27,2025-12-05,Voluntary,0,13.3,1-2 yr,1,12300.0,0.8761,3,3,High,48.0,37.1,14.1,Onsite,6.0
1155,Dwayne White,11,9,13,,Male,Group C,45-54,2024-09-06,,,1,21.7,1-2 yr,1,55100.0,0.9718,3,2,Medium,62.5,4.7,8.3,Hybrid,21.7
1156,Mark Salinas,5,5,14,2412,Male,Group A,<25,2022-02-14,,,1,52.5,4-6 yr,3,101700.0,1.0699,4,3,High,75.4,12.0,5.4,Hybrid,13.3
1157,Shawn Bautista,12,5,12,2632,Male,Group A,25-34,2021-08-12,,,1,58.6,4-6 yr,3,29600.0,1.0415,1,2,Medium,71.5,10.3,0.0,Remote,31.3
1158,Emily Hoffman,1,1,3,106,Female,Group C,35-44,2024-09-24,,,1,21.2,1-2 yr,1,55100.0,0.9996,3,1,Low,65.4,2.4,0.0,Remote,8.6
1159,Teresa Thomas,10,3,1,1217,Male,Group E,25-34,2022-10-05,,,1,44.8,2-4 yr,2,91600.0,1.1171,4,3,High,41.6,13.3,10.0,Hybrid,1.9
1160,Beth Walton,6,6,7,538,Male,Group E,55+,2024-10-04,2025-03-26,Involuntary,0,5.7,<1 yr,0,167200.0,1.1427,3,3,High,59.1,11.0,16.0,Onsite,10.3
1161,Lori Johnson,5,6,11,559,Female,Group E,25-34,2020-10-25,,,1,68.1,4-6 yr,3,56400.0,1.0391,4,3,High,52.1,5.8,14.4,Hybrid,29.0
1162,Alyssa Hansen,4,4,11,2666,Male,Group A,25-34,2025-05-29,2026-01-29,Voluntary,0,8.0,<1 yr,0,38200.0,1.0127,3,1,Low,68.0,19.8,19.0,Hybrid,13.0
1163,Rhonda Mendez,7,7,1,2141,Male,Group C,45-54,2019-05-09,,,1,85.7,6+ yr,4,137400.0,0.9676,3,3,High,52.6,5.3,9.9,Onsite,20.5
1164,Kyle Adams,5,4,12,1061,Male,Group C,35-44,2024-11-21,2026-06-05,Voluntary,0,18.4,1-2 yr,1,24400.0,1.0261,3,2,Medium,55.4,7.0,24.0,Onsite,17.7
1165,Sheila Daugherty,1,3,6,1670,Male,Group B,35-44,2025-11-24,,,1,7.2,<1 yr,0,119000.0,1.022,3,1,Low,82.4,5.6,0.0,Remote,7.2
1166,Nicole Hughes,1,4,8,2488,Female,Group A,25-34,2022-09-06,,,1,45.8,2-4 yr,2,32400.0,0.9637,3,3,High,51.5,2.9,5.7,Hybrid,45.8
1167,Stephanie Martinez,12,6,3,1225,Male,Group D,25-34,2023-05-17,2026-04-15,Voluntary,0,35.0,2-4 yr,2,125700.0,1.005,2,1,Low,77.6,11.1,0.0,Remote,21.2
1168,Amber Lawson,3,4,13,550,Male,Group B,45-54,2025-05-15,,,1,13.5,1-2 yr,1,21400.0,0.9666,2,2,Medium,61.3,13.2,4.7,Hybrid,13.5
1169,Shirley Gibson MD,5,5,8,1069,Male,Group A,35-44,2024-10-07,,,1,20.7,1-2 yr,1,38200.0,0.9507,5,2,Medium,70.2,9.4,3.7,Onsite,15.5
1170,Kaitlyn Lopez,10,2,9,747,Female,Group B,45-54,2026-05-29,,,1,1.1,<1 yr,0,67500.0,0.8667,3,3,High,47.8,11.6,0.0,Remote,1.1
1171,Alex Brown,3,2,1,2607,Male,Group A,35-44,2025-12-08,,,1,6.7,<1 yr,0,66900.0,1.0136,4,3,High,92.6,6.6,31.4,Onsite,3.9
1172,Kelli Rodriguez,4,8,1,918,Male,Group C,35-44,2019-05-12,,,1,85.6,6+ yr,4,186800.0,1.086,3,2,Medium,70.9,5.5,13.3,Onsite,11.7
1173,Brandon Rice,7,2,12,2517,Female,Group D,25-34,2023-10-07,,,1,32.8,2-4 yr,2,22800.0,1.1912,2,2,Medium,84.1,5.2,7.6,Onsite,11.4
1174,Tracy Willis,5,2,1,417,Female,Group C,35-44,2025-12-12,2026-06-17,Voluntary,0,6.1,<1 yr,0,65100.0,0.9864,2,1,Low,44.7,11.4,5.8,Hybrid,6.6
1175,Sarah Dougherty,9,8,7,579,Male,Group B,25-34,2022-10-16,,,1,44.4,2-4 yr,2,220400.0,1.0334,3,1,Low,50.0,4.0,15.0,Hybrid,10.1
1176,Stephen Arnold,12,1,4,1755,Male,Group A,55+,2024-07-05,,,1,23.8,1-2 yr,1,49700.0,1.0389,2,2,Medium,66.4,9.3,14.9,Hybrid,21.2
1177,Anne Beck,12,8,9,2159,Male,Group E,25-34,2023-09-10,,,1,33.6,2-4 yr,2,224800.0,1.1076,3,2,Medium,36.6,2.0,19.2,Hybrid,27.4
1178,Anna Oneill,6,4,3,166,Male,Group B,35-44,2026-01-26,2026-05-23,Voluntary,0,3.8,<1 yr,0,80100.0,0.9215,2,1,Low,51.4,14.0,0.0,Remote,5.1
1179,Sheila Baker,8,1,12,1807,Male,Group B,25-34,2024-07-21,,,1,23.3,1-2 yr,1,16900.0,1.1207,4,2,Medium,98.0,7.2,7.5,Onsite,23.3
1180,James Williams,2,6,6,1432,Female,Group B,<25,2023-12-01,,,1,30.9,2-4 yr,2,165000.0,0.9847,5,3,High,81.8,7.1,3.2,Hybrid,22.1
1181,Lori Guerra,9,4,10,1746,Male,Group A,35-44,2024-11-28,,,1,19.0,1-2 yr,1,79300.0,0.9481,4,2,Medium,72.4,4.5,9.8,Hybrid,15.7
1182,Spencer Barber,9,2,12,954,Non-binary,Group B,35-44,2025-12-13,,,1,6.5,<1 yr,0,18000.0,0.9404,4,3,High,85.1,2.4,7.2,Hybrid,6.5
1183,Jodi Murphy,12,1,5,2729,Male,Group B,25-34,2025-02-21,2026-01-14,Voluntary,0,10.7,<1 yr,0,56000.0,1.0989,1,2,Medium,84.9,1.4,0.0,Remote,14.3
1184,Tamara Gonzalez,9,5,3,1675,Male,Group D,<25,2022-08-04,,,1,46.8,2-4 yr,2,104800.0,1.0089,4,1,Low,60.7,20.2,17.7,Hybrid,23.7
1185,Thomas Mason,1,2,11,1447,Male,Group A,35-44,2025-05-23,,,1,13.2,1-2 yr,1,31700.0,1.0441,3,2,Medium,70.5,6.8,5.4,Onsite,13.2
1186,Danny Holland,1,1,13,842,Male,Group A,25-34,2025-03-14,,,1,15.5,1-2 yr,1,14300.0,1.0185,5,3,High,45.7,0.5,6.2,Hybrid,11.9
1187,Heather Walton,9,1,13,954,Male,Group A,45-54,2025-10-24,,,1,8.2,<1 yr,0,14900.0,1.0613,3,3,High,73.0,10.5,2.4,Onsite,8.2
1188,Annette Weber,10,6,10,470,Male,Group A,35-44,2024-03-08,,,1,27.7,2-4 yr,2,132900.0,1.1042,4,2,Medium,69.0,18.6,0.0,Remote,18.8
1189,Carolyn Wilson,9,6,11,1746,Female,Group A,35-44,2020-11-10,,,1,67.6,4-6 yr,3,56600.0,1.0427,4,3,High,68.3,5.9,20.8,Onsite,18.1
1190,Carrie Allen,8,5,12,533,Male,Group A,25-34,2022-02-21,,,1,52.2,4-6 yr,3,29300.0,1.031,4,3,High,60.7,14.0,0.0,Remote,21.8
1191,Christopher Leach,11,6,11,1742,Male,Group B,25-34,2022-06-28,,,1,48.1,4-6 yr,3,52300.0,0.9635,2,2,Medium,99.4,9.5,29.5,Hybrid,29.2
1192,Kirsten Woods,6,4,1,2778,Male,Group A,35-44,2023-09-05,,,1,33.8,2-4 yr,2,84500.0,1.0305,2,3,High,89.0,11.3,4.7,Onsite,19.7
1193,Jacob Hall,8,4,3,2624,Male,Group A,<25,2025-08-08,,,1,10.7,<1 yr,0,80100.0,0.9215,4,3,High,56.2,1.5,22.2,Onsite,7.1
1194,Nicholas Warren,5,7,13,324,Female,Group E,25-34,2020-08-09,,,1,70.7,4-6 yr,3,36900.0,0.9624,3,3,High,88.2,9.6,15.0,Hybrid,22.8
1195,Heather Daugherty,10,6,8,1605,Male,Group E,25-34,2020-05-31,,,1,73.0,6+ yr,4,48100.0,0.9942,2,2,Medium,93.3,12.4,8.6,Onsite,10.2
1196,Jennifer Mclean,10,7,12,74,Male,Group E,35-44,2019-08-07,,,1,82.8,6+ yr,4,41100.0,0.9981,3,1,Low,47.7,12.1,0.0,Remote,36.6
1197,Richard Patterson,6,1,1,2778,Non-binary,Group C,35-44,2024-08-06,,,1,22.8,1-2 yr,1,53300.0,1.025,3,2,Medium,85.2,4.2,55.7,Onsite,13.9
1198,Rita Jones,10,1,12,153,Female,Group E,25-34,2025-10-16,,,1,8.4,<1 yr,0,16500.0,1.0942,5,3,High,72.0,2.3,32.8,Hybrid,8.4
1199,Daniel Cole,1,5,12,842,Female,Group A,35-44,2025-07-05,,,1,11.8,<1 yr,0,29700.0,1.045,3,2,Medium,66.0,10.5,11.7,Onsite,3.3
1200,David Garcia,8,5,12,865,Male,Group E,35-44,2025-03-30,,,1,15.0,1-2 yr,1,29500.0,1.038,3,2,Medium,72.2,10.0,9.8,Hybrid,0.6
1201,Alicia Hanson,9,5,5,2134,Female,Group A,<25,2025-06-19,,,1,12.4,1-2 yr,1,87200.0,0.908,4,3,High,74.4,3.6,0.0,Remote,8.3
1202,Scott Atkins,4,5,10,2693,Female,Group A,35-44,2022-12-27,,,1,42.1,2-4 yr,2,80800.0,0.8083,2,1,Low,81.7,6.9,19.2,Onsite,8.1
1203,Kathryn Freeman,10,8,14,1480,Male,Group A,35-44,2025-10-15,,,1,8.5,<1 yr,0,185800.0,1.1136,2,3,High,49.5,1.9,22.7,Onsite,4.1
1204,Erik Smith,9,5,10,1746,Male,Group A,25-34,2023-11-12,,,1,31.6,2-4 yr,2,104200.0,1.0424,2,3,High,70.1,9.0,19.6,Onsite,11.8
1205,Joshua Walker,2,3,4,1432,Female,Group A,35-44,2023-10-18,,,1,32.4,2-4 yr,2,78300.0,1.0379,4,3,High,76.6,1.6,3.8,Hybrid,32.4
1206,Kelly Fitzgerald,2,3,6,1432,Male,Group C,35-44,2025-03-26,,,1,15.1,1-2 yr,1,127800.0,1.0976,3,2,Medium,62.7,11.1,0.0,Remote,14.0
1207,Sarah Orr,2,5,13,392,Non-binary,Group E,25-34,2021-12-24,,,1,54.2,4-6 yr,3,26700.0,1.0091,5,3,High,60.6,4.2,21.9,Hybrid,19.7
1208,Jennifer Carpenter,5,3,4,1091,Female,Group C,25-34,2022-06-17,,,1,48.4,4-6 yr,3,70400.0,0.9332,4,2,Medium,77.3,12.5,6.0,Hybrid,8.3
1209,Julia Snyder,5,4,12,1194,Female,Group E,35-44,2022-05-20,,,1,49.3,4-6 yr,3,22800.0,0.9588,3,2,Medium,66.2,7.1,0.0,Remote,16.1
1210,Ashlee Goodwin,4,1,8,1506,Male,Group A,45-54,2025-02-14,,,1,16.5,1-2 yr,1,23900.0,1.121,4,3,High,39.0,8.8,3.7,Hybrid,14.6
1211,Alyssa Hall,5,4,1,556,Female,Group B,25-34,2025-03-22,2025-11-22,Voluntary,0,8.0,<1 yr,0,88000.0,1.0732,2,2,Medium,75.8,4.3,21.3,Onsite,14.0
1212,John Bender,4,1,9,2750,Male,Group C,35-44,2025-09-09,,,1,9.7,<1 yr,0,56200.0,0.9159,3,3,High,74.0,14.2,10.8,Onsite,9.7
1213,Krista Green,10,8,9,1480,Male,Group B,25-34,2020-04-27,,,1,74.1,6+ yr,4,203000.0,1.0002,3,3,High,56.5,1.9,17.1,Hybrid,3.1
1214,Brittany Cruz,1,4,3,107,Male,Group D,35-44,2024-12-15,,,1,18.5,1-2 yr,1,79700.0,0.9169,4,2,Medium,82.2,10.3,2.3,Hybrid,18.5
1215,Stephen Smith,12,4,3,1483,Female,Group A,35-44,2025-04-29,2026-03-03,Involuntary,0,10.1,<1 yr,0,69600.0,0.8007,4,2,Medium,94.0,3.0,8.4,Hybrid,14.0
1216,Raymond Smith,6,8,3,1966,Male,Group A,35-44,2023-11-28,,,1,31.0,2-4 yr,2,175100.0,0.9604,3,3,High,76.3,4.1,11.4,Onsite,3.5
1217,John Blackburn,10,7,1,2798,Male,Group C,25-34,2020-10-01,,,1,68.9,4-6 yr,3,146000.0,1.0282,2,1,Low,81.4,9.5,21.5,Hybrid,7.6
1218,Gary Johnson,11,2,10,1742,Female,Group C,35-44,2023-06-12,,,1,36.6,2-4 yr,2,60600.0,0.9002,3,3,High,81.8,9.8,38.9,Onsite,26.8
1219,Nicole Johnson,10,5,8,298,Male,Group C,25-34,2024-01-24,,,1,29.2,2-4 yr,2,42300.0,1.0528,3,2,Medium,92.9,1.9,4.5,Onsite,8.9
1220,Aimee Williams,9,5,12,954,Male,Group A,35-44,2026-03-18,,,1,3.4,<1 yr,0,30300.0,1.0662,2,3,High,79.7,4.9,0.0,Remote,3.4
1221,Michael Key,1,4,11,589,Male,Group C,25-34,2022-10-08,,,1,44.7,2-4 yr,2,41100.0,1.0896,3,3,High,47.9,9.8,41.6,Onsite,28.2
1222,Beth Burton,8,1,4,15,Male,Group A,25-34,2025-04-22,2025-12-02,Voluntary,0,7.4,<1 yr,0,44200.0,0.9239,3,1,Low,86.1,13.5,8.7,Hybrid,6.1
1223,Austin Howard,10,3,5,298,Female,Group B,45-54,2022-09-29,,,1,45.0,2-4 yr,2,81200.0,1.0105,2,2,Medium,100.0,8.3,0.0,Remote,27.0
1224,Brittany Estrada,3,1,12,1235,Male,Group A,35-44,2025-10-12,,,1,8.6,<1 yr,0,15700.0,1.0411,3,3,High,65.9,14.1,9.1,Onsite,8.6
1225,Sarah Mcdonald,12,7,4,2227,Male,Group C,<25,2025-08-04,,,1,10.8,<1 yr,0,136400.0,1.0441,3,3,High,96.3,3.1,0.0,Remote,9.4
1226,David Robinson,9,3,10,1746,Non-binary,Group A,25-34,2024-12-06,,,1,18.8,1-2 yr,1,80000.0,0.9565,3,3,High,86.6,7.8,2.3,Hybrid,18.0
1227,Jo Mann,12,5,1,2729,Male,Group B,25-34,2021-11-16,,,1,55.4,4-6 yr,3,102500.0,1.0459,4,2,Medium,57.9,16.5,32.5,Onsite,6.9
1228,Victoria Cardenas,3,8,12,2048,Male,Group A,45-54,2024-04-16,,,1,26.4,2-4 yr,2,51500.0,1.0325,2,2,Medium,43.3,9.9,0.0,Remote,15.6
1229,Barbara Brooks,9,6,3,1996,Female,Group C,35-44,2024-09-01,,,1,21.9,1-2 yr,1,107900.0,0.8626,3,2,Medium,73.8,12.9,16.7,Onsite,17.2
1230,Casey Williams,12,4,12,1510,Male,Group B,35-44,2025-11-27,2026-03-17,Voluntary,0,3.6,<1 yr,0,23500.0,0.9882,4,3,High,100.0,2.5,8.3,Hybrid,7.1
1231,Christopher Bennett,4,5,10,2666,Non-binary,Group C,25-34,2024-02-17,,,1,28.4,2-4 yr,2,97700.0,0.9774,3,2,Medium,74.6,18.4,6.2,Hybrid,3.0
1232,Brianna Carter,3,6,11,2650,Male,Group A,25-34,2023-05-12,,,1,37.6,2-4 yr,2,51400.0,0.9469,3,3,High,56.9,4.1,2.8,Hybrid,11.6
1233,Tracy Hull,3,1,4,1338,Male,Group C,35-44,2026-01-25,,,1,5.1,<1 yr,0,48300.0,1.0096,4,2,Medium,78.4,4.7,14.0,Onsite,3.4
1234,Zachary Whitaker,1,3,4,107,Male,Group C,25-34,2025-08-22,,,1,10.2,<1 yr,0,70600.0,0.9358,3,2,Medium,84.2,11.1,6.7,Onsite,10.2
1235,Susan Johnson,3,7,12,1708,Female,Group A,<25,2019-12-24,,,1,78.2,6+ yr,4,41400.0,1.0053,3,2,Medium,69.7,12.1,0.0,Remote,10.5
1236,Cheryl Martin,6,8,6,998,Male,Group C,25-34,2019-05-31,,,1,85.0,6+ yr,4,237600.0,0.9728,3,2,Medium,94.3,3.0,11.0,Hybrid,14.3
1237,Scott Welch,4,2,10,2750,Female,Group D,25-34,2023-10-06,,,1,32.8,2-4 yr,2,64200.0,0.9537,4,3,High,87.8,4.2,14.5,Onsite,22.4
1238,Julie Rosario,8,1,5,2624,Male,Group E,25-34,2025-01-16,,,1,17.4,1-2 yr,1,54300.0,1.0655,4,3,High,71.9,2.3,0.0,Remote,14.4
1239,Maria Hogan,4,4,12,1948,Female,Group A,55+,2025-10-24,,,1,8.2,<1 yr,0,19100.0,0.8032,4,3,High,75.9,3.1,7.0,Hybrid,8.2
1240,Darryl Peterson,2,2,9,116,Non-binary,Group E,55+,2024-06-18,,,1,24.4,2-4 yr,2,73000.0,0.9373,3,2,Medium,58.6,8.0,0.0,Remote,9.1
1241,Erik Lewis,4,1,13,419,Male,Group A,25-34,2025-01-08,,,1,17.7,1-2 yr,1,15400.0,1.0969,5,3,High,77.7,5.8,4.3,Onsite,17.7
1242,Taylor Perkins,1,2,9,589,Male,Group D,45-54,2024-06-19,2025-06-15,Voluntary,0,11.9,<1 yr,0,85400.0,1.0966,4,3,High,66.5,13.7,11.5,Onsite,16.8
1243,Mark Boyle,2,9,1,,Female,Group E,25-34,2021-02-24,,,1,64.1,4-6 yr,3,211900.0,1.009,4,3,High,68.3,10.7,13.8,Hybrid,11.1
1244,Alice Anderson,9,6,1,834,Male,Group C,25-34,2020-06-28,,,1,72.0,4-6 yr,3,112300.0,0.9517,3,3,High,100.0,8.6,1.9,Hybrid,15.7
1245,Nicholas Walker,5,3,1,417,Female,Group B,35-44,2023-03-18,,,1,39.4,2-4 yr,2,81700.0,0.9963,3,2,Medium,58.3,4.1,26.3,Onsite,11.5
1246,Kimberly Kaiser,12,1,6,845,Male,Group C,55+,2024-11-04,,,1,19.8,1-2 yr,1,72700.0,0.9846,2,1,Low,71.5,10.8,9.1,Onsite,15.3
1247,Erica Gibson,10,8,8,1480,Male,Group D,25-34,2022-05-16,2024-04-19,Voluntary,0,23.1,1-2 yr,1,70900.0,1.0054,4,2,Medium,65.3,5.6,3.1,Onsite,9.8
1248,Russell Petty,7,2,3,1163,Male,Group C,25-34,2026-03-25,2026-05-09,Voluntary,0,1.5,<1 yr,0,77300.0,1.1049,2,3,High,81.0,9.2,40.8,Onsite,3.2
1249,Jason Miller,7,1,12,2517,Male,Group C,45-54,2024-10-20,,,1,20.3,1-2 yr,1,14700.0,0.9748,3,3,High,87.6,4.1,2.3,Onsite,20.3
1250,Katherine Hendrix,12,3,5,1549,Female,Group C,55+,2022-08-16,,,1,46.5,2-4 yr,2,84900.0,1.0565,2,1,Low,47.9,15.9,0.0,Remote,35.0
1251,Lisa Lopez,7,2,1,1904,Male,Group A,55+,2025-07-30,,,1,11.0,<1 yr,0,69700.0,1.0561,1,3,High,85.3,5.7,0.0,Remote,11.0
1252,Jennifer Harvey,4,4,6,1818,Male,Group A,25-34,2026-05-22,,,1,1.3,<1 yr,0,108200.0,0.9292,3,3,High,56.9,5.3,0.0,Remote,1.3
1253,Krystal Smith,7,1,13,1933,Male,Group E,55+,2025-03-11,,,1,15.6,1-2 yr,1,14800.0,1.0541,4,2,Medium,76.8,2.4,12.6,Hybrid,15.6
1254,Kevin Campbell,9,6,10,1746,Female,Group B,25-34,2026-04-18,,,1,2.4,<1 yr,0,128500.0,1.0676,2,3,High,82.1,9.8,6.8,Onsite,2.4
1255,Karen Warren,3,1,11,2650,Male,Group C,25-34,2025-11-24,2026-02-23,Voluntary,0,3.0,<1 yr,0,24200.0,1.0117,4,3,High,65.8,16.5,11.9,Hybrid,7.2
1256,Jonathan Ray,2,2,3,2279,Female,Group D,45-54,2023-10-10,,,1,32.7,2-4 yr,2,75500.0,1.0792,3,1,Low,81.8,15.7,20.3,Onsite,32.7
1257,Erica Atkins,11,4,13,645,Male,Group A,45-54,2026-03-21,,,1,3.3,<1 yr,0,19000.0,0.8582,3,2,Medium,84.5,0.7,14.0,Hybrid,3.3
1258,Anthony Shea,2,4,8,935,Male,Group D,35-44,2026-05-11,,,1,1.6,<1 yr,0,32500.0,0.9667,2,2,Medium,65.2,2.1,7.3,Onsite,1.6
1259,Taylor Banks,10,2,13,835,Male,Group D,35-44,2024-12-15,,,1,18.5,1-2 yr,1,18100.0,1.0157,3,2,Medium,59.4,2.5,22.6,Hybrid,17.3
1260,Andrea Banks,4,7,12,131,Female,Group C,25-34,2020-11-21,2023-05-19,Voluntary,0,29.9,2-4 yr,2,38100.0,0.9252,2,2,Medium,74.4,2.7,4.1,Hybrid,42.1
1261,Melinda Jones,3,6,14,1112,Female,Group E,35-44,2023-02-23,,,1,40.2,2-4 yr,2,111700.0,0.9759,4,3,High,76.4,2.0,27.4,Onsite,14.0
1262,Katherine Maldonado,4,4,1,1971,Male,Group D,25-34,2025-02-17,,,1,16.4,1-2 yr,1,81100.0,0.989,3,2,Medium,74.3,12.4,19.0,Onsite,16.4
1263,Haley Hale,8,2,9,2221,Male,Group A,<25,2023-09-27,,,1,33.1,2-4 yr,2,74500.0,0.9566,2,2,Medium,67.2,5.2,0.0,Remote,30.0
1264,Jermaine Jenkins,10,4,1,1217,Female,Group B,45-54,2025-01-18,,,1,17.3,1-2 yr,1,70000.0,0.8537,3,3,High,55.5,3.7,0.0,Remote,5.2
1265,Joanne Evans,2,1,9,116,Male,Group A,35-44,2026-01-20,,,1,5.3,<1 yr,0,65300.0,1.0642,3,2,Medium,61.7,5.8,2.6,Hybrid,5.3
1266,Joanna Mitchell,3,6,5,59,Male,Group A,35-44,2022-06-16,,,1,48.5,4-6 yr,3,112000.0,0.9685,4,3,High,89.1,8.5,0.0,Remote,27.3
1267,Rodney Sanchez,8,1,12,865,Female,Group D,35-44,2026-04-23,2026-05-13,Voluntary,0,0.7,<1 yr,0,14800.0,0.9814,3,3,High,67.4,0.9,14.1,Onsite,2.2
1268,Frank Glass,3,4,2,2712,Male,Group A,35-44,2025-07-11,,,1,11.6,<1 yr,0,76600.0,0.9938,2,1,Low,48.6,7.9,41.3,Onsite,11.6
1269,Miranda Mack DDS,12,2,13,1510,Male,Group C,35-44,2023-09-22,2025-06-21,Involuntary,0,21.0,1-2 yr,1,18600.0,1.0438,1,3,High,55.1,1.7,2.8,Hybrid,3.2
1270,Wayne Davis,5,3,2,385,Male,Group A,35-44,2022-06-16,,,1,48.5,4-6 yr,3,66900.0,0.8679,1,1,Low,27.9,4.5,0.0,Remote,5.8
1271,Eric Reed,7,6,5,1163,Female,Group E,45-54,2022-07-27,,,1,47.1,2-4 yr,2,111900.0,0.9677,3,2,Medium,68.5,21.5,0.0,Remote,10.7
1272,Michael Morgan,4,4,6,723,Male,Group B,25-34,2025-12-02,,,1,6.9,<1 yr,0,103600.0,0.8897,2,2,Medium,88.5,17.5,0.0,Remote,6.9
1273,George Mueller,1,5,13,596,Male,Group A,25-34,2026-02-13,2026-05-27,Voluntary,0,3.4,<1 yr,0,23700.0,0.8957,3,2,Medium,85.9,6.6,14.0,Hybrid,4.5
1274,Mark Morgan,7,5,1,1904,Female,Group A,45-54,2023-02-20,,,1,40.3,2-4 yr,2,107400.0,1.0959,3,1,Low,75.8,5.0,8.2,Onsite,14.6
1275,Samantha Ashley,9,3,13,954,Female,Group C,35-44,2023-01-02,2026-01-04,Involuntary,0,36.1,2-4 yr,2,21600.0,0.9756,3,3,High,57.2,5.7,14.0,Onsite,18.0
1276,Sharon Torres,9,5,11,1746,Male,Group A,55+,2025-05-28,,,1,13.1,1-2 yr,1,44200.0,0.9805,3,3,High,61.1,18.6,10.2,Hybrid,3.9
1277,Joseph Suarez,2,2,13,1803,Female,Group A,55+,2025-11-01,2026-06-05,Involuntary,0,7.1,<1 yr,0,15500.0,0.8698,3,3,High,59.4,9.8,3.5,Hybrid,2.6
1278,Christopher Schmidt,2,1,12,798,Male,Group A,35-44,2024-09-24,,,1,21.2,1-2 yr,1,16800.0,1.1141,3,3,High,66.3,3.0,11.8,Onsite,21.2
1279,Colleen Gray,9,1,2,402,Female,Group A,35-44,2026-01-07,,,1,5.7,<1 yr,0,47300.0,0.9677,1,3,High,73.8,5.3,0.0,Remote,5.7
1280,Ronald Jones,4,4,9,2666,Female,Group A,25-34,2023-11-30,,,1,31.0,2-4 yr,2,75500.0,0.7803,4,1,Low,90.0,1.9,1.5,Hybrid,16.9
1281,Melissa Palmer,9,5,4,1996,Male,Group D,25-34,2025-08-21,,,1,10.3,<1 yr,0,85400.0,0.9472,2,3,High,82.5,2.2,7.0,Hybrid,4.6
1282,Stephanie Costa,5,3,12,1194,Female,Group D,35-44,2023-07-29,2025-04-17,Voluntary,0,20.6,1-2 yr,1,21500.0,0.9041,3,3,High,47.2,5.0,2.3,Onsite,12.0
1283,Sarah Martinez,3,3,6,2712,Male,Group D,25-34,2025-10-27,2026-01-24,Voluntary,0,2.9,<1 yr,0,91200.0,0.7832,2,1,Low,59.0,4.9,5.7,Onsite,8.1
1284,Kristine Hopkins,11,5,14,1881,Male,Group A,35-44,2021-08-03,,,1,58.9,4-6 yr,3,96200.0,1.012,2,2,Medium,67.5,6.9,4.8,Hybrid,7.3
1285,David Hines,6,7,13,2437,Female,Group B,25-34,2023-03-16,,,1,39.5,2-4 yr,2,35700.0,0.9311,3,2,Medium,69.9,10.6,21.0,Onsite,30.5
1286,Sharon Vincent,3,1,10,279,Male,Group B,45-54,2025-06-08,,,1,12.7,1-2 yr,1,55000.0,1.037,4,2,Medium,76.5,12.5,0.0,Remote,12.7
1287,Evelyn Kennedy,1,5,11,2455,Male,Group C,25-34,2023-04-08,,,1,38.7,2-4 yr,2,41100.0,0.9117,4,2,Medium,67.4,18.0,5.6,Hybrid,19.1
1288,Lauren Rivera,5,6,12,1781,Male,Group A,35-44,2024-05-09,2024-12-23,Voluntary,0,7.5,<1 yr,0,34700.0,1.014,4,2,Medium,93.5,11.0,12.6,Onsite,25.7
1289,James Fisher,12,6,14,1510,Female,Group A,45-54,2025-02-19,,,1,16.3,1-2 yr,1,113900.0,0.9951,2,2,Medium,79.8,5.2,0.0,Remote,1.6
1290,Sarah Salinas,3,3,14,550,Non-binary,Group A,45-54,2026-01-22,,,1,5.2,<1 yr,0,73400.0,0.9228,4,2,Medium,54.7,2.2,22.7,Hybrid,5.2
1291,Steven Sharp,1,2,14,596,Male,Group B,<25,2025-06-05,2026-04-29,Voluntary,0,10.8,<1 yr,0,73300.0,1.145,4,3,High,60.0,11.9,35.6,Onsite,12.8
1292,Steven Miller,12,2,3,1549,Male,Group C,25-34,2024-08-01,,,1,22.9,1-2 yr,1,84000.0,1.2007,4,2,Medium,71.4,3.7,13.4,Onsite,9.1
1293,Michelle Franklin,9,5,13,954,Female,Group B,35-44,2025-03-01,,,1,16.0,1-2 yr,1,25100.0,0.9486,4,3,High,82.4,1.8,54.2,Onsite,5.1
1294,Christina Johnson,12,4,12,2450,Male,Group B,35-44,2025-05-11,,,1,13.6,1-2 yr,1,22200.0,0.9336,3,1,Low,79.0,4.8,0.0,Remote,13.6
1295,Stephen Collins,4,4,7,723,Female,Group B,25-34,2023-01-14,2026-03-29,Voluntary,0,38.4,2-4 yr,2,91500.0,0.8999,3,2,Medium,76.8,6.5,0.0,Remote,2.2
1296,Grace Jackson,3,1,7,1040,Male,Group D,45-54,2026-02-15,,,1,4.4,<1 yr,0,63000.0,0.977,3,3,High,76.2,16.6,0.0,Remote,4.4
1297,Catherine Rocha,5,2,2,556,Female,Group C,35-44,2025-01-29,2026-06-19,Voluntary,0,16.6,1-2 yr,1,65500.0,1.0558,3,3,High,64.7,5.8,2.1,Onsite,13.5
1298,Jeremy Ross,3,1,12,1112,Female,Group C,<25,2025-02-07,2026-04-21,Voluntary,0,14.4,1-2 yr,1,14600.0,0.9682,5,3,High,65.2,7.6,0.0,Remote,14.7
1299,Brandy Benitez,7,6,8,1904,Male,Group B,25-34,2026-01-17,2026-05-27,Voluntary,0,4.3,<1 yr,0,43500.0,0.8991,3,3,High,57.7,2.1,0.0,Remote,5.4
1300,Rhonda Allison,10,6,11,747,Female,Group C,25-34,2025-11-06,,,1,7.8,<1 yr,0,51400.0,0.9469,3,2,Medium,70.3,12.1,0.0,Remote,7.8
1301,Daniel Miller,7,1,13,267,Male,Group B,45-54,2026-01-25,,,1,5.1,<1 yr,0,15300.0,1.0897,4,3,High,71.4,1.7,22.1,Onsite,5.1
1302,John Salazar,10,2,9,747,Female,Group C,55+,2025-05-14,,,1,13.5,1-2 yr,1,82500.0,1.0593,5,3,High,56.4,2.0,11.9,Hybrid,2.2
1303,Kenneth Ramirez,3,2,4,1040,Male,Group B,45-54,2025-09-13,,,1,9.5,<1 yr,0,62900.0,1.0359,2,3,High,78.1,12.5,4.8,Hybrid,9.5
1304,Edward Patterson,9,1,4,1996,Male,Group A,25-34,2024-08-12,,,1,22.6,1-2 yr,1,50800.0,1.0619,4,2,Medium,47.8,3.9,11.7,Hybrid,22.6
1305,Steven Vega,5,2,3,1091,Male,Group A,25-34,2023-12-18,,,1,30.4,2-4 yr,2,71600.0,1.0234,4,2,Medium,71.5,9.9,21.9,Onsite,1.8
1306,Haley Robinson,4,5,11,2750,Non-binary,Group C,35-44,2022-08-26,,,1,46.1,2-4 yr,2,44000.0,0.976,4,3,High,77.8,15.2,5.3,Hybrid,9.7
1307,James Simpson,6,3,12,1958,Female,Group E,35-44,2023-02-12,,,1,40.5,2-4 yr,2,21800.0,0.9167,4,3,High,100.0,12.5,8.8,Onsite,9.6
1308,Timothy Goodman,5,2,9,1370,Female,Group E,35-44,2024-03-06,,,1,27.8,2-4 yr,2,71100.0,0.9129,2,2,Medium,90.5,11.6,0.0,Remote,7.1
1309,Dylan Torres,11,3,13,1653,Male,Group A,55+,2022-11-01,,,1,43.9,2-4 yr,2,21200.0,0.9575,3,3,High,66.7,7.1,0.0,Remote,31.5
1310,Jennifer Perry,7,5,5,2060,Male,Group E,35-44,2025-11-19,2026-04-02,Voluntary,0,4.4,<1 yr,0,94700.0,0.986,4,3,High,100.0,6.9,0.0,Remote,7.3
1311,Dr. Lindsay Dunn MD,7,1,10,1486,Male,Group B,<25,2025-04-13,,,1,14.6,1-2 yr,1,58300.0,1.0992,2,3,High,71.4,5.9,8.7,Onsite,9.6
1312,Daniel Deleon,7,1,6,2060,Female,Group A,25-34,2024-10-03,,,1,20.9,1-2 yr,1,85200.0,1.1538,4,3,High,47.1,20.0,24.0,Onsite,6.0
1313,Jennifer Johnson,9,3,2,2134,Female,Group A,35-44,2024-06-26,,,1,24.1,2-4 yr,2,72800.0,0.9445,4,3,High,46.3,2.4,5.4,Hybrid,24.1
1314,Justin Harris,7,7,14,2483,Female,Group C,35-44,2025-05-28,,,1,13.1,1-2 yr,1,131200.0,0.9525,4,3,High,66.8,13.5,0.0,Remote,8.3
1315,Latoya Whitney,12,1,6,1019,Male,Group A,45-54,2026-02-15,,,1,4.4,<1 yr,0,67600.0,0.9155,3,2,Medium,62.5,6.9,10.4,Hybrid,4.4
1316,Ashley Benson,9,8,10,231,Male,Group C,25-34,2025-02-09,,,1,16.6,1-2 yr,1,173400.0,0.9884,2,1,Low,53.7,7.6,4.1,Hybrid,8.3
1317,Ana Grant,9,4,8,661,Male,Group E,55+,2025-03-15,2026-05-18,Voluntary,0,14.1,1-2 yr,1,37500.0,1.1154,3,1,Low,55.2,3.9,7.3,Onsite,15.5
1318,Susan Webb,6,3,10,272,Female,Group B,25-34,2022-08-14,,,1,46.5,2-4 yr,2,88700.0,1.0605,4,2,Medium,49.7,9.6,6.5,Hybrid,6.9
1319,Trevor Green,5,2,3,556,Male,Group B,35-44,2026-03-27,,,1,3.1,<1 yr,0,75700.0,1.082,3,2,Medium,85.4,2.7,7.8,Hybrid,3.1
1320,Thomas Richards,10,3,13,835,Male,Group C,25-34,2025-07-17,2025-12-22,Voluntary,0,5.2,<1 yr,0,21800.0,0.9846,5,3,High,62.0,12.0,20.9,Onsite,5.3
1321,Karen Alexander,12,5,10,240,Female,Group D,25-34,2021-08-25,,,1,58.1,4-6 yr,3,99400.0,0.9944,4,2,Medium,70.1,16.3,9.2,Hybrid,7.6
1322,Lindsey Fisher,12,5,9,1777,Female,Group E,<25,2022-01-28,,,1,53.0,4-6 yr,3,112900.0,0.9763,5,2,Medium,67.5,3.7,31.8,Hybrid,31.3
1323,April Robinson,3,6,8,1112,Male,Group D,25-34,2025-07-07,2026-01-25,Involuntary,0,6.6,<1 yr,0,54000.0,1.1162,3,1,Low,51.0,10.6,4.7,Hybrid,2.5
1324,Marie Smith,5,9,5,,Female,Group A,<25,2019-03-10,,,1,87.7,6+ yr,4,213500.0,1.0374,4,3,High,76.3,8.6,0.0,Remote,44.9
1325,Kyle Phillips,8,3,3,15,Male,Group A,<25,2024-12-02,2026-05-06,Voluntary,0,17.1,1-2 yr,1,87300.0,1.0044,3,2,Medium,87.5,1.7,0.0,Remote,18.9
1326,Justin Reyes,6,6,13,1285,Female,Group C,55+,2023-08-14,2025-10-26,Voluntary,0,26.4,2-4 yr,2,37500.0,1.177,3,2,Medium,59.3,9.8,14.3,Hybrid,3.3
1327,Kelsey Rogers,6,3,9,1650,Female,Group E,45-54,2022-10-11,,,1,44.6,2-4 yr,2,86000.0,0.8888,2,3,High,73.2,1.7,23.3,Onsite,10.8
1328,Kristy Allen,11,3,14,1603,Female,Group A,35-44,2022-05-12,2023-09-09,Involuntary,0,15.9,1-2 yr,1,68800.0,0.865,1,2,Medium,85.1,0.8,11.2,Onsite,8.5
1329,Bradley Wagner,6,4,9,272,Male,Group A,<25,2023-03-05,,,1,39.8,2-4 yr,2,103000.0,1.0645,3,2,Medium,61.2,6.1,22.3,Hybrid,10.6
1330,Victoria Short,1,2,7,1670,Male,Group C,25-34,2026-01-24,,,1,5.2,<1 yr,0,83600.0,1.0215,3,2,Medium,67.8,2.8,27.2,Onsite,5.2
1331,Cynthia Skinner,8,6,11,2095,Female,Group C,45-54,2022-03-11,2023-05-23,Voluntary,0,14.4,1-2 yr,1,48200.0,0.888,3,2,Medium,37.3,1.4,11.2,Onsite,2.8
1332,James Clark,8,2,3,656,Male,Group B,35-44,2024-01-31,,,1,28.9,2-4 yr,2,66500.0,0.9505,3,2,Medium,79.5,8.6,11.6,Onsite,7.6
1333,Matthew Stewart,3,2,14,550,Female,Group B,25-34,2023-10-29,,,1,32.0,2-4 yr,2,61200.0,0.956,5,3,High,71.3,11.7,7.2,Onsite,8.4
1334,Victoria Gomez PhD,6,1,5,932,Male,Group E,35-44,2026-05-28,2026-06-09,Voluntary,0,0.4,<1 yr,0,54300.0,1.0655,4,3,High,74.9,8.3,0.0,Remote,1.1
1335,Kenneth Frye,6,2,12,1958,Female,Group C,35-44,2026-05-15,2026-06-15,Voluntary,0,1.0,<1 yr,0,18000.0,0.9404,3,1,Low,44.7,8.1,7.6,Hybrid,1.5
1336,Robert Davis,5,3,14,1061,Female,Group B,35-44,2024-04-12,2024-12-19,Voluntary,0,8.2,<1 yr,0,73600.0,0.9253,2,2,Medium,48.9,5.4,16.2,Hybrid,5.1
1337,Anthony Harmon,12,8,5,2159,Male,Group D,35-44,2021-11-17,,,1,55.4,4-6 yr,3,173700.0,1.0305,2,2,Medium,67.9,1.6,0.0,Remote,13.6
1338,Kristina Bright,3,7,1,2449,Male,Group E,25-34,2023-04-22,,,1,38.3,2-4 yr,2,138100.0,0.9725,4,3,High,57.1,12.1,17.0,Onsite,27.2
1339,Stephanie Miranda,12,6,13,1510,Female,Group A,45-54,2024-12-26,2025-06-16,Voluntary,0,5.7,<1 yr,0,27300.0,0.8569,3,1,Low,57.5,8.6,7.6,Onsite,18.1
1340,Melissa Colon,6,4,7,2447,Male,Group E,45-54,2025-10-16,,,1,8.4,<1 yr,0,98500.0,0.9687,2,2,Medium,80.0,25.1,17.6,Onsite,8.4
1341,Cody Lyons,3,8,12,2048,Male,Group A,25-34,2023-11-13,,,1,31.5,2-4 yr,2,50800.0,1.0184,1,2,Medium,53.7,2.6,29.0,Onsite,19.8
1342,Annette Smith,5,4,9,1370,Male,Group B,45-54,2022-07-27,,,1,47.1,2-4 yr,2,106600.0,1.1017,2,3,High,68.8,8.6,8.5,Hybrid,21.2
1343,Christina Smith,2,5,5,2279,Female,Group E,45-54,2024-10-07,2025-07-28,Voluntary,0,9.7,<1 yr,0,96000.0,0.9996,3,2,Medium,82.1,13.1,0.0,Remote,14.2
1344,Mark Lopez,5,2,9,2374,Male,Group B,35-44,2025-11-17,,,1,7.4,<1 yr,0,69200.0,0.8885,3,3,High,68.7,2.2,12.2,Onsite,7.4
1345,Andres Ramos,6,3,1,713,Male,Group A,25-34,2025-09-12,,,1,9.6,<1 yr,0,86800.0,1.0585,1,1,Low,55.3,2.6,29.6,Onsite,4.9
1346,Debbie Christian,11,1,13,2561,Male,Group A,45-54,2026-01-05,2026-02-12,Voluntary,0,1.2,<1 yr,0,14100.0,1.0043,3,3,High,64.7,3.7,0.0,Remote,5.8
1347,Matthew Patel,1,5,13,842,Male,Group A,45-54,2022-11-23,,,1,43.2,2-4 yr,2,27800.0,1.0506,2,2,Medium,82.0,4.7,4.5,Hybrid,5.8
1348,Alison Rush,2,6,11,443,Female,Group D,25-34,2023-02-11,2025-10-13,Voluntary,0,32.0,2-4 yr,2,47800.0,0.8806,2,2,Medium,79.7,3.0,3.7,Hybrid,5.4
1349,Angela Gillespie MD,2,2,1,269,Female,Group A,25-34,2023-11-11,2024-08-20,Voluntary,0,9.3,<1 yr,0,69700.0,1.0561,3,1,Low,90.1,8.8,10.9,Hybrid,15.3
1350,Lawrence David,8,6,1,1718,Male,Group D,25-34,2025-08-24,,,1,10.2,<1 yr,0,111000.0,0.9407,4,2,Medium,100.0,14.7,14.0,Hybrid,4.3
1351,Jordan Lopez MD,3,5,11,2650,Male,Group B,25-34,2021-11-30,,,1,55.0,4-6 yr,3,47000.0,1.0426,2,1,Low,86.8,23.2,0.0,Remote,9.8
1352,Norman Moore,12,2,11,1363,Male,Group E,35-44,2023-11-21,2024-06-24,Involuntary,0,7.1,<1 yr,0,28700.0,0.9453,3,2,Medium,67.3,2.0,0.0,Remote,21.2
1353,Jeffrey Morris,6,1,3,713,Male,Group B,35-44,2026-02-07,2026-03-14,Voluntary,0,1.1,<1 yr,0,54400.0,0.9869,1,2,Medium,59.6,23.0,10.0,Hybrid,4.7
1354,Debbie Taylor,9,1,12,954,Female,Group E,35-44,2024-09-24,,,1,21.2,1-2 yr,1,15200.0,1.008,3,1,Low,68.1,17.2,7.4,Onsite,4.7
1355,Jennifer Roman,3,2,2,1040,Female,Group B,35-44,2024-06-15,,,1,24.5,2-4 yr,2,61100.0,0.9848,5,2,Medium,70.8,13.6,8.7,Hybrid,4.8
1356,Mary Walker,10,1,2,399,Male,Group C,45-54,2026-02-12,,,1,4.5,<1 yr,0,54600.0,1.117,2,1,Low,44.4,15.7,3.0,Onsite,4.5
1357,Scott Smith,5,2,9,1083,Male,Group A,35-44,2023-09-25,,,1,33.1,2-4 yr,2,83400.0,1.0709,4,3,High,87.3,12.7,8.9,Hybrid,7.4
1358,Michael Robertson,9,6,2,402,Male,Group C,35-44,2025-06-19,,,1,12.4,1-2 yr,1,128300.0,1.1567,3,3,High,51.2,2.8,2.3,Hybrid,10.9
1359,Kathryn Smith,11,1,5,1081,Non-binary,Group A,45-54,2026-04-13,,,1,2.6,<1 yr,0,53900.0,1.0577,3,2,Medium,82.0,7.7,0.0,Remote,2.6
1360,Katherine Casey,9,5,7,1638,Female,Group A,45-54,2022-01-02,,,1,53.9,4-6 yr,3,132500.0,1.0904,3,3,High,45.1,4.1,4.0,Hybrid,14.2
1361,Thomas Smith,4,5,12,419,Male,Group E,35-44,2024-05-18,,,1,25.4,2-4 yr,2,29300.0,1.031,4,3,High,97.8,3.7,12.0,Onsite,4.6
1362,Linda Mendoza,10,3,7,1605,Non-binary,Group D,<25,2023-12-11,,,1,30.6,2-4 yr,2,111500.0,1.0966,3,3,High,64.8,5.2,2.9,Hybrid,27.4
1363,Chad Oconnor,12,7,11,1177,Male,Group A,<25,2021-06-28,,,1,60.1,4-6 yr,3,56300.0,0.8619,3,1,Low,82.3,1.7,4.2,Onsite,12.9
1364,Laura Petersen,11,7,10,2677,Non-binary,Group A,25-34,2021-10-31,,,1,55.9,4-6 yr,3,126700.0,0.8748,4,3,High,97.8,16.0,9.9,Onsite,10.4
1365,Michelle Burton,9,2,4,2667,Female,Group C,<25,2025-09-21,,,1,9.3,<1 yr,0,60500.0,0.9964,1,2,Medium,47.5,10.8,18.9,Onsite,9.3
1366,Stephen Branch,8,2,9,2095,Male,Group B,45-54,2024-09-20,,,1,21.3,1-2 yr,1,77600.0,0.9964,3,2,Medium,76.3,2.6,0.0,Remote,7.0
1367,Rachel Welch,1,2,12,2488,Male,Group D,25-34,2025-06-13,,,1,12.5,1-2 yr,1,20400.0,1.0658,2,3,High,50.4,16.3,6.1,Hybrid,12.5
1368,Tamara Davis,5,1,10,559,Female,Group C,45-54,2024-10-21,,,1,20.3,1-2 yr,1,52800.0,0.9955,3,3,High,79.1,4.6,1.7,Hybrid,1.7
1369,Michael Freeman,12,5,11,1777,Male,Group C,25-34,2022-09-10,,,1,45.6,2-4 yr,2,37700.0,0.8363,3,2,Medium,56.7,7.0,7.7,Hybrid,2.9
1370,Jeanette Shepherd,5,7,10,2457,Female,Group E,25-34,2026-03-14,2026-04-18,Voluntary,0,1.1,<1 yr,0,134000.0,0.9252,4,2,Medium,70.8,9.3,9.7,Onsite,3.5
1371,Felicia Mack,5,3,9,1083,Male,Group D,55+,2023-09-04,,,1,33.8,2-4 yr,2,106200.0,1.0976,1,2,Medium,64.3,7.9,0.0,Remote,28.2
1372,Tammy Mejia,3,1,2,2213,Male,Group A,<25,2024-08-31,2026-06-06,Voluntary,0,21.2,1-2 yr,1,48400.0,0.9902,4,3,High,68.4,3.5,1.6,Hybrid,8.6
1373,Victoria Gonzales,10,6,10,747,Male,Group C,25-34,2025-05-20,2026-01-11,Voluntary,0,7.8,<1 yr,0,127700.0,1.061,2,2,Medium,61.4,1.4,19.3,Onsite,13.3
1374,Caitlin Acosta,8,5,9,2095,Male,Group E,<25,2022-01-08,,,1,53.7,4-6 yr,3,124500.0,1.0766,3,2,Medium,81.8,4.1,8.4,Hybrid,12.7
1375,Marie West,8,6,6,725,Male,Group A,35-44,2026-05-14,,,1,1.5,<1 yr,0,162200.0,0.968,1,3,High,76.7,2.0,13.5,Onsite,1.5
1376,Nathan Anderson,3,1,5,1338,Female,Group A,55+,2025-08-05,2026-05-22,Voluntary,0,9.5,<1 yr,0,47900.0,0.94,3,2,Medium,82.3,3.5,0.0,Remote,6.0
1377,Robert Lee,7,3,6,1163,Female,Group B,45-54,2025-04-09,,,1,14.7,1-2 yr,1,127900.0,1.0984,4,1,Low,58.1,2.9,0.0,Remote,14.7
1378,Jennifer Smith,9,5,1,2667,Male,Group E,35-44,2023-03-05,,,1,39.8,2-4 yr,2,101900.0,1.0398,3,3,High,48.2,3.1,2.0,Hybrid,11.9
1379,Margaret Blankenship,10,1,7,694,Male,Group A,25-34,2026-03-23,,,1,3.3,<1 yr,0,65400.0,1.0143,4,3,High,67.6,9.7,16.8,Hybrid,3.3
1380,Briana Roberts,3,1,3,1040,Female,Group B,45-54,2025-07-14,,,1,11.5,<1 yr,0,64500.0,1.1702,3,1,Low,71.3,10.1,11.5,Onsite,11.5
1381,Christopher Richardson,5,6,7,417,Female,Group D,35-44,2026-04-11,,,1,2.6,<1 yr,0,145100.0,0.9917,2,2,Medium,85.3,3.5,18.8,Hybrid,2.6
1382,Sarah Marshall,7,1,6,1930,Non-binary,Group A,35-44,2025-01-10,,,1,17.6,1-2 yr,1,80600.0,1.0915,5,3,High,70.6,3.2,4.8,Hybrid,15.5
1383,Meghan Dawson,11,9,13,,Female,Group A,35-44,2018-04-27,,,1,98.1,6+ yr,4,56200.0,0.9912,2,2,Medium,94.4,19.3,13.9,Hybrid,8.7
1384,Ronald Patel,7,9,14,,Non-binary,Group A,<25,2019-08-06,,,1,82.8,6+ yr,4,190000.0,0.9327,2,3,High,68.2,2.1,54.5,Onsite,8.0
1385,Joshua Figueroa,1,5,4,1670,Male,Group A,25-34,2024-02-07,,,1,28.7,2-4 yr,2,91800.0,1.0182,4,3,High,65.8,6.8,12.4,Hybrid,16.0
1386,Robin Arias MD,8,1,5,2624,Male,Group C,25-34,2025-10-01,,,1,8.9,<1 yr,0,53100.0,1.042,4,2,Medium,99.8,8.7,0.0,Remote,4.9
1387,Elizabeth Phelps,1,2,2,107,Female,Group A,25-34,2025-10-21,,,1,8.3,<1 yr,0,55500.0,0.8946,2,3,High,51.5,11.5,34.1,Onsite,8.3
1388,Joshua Ferguson,6,4,11,272,Male,Group C,<25,2022-08-06,,,1,46.8,2-4 yr,2,39500.0,1.0472,4,1,Low,68.2,7.6,9.1,Onsite,9.5
1389,Michael Miller,6,1,10,886,Female,Group A,25-34,2024-08-18,2025-07-29,Involuntary,0,11.3,<1 yr,0,50800.0,0.9578,2,2,Medium,61.4,10.5,28.5,Hybrid,11.0
1390,Alyssa Pugh,8,8,2,1449,Female,Group A,25-34,2023-06-24,,,1,36.2,2-4 yr,2,159000.0,0.9834,4,2,Medium,79.7,2.9,19.9,Onsite,19.4
1391,Blake Shelton,7,7,1,1711,Male,Group A,55+,2025-04-27,,,1,14.1,1-2 yr,1,139000.0,0.9789,4,2,Medium,78.8,3.6,7.2,Hybrid,14.1
1392,Mr. Timothy Coleman,1,2,12,596,Female,Group B,25-34,2026-03-20,,,1,3.4,<1 yr,0,17200.0,0.8986,3,1,Low,94.6,3.5,9.6,Onsite,3.4
1393,Gloria Taylor,8,4,9,2095,Male,Group E,25-34,2024-11-11,,,1,19.6,1-2 yr,1,102400.0,1.0583,1,2,Medium,100.0,8.0,5.5,Onsite,14.7
1394,Michael Franklin,2,8,14,1928,Non-binary,Group A,35-44,2025-11-29,,,1,7.0,<1 yr,0,174400.0,1.0453,5,2,Medium,67.1,27.6,13.6,Hybrid,7.0
1395,Elizabeth Krueger,10,1,1,2708,Female,Group D,35-44,2025-10-28,,,1,8.0,<1 yr,0,50600.0,0.9731,4,3,High,69.5,1.9,1.8,Hybrid,8.0
1396,Martha Johnson,9,2,11,1746,Male,Group C,55+,2026-03-19,2026-05-19,Voluntary,0,2.0,<1 yr,0,28500.0,0.9387,3,2,Medium,74.7,11.0,5.2,Hybrid,3.4
1397,Tammy Martin,11,1,14,1653,Female,Group A,35-44,2025-06-26,,,1,12.1,1-2 yr,1,45600.0,0.904,3,2,Medium,79.4,1.5,10.2,Hybrid,12.1
1398,James Gentry,10,5,11,747,Male,Group D,35-44,2025-10-09,2026-05-12,Voluntary,0,7.1,<1 yr,0,50300.0,1.1158,5,2,Medium,59.3,10.8,0.8,Hybrid,8.7
1399,Destiny Clements,6,3,2,932,Male,Group D,25-34,2024-01-11,,,1,29.6,2-4 yr,2,79200.0,1.0275,1,1,Low,54.5,6.9,10.5,Onsite,29.6
1400,Stuart Reeves,10,2,12,378,Female,Group A,35-44,2025-11-27,,,1,7.1,<1 yr,0,16100.0,0.8412,2,1,Low,55.7,18.6,8.4,Hybrid,7.1
1401,Joshua Williams,5,4,13,387,Male,Group B,55+,2026-04-17,,,1,2.4,<1 yr,0,23400.0,1.0569,5,3,High,96.9,4.0,3.7,Hybrid,2.4
1402,Connie Bryant,11,8,10,1762,Male,Group D,45-54,2020-09-18,,,1,69.3,4-6 yr,3,182500.0,1.0402,4,2,Medium,93.1,3.1,17.9,Onsite,20.3
1403,Ian Cole,12,6,11,1777,Male,Group B,25-34,2025-11-01,2026-01-17,Voluntary,0,2.5,<1 yr,0,60300.0,1.1109,2,2,Medium,68.8,3.5,33.3,Onsite,3.8
1404,Brian Taylor,7,1,8,1486,Male,Group A,35-44,2024-06-27,,,1,24.1,2-4 yr,2,20700.0,0.9709,4,3,High,72.0,9.4,5.7,Hybrid,24.1
1405,Kara Brown,2,5,2,2791,Female,Group C,35-44,2025-07-08,2025-12-13,Voluntary,0,5.2,<1 yr,0,94200.0,1.0226,3,2,Medium,56.2,16.8,13.8,Hybrid,11.7
1406,Priscilla Carroll,1,1,1,204,Female,Group B,35-44,2024-08-29,,,1,22.0,1-2 yr,1,44900.0,0.8635,5,3,High,44.7,7.9,7.3,Hybrid,22.0
1407,David Williams,9,5,12,954,Non-binary,Group B,45-54,2025-01-05,,,1,17.8,1-2 yr,1,30200.0,1.0626,4,2,Medium,86.3,7.4,2.9,Hybrid,17.8
1408,Ryan Reynolds,12,4,2,749,Male,Group A,45-54,2024-11-30,2025-09-01,Voluntary,0,9.0,<1 yr,0,71800.0,0.9315,4,2,Medium,47.0,8.0,21.8,Hybrid,4.5
1409,Todd Gates,10,2,4,1605,Female,Group B,25-34,2024-06-02,,,1,24.9,2-4 yr,2,56700.0,0.9338,4,1,Low,81.6,6.7,14.8,Hybrid,15.3
1410,Michael Nelson,5,2,4,508,Non-binary,Group E,25-34,2025-07-11,,,1,11.6,<1 yr,0,58400.0,0.9618,3,2,Medium,59.1,15.4,23.2,Onsite,11.6
1411,Brian Atkinson,5,5,11,2374,Female,Group B,55+,2025-06-18,,,1,12.4,1-2 yr,1,40600.0,0.9006,2,2,Medium,76.8,15.5,16.9,Onsite,6.4
1412,Christina Carson,7,4,7,2173,Female,Group D,55+,2022-12-10,2025-06-19,Voluntary,0,30.3,2-4 yr,2,96100.0,0.9451,2,3,High,77.5,13.1,10.2,Hybrid,15.6
1413,Gabriella Nelson,2,3,2,2596,Male,Group C,25-34,2022-12-27,2024-04-28,Involuntary,0,16.0,1-2 yr,1,73000.0,0.9471,2,1,Low,52.8,11.0,16.2,Hybrid,27.8
1414,Christopher Foster,8,6,4,1718,Female,Group D,35-44,2020-04-28,,,1,74.0,6+ yr,4,102000.0,0.9396,4,2,Medium,55.4,5.6,6.4,Hybrid,18.8
1415,Elizabeth Mooney,12,3,2,1755,Female,Group E,35-44,2023-08-12,,,1,34.6,2-4 yr,2,80500.0,1.0444,2,1,Low,96.5,4.1,21.7,Onsite,16.8
1416,David Reed,11,2,11,1826,Female,Group D,55+,2023-12-08,,,1,30.7,2-4 yr,2,30100.0,0.9914,5,3,High,51.0,18.0,15.9,Onsite,15.1
1417,William Anderson,1,3,8,2455,Male,Group A,55+,2024-12-23,2026-04-18,Involuntary,0,15.8,1-2 yr,1,27900.0,0.8299,3,1,Low,69.2,4.4,6.4,Onsite,18.2
1418,Brittany Hughes,8,2,12,1807,Male,Group A,55+,2026-04-10,,,1,2.7,<1 yr,0,19900.0,1.0397,4,3,High,94.1,5.8,5.4,Hybrid,2.7
1419,Bethany Payne,8,6,3,656,Male,Group C,35-44,2022-02-08,,,1,52.7,4-6 yr,3,135700.0,1.0849,3,2,Medium,84.8,5.9,2.5,Hybrid,13.6
1420,Devin Blankenship,11,3,12,1569,Female,Group A,35-44,2025-06-13,,,1,12.5,1-2 yr,1,23900.0,1.005,3,2,Medium,72.9,8.8,29.6,Onsite,11.7
1421,Holly Harrison,4,2,7,607,Female,Group A,25-34,2025-02-03,,,1,16.8,1-2 yr,1,92800.0,1.1339,2,3,High,57.8,8.1,4.0,Onsite,16.8
1422,Stacey Castillo,10,2,12,153,Female,Group C,25-34,2024-03-03,,,1,27.9,2-4 yr,2,20400.0,1.0658,3,3,High,61.3,5.8,4.4,Hybrid,12.5
1423,Alexis Mccormick,11,2,11,1742,Female,Group A,25-34,2024-10-30,,,1,20.0,1-2 yr,1,28200.0,0.9289,4,3,High,44.4,5.0,34.0,Hybrid,12.4
1424,Jose Wallace,9,2,13,981,Female,Group B,25-34,2023-10-03,,,1,32.9,2-4 yr,2,19000.0,1.0662,2,1,Low,79.4,1.3,0.0,Remote,14.4
1425,Lisa Green,3,4,12,1235,Male,Group B,25-34,2022-06-23,,,1,48.2,4-6 yr,3,26100.0,1.0976,2,2,Medium,77.0,39.2,3.0,Hybrid,3.8
1426,William Mooney,6,2,5,191,Male,Group D,45-54,2023-12-16,2025-03-10,Voluntary,0,14.8,1-2 yr,1,61100.0,0.9447,4,2,Medium,50.7,5.8,0.0,Remote,12.6
1427,Brian Atkinson,4,6,3,1734,Male,Group B,45-54,2021-11-17,,,1,55.4,4-6 yr,3,109900.0,0.8786,5,2,Medium,29.1,4.4,8.8,Hybrid,15.7
1428,Jeanette Hernandez,1,4,12,2488,Male,Group C,45-54,2024-07-28,2025-10-25,Involuntary,0,14.9,1-2 yr,1,24700.0,1.0387,2,1,Low,50.4,1.9,4.0,Onsite,19.4
1429,Michelle Smith,2,7,1,427,Non-binary,Group D,25-34,2022-10-03,,,1,44.9,2-4 yr,2,148700.0,1.0472,4,3,High,61.3,8.5,8.4,Hybrid,11.2
1430,William Howard,8,3,2,2546,Non-binary,Group E,35-44,2023-07-30,,,1,35.0,2-4 yr,2,77700.0,1.008,4,3,High,89.6,3.3,19.2,Onsite,18.7
1431,Steven Li,7,2,14,2517,Male,Group A,35-44,2024-10-06,,,1,20.8,1-2 yr,1,67400.0,1.0528,3,3,High,89.6,27.3,0.0,Remote,20.8
1432,Jillian Holmes,2,7,7,2694,Male,Group A,35-44,2022-01-26,,,1,53.1,4-6 yr,3,187900.0,1.0671,4,2,Medium,45.0,2.4,9.6,Hybrid,11.1
1433,Timothy Schroeder,3,1,2,1338,Female,Group A,35-44,2025-04-07,,,1,14.8,1-2 yr,1,53100.0,1.0863,3,3,High,40.9,4.9,1.9,Hybrid,12.3
1434,Anthony Miller,6,1,10,2158,Female,Group A,35-44,2024-09-07,,,1,21.7,1-2 yr,1,54500.0,1.0275,2,1,Low,76.3,4.7,2.7,Onsite,21.7
1435,Sean Arellano,3,4,9,279,Male,Group D,25-34,2024-02-19,,,1,28.3,2-4 yr,2,86200.0,0.8909,2,2,Medium,63.9,2.8,4.1,Hybrid,23.2
1436,Ralph Montoya,8,5,13,1750,Male,Group B,35-44,2022-07-17,2025-01-16,Involuntary,0,30.0,2-4 yr,2,28300.0,1.0695,3,2,Medium,59.9,14.5,4.6,Onsite,32.7
1437,Mr. Frank Skinner,4,1,14,115,Female,Group A,35-44,2025-02-26,,,1,16.1,1-2 yr,1,51100.0,1.0131,3,1,Low,75.0,4.7,55.3,Onsite,1.6
1438,Scott Barrera,4,3,10,2693,Male,Group E,35-44,2025-09-21,,,1,9.3,<1 yr,0,86000.0,1.0282,1,1,Low,51.4,18.3,6.8,Onsite,9.3
1439,Jeremy Duncan,2,6,7,1429,Female,Group A,35-44,2022-03-18,2025-11-21,Voluntary,0,44.2,2-4 yr,2,152000.0,1.0388,3,2,Medium,65.0,4.1,2.3,Hybrid,5.4
1440,Jared Cannon,12,1,12,2450,Male,Group A,45-54,2026-02-08,,,1,4.7,<1 yr,0,15200.0,1.008,3,1,Low,53.2,5.2,8.4,Hybrid,4.7
1441,Andrew Williams,2,3,12,14,Male,Group A,25-34,2025-04-23,2026-05-24,Involuntary,0,13.0,1-2 yr,1,22900.0,0.963,2,1,Low,65.7,8.6,11.2,Hybrid,14.2
1442,Brenda Morgan,10,2,5,1217,Female,Group E,25-34,2023-06-20,,,1,36.3,2-4 yr,2,58500.0,0.9045,5,3,High,89.5,14.6,0.0,Remote,7.9
1443,Michael Powell MD,11,4,3,625,Female,Group E,45-54,2022-11-07,2026-04-24,Voluntary,0,41.5,2-4 yr,2,76700.0,0.8824,4,3,High,72.4,2.3,6.5,Onsite,9.7
1444,Sarah Harris,12,1,7,845,Male,Group B,35-44,2025-01-12,,,1,17.5,1-2 yr,1,68000.0,1.0546,2,2,Medium,33.0,6.1,0.0,Remote,11.1
1445,Valerie Cruz,6,6,14,1285,Female,Group A,35-44,2025-10-04,2026-05-09,Voluntary,0,7.1,<1 yr,0,117900.0,1.0301,3,2,Medium,52.2,15.5,13.2,Hybrid,8.8
1446,Karen Rice,10,2,9,747,Female,Group A,35-44,2025-02-20,,,1,16.3,1-2 yr,1,86900.0,1.1158,3,3,High,84.3,8.6,6.3,Onsite,13.6
1447,Donald Harris,1,7,10,587,Male,Group A,45-54,2022-01-27,,,1,53.1,4-6 yr,3,135900.0,0.9383,2,3,High,73.6,19.3,3.7,Hybrid,10.7
1448,Evelyn Lindsey,10,3,12,378,Female,Group B,35-44,2025-06-17,,,1,12.4,1-2 yr,1,22500.0,0.9462,2,1,Low,90.6,6.0,9.0,Hybrid,5.2
1449,Shaun Compton,8,9,2,,Male,Group E,25-34,2022-09-10,,,1,45.6,2-4 yr,2,202400.0,1.0253,4,2,Medium,85.1,4.8,2.5,Hybrid,13.2
1450,Cristian Cole,6,3,6,1899,Male,Group B,25-34,2023-06-23,,,1,36.2,2-4 yr,2,123000.0,1.0563,4,3,High,70.9,5.0,9.2,Hybrid,5.5
1451,Rebecca Mcgee,10,3,12,1655,Female,Group A,25-34,2024-07-18,,,1,23.4,1-2 yr,1,24900.0,1.0471,3,2,Medium,66.5,4.8,19.9,Onsite,23.4
1452,Frederick Snow,10,4,11,470,Male,Group C,55+,2025-05-25,,,1,13.2,1-2 yr,1,39200.0,1.0392,3,2,Medium,69.3,14.4,12.5,Hybrid,13.2
1453,Lee Maxwell,11,2,1,625,Female,Group A,25-34,2023-08-24,,,1,34.2,2-4 yr,2,66700.0,1.0106,4,3,High,66.6,3.0,15.7,Onsite,17.9
1454,Karen Dawson,3,2,14,550,Female,Group C,45-54,2023-11-27,,,1,31.1,2-4 yr,2,58600.0,0.9153,4,2,Medium,49.1,13.1,0.0,Remote,11.3
1455,Tara Hernandez,1,1,13,842,Male,Group D,<25,2024-08-12,,,1,22.6,1-2 yr,1,14100.0,1.0043,4,3,High,92.8,2.0,9.2,Hybrid,8.2
1456,Darren Santos,5,1,13,2412,Male,Group A,45-54,2025-02-19,,,1,16.3,1-2 yr,1,15200.0,1.0826,3,2,Medium,79.8,1.1,2.7,Onsite,16.3
1457,Erik Mathews,4,4,3,2770,Female,Group C,25-34,2025-10-14,2026-05-10,Voluntary,0,6.8,<1 yr,0,80300.0,0.9238,2,2,Medium,80.7,16.2,13.9,Hybrid,8.5
1458,Andrew Lewis,1,5,13,842,Female,Group A,45-54,2024-02-18,,,1,28.4,2-4 yr,2,28700.0,1.0847,3,2,Medium,75.2,2.2,9.8,Onsite,22.1
1459,Jeffrey Gardner,1,2,12,596,Female,Group C,45-54,2025-10-22,,,1,8.2,<1 yr,0,18300.0,0.9561,2,1,Low,73.7,0.8,4.0,Hybrid,8.2
1460,Peggy Armstrong,2,8,3,1243,Male,Group A,35-44,2020-12-11,,,1,66.6,4-6 yr,3,199400.0,1.0937,3,2,Medium,73.5,2.8,0.0,Remote,12.5
1461,Joshua Romero,10,2,14,835,Male,Group B,35-44,2025-06-13,2026-05-26,Voluntary,0,11.4,<1 yr,0,61000.0,0.9528,4,3,High,69.2,7.4,0.0,Remote,12.5
1462,Jennifer Potter,11,2,13,75,Male,Group E,25-34,2026-02-23,,,1,4.2,<1 yr,0,15800.0,0.8866,3,2,Medium,65.0,0.7,12.2,Onsite,4.2
1463,Jeffrey Murphy,10,6,7,1605,Female,Group D,<25,2026-04-09,2026-04-23,Voluntary,0,0.5,<1 yr,0,148300.0,1.0135,4,3,High,68.1,5.5,12.3,Hybrid,2.7
1464,Vincent Carter,4,1,8,1506,Female,Group A,45-54,2025-11-21,,,1,7.3,<1 yr,0,19800.0,0.9287,4,3,High,80.3,12.5,14.2,Hybrid,7.3
1465,Donna Escobar,8,5,7,15,Male,Group E,25-34,2026-04-07,,,1,2.8,<1 yr,0,122200.0,1.0056,4,2,Medium,95.9,8.1,10.0,Hybrid,2.8
1466,Katherine Tyler,3,3,5,1338,Female,Group B,55+,2024-09-21,,,1,21.3,1-2 yr,1,76500.0,0.952,4,2,Medium,72.9,6.3,0.0,Remote,21.3
1467,Emily Martinez,2,4,6,269,Female,Group D,25-34,2022-10-24,,,1,44.2,2-4 yr,2,106900.0,0.9181,4,3,High,82.6,3.1,13.8,Hybrid,19.1
1468,Joshua Harris,9,1,1,2667,Female,Group A,25-34,2025-05-24,2026-06-18,Voluntary,0,12.8,1-2 yr,1,53100.0,1.0212,2,2,Medium,66.3,5.7,18.2,Hybrid,8.7
1469,Lawrence Harris,11,2,12,645,Male,Group D,55+,2025-08-14,2026-03-08,Voluntary,0,6.8,<1 yr,0,19000.0,0.9927,4,2,Medium,69.6,4.5,13.5,Hybrid,6.5
1470,Brian Daugherty,4,4,12,1135,Male,Group A,45-54,2026-01-12,,,1,5.6,<1 yr,0,25100.0,1.0555,3,2,Medium,64.7,10.2,24.4,Hybrid,5.6
1471,Morgan Nguyen,10,2,12,378,Female,Group A,45-54,2026-01-07,,,1,5.7,<1 yr,0,19900.0,1.0397,5,3,High,38.3,1.3,19.7,Hybrid,5.7
1472,Mark Zavala,4,5,1,1971,Female,Group B,35-44,2025-07-26,,,1,11.1,<1 yr,0,86100.0,0.8786,4,3,High,80.5,5.0,4.2,Hybrid,11.1
1473,Donna Shaw,8,2,13,1750,Male,Group B,55+,2025-12-27,,,1,6.1,<1 yr,0,20200.0,1.1336,3,3,High,75.8,6.4,31.2,Onsite,6.1
1474,Matthew Holmes,2,6,3,2596,Female,Group B,<25,2023-11-23,,,1,31.2,2-4 yr,2,142700.0,1.1409,4,3,High,91.1,8.3,11.0,Onsite,5.8
1475,Gregory Johnson,10,3,11,470,Female,Group C,45-54,2022-10-19,,,1,44.3,2-4 yr,2,38000.0,1.0074,4,2,Medium,60.7,3.7,29.5,Onsite,16.0
1476,Richard Matthews,2,2,12,1803,Male,Group B,35-44,2023-07-26,2025-12-27,Voluntary,0,29.1,2-4 yr,2,19900.0,1.0397,3,3,High,71.3,1.0,10.5,Hybrid,5.2
1477,John Vance,4,5,13,115,Male,Group A,45-54,2023-09-30,2024-06-26,Involuntary,0,8.9,<1 yr,0,23900.0,0.9033,3,3,High,85.2,7.4,10.7,Onsite,33.0
1478,Nicole Ray,5,2,12,2412,Female,Group C,25-34,2026-03-26,,,1,3.2,<1 yr,0,17900.0,0.9352,5,3,High,49.8,27.8,0.0,Remote,3.2
1479,Cynthia Santos,7,2,7,1904,Male,Group A,25-34,2025-01-01,,,1,17.9,1-2 yr,1,82900.0,1.013,3,3,High,71.1,10.6,4.0,Onsite,17.9
1480,Michael Miller,10,9,1,,Male,Group A,35-44,2018-06-02,,,1,96.9,6+ yr,4,214500.0,1.0214,5,3,High,65.0,11.4,22.1,Onsite,18.2
1481,Michael Thompson,9,2,2,2667,Male,Group A,<25,2024-12-07,,,1,18.7,1-2 yr,1,66000.0,1.0638,3,2,Medium,83.8,3.4,11.5,Hybrid,5.4
1482,Eric Thomas,9,7,6,108,Female,Group E,35-44,2024-12-07,2025-08-23,Voluntary,0,8.5,<1 yr,0,208300.0,1.033,4,1,Low,44.8,12.0,0.0,Remote,18.7
1483,Benjamin Smith,12,7,5,2227,Female,Group D,25-34,2024-06-25,,,1,24.1,2-4 yr,2,139700.0,1.0039,4,2,Medium,94.5,6.0,0.0,Remote,23.9
1484,Rita Smith,1,6,1,204,Male,Group C,45-54,2023-03-16,,,1,39.5,2-4 yr,2,109500.0,0.928,4,2,Medium,83.7,21.2,0.0,Remote,27.9
1485,Jack Guerrero,9,3,10,1746,Male,Group E,45-54,2026-04-29,,,1,2.0,<1 yr,0,79300.0,0.9481,3,3,High,52.5,9.3,0.5,Hybrid,2.0
1486,Eric Smith,7,7,11,2768,Male,Group A,35-44,2020-04-03,,,1,74.9,6+ yr,4,64700.0,0.9905,3,2,Medium,53.7,10.6,17.8,Hybrid,23.5
1487,Jesse Howell,5,1,1,508,Female,Group B,25-34,2025-12-14,2026-02-25,Voluntary,0,2.4,<1 yr,0,57000.0,1.0962,2,1,Low,80.2,5.5,0.0,Remote,3.6
1488,Stephen Mccarthy,8,3,9,2405,Female,Group B,35-44,2026-03-17,2026-06-23,Involuntary,0,3.2,<1 yr,0,94100.0,0.9725,2,2,Medium,63.2,11.7,9.5,Hybrid,3.4
1489,Kim Fox,11,3,12,1618,Male,Group E,35-44,2024-10-06,,,1,20.8,1-2 yr,1,23400.0,0.984,3,1,Low,71.4,5.0,40.8,Onsite,13.1
1490,Sarah Smith,8,3,11,2405,Male,Group C,55+,2025-06-02,,,1,12.9,1-2 yr,1,39900.0,1.0578,3,2,Medium,89.8,12.3,28.5,Onsite,12.9
1491,Melissa Lee,6,5,3,538,Male,Group D,35-44,2023-03-06,,,1,39.8,2-4 yr,2,98800.0,0.9511,2,3,High,66.8,6.8,22.6,Hybrid,34.1
1492,Mark King,10,3,12,153,Female,Group C,25-34,2025-05-21,,,1,13.3,1-2 yr,1,24300.0,1.0219,3,2,Medium,86.7,10.0,24.0,Onsite,7.5
1493,Lisa Chen,11,2,10,1123,Female,Group B,25-34,2024-06-20,,,1,24.3,2-4 yr,2,76700.0,1.1393,5,3,High,82.0,4.4,0.0,Remote,14.5
1494,Derek Moore,4,2,11,2750,Male,Group B,25-34,2024-10-29,,,1,20.0,1-2 yr,1,27700.0,0.9124,4,3,High,66.2,10.6,0.0,Remote,20.0
1495,Michael Woods,12,2,9,240,Male,Group B,45-54,2023-08-12,,,1,34.6,2-4 yr,2,74800.0,0.9605,2,1,Low,64.1,4.9,16.3,Onsite,1.1
1496,Lawrence Rodriguez,9,6,11,1746,Female,Group A,25-34,2022-02-01,,,1,52.9,4-6 yr,3,56500.0,1.0409,2,2,Medium,84.8,14.1,0.0,Remote,18.7
1497,Ryan Evans,9,6,4,1,Female,Group C,35-44,2025-10-26,,,1,8.1,<1 yr,0,120600.0,1.1109,3,3,High,87.7,5.8,8.4,Hybrid,1.9
1498,Jeffrey Schultz,6,4,9,1650,Male,Group E,25-34,2024-02-12,2024-07-24,Involuntary,0,5.4,<1 yr,0,103600.0,1.0707,3,3,High,49.7,7.0,0.0,Remote,9.0
1499,Debra Shannon,2,8,12,1686,Female,Group A,35-44,2019-03-19,,,1,87.4,6+ yr,4,46900.0,0.9403,4,3,High,69.0,3.2,24.9,Hybrid,37.2
1500,Jeffrey Diaz,11,8,2,2782,Female,Group C,25-34,2022-11-13,,,1,43.5,2-4 yr,2,149700.0,0.9259,4,3,High,75.2,11.9,20.1,Onsite,10.6
1501,Mike Pierce,4,2,2,1692,Male,Group B,35-44,2023-06-08,,,1,36.7,2-4 yr,2,59500.0,0.9591,4,1,Low,61.2,14.7,7.0,Hybrid,12.8
1502,Shawna Davis,7,3,6,1163,Male,Group A,25-34,2022-07-11,2023-09-26,Voluntary,0,14.5,1-2 yr,1,125000.0,1.0735,1,1,Low,81.7,7.3,7.1,Onsite,37.2
1503,Seth Hall,1,6,10,589,Male,Group E,25-34,2023-07-19,,,1,35.4,2-4 yr,2,122300.0,1.0161,4,2,Medium,56.2,2.6,8.1,Hybrid,11.0
1504,Ryan Alvarez,8,2,7,2624,Female,Group D,25-34,2025-02-01,,,1,16.9,1-2 yr,1,78300.0,0.9567,3,2,Medium,54.5,3.8,0.0,Remote,16.9
1505,Amber Martinez,9,1,14,954,Male,Group D,25-34,2026-01-16,,,1,5.4,<1 yr,0,57200.0,1.134,3,1,Low,66.4,2.0,14.8,Onsite,5.4
1506,Andrew Goodwin,4,7,8,841,Female,Group A,35-44,2023-10-07,,,1,32.8,2-4 yr,2,56700.0,0.9739,5,3,High,65.2,11.5,10.8,Onsite,31.3
1507,Andrew Jones,7,4,9,1486,Female,Group B,35-44,2025-11-18,,,1,7.4,<1 yr,0,105000.0,1.0852,2,2,Medium,76.9,6.1,9.2,Hybrid,5.2
1508,Brianna Perez,6,6,1,166,Male,Group D,25-34,2023-09-18,2024-04-03,Involuntary,0,6.5,<1 yr,0,127800.0,1.0831,3,2,Medium,80.1,3.1,6.1,Hybrid,7.5
1509,Aaron Walker,5,3,10,2063,Female,Group A,25-34,2023-03-29,,,1,39.1,2-4 yr,2,72500.0,0.8668,4,3,High,83.2,7.8,22.1,Onsite,5.2
1510,Peter Schaefer,12,7,12,2684,Female,Group A,35-44,2024-12-17,2025-03-16,Voluntary,0,2.9,<1 yr,0,38100.0,0.9252,3,3,High,83.9,2.8,7.8,Hybrid,18.4
1511,Patricia Ramirez,12,1,13,1510,Female,Group D,35-44,2026-05-06,2026-06-08,Voluntary,0,1.1,<1 yr,0,14200.0,1.0114,3,2,Medium,63.0,9.3,7.5,Onsite,1.8
1512,Kaitlin Weaver,3,5,11,279,Male,Group A,25-34,2024-01-30,,,1,29.0,2-4 yr,2,43600.0,0.9672,3,2,Medium,49.8,6.8,0.0,Remote,29.0
1513,Dr. Brooke Taylor,3,3,7,2712,Female,Group B,35-44,2025-02-14,,,1,16.5,1-2 yr,1,99400.0,0.9776,2,1,Low,100.0,5.2,8.3,Hybrid,11.2
1514,David Evans,1,8,2,2692,Male,Group C,25-34,2025-01-19,2026-02-17,Voluntary,0,12.9,1-2 yr,1,188100.0,1.1634,4,3,High,79.9,7.8,17.0,Hybrid,17.3
1515,Anna Weber,12,3,1,2729,Male,Group D,35-44,2026-03-26,,,1,3.2,<1 yr,0,84600.0,1.0317,3,2,Medium,65.9,6.2,13.5,Onsite,3.2
1516,Kiara Miller,6,1,6,166,Male,Group A,35-44,2024-11-18,,,1,19.3,1-2 yr,1,69900.0,0.9466,4,3,High,75.6,13.0,13.3,Onsite,10.0
1517,Terrence Huerta,8,5,14,1807,Male,Group A,55+,2025-07-12,,,1,11.6,<1 yr,0,94000.0,0.9888,3,2,Medium,58.5,2.9,7.5,Hybrid,4.5
1518,William Horton,11,2,12,1836,Male,Group A,25-34,2025-09-17,,,1,9.4,<1 yr,0,17400.0,0.9091,5,2,Medium,80.7,5.0,3.3,Onsite,9.4
1519,Shannon Rodriguez,11,3,5,440,Female,Group C,25-34,2026-02-09,,,1,4.6,<1 yr,0,68200.0,0.8487,2,1,Low,85.9,4.5,0.0,Remote,4.6
1520,Joel Hernandez,9,2,11,1746,Male,Group A,25-34,2026-03-07,,,1,3.8,<1 yr,0,31900.0,1.0507,2,2,Medium,76.5,17.4,3.0,Hybrid,3.8
1521,Anne Brown,11,3,11,2593,Female,Group B,25-34,2023-04-20,,,1,38.3,2-4 yr,2,36300.0,0.9624,2,3,High,54.1,1.3,8.7,Hybrid,9.0
1522,Mary Brown,6,4,3,2751,Male,Group C,35-44,2025-04-23,,,1,14.2,1-2 yr,1,80300.0,0.9238,4,3,High,73.2,2.9,0.0,Remote,7.8
1523,Kayla Gonzalez,8,4,5,15,Female,Group E,25-34,2024-11-15,2026-01-08,Involuntary,0,13.8,1-2 yr,1,73000.0,0.9084,3,1,Low,69.2,7.3,0.0,Remote,7.4
1524,Paula Buck,8,4,11,2095,Female,Group C,25-34,2022-05-08,,,1,49.7,4-6 yr,3,34200.0,0.9067,3,3,High,79.4,6.2,22.2,Hybrid,11.0
1525,Alexander Yoder,10,3,8,470,Male,Group A,35-44,2025-08-18,,,1,10.4,<1 yr,0,31000.0,0.9221,3,1,Low,73.5,4.4,4.2,Hybrid,10.4
1526,Ryan Sandoval,2,2,13,392,Male,Group A,35-44,2024-12-14,,,1,18.5,1-2 yr,1,19300.0,1.0831,2,2,Medium,70.3,3.1,4.5,Hybrid,9.3
1527,John Stephenson,2,5,13,798,Male,Group D,25-34,2024-10-30,,,1,20.0,1-2 yr,1,27300.0,1.0317,3,2,Medium,79.0,7.9,6.8,Hybrid,11.0
1528,Jose Knapp,9,1,5,1996,Male,Group A,45-54,2024-09-01,2026-03-28,Voluntary,0,18.8,1-2 yr,1,52000.0,1.0204,4,2,Medium,67.6,0.6,0.0,Remote,8.4
1529,Jeffrey Waters,5,1,13,599,Female,Group E,25-34,2025-11-10,,,1,7.6,<1 yr,0,12400.0,0.8832,4,3,High,100.0,6.8,8.4,Hybrid,7.6
1530,Joshua Baker,9,4,1,2134,Female,Group A,25-34,2025-07-19,2026-02-11,Voluntary,0,6.8,<1 yr,0,75500.0,0.9207,2,2,Medium,65.5,7.4,0.0,Remote,11.4
1531,David Williams,7,1,3,553,Male,Group C,<25,2025-12-26,,,1,6.1,<1 yr,0,51400.0,0.9325,3,2,Medium,47.4,2.7,2.9,Hybrid,6.1
1532,Ronald Smith,4,2,12,1260,Male,Group D,35-44,2024-05-14,,,1,25.5,2-4 yr,2,18000.0,0.9404,3,2,Medium,68.4,5.1,31.9,Onsite,7.7
1533,Ashley Baker MD,4,3,13,419,Male,Group E,45-54,2023-11-28,,,1,31.0,2-4 yr,2,20900.0,0.944,3,3,High,64.8,6.1,13.1,Onsite,10.0
1534,Evelyn Sanchez,7,2,5,2060,Female,Group C,45-54,2023-10-06,,,1,32.8,2-4 yr,2,55500.0,0.8581,4,2,Medium,77.0,1.4,0.0,Remote,8.4
1535,Erin Willis,11,1,2,1551,Male,Group C,25-34,2026-05-31,2026-06-17,Involuntary,0,0.6,<1 yr,0,48600.0,0.9943,3,3,High,49.9,10.0,25.9,Onsite,1.0
1536,Mike Becker,9,2,12,954,Female,Group D,25-34,2023-11-06,,,1,31.8,2-4 yr,2,17300.0,0.9039,2,2,Medium,77.2,5.7,4.0,Hybrid,9.5
1537,Robert Ramsey,1,1,1,107,Female,Group E,25-34,2024-06-14,,,1,24.5,2-4 yr,2,44000.0,0.8462,3,1,Low,55.7,13.0,6.8,Hybrid,22.9
1538,Jennifer Hall,6,5,11,1650,Male,Group C,25-34,2026-05-31,,,1,1.0,<1 yr,0,46500.0,1.0315,4,3,High,79.5,1.9,11.9,Hybrid,1.0
1539,Brian Gonzalez,12,6,8,1639,Male,Group A,35-44,2023-02-12,,,1,40.5,2-4 yr,2,50000.0,1.0335,4,3,High,85.5,4.9,0.0,Remote,40.5
1540,Brittany Smith,3,3,12,550,Female,Group A,45-54,2022-07-25,,,1,47.2,2-4 yr,2,21000.0,0.8831,4,3,High,71.1,12.9,2.2,Hybrid,17.8
1541,Elizabeth Perez,2,4,10,443,Non-binary,Group E,35-44,2024-09-10,,,1,21.6,1-2 yr,1,93000.0,1.1119,3,2,Medium,70.7,0.6,11.4,Hybrid,15.2
1542,Christopher Garza,6,1,11,886,Male,Group A,35-44,2025-03-31,,,1,15.0,1-2 yr,1,24800.0,1.0368,4,3,High,74.5,2.6,11.4,Onsite,6.6
1543,Mr. Joshua Brown,2,2,3,439,Male,Group A,45-54,2025-05-13,,,1,13.6,1-2 yr,1,67700.0,0.9677,2,1,Low,67.8,4.9,4.6,Hybrid,12.5
1544,Ryan Davis,5,5,4,1091,Female,Group E,55+,2026-02-22,2026-03-26,Voluntary,0,1.1,<1 yr,0,90100.0,0.9993,2,1,Low,29.8,3.5,2.5,Hybrid,4.2
1545,Richard Hammond,8,6,3,2624,Male,Group B,35-44,2020-10-16,,,1,68.4,4-6 yr,3,138400.0,1.1065,4,3,High,97.1,3.7,10.3,Hybrid,14.5
1546,Todd Aguilar,7,1,13,1933,Female,Group A,55+,2024-08-25,,,1,22.1,1-2 yr,1,14500.0,1.0328,4,3,High,59.2,1.5,0.0,Remote,10.1
1547,Kimberly Horne,7,2,6,1904,Male,Group C,35-44,2025-08-23,,,1,10.2,<1 yr,0,96100.0,1.0254,2,3,High,58.8,4.5,3.6,Onsite,10.2
1548,Kristina Mcknight,4,2,4,607,Female,Group C,35-44,2026-03-11,2026-05-05,Voluntary,0,1.8,<1 yr,0,62700.0,1.0326,3,3,High,62.6,7.2,25.0,Onsite,3.6
1549,Monica Hernandez,12,7,4,1337,Female,Group D,25-34,2022-07-03,,,1,47.9,2-4 yr,2,113900.0,0.8719,5,3,High,80.2,11.7,0.0,Remote,7.0
1550,David Donovan,11,3,12,1836,Female,Group A,25-34,2025-04-17,,,1,14.4,1-2 yr,1,27400.0,1.1522,4,2,Medium,58.9,9.2,15.5,Onsite,7.2
1551,David Harper,11,7,3,2344,Female,Group B,45-54,2025-05-14,,,1,13.5,1-2 yr,1,146700.0,0.9746,4,2,Medium,63.9,1.5,15.8,Hybrid,1.4
1552,Robert Grant,10,2,12,378,Female,Group D,35-44,2023-08-11,,,1,34.6,2-4 yr,2,18000.0,0.9404,3,2,Medium,74.0,8.0,33.0,Onsite,26.2
1553,Jeffery Romero,11,8,1,2782,Non-binary,Group E,35-44,2025-07-18,,,1,11.4,<1 yr,0,187400.0,1.0895,4,2,Medium,100.0,1.3,8.2,Onsite,4.0
1554,Tyler Taylor,1,1,3,204,Non-binary,Group E,25-34,2025-06-05,,,1,12.8,1-2 yr,1,49800.0,0.9035,2,2,Medium,90.3,5.9,13.4,Hybrid,12.8
1555,Gary Griffin,10,3,10,470,Male,Group A,35-44,2025-02-06,,,1,16.7,1-2 yr,1,87500.0,1.0462,3,2,Medium,68.5,6.3,5.0,Hybrid,11.0
1556,Matthew Hernandez,1,3,8,284,Male,Group B,25-34,2024-04-23,2026-04-15,Voluntary,0,23.7,1-2 yr,1,30100.0,0.8953,2,2,Medium,83.7,2.0,37.1,Onsite,26.2
1557,Robert Molina,7,2,3,1391,Male,Group C,55+,2024-01-28,,,1,29.0,2-4 yr,2,73200.0,1.0463,4,2,Medium,52.6,9.8,5.0,Hybrid,3.4
1558,Sheri Munoz,9,1,9,1746,Male,Group A,45-54,2024-08-13,,,1,22.5,1-2 yr,1,67700.0,1.1033,4,3,High,43.8,5.3,5.6,Hybrid,22.5
1559,John Thomas,8,6,12,1750,Male,Group A,25-34,2023-04-28,,,1,38.1,2-4 yr,2,32600.0,0.9527,5,2,Medium,88.6,4.3,6.7,Hybrid,12.6
1560,Jesse Colon,12,1,11,1777,Male,Group D,45-54,2025-12-11,,,1,6.6,<1 yr,0,22900.0,0.9574,3,3,High,55.7,5.0,0.0,Remote,6.6
1561,Christine Calderon,11,4,3,1081,Female,Group C,25-34,2023-03-21,,,1,39.3,2-4 yr,2,73800.0,0.8491,2,3,High,60.7,9.7,8.7,Onsite,13.8
1562,Martin Alvarez,3,3,4,1338,Male,Group A,35-44,2022-09-09,2025-11-04,Involuntary,0,37.8,2-4 yr,2,82800.0,1.0976,3,3,High,58.4,5.6,9.4,Hybrid,15.7
1563,Megan Johnson,3,3,9,2308,Male,Group A,35-44,2024-09-02,,,1,21.9,1-2 yr,1,93700.0,0.9684,3,2,Medium,59.6,7.8,0.0,Remote,16.9
1564,Brett Richardson,5,5,5,508,Female,Group B,45-54,2023-07-08,,,1,35.7,2-4 yr,2,96900.0,1.009,3,3,High,76.4,7.4,0.0,Remote,3.2
1565,Maria Levy,9,1,6,2134,Male,Group B,25-34,2026-02-21,,,1,4.2,<1 yr,0,79900.0,1.0821,4,3,High,54.1,10.2,0.0,Remote,4.2
1566,Amanda Martin,9,2,2,1996,Female,Group C,25-34,2026-06-06,,,1,0.8,<1 yr,0,56100.0,0.9043,4,2,Medium,73.8,12.6,0.0,Remote,0.8
1567,Lisa Estes,3,6,10,279,Female,Group B,45-54,2022-03-22,,,1,51.3,4-6 yr,3,111000.0,0.9222,3,3,High,44.9,18.8,7.5,Onsite,10.5
1568,Lori Adams,3,1,11,279,Female,Group E,45-54,2024-12-20,,,1,18.3,1-2 yr,1,23900.0,0.9992,4,3,High,55.8,10.1,14.3,Hybrid,13.3
1569,Sydney Martin,11,7,12,699,Female,Group A,25-34,2026-05-07,,,1,1.8,<1 yr,0,42400.0,1.0296,2,2,Medium,63.2,16.0,5.5,Onsite,1.8
1570,Gary Snow,10,3,8,747,Female,Group A,45-54,2024-08-26,,,1,22.1,1-2 yr,1,32800.0,0.9756,2,2,Medium,59.1,4.9,0.0,Remote,5.3
1571,Christine Osborne,11,2,7,928,Male,Group D,25-34,2025-09-07,,,1,9.7,<1 yr,0,77800.0,0.9506,2,2,Medium,75.4,18.3,0.0,Remote,9.7
1572,Ashley Jordan,4,2,8,1506,Male,Group A,55+,2024-09-04,,,1,21.8,1-2 yr,1,28900.0,1.068,4,2,Medium,59.4,5.7,14.7,Hybrid,12.7
1573,Christopher Morris,3,4,12,550,Female,Group A,45-54,2025-10-18,,,1,8.4,<1 yr,0,23700.0,0.9966,4,3,High,69.9,18.6,20.8,Onsite,1.3
1574,Angela Martin,5,3,12,1194,Male,Group C,35-44,2022-10-30,,,1,44.0,2-4 yr,2,25000.0,1.0513,4,2,Medium,71.1,13.5,5.3,Onsite,8.9
1575,Rachel Reilly,9,1,3,1482,Female,Group A,35-44,2026-01-25,,,1,5.1,<1 yr,0,50700.0,0.9198,4,3,High,69.0,4.0,0.0,Remote,4.6
1576,Christina Haley,6,2,11,2158,Female,Group A,35-44,2026-04-18,,,1,2.4,<1 yr,0,32200.0,1.0606,2,2,Medium,47.2,4.4,20.3,Hybrid,2.4
1577,Brenda Gutierrez,9,4,8,661,Female,Group D,<25,2023-10-09,2024-08-26,Voluntary,0,10.6,<1 yr,0,33400.0,0.9935,3,2,Medium,71.8,15.8,0.0,Remote,17.0
1578,Sandra Bailey,6,6,5,538,Male,Group B,55+,2020-11-26,,,1,67.1,4-6 yr,3,125800.0,1.0879,3,2,Medium,71.5,2.9,0.0,Remote,5.6
1579,Adrian Scott,12,4,3,749,Female,Group E,45-54,2023-03-23,,,1,39.3,2-4 yr,2,92100.0,1.0596,3,2,Medium,69.4,5.5,11.7,Onsite,5.7
1580,Daniel Mclaughlin,1,1,4,284,Female,Group A,25-34,2025-03-08,2026-02-26,Voluntary,0,11.7,<1 yr,0,41700.0,0.8717,5,3,High,74.5,5.6,12.2,Onsite,2.6
1581,Michael Bowman,9,1,9,1746,Female,Group C,35-44,2024-09-11,,,1,21.6,1-2 yr,1,59000.0,0.9615,3,2,Medium,85.1,1.1,9.5,Hybrid,10.0
1582,Melissa Morris,9,2,3,1996,Female,Group E,25-34,2026-01-15,,,1,5.5,<1 yr,0,79200.0,1.1321,3,3,High,66.5,23.4,7.8,Onsite,5.5
1583,Judith Donovan,6,5,10,886,Male,Group A,35-44,2022-10-25,,,1,44.2,2-4 yr,2,99200.0,0.9924,3,1,Low,95.3,6.2,14.9,Onsite,44.2
1584,Thomas Cross,7,2,9,1486,Non-binary,Group C,35-44,2024-08-26,,,1,22.1,1-2 yr,1,75500.0,0.9694,4,3,High,87.7,5.3,9.7,Onsite,6.0
1585,Janice Fernandez,9,5,3,2134,Female,Group C,<25,2022-06-01,2026-03-26,Voluntary,0,45.8,2-4 yr,2,103800.0,0.9992,3,3,High,62.4,3.5,5.0,Hybrid,21.5
1586,Angela Smith,7,8,1,791,Male,Group A,35-44,2020-03-17,,,1,75.4,6+ yr,4,169600.0,0.986,3,1,Low,75.6,9.4,0.0,Remote,7.3
1587,Andres Patel,10,1,3,2708,Female,Group A,25-34,2025-10-18,,,1,8.4,<1 yr,0,53700.0,0.9742,4,3,High,66.6,10.5,25.7,Hybrid,0.9
1588,Harold Robles,12,1,9,1363,Female,Group A,25-34,2025-09-23,,,1,9.2,<1 yr,0,55000.0,0.8963,4,3,High,85.7,9.9,0.0,Remote,9.2
1589,Hannah York,4,1,4,1818,Male,Group A,25-34,2026-05-02,,,1,1.9,<1 yr,0,49400.0,1.0326,4,3,High,79.2,6.4,13.7,Onsite,1.9
1590,Miguel Thompson,12,1,3,2729,Female,Group D,25-34,2026-05-11,,,1,1.6,<1 yr,0,57400.0,1.0414,3,3,High,56.4,7.7,6.5,Hybrid,1.6
1591,Tiffany Hill,10,3,5,399,Male,Group C,45-54,2026-03-23,,,1,3.3,<1 yr,0,80800.0,1.0055,4,3,High,88.3,4.5,0.0,Remote,3.3
1592,Maria Vega,7,6,14,1314,Female,Group B,25-34,2021-10-04,,,1,56.8,4-6 yr,3,105400.0,0.9208,4,2,Medium,100.0,5.4,4.8,Hybrid,4.0
1593,Michael West,1,4,2,284,Female,Group E,25-34,2024-10-26,2025-08-26,Voluntary,0,10.0,<1 yr,0,73300.0,0.951,4,3,High,59.8,15.4,25.8,Onsite,20.1
1594,Rachel Gonzalez,5,3,1,2305,Male,Group E,25-34,2022-06-12,,,1,48.6,4-6 yr,3,80800.0,0.9854,3,3,High,56.6,0.4,9.9,Hybrid,11.6
1595,Jonathon Le,4,1,12,115,Male,Group C,<25,2026-06-05,2026-06-24,Voluntary,0,0.6,<1 yr,0,16300.0,1.0809,2,2,Medium,51.7,12.2,2.3,Hybrid,0.8
1596,Brian Larsen,4,5,9,2750,Male,Group D,35-44,2021-06-17,,,1,60.4,4-6 yr,3,129900.0,1.1233,3,1,Low,85.7,20.2,34.1,Onsite,12.0
1597,Laura Herman,6,2,6,137,Male,Group A,45-54,2025-01-23,,,1,17.2,1-2 yr,1,95000.0,1.0137,3,2,Medium,79.3,3.5,17.6,Onsite,17.2
1598,Nathan Coleman,2,1,13,392,Female,Group C,25-34,2024-09-06,,,1,21.7,1-2 yr,1,13100.0,0.933,4,3,High,76.4,7.9,0.0,Remote,4.4
1599,Donna Anderson,10,1,13,1821,Male,Group B,25-34,2026-03-07,,,1,3.8,<1 yr,0,15700.0,1.1182,4,3,High,53.4,7.2,4.0,Onsite,3.8
1600,Kimberly Bush,9,1,1,1638,Male,Group A,35-44,2024-12-05,,,1,18.8,1-2 yr,1,49000.0,0.9423,3,1,Low,60.0,4.2,16.4,Onsite,15.1
1601,Patricia Evans,10,3,12,1655,Female,Group A,25-34,2025-01-06,2026-04-01,Voluntary,0,14.8,1-2 yr,1,21300.0,0.8957,2,3,High,100.0,5.9,4.1,Onsite,17.7
1602,Austin Cook,2,4,12,14,Female,Group B,25-34,2023-05-06,,,1,37.8,2-4 yr,2,24100.0,1.0135,3,1,Low,98.0,1.7,5.5,Hybrid,9.7
1603,Brenda Turner,11,7,13,2147,Female,Group D,35-44,2022-05-17,,,1,49.4,4-6 yr,3,32700.0,0.8529,4,2,Medium,65.1,10.0,7.2,Hybrid,24.0
1604,Raymond Chavez,3,1,9,2308,Male,Group C,35-44,2026-06-01,,,1,1.0,<1 yr,0,55700.0,0.9078,3,2,Medium,79.9,1.3,8.8,Hybrid,1.0
1605,Jill Yang,10,7,2,2798,Female,Group B,55+,2025-09-13,,,1,9.5,<1 yr,0,143300.0,1.0736,3,2,Medium,57.1,2.8,0.0,Remote,9.5
1606,Jessica Perez,8,1,5,2624,Female,Group B,35-44,2024-07-15,,,1,23.5,1-2 yr,1,52400.0,1.0283,3,3,High,55.4,6.4,0.0,Remote,14.7
1607,Stacey Phillips MD,8,5,7,201,Male,Group A,35-44,2023-05-04,,,1,37.9,2-4 yr,2,111800.0,0.92,2,3,High,60.9,2.0,0.0,Remote,12.0
1608,Shannon Logan,5,1,10,2063,Female,Group A,25-34,2025-03-26,,,1,15.1,1-2 yr,1,57900.0,1.0916,5,3,High,47.7,14.3,17.4,Hybrid,15.1
1609,Darrell Williamson,2,3,13,14,Female,Group C,45-54,2022-05-24,,,1,49.2,4-6 yr,3,22500.0,1.0163,5,3,High,63.7,6.3,2.9,Hybrid,21.8
1610,Daniel Giles,3,6,12,1112,Male,Group B,55+,2023-10-05,,,1,32.8,2-4 yr,2,35300.0,1.0316,4,3,High,59.9,0.6,6.4,Hybrid,32.8
1611,Rachel Johns,3,2,3,2607,Female,Group B,25-34,2025-02-22,,,1,16.2,1-2 yr,1,67000.0,0.9577,3,3,High,36.9,3.8,0.0,Remote,1.5
1612,Brittany Johnson,6,6,2,2778,Female,Group B,55+,2020-06-21,,,1,72.3,6+ yr,4,113800.0,1.026,4,2,Medium,79.6,9.5,4.6,Onsite,32.9
1613,Jim Gomez,8,1,1,2546,Male,Group B,45-54,2024-08-11,,,1,22.6,1-2 yr,1,54700.0,1.0519,2,2,Medium,78.3,4.4,24.9,Onsite,9.6
1614,Ronald Johnson,3,5,3,1338,Female,Group B,45-54,2026-02-06,,,1,4.7,<1 yr,0,103200.0,0.9935,4,2,Medium,80.6,7.6,0.0,Remote,4.1
1615,Jason Frederick,3,2,11,2308,Female,Group B,35-44,2024-10-30,,,1,20.0,1-2 yr,1,27400.0,0.9025,3,2,Medium,72.2,9.5,6.2,Onsite,8.4
1616,Kathryn Rodgers,7,2,3,1163,Male,Group A,35-44,2024-08-25,2025-11-28,Voluntary,0,15.1,1-2 yr,1,66500.0,0.9505,3,3,High,69.8,15.8,0.0,Remote,12.6
1617,Mr. Sean Lopez MD,12,6,4,2729,Male,Group B,35-44,2022-06-12,,,1,48.6,4-6 yr,3,104700.0,0.9644,4,3,High,82.0,8.7,10.6,Onsite,7.8
1618,Michael Haynes,11,7,12,2489,Female,Group A,35-44,2025-05-02,,,1,13.9,1-2 yr,1,35700.0,0.8669,3,1,Low,69.6,3.4,3.8,Hybrid,13.9
1619,Richard Wyatt,8,3,4,656,Male,Group A,25-34,2023-09-20,,,1,33.3,2-4 yr,2,83000.0,1.1002,4,3,High,81.1,4.0,2.1,Onsite,14.1
1620,Bob Robles,6,4,1,166,Female,Group D,<25,2022-12-17,,,1,42.4,2-4 yr,2,80900.0,0.9866,2,2,Medium,62.3,3.0,16.2,Hybrid,17.5
1621,John Randolph,4,1,12,488,Male,Group D,35-44,2025-11-12,,,1,7.6,<1 yr,0,15500.0,1.0279,3,3,High,69.4,1.8,19.7,Hybrid,7.6
1622,Thomas Miller,9,4,13,981,Female,Group A,25-34,2025-06-17,,,1,12.4,1-2 yr,1,21500.0,0.9711,4,2,Medium,82.2,23.2,7.6,Onsite,8.2
1623,Christopher Harris,3,2,3,282,Male,Group E,25-34,2024-09-30,,,1,21.0,1-2 yr,1,68300.0,0.9763,4,3,High,69.1,2.9,7.2,Onsite,15.5
1624,Vanessa Conley,2,2,12,1803,Female,Group D,45-54,2026-06-01,,,1,1.0,<1 yr,0,18800.0,0.9822,4,2,Medium,74.6,12.1,11.0,Hybrid,1.0
1625,Paul Mcgee,11,5,7,1081,Male,Group D,35-44,2023-05-28,,,1,37.1,2-4 yr,2,118900.0,0.9784,2,2,Medium,92.2,7.8,0.0,Remote,36.1
1626,Kaitlyn Crosby,5,2,2,385,Female,Group C,45-54,2025-03-04,2026-02-03,Voluntary,0,11.0,<1 yr,0,59700.0,0.9623,3,2,Medium,79.3,2.5,25.8,Hybrid,15.9
1627,Thomas Rowe,6,5,3,713,Male,Group D,35-44,2025-09-19,,,1,9.3,<1 yr,0,109200.0,1.0512,3,2,Medium,95.3,8.1,16.1,Onsite,9.3
1628,Christina Anderson,11,1,10,1123,Female,Group E,25-34,2024-11-16,,,1,19.4,1-2 yr,1,49900.0,0.9408,5,3,High,75.0,7.5,0.0,Remote,19.2
1629,Jessica Harrington,5,2,3,508,Male,Group A,45-54,2024-05-03,,,1,25.9,2-4 yr,2,72800.0,1.0406,4,3,High,72.6,7.2,8.4,Hybrid,12.8
1630,Brandon Barber,5,4,2,1091,Female,Group B,35-44,2024-10-24,,,1,20.2,1-2 yr,1,75700.0,0.9821,3,2,Medium,72.5,1.0,15.6,Onsite,8.8
1631,Edward Harris,5,3,11,2374,Male,Group A,35-44,2025-01-23,,,1,17.2,1-2 yr,1,35300.0,0.9358,3,2,Medium,82.4,13.6,18.6,Hybrid,17.2
1632,Renee Castro,11,4,3,157,Male,Group A,35-44,2025-09-01,,,1,9.9,<1 yr,0,78400.0,0.902,3,3,High,74.2,4.8,11.6,Hybrid,9.9
1633,Kathryn Herrera,9,4,8,2325,Female,Group B,45-54,2023-04-04,,,1,38.9,2-4 yr,2,33900.0,1.0083,4,3,High,73.7,3.4,4.4,Onsite,12.3
1634,Brent Hensley,3,3,13,1893,Male,Group A,25-34,2025-08-26,,,1,10.1,<1 yr,0,20300.0,0.9169,4,2,Medium,71.4,5.0,7.2,Onsite,10.1
1635,Natalie Barrera,6,2,13,1285,Female,Group C,35-44,2024-12-27,,,1,18.1,1-2 yr,1,18100.0,1.0157,3,2,Medium,84.1,2.3,0.0,Remote,13.7
1636,Sarah Bowen,2,6,1,439,Female,Group A,25-34,2021-10-14,,,1,56.5,4-6 yr,3,119300.0,1.011,4,2,Medium,60.2,7.5,0.0,Remote,21.9
1637,Rebecca Moore,2,2,12,798,Female,Group A,45-54,2024-09-28,,,1,21.0,1-2 yr,1,19000.0,0.9927,3,3,High,41.2,8.4,4.5,Onsite,21.0
1638,Tony Newton,9,7,1,108,Male,Group A,25-34,2022-11-14,2025-05-27,Voluntary,0,30.4,2-4 yr,2,127900.0,0.9007,4,1,Low,73.2,9.0,6.8,Hybrid,3.1
1639,George Stanley,12,7,8,2227,Male,Group E,45-54,2019-11-24,,,1,79.2,6+ yr,4,63600.0,1.0924,3,2,Medium,73.1,0.8,15.5,Onsite,2.8
1640,Adam Stuart,3,4,11,2308,Female,Group B,35-44,2025-06-27,,,1,12.1,1-2 yr,1,39100.0,1.0366,5,2,Medium,78.0,11.8,5.9,Hybrid,11.3
1641,Thomas Davis,7,3,2,2060,Male,Group A,25-34,2025-12-19,,,1,6.3,<1 yr,0,78200.0,1.0145,4,3,High,46.8,10.1,4.8,Hybrid,6.3
1642,Julia Cowan,2,9,6,,Male,Group B,25-34,2026-03-19,2026-04-06,Voluntary,0,0.6,<1 yr,0,280600.0,0.941,3,1,Low,48.8,7.3,0.6,Hybrid,3.4
1643,Bradley Richmond,8,5,11,2221,Male,Group B,25-34,2021-08-07,,,1,58.7,4-6 yr,3,44900.0,0.996,5,2,Medium,84.2,6.8,5.2,Hybrid,13.9
1644,John Lowe,9,3,10,1746,Male,Group A,<25,2025-09-22,,,1,9.2,<1 yr,0,83300.0,0.9959,3,2,Medium,86.8,3.5,14.8,Hybrid,7.6
1645,Robert Wheeler,6,1,8,713,Female,Group D,35-44,2025-08-12,,,1,10.6,<1 yr,0,22100.0,1.0366,3,3,High,64.4,4.2,4.1,Hybrid,10.6
1646,Kevin Mendoza,12,2,7,1483,Female,Group A,45-54,2025-01-28,,,1,17.0,1-2 yr,1,78500.0,0.9592,3,3,High,55.1,6.1,0.0,Remote,17.0
1647,Justin Munoz,5,2,13,387,Female,Group E,35-44,2025-07-02,2025-11-25,Voluntary,0,4.8,<1 yr,0,15300.0,0.8586,3,3,High,67.0,6.9,26.0,Onsite,7.0
1648,Craig Jones,1,5,3,204,Male,Group D,35-44,2024-04-23,,,1,26.2,2-4 yr,2,111400.0,1.0724,3,3,High,66.8,8.6,0.8,Onsite,9.9
1649,Henry Shields,4,2,12,1948,Male,Group B,25-34,2023-06-15,2025-08-12,Voluntary,0,25.9,2-4 yr,2,19000.0,0.9927,4,3,High,47.2,15.8,24.4,Onsite,15.6
1650,Mary Braun,6,7,10,305,Female,Group B,25-34,2022-03-03,,,1,51.9,4-6 yr,3,118100.0,0.8154,2,2,Medium,49.6,5.1,17.0,Hybrid,3.8
1651,Michelle Taylor,4,2,2,2606,Female,Group B,25-34,2026-04-03,,,1,2.9,<1 yr,0,61600.0,0.9929,3,3,High,86.5,10.3,8.5,Hybrid,2.9
1652,Garrett Becker,11,3,6,2714,Non-binary,Group B,<25,2025-01-19,,,1,17.3,1-2 yr,1,98900.0,0.8494,3,2,Medium,57.8,6.5,15.7,Onsite,17.3
1653,Brian Smith,11,7,12,2147,Female,Group A,<25,2023-08-07,,,1,34.8,2-4 yr,2,37500.0,0.9106,4,3,High,49.7,1.2,20.1,Onsite,20.5
1654,Robert Murphy,6,3,12,2695,Female,Group A,25-34,2023-07-10,,,1,35.7,2-4 yr,2,24400.0,1.0261,3,2,Medium,54.7,23.5,17.7,Onsite,9.0
1655,Alicia Hernandez,10,7,12,2004,Female,Group B,35-44,2026-03-21,,,1,3.3,<1 yr,0,42700.0,1.0369,5,3,High,82.6,28.6,5.5,Hybrid,3.3
1656,Robert Reyes,4,2,13,488,Male,Group A,25-34,2025-10-11,,,1,8.6,<1 yr,0,17900.0,1.0045,3,3,High,78.5,10.8,0.0,Remote,6.7
1657,Christopher Dean,2,2,12,392,Female,Group A,55+,2026-02-10,2026-05-18,Voluntary,0,3.2,<1 yr,0,16500.0,0.8621,4,3,High,77.5,0.9,0.4,Onsite,4.6
1658,Tracy Olsen,4,6,13,1135,Female,Group A,35-44,2025-08-04,2026-03-07,Involuntary,0,7.1,<1 yr,0,33600.0,1.0546,4,1,Low,44.8,7.1,15.1,Hybrid,5.8
1659,Kyle Burton,10,6,13,153,Male,Group A,35-44,2021-07-09,,,1,59.7,4-6 yr,3,31500.0,0.9887,3,2,Medium,66.6,1.9,1.7,Onsite,57.5
1660,April Smith,9,1,11,1746,Male,Group B,25-34,2024-09-01,,,1,21.9,1-2 yr,1,22200.0,0.9281,2,2,Medium,69.3,3.7,0.0,Remote,10.4
1661,Daniel Moore,6,3,8,166,Male,Group D,25-34,2023-08-05,,,1,34.8,2-4 yr,2,41200.0,1.2255,4,2,Medium,66.8,4.0,0.0,Remote,5.4
1662,Michael Hall,8,2,1,201,Non-binary,Group E,35-44,2024-08-04,,,1,22.8,1-2 yr,1,64900.0,0.9833,4,3,High,42.2,3.7,11.9,Hybrid,9.5
1663,Lauren Parks,10,4,12,1655,Male,Group C,25-34,2025-09-24,,,1,9.2,<1 yr,0,22400.0,0.942,3,3,High,60.3,8.0,6.8,Onsite,9.2
1664,Donna Richard,2,1,3,2791,Female,Group A,25-34,2025-02-20,,,1,16.3,1-2 yr,1,60600.0,1.0994,2,2,Medium,77.5,4.1,16.4,Onsite,16.3
1665,Robert Underwood,6,1,12,2695,Male,Group E,45-54,2026-05-07,2026-05-22,Voluntary,0,0.5,<1 yr,0,16700.0,1.1074,3,1,Low,54.6,19.3,22.0,Onsite,1.8
1666,Juan Becker,2,2,12,14,Male,Group D,25-34,2025-12-20,,,1,6.3,<1 yr,0,19400.0,1.0136,4,3,High,81.9,18.8,0.0,Remote,6.3
1667,Justin Brooks,9,3,4,2134,Male,Group C,25-34,2023-02-22,,,1,40.2,2-4 yr,2,83200.0,1.1029,3,2,Medium,71.5,7.9,2.3,Hybrid,40.2
1668,Katie Higgins,4,2,12,1135,Female,Group B,45-54,2023-11-18,2025-08-19,Involuntary,0,21.0,1-2 yr,1,14200.0,0.7419,2,3,High,89.4,6.3,10.0,Hybrid,8.2
1669,Johnny Reyes,5,3,8,1069,Female,Group A,45-54,2024-09-20,,,1,21.3,1-2 yr,1,29100.0,0.8656,3,2,Medium,75.3,2.3,0.0,Remote,21.3
1670,Shannon Phillips,1,7,3,449,Female,Group A,35-44,2021-03-26,,,1,63.1,4-6 yr,3,137400.0,0.9128,3,3,High,75.4,6.6,25.0,Onsite,15.2
1671,Jeremiah Walker,4,4,9,2666,Female,Group B,45-54,2023-11-08,,,1,31.7,2-4 yr,2,118600.0,1.2257,3,2,Medium,64.8,7.2,0.0,Remote,18.9
1672,Adam Blackwell,3,2,8,2607,Female,Group B,45-54,2025-05-13,2026-06-16,Voluntary,0,13.1,1-2 yr,1,23200.0,0.8574,2,1,Low,78.8,17.3,8.1,Hybrid,13.6
1673,Anthony Mccoy,12,9,6,,Female,Group A,35-44,2019-03-23,2020-07-13,Voluntary,0,15.7,1-2 yr,1,232900.0,0.781,3,3,High,82.3,4.4,11.8,Hybrid,3.2
1674,Sara Harrison,9,4,1,2667,Male,Group B,55+,2026-02-23,2026-06-24,Voluntary,0,4.0,<1 yr,0,81700.0,0.9963,1,1,Low,75.5,5.7,8.6,Onsite,4.2
1675,Eric Bradley,9,7,3,456,Male,Group A,35-44,2021-04-18,2026-04-07,Voluntary,0,59.6,4-6 yr,3,158000.0,1.0497,3,2,Medium,60.1,20.6,25.9,Onsite,13.3
1676,Shannon Edwards,11,5,13,645,Female,Group A,35-44,2022-11-25,,,1,43.1,2-4 yr,2,25500.0,0.9637,3,2,Medium,71.0,5.6,5.9,Onsite,6.2
1677,Regina Taylor,3,5,12,550,Female,Group B,35-44,2026-04-03,,,1,2.9,<1 yr,0,26600.0,0.936,3,3,High,57.3,5.5,15.4,Onsite,2.9
1678,Clayton Smith,5,6,9,2374,Female,Group C,55+,2023-06-03,2024-04-21,Voluntary,0,10.6,<1 yr,0,135400.0,0.9724,1,2,Medium,79.1,16.2,10.4,Hybrid,5.8
1679,Donald Maldonado,4,1,3,1734,Male,Group C,25-34,2025-05-04,2026-06-15,Involuntary,0,13.4,1-2 yr,1,59600.0,1.0813,1,1,Low,78.2,6.8,3.6,Hybrid,13.9
1680,Rhonda Smith,1,2,5,107,Male,Group A,35-44,2026-05-04,,,1,1.9,<1 yr,0,70600.0,1.0915,2,1,Low,100.0,12.3,0.0,Remote,1.9
1681,Evan Romero,1,3,12,2488,Male,Group A,25-34,2023-10-16,,,1,32.5,2-4 yr,2,25100.0,1.0555,2,1,Low,70.5,13.6,10.3,Hybrid,8.4
1682,Timothy Proctor,3,1,4,59,Male,Group B,35-44,2026-02-04,2026-06-09,Involuntary,0,4.1,<1 yr,0,42100.0,0.88,2,2,Medium,45.2,3.5,11.9,Onsite,4.8
1683,Anna Mccall,10,1,12,835,Female,Group E,25-34,2026-02-10,2026-04-16,Involuntary,0,2.1,<1 yr,0,15200.0,1.008,1,2,Medium,67.3,6.1,0.0,Remote,4.6
1684,Ashley Watkins,2,6,12,798,Female,Group E,25-34,2021-09-10,,,1,57.6,4-6 yr,3,35900.0,1.0491,4,2,Medium,75.6,9.1,2.3,Hybrid,11.3
1685,Amy Estrada,4,1,2,2492,Male,Group A,35-44,2025-09-15,,,1,9.5,<1 yr,0,46700.0,0.9554,3,2,Medium,66.1,12.0,46.3,Onsite,9.5
1686,Curtis Miller,2,9,12,,Female,Group A,35-44,2025-08-06,2026-01-27,Voluntary,0,5.7,<1 yr,0,59500.0,0.977,4,2,Medium,58.4,3.2,6.9,Hybrid,10.8
1687,Dr. Crystal Acosta,11,8,12,515,Female,Group B,25-34,2021-09-20,,,1,57.3,4-6 yr,3,49500.0,0.9924,3,3,High,82.9,5.9,35.7,Onsite,6.2
1688,Barry Powell,7,1,1,2173,Female,Group B,55+,2024-07-07,,,1,23.8,1-2 yr,1,51100.0,0.9827,2,3,High,80.1,11.7,0.0,Remote,23.8
1689,Victoria Bentley,10,8,1,1480,Male,Group B,45-54,2021-03-03,,,1,63.9,4-6 yr,3,192200.0,1.1174,4,3,High,44.8,1.6,6.7,Onsite,27.9
1690,Hannah Gardner,3,4,2,1338,Male,Group D,35-44,2025-07-21,2025-10-20,Involuntary,0,3.0,<1 yr,0,71200.0,0.9237,2,3,High,79.8,6.6,6.4,Hybrid,7.9
1691,Anthony Wilson,3,4,11,2650,Female,Group A,35-44,2022-08-07,,,1,46.7,2-4 yr,2,38700.0,1.026,3,2,Medium,64.9,2.3,7.8,Onsite,46.7
1692,Joshua Martinez,4,7,6,1713,Male,Group C,45-54,2024-02-12,,,1,28.5,2-4 yr,2,219100.0,1.0866,3,2,Medium,77.9,3.0,23.3,Onsite,3.5
1693,Cindy Hernandez,6,3,11,1650,Male,Group A,35-44,2024-06-29,,,1,24.0,1-2 yr,1,33700.0,0.8934,2,1,Low,71.8,5.7,0.0,Remote,14.1
1694,Natalie Anderson,11,5,2,1081,Male,Group B,45-54,2021-09-29,,,1,57.0,4-6 yr,3,90800.0,0.9857,2,2,Medium,79.3,21.6,7.3,Onsite,2.5
1695,Rick Shannon,2,2,7,1432,Male,Group A,35-44,2023-12-27,2025-12-21,Voluntary,0,23.8,1-2 yr,1,78000.0,0.9531,3,2,Medium,70.2,13.3,14.4,Onsite,27.2
1696,Brett Rodriguez,4,3,6,2770,Female,Group C,45-54,2025-10-12,2026-02-22,Voluntary,0,4.4,<1 yr,0,114300.0,0.9816,4,3,High,75.4,11.8,23.5,Onsite,8.6
1697,Patrick Pratt,8,1,12,533,Male,Group D,45-54,2025-10-04,,,1,8.8,<1 yr,0,15100.0,1.0013,3,3,High,74.6,3.1,22.8,Onsite,8.8
1698,Shannon Bridges,3,3,12,1235,Male,Group C,35-44,2023-03-02,,,1,39.9,2-4 yr,2,24600.0,1.0345,3,1,Low,64.2,8.2,5.5,Hybrid,13.8
1699,Valerie Smith,2,6,3,2368,Female,Group A,<25,2025-04-28,,,1,14.1,1-2 yr,1,138000.0,1.1033,2,2,Medium,61.4,4.7,9.5,Onsite,6.7
1700,Alec King,9,4,1,1,Male,Group B,45-54,2024-09-21,,,1,21.3,1-2 yr,1,78900.0,0.9622,3,3,High,73.4,12.6,4.8,Hybrid,12.1
1701,Mark Leblanc,12,4,12,1510,Female,Group A,35-44,2022-07-05,2025-09-26,Voluntary,0,38.7,2-4 yr,2,24900.0,1.0471,5,3,High,68.0,2.7,15.7,Onsite,16.0
1702,Ashley Howard,7,5,5,1163,Female,Group B,35-44,2024-04-01,,,1,26.9,2-4 yr,2,71000.0,0.7393,3,3,High,74.7,2.4,0.0,Remote,26.9
1703,Eileen Clark,7,8,5,791,Female,Group D,35-44,2018-04-04,,,1,98.9,6+ yr,4,170300.0,1.0103,4,3,High,68.7,8.7,0.0,Remote,2.6
1704,Emily Frank,11,3,1,625,Male,Group D,<25,2024-04-30,,,1,26.0,2-4 yr,2,91800.0,1.1195,4,3,High,60.4,3.7,0.0,Remote,19.2
1705,Patrick Harvey,2,4,2,359,Female,Group B,35-44,2023-02-11,,,1,40.6,2-4 yr,2,80900.0,1.0496,5,2,Medium,82.7,0.6,5.7,Hybrid,14.3
1706,Tanya Sloan,5,5,12,599,Male,Group E,35-44,2024-04-01,,,1,26.9,2-4 yr,2,28200.0,0.9923,3,2,Medium,39.9,13.9,15.0,Onsite,5.8
1707,Carly King,6,5,3,2447,Female,Group E,25-34,2025-04-24,2025-08-30,Voluntary,0,4.2,<1 yr,0,91300.0,0.8789,3,3,High,57.9,12.3,5.3,Onsite,10.5
1708,Paul Lopez,3,8,12,2048,Female,Group D,35-44,2024-05-31,,,1,25.0,2-4 yr,2,50800.0,1.0184,1,1,Low,75.3,36.8,4.6,Hybrid,19.7
1709,Whitney Myers,10,2,9,747,Female,Group A,45-54,2023-10-20,,,1,32.3,2-4 yr,2,72000.0,0.9245,2,2,Medium,71.3,13.2,7.9,Hybrid,12.7
1710,Virginia Taylor,3,6,11,279,Male,Group D,35-44,2023-02-23,,,1,40.2,2-4 yr,2,53000.0,0.9764,3,3,High,80.6,8.5,10.7,Hybrid,32.2
1711,Kevin Chambers,7,8,3,572,Non-binary,Group D,35-44,2024-09-12,,,1,21.6,1-2 yr,1,180300.0,0.9889,4,3,High,70.7,6.1,8.1,Hybrid,21.6
1712,Stephanie Deleon,12,5,8,1639,Female,Group B,45-54,2024-08-24,,,1,22.2,1-2 yr,1,42400.0,1.0553,4,3,High,89.0,8.2,4.5,Hybrid,14.3
1713,Jennifer Parker,4,8,5,136,Male,Group E,45-54,2024-06-15,,,1,24.5,2-4 yr,2,176000.0,1.0441,3,2,Medium,51.6,5.3,0.0,Remote,9.1
1714,William Lee,1,5,13,842,Female,Group E,35-44,2022-03-07,,,1,51.8,4-6 yr,3,25800.0,0.9751,5,2,Medium,51.8,3.0,4.0,Onsite,21.5
1715,William Wright,12,4,3,917,Male,Group B,35-44,2024-11-05,,,1,19.8,1-2 yr,1,81800.0,0.9411,2,2,Medium,77.0,16.3,5.8,Hybrid,19.8
1716,Monica Alvarado,3,6,11,2308,Male,Group C,35-44,2023-01-30,2025-10-04,Voluntary,0,32.1,2-4 yr,2,52000.0,0.958,3,1,Low,79.1,5.4,12.5,Hybrid,6.6
1717,Willie Walls,2,4,13,1803,Female,Group A,35-44,2022-12-30,,,1,42.0,2-4 yr,2,21000.0,0.9485,3,1,Low,87.9,11.9,0.0,Remote,21.6
1718,Jonathan Gonzalez,8,7,5,2696,Male,Group D,45-54,2021-06-06,,,1,60.8,4-6 yr,3,155400.0,1.1167,3,3,High,53.4,9.5,0.0,Remote,30.5
1719,Helen Diaz,4,4,4,723,Female,Group E,35-44,2024-05-06,,,1,25.8,2-4 yr,2,80300.0,1.0644,5,3,High,72.9,8.6,23.7,Hybrid,5.3
1720,Kayla Watkins,9,6,3,834,Male,Group E,35-44,2025-06-24,2026-01-05,Voluntary,0,6.4,<1 yr,0,120600.0,0.9642,2,2,Medium,83.4,8.4,0.0,Remote,12.2
1721,Martin Mahoney,6,2,12,1958,Male,Group A,35-44,2025-11-09,,,1,7.7,<1 yr,0,17000.0,0.8882,3,2,Medium,73.8,3.1,0.0,Remote,7.7
1722,Michael Johnson,5,1,13,1061,Female,Group B,25-34,2025-12-15,2026-04-29,Voluntary,0,4.4,<1 yr,0,13900.0,0.99,4,3,High,51.7,3.0,4.1,Hybrid,6.5
1723,Jasmine Martinez,9,6,10,1746,Male,Group D,25-34,2022-04-23,,,1,50.2,4-6 yr,3,110300.0,0.9164,3,1,Low,73.0,4.2,4.4,Hybrid,13.5
1724,Dr. Ann Vang MD,9,1,1,1675,Male,Group A,35-44,2025-12-20,,,1,6.3,<1 yr,0,56300.0,1.0827,2,1,Low,61.8,7.0,0.0,Remote,6.3
1725,Brandi Bennett,3,2,3,2213,Female,Group A,<25,2025-09-28,,,1,9.0,<1 yr,0,59200.0,0.8462,4,2,Medium,95.2,19.0,6.1,Hybrid,9.0
1726,Jody Schmidt,4,1,11,2750,Female,Group B,25-34,2024-08-11,2026-01-20,Voluntary,0,17.3,1-2 yr,1,23600.0,0.9866,2,3,High,69.9,27.6,11.4,Onsite,6.6
1727,Penny Travis,2,1,11,2578,Non-binary,Group B,45-54,2024-12-24,,,1,18.2,1-2 yr,1,24300.0,1.0159,2,2,Medium,63.3,6.1,12.2,Onsite,12.1
1728,Mark Bryant,11,6,7,1081,Male,Group A,25-34,2026-04-06,2026-06-11,Voluntary,0,2.2,<1 yr,0,160800.0,1.099,5,3,High,55.1,16.2,0.3,Hybrid,2.8
1729,Jason Wyatt,8,1,10,2405,Female,Group A,35-44,2025-02-01,2025-06-25,Involuntary,0,4.7,<1 yr,0,45200.0,0.8522,2,1,Low,96.3,22.9,26.2,Onsite,16.9
1730,Jennifer Delacruz,1,3,13,596,Female,Group B,<25,2025-05-24,,,1,13.2,1-2 yr,1,25900.0,1.1698,3,1,Low,80.1,6.8,0.0,Remote,12.0
1731,Andrew Mckinney,2,3,2,2368,Female,Group A,25-34,2023-07-24,,,1,35.2,2-4 yr,2,71900.0,0.9328,3,3,High,69.1,12.2,0.0,Remote,11.2
1732,Adam Pena,10,5,12,2099,Male,Group A,<25,2024-08-16,2025-06-08,Voluntary,0,9.7,<1 yr,0,33200.0,1.1682,3,2,Medium,60.2,3.8,0.0,Remote,15.9
1733,Don Johnson,6,8,13,2273,Female,Group D,35-44,2023-03-26,,,1,39.2,2-4 yr,2,39500.0,0.8506,1,1,Low,38.7,14.9,9.2,Hybrid,5.4
1734,Scott Campos,4,7,3,1786,Male,Group C,25-34,2022-08-24,,,1,46.2,2-4 yr,2,168000.0,1.1161,2,2,Medium,71.6,7.9,0.0,Remote,9.1
1735,Karen Brown,5,1,3,417,Female,Group B,<25,2026-01-18,2026-03-26,Involuntary,0,2.2,<1 yr,0,43300.0,0.7856,2,2,Medium,57.9,14.6,8.9,Hybrid,5.4
1736,Destiny Vargas,9,6,7,2667,Female,Group D,<25,2024-08-09,,,1,22.7,1-2 yr,1,126900.0,0.8673,3,2,Medium,65.5,7.4,37.0,Onsite,22.2
1737,Eric Knight,5,1,12,1781,Male,Group C,25-34,2026-04-23,,,1,2.2,<1 yr,0,15600.0,1.0345,4,2,Medium,40.8,8.4,14.9,Hybrid,2.2
1738,Courtney Evans,12,1,13,1510,Male,Group A,25-34,2025-01-13,2026-03-27,Voluntary,0,14.4,1-2 yr,1,14700.0,1.047,3,3,High,66.6,5.5,11.2,Onsite,17.5
1739,Martin Boone,3,2,2,1338,Male,Group C,35-44,2025-06-15,,,1,12.5,1-2 yr,1,61200.0,0.9865,5,2,Medium,69.4,14.8,0.0,Remote,12.5
1740,Ashley Smith,9,2,12,981,Male,Group A,25-34,2023-07-30,,,1,35.0,2-4 yr,2,19600.0,1.024,3,1,Low,81.9,10.6,3.2,Hybrid,20.4
1741,Dr. Sarah Hanson,12,6,3,917,Male,Group A,<25,2022-02-18,,,1,52.3,4-6 yr,3,141100.0,1.1281,2,2,Medium,91.5,1.0,8.1,Hybrid,3.3
1742,Elizabeth Smith,11,7,11,1402,Male,Group C,35-44,2023-05-04,,,1,37.9,2-4 yr,2,68400.0,1.0472,2,2,Medium,39.0,8.3,0.0,Remote,10.2
1743,Margaret Moore,10,3,13,1655,Male,Group A,35-44,2025-03-21,,,1,15.3,1-2 yr,1,21900.0,0.9892,3,2,Medium,94.1,10.6,10.4,Onsite,8.2
1744,Angela Whitehead,1,2,7,557,Male,Group C,35-44,2024-07-24,,,1,23.2,1-2 yr,1,78400.0,0.958,5,3,High,82.5,6.5,2.5,Hybrid,15.5
1745,Patrick Glover,5,5,1,2305,Male,Group E,35-44,2026-02-09,,,1,4.6,<1 yr,0,103400.0,1.0551,2,3,High,82.8,3.3,21.5,Hybrid,4.6
1746,Christina Burke,9,7,11,2629,Male,Group D,35-44,2021-08-16,,,1,58.4,4-6 yr,3,64900.0,0.9936,3,2,Medium,54.3,19.0,4.3,Onsite,13.5
1747,Bradley Brown,6,2,1,2751,Female,Group D,35-44,2024-07-23,,,1,23.2,1-2 yr,1,68900.0,1.0439,2,2,Medium,74.2,6.2,10.0,Onsite,9.3
1748,Scott Edwards,5,1,2,805,Male,Group A,35-44,2025-06-29,,,1,12.0,<1 yr,0,49300.0,1.0086,4,1,Low,57.3,17.5,2.5,Hybrid,10.4
1749,Jennifer Tucker,9,6,13,954,Male,Group C,25-34,2022-04-09,,,1,50.7,4-6 yr,3,33800.0,1.0609,2,3,High,82.2,5.3,1.2,Hybrid,10.1
1750,Tiffany Gonzalez,8,7,12,294,Male,Group B,25-34,2020-04-17,,,1,74.4,6+ yr,4,34800.0,0.8451,4,2,Medium,74.6,8.8,37.6,Onsite,1.6
1751,Julia Reed,1,6,3,204,Female,Group D,25-34,2021-02-23,,,1,64.2,4-6 yr,3,128000.0,1.0233,3,2,Medium,67.1,10.1,0.0,Remote,2.5
1752,William Lee,5,2,7,385,Male,Group A,35-44,2024-05-04,,,1,25.9,2-4 yr,2,81800.0,0.9995,4,2,Medium,72.3,2.1,10.0,Hybrid,25.9
1753,Robert Hall,11,3,12,1618,Female,Group A,25-34,2025-08-08,,,1,10.7,<1 yr,0,24500.0,1.0303,3,1,Low,75.0,3.4,8.6,Hybrid,3.4
1754,Craig Brooks Jr.,7,5,12,1933,Female,Group E,35-44,2025-08-21,2025-10-24,Involuntary,0,2.1,<1 yr,0,27400.0,0.9641,3,2,Medium,87.7,15.2,7.4,Hybrid,2.6
1755,Kelly Castillo,12,7,6,1843,Male,Group B,25-34,2021-06-01,,,1,60.9,4-6 yr,3,220800.0,1.095,4,2,Medium,62.4,8.8,6.9,Hybrid,11.0
1756,Jamie Scott,2,4,14,798,Male,Group C,35-44,2023-07-17,,,1,35.4,2-4 yr,2,81300.0,1.0221,3,3,High,70.8,6.4,1.7,Hybrid,19.6
1757,Maureen Garner,5,1,13,1061,Male,Group A,25-34,2024-09-26,2026-05-08,Involuntary,0,19.3,1-2 yr,1,12900.0,0.9188,4,3,High,71.5,1.6,13.0,Onsite,21.1
1758,Kiara Howard,12,2,12,2450,Female,Group C,25-34,2024-10-03,2025-02-07,Voluntary,0,4.2,<1 yr,0,21100.0,1.1024,2,2,Medium,76.6,6.4,11.2,Hybrid,13.1
1759,Zachary Miller,6,1,12,1285,Female,Group A,25-34,2025-10-18,,,1,8.4,<1 yr,0,15800.0,1.0477,3,2,Medium,66.6,8.4,17.4,Hybrid,8.4
1760,Melissa Sanchez,4,2,13,216,Male,Group A,25-34,2024-10-25,,,1,20.1,1-2 yr,1,16400.0,0.9203,2,1,Low,77.2,2.0,9.1,Hybrid,7.7
1761,David Schroeder,4,1,1,723,Female,Group C,45-54,2025-07-14,2026-04-07,Voluntary,0,8.8,<1 yr,0,55200.0,1.0615,3,3,High,70.0,10.9,0.0,Remote,4.9
1762,Curtis Williams,11,9,10,,Male,Group D,45-54,2019-03-16,,,1,87.5,6+ yr,4,238400.0,1.113,3,3,High,76.9,5.8,15.1,Onsite,0.9
1763,Mrs. Jessica Wright,1,6,6,284,Male,Group A,25-34,2023-06-20,,,1,36.3,2-4 yr,2,175100.0,1.045,3,2,Medium,67.2,9.7,2.8,Hybrid,11.5
1764,Taylor Alexander,3,1,10,279,Male,Group A,<25,2025-06-19,,,1,12.4,1-2 yr,1,54800.0,1.0332,1,2,Medium,67.1,4.9,38.6,Onsite,12.4
1765,Kenneth Arnold,5,2,8,1069,Male,Group B,55+,2026-05-17,,,1,1.4,<1 yr,0,26400.0,0.9756,2,2,Medium,42.0,3.3,0.0,Remote,1.4
1766,David Doyle,1,3,3,2324,Male,Group A,45-54,2023-11-21,,,1,31.3,2-4 yr,2,88400.0,1.017,4,2,Medium,50.5,11.0,0.0,Remote,31.3
1767,John Flowers,2,5,13,1803,Male,Group A,35-44,2023-01-22,,,1,41.2,2-4 yr,2,24900.0,0.941,3,2,Medium,57.6,10.0,17.5,Onsite,22.3
1768,Casey Taylor,12,1,3,1755,Male,Group A,25-34,2026-06-06,2026-06-14,Voluntary,0,0.3,<1 yr,0,60700.0,1.1012,4,3,High,50.2,25.6,0.0,Remote,0.8
1769,Brandon Gaines,1,4,10,1447,Male,Group D,25-34,2024-07-12,,,1,23.6,1-2 yr,1,81000.0,0.9684,3,2,Medium,62.1,23.1,25.5,Onsite,14.4
1770,Ashley Mccarthy,6,2,13,1285,Female,Group A,25-34,2025-02-28,,,1,16.0,1-2 yr,1,17800.0,0.9989,2,1,Low,43.4,5.7,17.5,Onsite,10.7
1771,Rebecca Frank,3,8,10,2048,Female,Group E,55+,2020-05-24,,,1,73.2,6+ yr,4,165300.0,0.9422,3,2,Medium,100.0,2.8,9.0,Hybrid,2.3
1772,Holly Walters,4,5,10,2693,Female,Group A,25-34,2026-02-12,,,1,4.5,<1 yr,0,86100.0,0.8613,4,3,High,65.1,1.9,15.0,Onsite,4.5
1773,William Rocha,5,1,3,1091,Female,Group A,35-44,2024-08-07,,,1,22.7,1-2 yr,1,53600.0,0.9724,4,3,High,44.0,1.8,12.7,Onsite,10.8
1774,Sean Gomez DDS,10,4,12,835,Female,Group B,25-34,2025-10-13,,,1,8.5,<1 yr,0,21000.0,0.8831,3,3,High,64.8,6.7,6.2,Hybrid,8.5
1775,Melanie Washington,6,5,14,2695,Male,Group D,25-34,2024-03-16,,,1,27.5,2-4 yr,2,104300.0,1.0972,3,1,Low,48.6,4.0,0.0,Remote,5.0
1776,Haley Delgado,2,2,1,2279,Male,Group A,35-44,2024-05-22,,,1,25.3,2-4 yr,2,67900.0,1.0288,4,3,High,83.6,7.9,0.0,Remote,7.9
1777,Rachel Johnson,12,7,11,1177,Female,Group C,25-34,2021-06-11,,,1,60.6,4-6 yr,3,60600.0,0.9277,4,3,High,100.0,3.9,0.0,Remote,9.0
1778,Michelle Washington,2,6,13,1803,Male,Group A,35-44,2025-07-26,,,1,11.1,<1 yr,0,32600.0,1.0232,4,3,High,63.3,7.5,0.0,Remote,11.1
1779,Nancy Lopez,9,5,13,954,Female,Group A,25-34,2023-05-22,,,1,37.3,2-4 yr,2,23900.0,0.9033,5,3,High,91.6,15.8,3.7,Onsite,9.4
1780,Gina Spencer,4,2,11,2750,Female,Group B,35-44,2026-02-23,,,1,4.2,<1 yr,0,30400.0,1.0013,4,3,High,78.3,5.5,18.6,Hybrid,2.5
1781,Anthony Henderson,5,7,12,2555,Female,Group A,35-44,2022-01-09,,,1,53.6,4-6 yr,3,40800.0,0.9908,4,2,Medium,37.6,11.4,6.9,Hybrid,21.0
1782,Claire Wright,6,2,3,2447,Female,Group A,25-34,2026-01-31,2026-06-23,Involuntary,0,4.7,<1 yr,0,59600.0,0.8519,3,3,High,51.4,13.9,1.9,Hybrid,4.9
1783,Peter Jones,7,8,6,702,Male,Group B,<25,2019-08-15,,,1,82.5,6+ yr,4,232300.0,0.9511,5,1,Low,34.7,1.4,0.0,Remote,24.7
1784,Amanda Evans,8,3,12,533,Male,Group A,35-44,2022-10-06,,,1,44.8,2-4 yr,2,24900.0,1.0471,2,1,Low,64.6,4.8,0.0,Remote,36.6
1785,Marcus Ball,7,6,8,1930,Male,Group B,45-54,2021-05-22,,,1,61.3,4-6 yr,3,45600.0,0.9425,4,3,High,71.2,12.2,14.8,Onsite,7.8
1786,Jennifer Gates,4,8,1,918,Female,Group A,45-54,2022-08-07,,,1,46.7,2-4 yr,2,155100.0,0.9017,5,3,High,87.6,2.4,13.3,Hybrid,27.9
1787,Susan Soto,1,6,2,107,Male,Group A,25-34,2020-12-15,,,1,66.5,4-6 yr,3,117500.0,1.0593,2,1,Low,80.0,1.8,0.0,Remote,39.7
1788,Colleen Nixon,4,4,12,419,Non-binary,Group C,35-44,2025-06-13,,,1,12.5,1-2 yr,1,22000.0,0.9251,4,3,High,40.9,21.7,10.1,Hybrid,12.5
1789,Mark Collins,11,4,8,2565,Female,Group D,35-44,2023-03-01,2026-01-11,Voluntary,0,34.4,2-4 yr,2,34000.0,1.0113,3,2,Medium,36.0,17.6,12.0,Onsite,23.1
1790,Laura Nguyen,2,3,7,269,Female,Group A,35-44,2024-10-13,2025-08-13,Involuntary,0,10.0,<1 yr,0,100400.0,0.9874,4,2,Medium,70.6,5.6,0.0,Remote,12.3
1791,Mark Swanson,1,4,13,842,Female,Group C,35-44,2022-10-21,,,1,44.3,2-4 yr,2,22200.0,1.0027,3,2,Medium,65.8,17.9,8.9,Onsite,6.1
1792,Leah Daugherty,9,2,12,981,Female,Group C,35-44,2026-04-03,2026-05-04,Voluntary,0,1.0,<1 yr,0,15300.0,0.7994,3,1,Low,60.7,2.4,7.8,Hybrid,2.9
1793,Jamie Banks,9,1,3,2134,Female,Group D,45-54,2025-09-09,,,1,9.7,<1 yr,0,49200.0,0.8926,5,3,High,62.9,8.3,14.5,Hybrid,7.0
1794,Carolyn Rodriguez,9,4,5,1996,Male,Group B,35-44,2026-01-15,,,1,5.5,<1 yr,0,76500.0,0.952,3,3,High,62.5,12.2,0.0,Remote,3.8
1795,Dalton Harris,6,2,2,2447,Female,Group C,35-44,2023-11-01,,,1,31.9,2-4 yr,2,59300.0,0.9558,3,2,Medium,66.5,1.5,10.4,Onsite,6.3
1796,Marcus Smith,7,2,13,1933,Female,Group D,35-44,2023-11-16,,,1,31.4,2-4 yr,2,16300.0,0.9147,3,3,High,58.3,7.0,0.0,Remote,9.1
1797,Eric Kemp,2,2,12,392,Male,Group A,25-34,2024-01-18,,,1,29.4,2-4 yr,2,17800.0,0.93,3,2,Medium,78.0,11.5,0.0,Remote,10.5
1798,Melissa Taylor,4,5,12,488,Female,Group B,<25,2024-08-29,,,1,22.0,1-2 yr,1,31100.0,1.0943,4,2,Medium,69.9,1.2,0.0,Remote,3.0
1799,Sandra Lowe,12,3,12,1510,Male,Group A,45-54,2025-10-25,2025-12-08,Voluntary,0,1.4,<1 yr,0,27000.0,1.1354,3,3,High,66.3,1.4,16.0,Hybrid,8.0
1800,Carl Lewis,3,3,13,592,Female,Group B,<25,2026-04-28,2026-05-25,Voluntary,0,0.9,<1 yr,0,20200.0,0.9124,2,2,Medium,76.6,7.7,22.0,Onsite,2.1
1801,Tiffany Patton,12,4,13,2632,Non-binary,Group A,25-34,2025-06-20,,,1,12.3,1-2 yr,1,22200.0,1.0027,2,2,Medium,82.1,3.4,21.7,Onsite,2.9
1802,Robert Calhoun,9,2,8,2325,Male,Group A,<25,2025-01-29,,,1,17.0,1-2 yr,1,24100.0,0.8906,2,2,Medium,71.0,12.6,0.0,Remote,8.8
1803,Anthony Ray,2,7,12,1075,Male,Group A,25-34,2019-03-28,,,1,87.1,6+ yr,4,40000.0,0.9713,4,3,High,78.5,5.1,16.4,Hybrid,36.5
1804,Denise Harrison,3,5,11,2650,Female,Group A,35-44,2022-04-15,,,1,50.5,4-6 yr,3,44800.0,0.9938,4,1,Low,79.2,0.8,3.9,Onsite,23.6
1805,Jeffrey Johnson,12,1,7,1019,Male,Group D,<25,2025-11-16,,,1,7.4,<1 yr,0,66000.0,1.0236,5,2,Medium,83.4,8.6,0.0,Remote,6.5
1806,Dana Hill,4,3,5,723,Male,Group C,35-44,2024-07-31,,,1,23.0,1-2 yr,1,85200.0,1.0602,2,2,Medium,55.6,12.5,0.0,Remote,23.0
1807,Craig Richardson,8,7,14,186,Female,Group C,25-34,2019-12-30,,,1,78.0,6+ yr,4,125300.0,0.9097,3,2,Medium,74.8,20.7,15.6,Hybrid,4.2
1808,Danielle Knight,12,3,6,1549,Female,Group C,25-34,2023-10-07,2025-01-03,Voluntary,0,14.9,1-2 yr,1,96200.0,0.8262,4,3,High,67.6,5.0,3.0,Hybrid,21.2
1809,Brandon Malone,10,5,7,399,Male,Group C,25-34,2021-09-13,,,1,57.5,4-6 yr,3,121000.0,0.9957,3,2,Medium,41.7,8.7,19.9,Hybrid,23.6
1810,Jeffrey Mcdonald,11,6,1,928,Female,Group D,45-54,2023-12-22,,,1,30.3,2-4 yr,2,101300.0,0.8585,3,2,Medium,81.0,25.2,15.2,Onsite,21.1
1811,Melissa Blanchard,10,1,3,298,Female,Group A,35-44,2025-09-17,,,1,9.4,<1 yr,0,48900.0,0.8872,4,3,High,67.2,3.2,33.3,Onsite,9.4
1812,Megan Hughes,1,4,3,2324,Female,Group D,25-34,2024-12-10,,,1,18.6,1-2 yr,1,88700.0,1.0205,2,2,Medium,53.2,3.7,13.1,Hybrid,15.5
1813,Rhonda White,3,1,1,2607,Female,Group B,35-44,2025-04-30,2025-09-22,Involuntary,0,4.8,<1 yr,0,45300.0,0.8712,2,1,Low,57.3,3.2,5.4,Hybrid,14.0
1814,Thomas Rowland,5,1,12,599,Female,Group A,35-44,2026-04-27,,,1,2.1,<1 yr,0,13400.0,0.8886,4,3,High,49.6,1.9,0.0,Remote,2.1
1815,Joe Sullivan,2,5,3,359,Male,Group E,25-34,2024-04-02,,,1,26.9,2-4 yr,2,101500.0,0.9771,4,3,High,74.3,6.0,21.5,Hybrid,10.9
1816,George Sanchez,1,3,11,589,Female,Group A,25-34,2025-01-07,,,1,17.7,1-2 yr,1,40800.0,1.0817,3,3,High,71.7,3.4,11.3,Hybrid,15.5
1817,James Smith,12,4,12,1510,Male,Group A,55+,2023-12-16,2025-06-08,Voluntary,0,17.7,1-2 yr,1,19200.0,0.8074,3,3,High,83.1,3.4,10.3,Hybrid,14.2
1818,Meagan Bell,4,7,1,2133,Male,Group A,25-34,2022-08-20,,,1,46.3,2-4 yr,2,138700.0,0.9768,4,2,Medium,72.7,3.7,14.5,Hybrid,9.8
1819,Deanna Potts,2,6,2,269,Female,Group C,35-44,2021-01-30,,,1,64.9,4-6 yr,3,111500.0,1.0052,3,3,High,71.5,12.8,27.8,Onsite,41.3
1820,Austin Smith,4,1,7,2492,Male,Group C,45-54,2025-01-04,,,1,17.8,1-2 yr,1,62600.0,0.9708,4,2,Medium,76.2,3.5,12.0,Hybrid,10.3
1821,Sara Joseph,10,7,12,1907,Female,Group C,35-44,2019-05-21,,,1,85.3,6+ yr,4,36700.0,0.8912,4,3,High,72.4,3.0,7.9,Hybrid,5.8
1822,Ryan Stone,5,5,3,417,Male,Group A,25-34,2021-11-09,,,1,55.7,4-6 yr,3,98900.0,0.9521,3,2,Medium,55.7,16.5,9.6,Hybrid,9.3
1823,Thomas Williams,3,6,6,2712,Female,Group A,35-44,2022-08-12,,,1,46.6,2-4 yr,2,166200.0,0.9919,4,3,High,83.7,4.7,19.0,Hybrid,36.0
1824,Angela Weeks,10,1,12,2099,Female,Group C,35-44,2024-10-12,,,1,20.6,1-2 yr,1,13800.0,0.9151,2,2,Medium,72.4,5.8,6.5,Hybrid,10.9
1825,Michael Thomas,1,1,6,107,Female,Group A,<25,2024-07-31,,,1,23.0,1-2 yr,1,63700.0,0.8627,3,2,Medium,57.5,1.3,0.0,Remote,23.0
1826,Kayla Lynch,11,7,9,2677,Female,Group C,35-44,2021-06-04,,,1,60.8,4-6 yr,3,169600.0,1.0122,3,2,Medium,100.0,1.3,0.0,Remote,19.7
1827,Adam Wilkinson,10,6,4,2708,Male,Group E,45-54,2024-07-27,,,1,23.1,1-2 yr,1,106000.0,0.9764,4,3,High,88.8,9.5,46.9,Onsite,15.1
1828,Michele Meyer,6,2,13,2695,Male,Group C,35-44,2024-03-02,,,1,27.9,2-4 yr,2,16300.0,0.9147,2,1,Low,70.2,5.5,0.0,Remote,9.9
1829,Kimberly Rosales,1,3,3,107,Female,Group E,45-54,2024-12-07,,,1,18.7,1-2 yr,1,90600.0,1.0423,4,2,Medium,68.7,5.0,0.0,Remote,18.7
1830,Michele Johnson,7,3,2,1391,Male,Group B,35-44,2025-11-24,,,1,7.2,<1 yr,0,72100.0,0.9354,5,3,High,61.3,13.5,0.0,Remote,7.2
1831,Jason Hernandez,6,4,4,137,Female,Group B,35-44,2024-09-20,2026-04-19,Voluntary,0,18.9,1-2 yr,1,61100.0,0.8099,4,1,Low,91.9,3.4,12.2,Onsite,21.3
1832,Shannon Taylor,1,5,8,557,Female,Group B,25-34,2024-05-26,2025-10-09,Voluntary,0,16.5,1-2 yr,1,39800.0,0.9905,3,2,Medium,66.2,5.9,7.2,Hybrid,18.9
1833,Adam Mcpherson,3,5,8,1040,Male,Group A,35-44,2021-08-25,,,1,58.1,4-6 yr,3,44600.0,1.11,1,1,Low,78.3,7.3,15.1,Onsite,25.1
1834,Lindsay Gardner,7,9,8,,Male,Group D,35-44,2025-02-26,2026-04-03,Voluntary,0,13.2,1-2 yr,1,94000.0,1.0918,3,2,Medium,88.9,6.9,27.0,Onsite,12.0
1835,Christian Hernandez,4,1,1,1818,Male,Group A,35-44,2026-04-10,2026-06-05,Voluntary,0,1.8,<1 yr,0,58000.0,1.1154,4,2,Medium,83.2,6.7,1.8,Hybrid,2.7
1836,Christopher Ruiz,11,7,12,699,Male,Group A,55+,2024-01-20,,,1,29.3,2-4 yr,2,39900.0,0.9689,3,2,Medium,51.6,6.8,13.9,Onsite,29.3
1837,Dennis Brown,7,1,12,267,Male,Group A,55+,2025-06-11,,,1,12.6,1-2 yr,1,16300.0,1.0809,3,2,Medium,82.2,1.2,0.0,Remote,12.6
1838,Nicole Johnson,12,4,12,2632,Male,Group D,55+,2023-03-31,,,1,39.0,2-4 yr,2,22600.0,0.9504,4,2,Medium,66.0,14.9,0.0,Remote,15.0
1839,Ian Robbins,2,1,8,935,Male,Group A,45-54,2024-11-18,,,1,19.3,1-2 yr,1,21600.0,1.0131,3,3,High,83.5,12.0,6.0,Onsite,19.3
1840,Lisa Tran,4,3,13,1948,Female,Group D,35-44,2024-06-07,2025-10-08,Voluntary,0,16.0,1-2 yr,1,20200.0,0.9124,3,3,High,52.8,4.9,9.4,Hybrid,20.6
1841,Randy Allen,5,6,13,1194,Female,Group C,25-34,2025-02-07,,,1,16.7,1-2 yr,1,29300.0,0.9196,4,3,High,55.8,2.8,3.6,Hybrid,3.4
1842,Andrew Willis,2,4,2,1432,Male,Group C,25-34,2025-10-07,,,1,8.7,<1 yr,0,77800.0,1.0093,4,3,High,63.4,8.1,0.0,Remote,8.7
1843,Francisco Allen MD,12,8,5,334,Male,Group C,35-44,2019-12-27,,,1,78.1,6+ yr,4,158900.0,0.9427,3,2,Medium,85.1,6.9,0.0,Remote,16.0
1844,Melissa Marshall,9,2,12,954,Female,Group B,55+,2026-01-21,,,1,5.3,<1 yr,0,18900.0,0.9875,3,1,Low,94.2,2.6,14.9,Hybrid,5.3
1845,Kevin Powell,11,2,5,1551,Male,Group E,25-34,2024-11-11,,,1,19.6,1-2 yr,1,65300.0,1.0096,2,2,Medium,57.7,6.2,0.0,Remote,19.6
1846,Alicia Washington,12,1,4,2729,Female,Group A,25-34,2025-11-02,,,1,7.9,<1 yr,0,50400.0,1.0535,4,3,High,88.8,6.5,15.6,Onsite,5.3
1847,Molly Davis,4,1,14,216,Male,Group E,35-44,2024-07-05,2025-03-23,Voluntary,0,8.6,<1 yr,0,48400.0,0.9596,2,2,Medium,71.7,22.8,24.1,Onsite,23.8
1848,Teresa Meyer,12,6,13,2450,Male,Group E,<25,2023-05-11,,,1,37.6,2-4 yr,2,31800.0,0.9981,5,3,High,76.5,2.5,8.1,Hybrid,10.6
1849,Anthony Johnson,6,2,12,2695,Male,Group D,55+,2024-02-20,2024-11-11,Voluntary,0,8.7,<1 yr,0,19300.0,1.0084,3,2,Medium,100.0,28.2,39.4,Onsite,18.3
1850,Michelle King,12,3,3,1225,Male,Group C,25-34,2024-12-16,2026-02-22,Voluntary,0,14.2,1-2 yr,1,95500.0,1.0987,3,2,Medium,67.7,2.0,17.1,Onsite,9.5
1851,Jessica Pena,3,4,12,1112,Male,Group A,25-34,2022-09-27,,,1,45.1,2-4 yr,2,25900.0,1.0892,3,2,Medium,83.7,6.3,7.0,Hybrid,9.1
1852,Steven Guzman,1,3,12,842,Female,Group A,25-34,2025-08-12,,,1,10.6,<1 yr,0,22500.0,0.9462,4,3,High,77.0,13.0,7.5,Hybrid,3.9
1853,Angela Parker,7,1,9,1486,Male,Group D,35-44,2025-04-10,,,1,14.7,1-2 yr,1,71700.0,1.1685,4,3,High,76.4,20.0,0.0,Remote,14.7
1854,Tim Baker,9,6,9,1746,Male,Group D,25-34,2024-11-24,,,1,19.2,1-2 yr,1,139900.0,1.0047,5,3,High,73.2,13.0,14.1,Onsite,19.2
1855,David Henry,7,1,9,1486,Male,Group A,45-54,2025-02-23,2026-02-03,Voluntary,0,11.3,<1 yr,0,63000.0,1.0267,4,2,Medium,97.5,23.2,20.1,Onsite,7.5
1856,Jennifer Butler,12,6,13,1510,Female,Group A,35-44,2024-11-13,,,1,19.5,1-2 yr,1,29000.0,0.9102,2,3,High,77.3,6.8,47.9,Onsite,19.5
1857,John Garza,7,2,12,2517,Female,Group C,25-34,2024-01-11,2024-08-05,Voluntary,0,6.8,<1 yr,0,20800.0,1.0867,2,3,High,55.4,4.4,0.0,Remote,2.4
1858,Kelly Allen,9,2,3,1675,Female,Group B,35-44,2023-08-18,2025-12-10,Voluntary,0,27.8,2-4 yr,2,70900.0,1.0134,2,3,High,56.2,1.2,17.3,Hybrid,17.9
1859,David Nelson,7,5,9,1486,Female,Group A,35-44,2026-05-19,,,1,1.4,<1 yr,0,121900.0,1.0541,5,2,Medium,32.0,6.0,6.5,Hybrid,1.4
1860,Brendan Newman,10,1,12,378,Male,Group D,25-34,2026-05-24,,,1,1.2,<1 yr,0,16300.0,1.0809,3,2,Medium,82.7,2.9,10.3,Hybrid,1.2
1861,Ellen Watson,2,1,14,14,Male,Group C,55+,2026-02-27,,,1,4.0,<1 yr,0,47800.0,0.9477,3,3,High,67.1,12.2,10.0,Onsite,4.0
1862,Daniel Miller,10,5,3,1605,Male,Group B,<25,2023-11-27,,,1,31.1,2-4 yr,2,92200.0,0.8876,4,2,Medium,79.5,5.4,2.6,Hybrid,13.3
1863,Haley Perkins,12,6,4,1549,Female,Group A,35-44,2026-04-21,,,1,2.3,<1 yr,0,111900.0,1.0308,3,1,Low,62.9,3.2,0.0,Remote,2.3
1864,Audrey Hoffman,7,6,12,267,Male,Group A,55+,2023-07-19,,,1,35.4,2-4 yr,2,35100.0,1.0257,3,2,Medium,48.0,19.2,19.5,Hybrid,7.7
1865,Wendy Buchanan,5,1,1,1091,Female,Group A,25-34,2025-04-01,2026-01-30,Voluntary,0,10.0,<1 yr,0,50400.0,0.9692,5,3,High,61.3,5.7,0.0,Remote,14.9
1866,Cesar Stephenson,3,6,10,2308,Male,Group A,45-54,2020-04-04,,,1,74.8,6+ yr,4,133900.0,1.1125,5,2,Medium,54.3,5.9,0.0,Remote,15.2
1867,Hayden Quinn,2,5,1,2368,Male,Group D,25-34,2021-09-20,2022-07-10,Voluntary,0,9.6,<1 yr,0,105100.0,1.0724,4,3,High,57.0,10.3,10.4,Onsite,11.2
1868,Mrs. Stacey Ferrell,9,6,7,2134,Male,Group B,35-44,2023-03-09,,,1,39.7,2-4 yr,2,148700.0,1.0163,4,3,High,73.2,4.1,5.3,Onsite,17.6
1869,Jimmy Flowers,5,3,13,1781,Female,Group E,35-44,2025-05-26,,,1,13.1,1-2 yr,1,20600.0,0.9304,4,2,Medium,70.9,12.6,12.5,Hybrid,13.1
1870,David Bailey,7,1,13,2517,Female,Group E,<25,2024-12-21,,,1,18.3,1-2 yr,1,12600.0,0.8974,4,2,Medium,70.6,9.3,22.6,Hybrid,18.3
1871,Robin Greene,5,5,12,1194,Male,Group C,35-44,2025-07-31,2025-12-10,Voluntary,0,4.3,<1 yr,0,26900.0,0.9465,5,3,High,88.9,0.2,19.4,Onsite,11.0
1872,Jonathan Meyers,6,5,5,2447,Female,Group B,25-34,2023-12-19,2026-04-12,Involuntary,0,27.8,2-4 yr,2,92200.0,0.96,2,2,Medium,59.0,5.4,0.0,Remote,22.3
1873,Andrea Perez,5,3,2,1990,Male,Group D,25-34,2025-02-17,,,1,16.4,1-2 yr,1,71700.0,0.9302,4,3,High,77.5,1.8,0.0,Remote,16.4
1874,Annette Clark MD,12,9,8,,Male,Group A,45-54,2020-10-11,,,1,68.6,4-6 yr,3,78900.0,0.9164,5,3,High,57.7,4.0,10.6,Onsite,11.9
1875,Troy Brown MD,3,1,3,59,Female,Group B,25-34,2026-05-04,2026-06-23,Voluntary,0,1.6,<1 yr,0,55700.0,1.0105,4,3,High,73.4,2.6,0.0,Remote,1.9
1876,Shelly Brooks,5,5,12,387,Male,Group A,25-34,2025-02-10,,,1,16.6,1-2 yr,1,28700.0,1.0099,3,2,Medium,67.8,12.4,10.4,Hybrid,16.6
1877,Wesley Hall,1,6,2,1670,Female,Group A,25-34,2024-06-14,2025-12-15,Voluntary,0,18.0,1-2 yr,1,103300.0,0.9313,2,1,Low,68.6,12.9,45.6,Onsite,3.6
1878,Juan Leach,10,8,11,1480,Male,Group C,35-44,2023-04-18,,,1,38.4,2-4 yr,2,77600.0,0.9808,4,3,High,90.1,1.6,37.1,Onsite,7.3
1879,Gary Joyce,9,2,3,1638,Female,Group E,35-44,2024-02-26,,,1,28.1,2-4 yr,2,74800.0,1.0692,3,3,High,50.5,32.2,12.5,Hybrid,9.7
1880,Ronald Conrad,6,6,12,2462,Male,Group A,25-34,2022-03-22,,,1,51.3,4-6 yr,3,34600.0,1.0111,1,3,High,56.8,11.7,9.7,Hybrid,7.5
1881,Bridget Rhodes,11,7,12,2147,Male,Group C,25-34,2020-05-22,,,1,73.3,6+ yr,4,44100.0,1.0709,3,3,High,78.4,11.7,22.7,Onsite,32.1
1882,Timothy Patel,7,5,7,553,Male,Group A,35-44,2021-07-11,2023-01-16,Voluntary,0,18.2,1-2 yr,1,113700.0,0.9356,3,2,Medium,95.8,2.5,2.7,Hybrid,40.2
1883,Scott Miller,1,1,6,1670,Male,Group E,35-44,2026-05-08,,,1,1.7,<1 yr,0,71700.0,0.971,4,2,Medium,65.2,3.0,0.0,Remote,1.7
1884,Keith Rogers,12,6,2,1483,Male,Group A,25-34,2026-01-14,2026-02-23,Voluntary,0,1.3,<1 yr,0,114300.0,1.0305,2,1,Low,51.6,7.6,19.0,Onsite,5.5
1885,James Good,3,3,1,2213,Male,Group A,55+,2024-09-28,,,1,21.0,1-2 yr,1,85500.0,1.0427,3,2,Medium,68.9,3.1,14.5,Onsite,13.2
1886,Kimberly Lyons,2,1,13,1803,Male,Group C,35-44,2024-11-20,,,1,19.3,1-2 yr,1,15500.0,1.104,4,3,High,64.9,2.8,0.0,Remote,5.3
1887,Justin Miller,10,1,10,747,Male,Group A,<25,2025-05-09,,,1,13.7,1-2 yr,1,56500.0,1.0652,2,1,Low,81.7,7.1,0.0,Remote,4.8
1888,Jason Daniels,4,3,4,1734,Male,Group D,55+,2022-08-09,,,1,46.7,2-4 yr,2,73100.0,0.969,4,2,Medium,45.3,5.5,39.8,Onsite,9.8
1889,Nathan Robinson,9,4,9,1746,Male,Group C,25-34,2025-01-24,2025-09-10,Voluntary,0,7.5,<1 yr,0,102300.0,1.0573,3,3,High,37.2,1.7,7.3,Hybrid,6.7
1890,James Flores,7,4,12,1933,Male,Group A,35-44,2023-12-09,2026-05-04,Involuntary,0,28.8,2-4 yr,2,23500.0,0.9882,4,3,High,93.3,4.6,11.7,Onsite,30.7
1891,Lori Thompson,8,4,2,2546,Female,Group D,25-34,2022-05-19,,,1,49.4,4-6 yr,3,77800.0,1.0093,4,3,High,50.8,3.2,17.5,Onsite,32.3
1892,Austin Howard,11,1,2,928,Male,Group A,35-44,2025-12-31,,,1,5.9,<1 yr,0,54700.0,1.1191,3,3,High,81.2,1.8,20.2,Onsite,5.9
1893,Emily Rhodes,3,7,14,624,Female,Group A,45-54,2022-08-07,,,1,46.7,2-4 yr,2,134600.0,0.9772,3,3,High,66.5,14.6,7.8,Hybrid,7.0
1894,Nicole Valentine,10,1,12,153,Female,Group C,35-44,2025-08-10,2026-05-08,Voluntary,0,8.9,<1 yr,0,13000.0,0.8621,3,3,High,78.7,6.5,0.0,Remote,10.6
1895,Whitney Williams,9,1,12,954,Male,Group A,25-34,2026-01-04,2026-02-17,Voluntary,0,1.4,<1 yr,0,14700.0,0.9748,2,3,High,72.0,20.9,15.1,Hybrid,4.2
1896,Kristine Kelly,2,2,4,2368,Female,Group A,35-44,2023-10-03,,,1,32.9,2-4 yr,2,57200.0,0.942,4,1,Low,65.1,15.4,26.5,Hybrid,8.9
1897,Dawn Davis,3,4,13,1893,Female,Group A,35-44,2023-08-15,2026-06-03,Voluntary,0,33.6,2-4 yr,2,23400.0,1.0569,2,2,Medium,75.5,4.6,4.5,Hybrid,26.3
1898,Phillip Coleman,3,4,12,1112,Female,Group E,35-44,2022-08-29,,,1,46.0,2-4 yr,2,24500.0,1.0303,4,3,High,75.2,13.8,8.7,Hybrid,13.6
1899,Michael Payne,6,7,3,609,Male,Group A,25-34,2023-04-01,,,1,39.0,2-4 yr,2,147600.0,0.9806,2,2,Medium,64.3,8.4,0.0,Remote,14.9
1900,Brittany Mann,1,3,7,1670,Male,Group A,25-34,2025-12-02,,,1,6.9,<1 yr,0,95400.0,0.9382,4,1,Low,78.4,14.7,0.0,Remote,5.1
1901,Kendra Long,10,5,12,378,Female,Group B,55+,2022-02-12,,,1,52.5,4-6 yr,3,29800.0,1.0486,3,2,Medium,100.0,3.8,30.7,Hybrid,11.6
1902,James Smith,10,1,7,1605,Female,Group A,35-44,2025-12-25,,,1,6.1,<1 yr,0,67600.0,1.0484,2,3,High,51.7,5.6,0.9,Hybrid,6.1
1903,Kimberly Fernandez,10,6,14,153,Male,Group B,55+,2025-06-13,,,1,12.5,1-2 yr,1,101700.0,0.8885,3,3,High,53.5,3.5,9.4,Hybrid,12.5
1904,Kelly Smith,7,7,5,1703,Female,Group A,25-34,2021-07-19,,,1,59.4,4-6 yr,3,143200.0,1.029,3,2,Medium,70.3,4.0,0.0,Remote,17.2
1905,Leonard Martin,2,2,12,14,Male,Group D,35-44,2025-03-18,,,1,15.4,1-2 yr,1,18400.0,0.9613,3,3,High,87.3,11.7,28.5,Onsite,13.0
1906,Rebecca Meyer,6,6,10,886,Female,Group A,<25,2023-04-26,,,1,38.1,2-4 yr,2,110400.0,0.9172,3,2,Medium,60.7,4.0,26.2,Hybrid,7.6
1907,Brian Beard,10,8,12,1480,Male,Group C,35-44,2023-02-21,,,1,40.2,2-4 yr,2,57200.0,1.1468,2,2,Medium,52.0,6.1,0.0,Remote,2.9
1908,Brandon Chase,9,2,9,1746,Male,Group D,<25,2024-03-01,,,1,28.0,2-4 yr,2,72000.0,0.9245,4,3,High,74.6,6.5,2.7,Hybrid,4.5
1909,Karen Bowman,2,5,10,2358,Male,Group B,45-54,2023-02-16,,,1,40.4,2-4 yr,2,107900.0,1.0794,2,3,High,100.0,11.6,5.4,Hybrid,16.3
1910,Tonya Ward,4,2,3,607,Female,Group E,25-34,2024-03-08,,,1,27.7,2-4 yr,2,60400.0,0.8634,3,1,Low,72.7,5.3,10.9,Hybrid,18.5
1911,Tina Lutz,5,3,14,1194,Female,Group C,25-34,2024-09-18,,,1,21.4,1-2 yr,1,83000.0,1.0435,4,2,Medium,69.4,22.3,0.0,Remote,3.3
1912,Mrs. Cynthia White DDS,3,1,5,2712,Male,Group B,25-34,2026-04-15,,,1,2.5,<1 yr,0,51000.0,1.0008,4,3,High,80.3,16.8,0.0,Remote,2.5
1913,Jessica Navarro,8,5,4,656,Female,Group B,25-34,2026-03-18,,,1,3.4,<1 yr,0,89900.0,0.9971,3,2,Medium,73.7,3.7,0.0,Remote,3.4
1914,Kevin Martinez,12,6,9,240,Female,Group A,25-34,2022-03-26,,,1,51.1,4-6 yr,3,131700.0,0.9458,3,3,High,82.7,5.6,30.9,Onsite,6.0
1915,Danny Anderson,7,1,5,1163,Female,Group D,25-34,2024-08-24,,,1,22.2,1-2 yr,1,53100.0,1.042,5,3,High,59.0,6.0,0.0,Remote,8.7
1916,Victor Castillo,10,2,8,1605,Male,Group B,25-34,2025-12-07,,,1,6.7,<1 yr,0,27000.0,0.9978,4,3,High,64.8,7.4,12.6,Onsite,6.7
1917,Mr. Edwin Long Jr.,1,3,13,842,Non-binary,Group E,45-54,2025-08-21,,,1,10.3,<1 yr,0,22000.0,0.9937,3,3,High,60.2,10.2,20.7,Onsite,10.3
1918,Ashley Thompson,10,4,2,2708,Male,Group A,45-54,2025-02-01,,,1,16.9,1-2 yr,1,80700.0,1.047,3,1,Low,82.6,10.2,4.3,Hybrid,16.9
1919,Eric Moore,5,6,1,417,Male,Group A,35-44,2025-11-13,2026-05-30,Voluntary,0,6.5,<1 yr,0,120200.0,1.0186,4,3,High,74.5,2.1,0.0,Remote,7.5
1920,Margaret Moore,8,5,10,2221,Female,Group A,45-54,2025-01-05,,,1,17.8,1-2 yr,1,96200.0,0.9624,3,2,Medium,65.3,4.1,33.0,Onsite,7.9
1921,Michael Mitchell,7,2,1,1163,Male,Group A,25-34,2023-05-29,,,1,37.1,2-4 yr,2,71600.0,1.0848,5,2,Medium,59.5,0.2,6.8,Onsite,24.8
1922,Jason Morrow,2,3,3,359,Male,Group D,25-34,2023-11-04,,,1,31.8,2-4 yr,2,86800.0,0.9986,3,3,High,80.5,4.6,0.0,Remote,28.9
1923,Justin Roberson,3,3,4,2712,Male,Group A,25-34,2023-03-21,,,1,39.3,2-4 yr,2,84400.0,1.1188,4,3,High,65.6,8.4,9.1,Hybrid,4.5
1924,Cheryl Alvarado,3,4,5,282,Female,Group A,35-44,2024-06-07,2026-01-10,Involuntary,0,19.1,1-2 yr,1,77700.0,0.9669,3,1,Low,85.5,4.7,0.0,Remote,24.7
1925,Dr. Theresa Bailey,8,4,11,2405,Female,Group C,25-34,2024-02-08,2024-11-26,Voluntary,0,9.6,<1 yr,0,34100.0,0.904,3,2,Medium,57.7,3.5,9.7,Hybrid,7.1
1926,Miss Kelsey Ramirez,5,5,13,387,Female,Group A,45-54,2023-06-28,,,1,36.1,2-4 yr,2,22800.0,0.8617,3,3,High,70.6,12.1,0.0,Remote,10.6
1927,Jacqueline Alexander,2,3,1,439,Male,Group A,35-44,2023-10-13,2025-11-22,Voluntary,0,25.3,2-4 yr,2,76400.0,0.9317,3,2,Medium,77.6,22.9,0.0,Remote,5.6
1928,James Shepard,2,9,12,,Male,Group C,25-34,2020-12-20,,,1,66.3,4-6 yr,3,62600.0,1.0279,4,3,High,71.3,7.5,18.8,Hybrid,4.6
1929,Deborah Jones,7,2,6,2173,Female,Group C,35-44,2025-05-29,,,1,13.0,1-2 yr,1,93800.0,1.0009,3,2,Medium,78.1,7.1,23.7,Hybrid,4.7
1930,Kelsey Strong,7,7,4,1586,Female,Group B,35-44,2025-03-08,,,1,15.7,1-2 yr,1,146000.0,1.1176,2,2,Medium,77.0,1.4,8.0,Hybrid,15.7
1931,Robert Banks,4,2,13,1948,Male,Group C,45-54,2023-12-01,,,1,30.9,2-4 yr,2,17000.0,0.954,5,2,Medium,67.4,8.5,40.4,Onsite,12.5
1932,Gary Massey,8,4,3,15,Female,Group B,45-54,2023-01-10,,,1,41.6,2-4 yr,2,79800.0,0.9181,4,2,Medium,74.7,4.1,10.8,Hybrid,14.5
1933,Jose Abbott,7,7,13,2271,Female,Group D,25-34,2025-09-08,,,1,9.7,<1 yr,0,36400.0,0.9494,3,1,Low,48.7,6.0,11.5,Onsite,9.7
1934,Tara Suarez,12,9,2,,Male,Group B,35-44,2021-03-23,,,1,63.2,4-6 yr,3,210600.0,1.0669,3,2,Medium,73.7,22.1,0.0,Remote,5.2
1935,Michael Morris,6,2,12,2695,Female,Group B,<25,2025-05-03,,,1,13.9,1-2 yr,1,19600.0,1.024,3,2,Medium,100.0,2.5,13.3,Onsite,13.9
1936,Luis Fuller,6,2,12,1285,Male,Group C,25-34,2023-09-29,,,1,33.0,2-4 yr,2,20200.0,1.0554,3,3,High,70.0,8.1,2.1,Hybrid,11.0
1937,Connor Young,4,3,5,607,Male,Group B,55+,2025-05-01,,,1,14.0,1-2 yr,1,74100.0,0.9221,4,3,High,84.6,4.6,0.0,Remote,6.8
1938,Jennifer Lee,3,2,1,59,Male,Group D,25-34,2024-12-04,2025-03-01,Involuntary,0,2.9,<1 yr,0,67500.0,1.0227,1,2,Medium,52.5,5.8,5.6,Onsite,2.3
1939,Linda Cook,7,3,13,1314,Female,Group B,25-34,2024-05-27,,,1,25.1,2-4 yr,2,24600.0,1.1111,1,2,Medium,74.0,14.7,0.9,Hybrid,11.4
1940,Meagan Ruiz,8,8,12,2084,Female,Group D,35-44,2019-05-07,2022-10-19,Involuntary,0,41.4,2-4 yr,2,45800.0,0.9182,3,2,Medium,68.4,7.6,23.5,Onsite,11.0
1941,David Klein,2,5,12,14,Female,Group B,25-34,2025-05-16,,,1,13.5,1-2 yr,1,30400.0,1.0697,4,3,High,88.1,12.5,37.0,Onsite,4.8
1942,Philip Sanchez,7,8,3,791,Female,Group C,25-34,2023-12-18,,,1,30.4,2-4 yr,2,158200.0,0.8677,3,2,Medium,48.7,6.7,3.7,Hybrid,17.8
1943,Stephanie Green,8,7,8,2006,Male,Group C,25-34,2025-02-03,2026-02-01,Voluntary,0,11.9,<1 yr,0,61200.0,1.0512,4,3,High,64.2,5.9,7.9,Hybrid,16.8
1944,Taylor Nguyen,11,2,11,2527,Female,Group B,25-34,2025-05-28,,,1,13.1,1-2 yr,1,28900.0,0.9519,4,2,Medium,86.7,3.8,1.6,Hybrid,13.1
1945,David Hunt,12,2,12,2450,Male,Group B,25-34,2025-11-05,2026-05-23,Voluntary,0,6.5,<1 yr,0,19200.0,1.0031,2,2,Medium,55.3,10.7,4.4,Hybrid,7.8
1946,Jeanette Collins,2,3,12,392,Male,Group A,45-54,2025-06-18,,,1,12.4,1-2 yr,1,25400.0,1.0681,4,1,Low,66.3,1.2,22.6,Hybrid,9.7
1947,Amanda Erickson,10,3,3,1605,Male,Group B,25-34,2025-05-07,,,1,13.8,1-2 yr,1,93800.0,1.0792,4,3,High,80.2,8.0,8.7,Onsite,7.6
1948,Thomas Quinn,4,7,13,131,Male,Group C,35-44,2024-11-08,,,1,19.7,1-2 yr,1,34700.0,0.9051,3,2,Medium,79.4,2.6,4.4,Hybrid,19.7
1949,Kenneth Jackson,6,3,12,2695,Female,Group B,25-34,2025-04-14,,,1,14.5,1-2 yr,1,22800.0,0.9588,3,3,High,70.9,3.5,17.8,Onsite,6.7
1950,Michelle Wilson,10,4,10,747,Male,Group A,<25,2025-10-07,,,1,8.7,<1 yr,0,78000.0,0.9326,3,1,Low,82.3,8.5,8.5,Onsite,8.7
1951,Lori Wright,7,2,11,1486,Female,Group B,55+,2026-01-31,2026-03-07,Voluntary,0,1.1,<1 yr,0,26600.0,0.8762,3,2,Medium,82.5,8.4,25.8,Hybrid,4.9
1952,Julie Cruz,1,8,14,2100,Male,Group D,25-34,2020-10-17,,,1,68.4,4-6 yr,3,159400.0,0.9554,4,3,High,64.3,11.2,0.0,Remote,12.9
1953,Jacqueline Wilson,12,2,1,1755,Male,Group E,<25,2024-03-30,,,1,27.0,2-4 yr,2,62700.0,0.95,2,3,High,70.5,1.7,32.6,Onsite,24.8
1954,Kyle Flynn,9,2,4,2134,Male,Group C,35-44,2023-07-06,,,1,35.8,2-4 yr,2,66300.0,1.0919,4,3,High,67.0,22.6,0.8,Hybrid,13.7
1955,John Thompson,8,1,1,725,Female,Group C,35-44,2026-04-09,,,1,2.7,<1 yr,0,53900.0,1.0365,2,2,Medium,90.6,5.8,7.4,Hybrid,2.7
1956,Lisa Holmes,1,2,10,2455,Female,Group B,<25,2026-04-24,2026-05-29,Involuntary,0,1.1,<1 yr,0,62000.0,0.921,2,3,High,76.8,5.5,0.0,Remote,2.2
1957,Martin Harrington,11,6,3,440,Female,Group E,25-34,2025-01-27,,,1,17.0,1-2 yr,1,114300.0,0.9138,3,3,High,53.7,6.9,0.0,Remote,17.0
1958,Austin Hanna,6,7,12,1733,Male,Group D,35-44,2024-03-26,2026-02-24,Voluntary,0,23.0,1-2 yr,1,47100.0,1.1438,3,3,High,37.1,7.3,0.0,Remote,17.6
1959,Scott Coleman,6,1,1,2778,Female,Group A,35-44,2025-04-22,,,1,14.3,1-2 yr,1,46200.0,0.8885,3,2,Medium,81.4,4.9,4.8,Hybrid,1.2
1960,Emily Ortiz,11,5,3,157,Male,Group E,45-54,2021-06-27,2025-05-09,Involuntary,0,46.4,2-4 yr,2,100000.0,0.9626,2,2,Medium,90.8,10.5,6.1,Onsite,4.3
1961,Anthony French,12,1,12,1510,Female,Group A,<25,2025-01-27,,,1,17.0,1-2 yr,1,12900.0,0.8554,3,3,High,73.5,37.5,0.0,Remote,11.6
1962,Emily Campbell,8,2,1,725,Male,Group D,25-34,2023-07-23,2025-02-08,Voluntary,0,18.6,1-2 yr,1,63400.0,0.9606,5,3,High,70.6,14.2,17.3,Onsite,16.2
1963,Monique Brooks,7,3,14,267,Male,Group A,35-44,2025-04-03,,,1,14.9,1-2 yr,1,87100.0,1.095,2,2,Medium,84.6,18.2,11.5,Hybrid,10.9
1964,Rodney Patterson,11,5,1,1081,Female,Group A,25-34,2025-09-14,,,1,9.5,<1 yr,0,102100.0,1.0418,3,2,Medium,71.0,5.7,5.8,Hybrid,9.5
1965,Caroline Lawson,11,2,13,1881,Male,Group E,35-44,2025-10-15,2026-06-03,Voluntary,0,7.6,<1 yr,0,18700.0,1.0494,3,3,High,79.4,8.5,19.5,Onsite,8.5
1966,Kristin Phillips,6,9,3,,Female,Group A,35-44,2020-09-11,,,1,69.6,4-6 yr,3,233300.0,1.0481,3,2,Medium,74.8,2.1,21.7,Hybrid,11.3
1967,Joshua Carlson,7,5,12,2517,Male,Group D,35-44,2022-10-17,2023-07-26,Voluntary,0,9.3,<1 yr,0,28400.0,0.9993,4,3,High,69.7,8.1,20.0,Onsite,5.2
1968,April Smith,12,1,5,1483,Male,Group D,35-44,2025-11-14,,,1,7.5,<1 yr,0,50900.0,0.9988,4,3,High,54.7,6.1,0.0,Remote,2.1
1969,Allison Meyer,12,2,11,240,Male,Group B,25-34,2026-04-06,,,1,2.8,<1 yr,0,31600.0,1.0408,3,3,High,67.1,11.5,9.6,Hybrid,2.8
1970,Charles Lopez,9,6,12,954,Male,Group B,25-34,2023-06-15,,,1,36.5,2-4 yr,2,32300.0,0.9439,4,3,High,59.8,5.1,0.0,Remote,10.1
1971,Monica Smith,4,7,3,1100,Male,Group B,25-34,2022-07-28,,,1,47.1,2-4 yr,2,148300.0,0.9853,3,3,High,77.9,13.4,0.8,Hybrid,2.1
1972,Eric Hicks,7,4,3,1904,Female,Group A,25-34,2024-04-14,,,1,26.5,2-4 yr,2,82700.0,0.9514,4,3,High,83.0,17.0,8.1,Hybrid,9.7
1973,Donald Bryant,11,4,11,1742,Female,Group A,25-34,2024-01-26,2025-07-12,Voluntary,0,17.5,1-2 yr,1,35500.0,0.9411,3,2,Medium,63.3,9.8,0.0,Remote,10.2
1974,Natalie Solomon,6,2,1,191,Female,Group A,35-44,2024-01-09,2025-12-02,Involuntary,0,22.8,1-2 yr,1,70700.0,1.0712,3,2,Medium,80.8,2.3,0.0,Remote,2.0
1975,Michael Gonzalez,8,4,13,533,Female,Group B,25-34,2022-07-25,,,1,47.2,2-4 yr,2,18700.0,0.8446,5,3,High,93.7,7.1,0.0,Remote,18.9
1976,David Anderson,11,6,6,1081,Non-binary,Group B,35-44,2023-03-26,2025-05-28,Voluntary,0,26.1,2-4 yr,2,170500.0,1.0175,3,1,Low,58.6,2.9,20.3,Hybrid,3.8
1977,Carlos Palmer,5,2,12,1061,Male,Group A,45-54,2023-06-28,2024-03-16,Voluntary,0,8.6,<1 yr,0,18300.0,0.9561,3,2,Medium,72.2,7.1,9.3,Onsite,10.3
1978,Justin Riley,4,5,3,1734,Male,Group A,45-54,2026-03-30,,,1,3.0,<1 yr,0,109500.0,1.0541,4,3,High,47.8,3.5,0.0,Remote,3.0
1979,Kevin Scott MD,2,2,12,14,Male,Group D,35-44,2026-04-18,,,1,2.4,<1 yr,0,20300.0,1.0606,4,3,High,70.2,10.1,11.5,Hybrid,2.4
1980,Raven Murphy,9,1,9,1746,Male,Group D,<25,2025-11-05,,,1,7.8,<1 yr,0,53500.0,0.8719,5,3,High,44.8,8.7,5.6,Hybrid,6.9
1981,Joshua Russell,12,2,8,2728,Female,Group C,25-34,2024-06-20,,,1,24.3,2-4 yr,2,29000.0,1.0717,3,3,High,91.3,2.1,0.2,Hybrid,5.5
1982,Danielle Reyes,9,6,13,981,Female,Group C,35-44,2023-10-03,,,1,32.9,2-4 yr,2,30600.0,0.9605,2,2,Medium,65.8,6.7,11.7,Onsite,4.0
1983,Paula Waller,3,4,13,592,Female,Group C,25-34,2024-09-29,,,1,21.0,1-2 yr,1,20300.0,0.9169,3,3,High,66.0,17.5,8.3,Hybrid,9.8
1984,Nicholas Rodriguez,6,4,8,1899,Male,Group B,45-54,2024-12-11,,,1,18.6,1-2 yr,1,31200.0,0.928,4,2,Medium,65.9,6.8,7.2,Hybrid,10.8
1985,Cameron Adkins,10,3,12,1821,Male,Group E,<25,2022-07-30,,,1,47.0,2-4 yr,2,25100.0,1.0555,1,1,Low,57.5,5.3,19.5,Onsite,8.8
1986,Joseph Sullivan,6,2,12,2695,Male,Group C,25-34,2025-02-12,,,1,16.5,1-2 yr,1,19300.0,1.0084,3,2,Medium,78.0,9.5,4.3,Hybrid,16.5
1987,Heather Schmitt,8,8,11,2084,Female,Group B,45-54,2023-06-05,,,1,36.8,2-4 yr,2,81200.0,1.0263,4,2,Medium,51.3,13.2,8.0,Hybrid,22.3
1988,Xavier Ochoa,5,3,1,805,Female,Group B,35-44,2025-10-02,,,1,8.9,<1 yr,0,78800.0,0.961,3,1,Low,58.9,9.5,23.1,Onsite,8.9
1989,Darryl Klein,5,1,14,2412,Female,Group E,35-44,2025-06-05,,,1,12.8,1-2 yr,1,54000.0,1.0706,3,3,High,100.0,10.3,11.2,Hybrid,4.3
1990,Keith Sanchez,5,7,7,324,Female,Group E,<25,2023-03-05,,,1,39.8,2-4 yr,2,164500.0,0.9342,3,3,High,54.2,7.5,8.0,Onsite,35.4
1991,Melissa Williams,6,3,7,2447,Female,Group A,45-54,2024-07-08,,,1,23.7,1-2 yr,1,102400.0,1.0071,3,3,High,80.3,1.8,28.1,Onsite,18.6
1992,Daniel Reeves,5,2,12,1781,Male,Group C,<25,2025-02-28,,,1,16.0,1-2 yr,1,20600.0,1.0763,3,2,Medium,59.6,5.4,0.0,Remote,16.0
1993,Michael Herring,9,3,3,963,Female,Group A,25-34,2023-10-21,,,1,32.3,2-4 yr,2,86200.0,0.9917,2,1,Low,54.2,8.6,31.3,Onsite,6.4
1994,Erica Hernandez,3,1,1,2712,Male,Group A,35-44,2025-08-12,,,1,10.6,<1 yr,0,56500.0,1.0865,3,3,High,87.3,13.1,10.4,Onsite,10.6
1995,Shaun Aguilar,3,3,3,59,Female,Group C,25-34,2022-08-25,,,1,46.2,2-4 yr,2,79700.0,0.9169,3,1,Low,48.4,18.8,9.3,Onsite,19.0
1996,Stephanie Moore,9,7,1,456,Male,Group C,35-44,2025-08-10,,,1,10.6,<1 yr,0,142900.0,1.0063,3,3,High,77.6,2.9,4.0,Hybrid,10.6
1997,Alexander Velez,8,1,12,1807,Male,Group A,45-54,2025-12-16,,,1,6.4,<1 yr,0,14400.0,0.9549,5,3,High,70.0,4.4,15.8,Hybrid,6.4
1998,Charles Williams,9,1,5,2134,Male,Group B,35-44,2024-10-24,,,1,20.2,1-2 yr,1,53100.0,1.042,4,3,High,55.0,3.6,0.0,Remote,18.5
1999,Christy Tucker,12,4,1,2729,Female,Group D,25-34,2024-05-25,,,1,25.2,2-4 yr,2,82500.0,1.0061,4,2,Medium,47.6,8.6,11.0,Onsite,18.5
2000,Amanda French,9,1,10,1746,Female,Group A,25-34,2025-09-21,,,1,9.3,<1 yr,0,51900.0,0.9785,5,3,High,70.3,7.1,11.6,Hybrid,9.3
2001,Elizabeth Andrews,4,5,11,2693,Female,Group D,35-44,2023-10-20,,,1,32.3,2-4 yr,2,41100.0,0.9117,3,2,Medium,71.4,9.5,12.5,Hybrid,28.9
2002,Diane Crawford,8,6,1,656,Male,Group C,35-44,2025-10-16,,,1,8.4,<1 yr,0,134600.0,1.1407,3,2,Medium,91.5,6.3,0.9,Hybrid,7.2
2003,Victoria Burke DVM,6,2,10,272,Male,Group B,55+,2025-03-22,,,1,15.3,1-2 yr,1,70000.0,1.0398,4,3,High,98.0,7.0,0.0,Remote,12.1
2004,Yvonne Parks,10,8,13,1480,Male,Group D,<25,2023-08-29,2025-02-10,Voluntary,0,17.4,1-2 yr,1,53900.0,1.1606,4,2,Medium,46.7,15.5,0.0,Remote,10.1
2005,Kevin Gray,9,6,4,963,Female,Group C,25-34,2024-07-20,,,1,23.3,1-2 yr,1,96900.0,0.8926,2,1,Low,32.6,12.7,4.9,Hybrid,14.0
2006,Julia Ingram,8,8,8,2084,Female,Group D,25-34,2020-03-06,,,1,75.8,6+ yr,4,70500.0,0.9997,4,2,Medium,54.7,11.5,15.7,Onsite,15.6
2007,Lisa Casey,2,2,3,439,Female,Group C,35-44,2025-08-21,,,1,10.3,<1 yr,0,55100.0,0.7876,5,3,High,88.5,27.2,15.0,Onsite,10.3
2008,Michael Steele,12,3,14,1510,Male,Group A,25-34,2025-05-22,,,1,13.3,1-2 yr,1,84100.0,1.0573,2,2,Medium,81.5,8.1,0.0,Remote,8.9
2009,Sonia Hull,6,1,4,1899,Male,Group A,55+,2025-10-22,,,1,8.2,<1 yr,0,49600.0,1.0368,3,2,Medium,56.2,1.7,0.0,Remote,8.2
2010,Roger Fitzpatrick,9,3,8,661,Female,Group A,55+,2024-01-19,,,1,29.3,2-4 yr,2,32600.0,0.9697,3,3,High,43.2,3.7,18.8,Onsite,29.3
2011,Andrew Guerrero,11,4,2,928,Female,Group A,25-34,2022-08-08,,,1,46.7,2-4 yr,2,75800.0,0.9834,2,1,Low,65.3,12.5,0.0,Remote,4.7
2012,Diane Lee,11,2,1,1551,Female,Group A,25-34,2025-07-27,,,1,11.1,<1 yr,0,63700.0,0.9652,3,3,High,65.2,3.4,12.2,Hybrid,11.1
2013,Alan Jackson,4,3,2,1818,Non-binary,Group A,45-54,2023-02-15,,,1,40.4,2-4 yr,2,77400.0,1.0042,3,2,Medium,73.6,8.5,14.2,Hybrid,9.9
2014,Tanya Love,2,4,9,327,Male,Group C,55+,2023-10-28,,,1,32.1,2-4 yr,2,99100.0,1.0242,4,2,Medium,71.2,1.8,12.4,Hybrid,20.2
2015,Isaiah Rowland II,2,4,13,798,Male,Group A,25-34,2022-06-19,,,1,48.4,4-6 yr,3,22600.0,1.0208,2,1,Low,74.5,17.5,12.9,Hybrid,5.3
2016,Brian Horn,9,1,9,1746,Female,Group C,<25,2024-11-01,2025-07-18,Voluntary,0,8.5,<1 yr,0,58500.0,0.9534,4,2,Medium,58.6,2.2,26.9,Onsite,12.1
2017,Chelsea Garcia,4,3,5,2606,Female,Group D,35-44,2024-12-29,,,1,18.0,1-2 yr,1,78000.0,0.9706,2,2,Medium,74.0,2.5,0.0,Remote,7.6
2018,Ana Hickman,1,3,13,596,Male,Group B,35-44,2023-10-11,,,1,32.6,2-4 yr,2,21700.0,0.9801,3,3,High,76.3,6.5,0.0,Remote,23.6
2019,Frank Walker,4,2,1,607,Male,Group B,45-54,2026-03-15,,,1,3.5,<1 yr,0,64500.0,0.9773,4,1,Low,37.8,6.8,10.0,Hybrid,3.5
2020,Travis Ball,6,1,2,932,Female,Group A,45-54,2024-08-03,,,1,22.9,1-2 yr,1,48600.0,0.9943,2,1,Low,54.0,2.3,0.0,Remote,6.0
2021,Jacob Bennett,2,3,14,798,Female,Group A,45-54,2025-09-02,,,1,9.9,<1 yr,0,84600.0,1.0636,3,2,Medium,36.6,8.9,11.2,Hybrid,9.9
2022,Rebecca Smith,1,4,12,842,Male,Group A,35-44,2024-04-26,,,1,26.1,2-4 yr,2,24400.0,1.0261,3,3,High,82.9,11.3,3.8,Hybrid,23.2
2023,Carlos Clark,6,4,13,2462,Male,Group E,25-34,2023-01-03,,,1,41.9,2-4 yr,2,25400.0,1.1472,5,3,High,70.1,26.9,1.4,Hybrid,3.1
2024,Courtney Hunter,10,3,13,1196,Female,Group B,35-44,2022-05-12,,,1,49.6,4-6 yr,3,23200.0,1.0479,3,3,High,87.2,6.5,8.6,Hybrid,3.9
2025,David Rivers,4,1,11,2693,Male,Group D,25-34,2026-04-07,2026-05-22,Involuntary,0,1.5,<1 yr,0,23300.0,0.9741,2,2,Medium,42.3,12.3,12.8,Hybrid,1.8
2026,Sheryl Gonzalez,4,1,10,2666,Non-binary,Group A,35-44,2024-08-02,,,1,22.9,1-2 yr,1,45100.0,0.8503,2,1,Low,55.3,21.2,0.0,Remote,6.2
2027,William Parks,6,2,13,2462,Male,Group D,35-44,2024-08-24,,,1,22.2,1-2 yr,1,16700.0,0.9371,3,2,Medium,91.2,10.8,15.1,Hybrid,5.5
2028,Michael Huynh,3,3,12,592,Non-binary,Group D,25-34,2025-05-02,,,1,13.9,1-2 yr,1,25500.0,1.0723,2,2,Medium,90.4,2.4,0.0,Remote,10.6
2029,Tina Moss,9,2,12,954,Female,Group A,25-34,2023-07-07,,,1,35.8,2-4 yr,2,18800.0,0.9822,4,3,High,95.7,41.0,0.0,Remote,8.5
2030,Albert Gordon,5,3,3,1091,Male,Group C,55+,2024-07-26,2024-11-12,Voluntary,0,3.6,<1 yr,0,82700.0,0.9514,4,3,High,82.7,7.9,12.3,Hybrid,23.1
2031,Chad Gutierrez,1,4,1,204,Male,Group D,<25,2022-09-15,,,1,45.5,2-4 yr,2,83100.0,1.0134,3,2,Medium,48.9,3.7,13.1,Onsite,28.4
2032,Anthony Bailey,12,5,4,845,Female,Group C,35-44,2023-05-14,,,1,37.5,2-4 yr,2,77800.0,0.8629,2,3,High,77.2,1.5,6.7,Hybrid,5.7
2033,Christy Woodward,6,2,12,1285,Female,Group A,25-34,2026-04-19,,,1,2.4,<1 yr,0,17800.0,0.93,5,3,High,70.7,8.9,17.4,Hybrid,2.4
2034,Betty Serrano,2,2,12,1803,Male,Group C,<25,2024-10-26,,,1,20.1,1-2 yr,1,20700.0,1.0815,4,3,High,89.0,3.5,5.6,Hybrid,15.4
2035,David Mills,2,4,5,2791,Female,Group D,25-34,2023-05-05,,,1,37.8,2-4 yr,2,82400.0,1.0254,3,2,Medium,58.3,10.7,0.0,Remote,5.5
2036,Nancy Woods,2,3,12,392,Female,Group A,25-34,2024-10-28,,,1,20.0,1-2 yr,1,24300.0,1.0219,3,3,High,79.9,2.7,30.0,Onsite,20.0
2037,Arthur Miller,9,8,1,453,Female,Group D,25-34,2020-07-06,,,1,71.8,4-6 yr,3,186300.0,1.0831,3,2,Medium,88.0,8.2,15.4,Onsite,8.4
2038,Maria Steele,12,3,12,1510,Non-binary,Group A,45-54,2024-04-21,,,1,26.3,2-4 yr,2,21400.0,0.8999,2,2,Medium,77.1,5.9,2.8,Onsite,11.3
2039,Luis Wilson,4,1,12,488,Male,Group E,35-44,2025-03-31,,,1,15.0,1-2 yr,1,13800.0,0.9151,2,1,Low,59.7,8.0,2.9,Hybrid,15.0
2040,Carrie Ruiz,8,6,5,725,Male,Group B,25-34,2020-06-30,,,1,72.0,4-6 yr,3,129600.0,1.1207,4,1,Low,82.8,12.7,0.0,Remote,21.7
2041,Angela Miller,8,6,3,2624,Female,Group A,35-44,2023-12-26,2024-10-14,Involuntary,0,9.6,<1 yr,0,123300.0,0.9858,2,2,Medium,54.4,15.9,5.4,Hybrid,11.7
2042,Steven Perez,3,2,10,2308,Male,Group A,25-34,2024-01-23,,,1,29.2,2-4 yr,2,64800.0,0.9626,3,2,Medium,59.3,3.1,26.2,Hybrid,6.7
2043,Bruce Harrison,10,3,1,1605,Male,Group B,35-44,2024-01-08,,,1,29.7,2-4 yr,2,87200.0,1.0634,3,2,Medium,71.1,9.8,11.2,Hybrid,29.7
2044,Jessica Huffman,7,6,12,2517,Male,Group A,45-54,2022-12-26,,,1,42.1,2-4 yr,2,36500.0,1.0666,2,2,Medium,89.1,5.7,1.5,Hybrid,28.2
2045,Joshua Curtis,5,1,4,385,Male,Group B,25-34,2024-07-22,,,1,23.3,1-2 yr,1,48400.0,1.0117,3,2,Medium,96.7,6.8,10.5,Onsite,6.1
2046,Samuel Burns,8,5,12,1807,Male,Group E,35-44,2024-12-17,,,1,18.4,1-2 yr,1,25600.0,0.9008,5,3,High,76.5,6.4,11.3,Hybrid,1.8
2047,Cassandra Jackson,11,9,12,,Male,Group B,35-44,2024-07-04,,,1,23.9,1-2 yr,1,63900.0,1.0493,4,3,High,64.1,10.7,14.3,Hybrid,20.4
2048,Bianca White,3,9,12,,Male,Group C,25-34,2022-01-29,2024-03-14,Involuntary,0,25.5,2-4 yr,2,55600.0,0.913,4,3,High,63.8,12.7,4.4,Hybrid,11.9
2049,Brad Galloway,4,3,5,1734,Female,Group A,35-44,2022-07-25,,,1,47.2,2-4 yr,2,76800.0,0.9557,3,3,High,61.9,3.2,0.0,Remote,9.7
2050,Kristin Cohen,11,6,1,1551,Male,Group A,25-34,2020-08-27,,,1,70.1,4-6 yr,3,122900.0,1.0415,3,2,Medium,75.7,11.5,11.7,Onsite,11.5
2051,Kimberly Shaw,9,4,3,2134,Female,Group B,25-34,2024-11-09,,,1,19.6,1-2 yr,1,85800.0,0.9871,4,3,High,84.6,12.6,16.3,Onsite,17.5
2052,James Graham,6,3,6,137,Male,Group C,45-54,2025-10-16,,,1,8.4,<1 yr,0,114500.0,0.9833,2,1,Low,53.9,3.9,2.6,Hybrid,8.4
2053,Garrett Brock,10,2,11,747,Male,Group A,55+,2024-07-09,2024-12-20,Involuntary,0,5.4,<1 yr,0,27800.0,0.9157,3,2,Medium,72.1,3.3,0.0,Remote,5.6
2054,Dana Bryant,1,8,12,2100,Female,Group C,35-44,2022-03-08,,,1,51.7,4-6 yr,3,42200.0,0.846,2,3,High,64.1,10.6,3.7,Hybrid,9.4
2055,Benjamin Scott,9,2,1,2667,Female,Group A,35-44,2024-01-28,,,1,29.0,2-4 yr,2,61800.0,0.9364,3,2,Medium,68.4,9.9,0.0,Remote,3.2
2056,Marc Anderson,12,2,9,1363,Female,Group B,25-34,2025-01-03,,,1,17.8,1-2 yr,1,83500.0,1.0722,5,3,High,67.7,0.9,9.6,Hybrid,15.7
2057,Jean Murphy,9,8,3,231,Male,Group E,35-44,2018-08-20,,,1,94.3,6+ yr,4,171500.0,0.9407,3,3,High,67.3,1.4,28.3,Onsite,3.7
2058,Charlotte Crosby,9,6,9,1746,Male,Group B,35-44,2021-11-28,,,1,55.0,4-6 yr,3,162000.0,1.1635,4,3,High,59.1,3.8,19.8,Onsite,18.9
2059,Timothy Ward,7,2,8,937,Male,Group C,35-44,2024-08-05,,,1,22.8,1-2 yr,1,24000.0,0.8869,3,3,High,88.8,6.4,23.4,Onsite,9.4
2060,Jonathan Gillespie,7,7,1,1783,Female,Group D,35-44,2022-08-21,,,1,46.3,2-4 yr,2,127800.0,0.9,3,2,Medium,61.0,4.0,64.4,Onsite,18.1
2061,Michelle Stewart,1,1,14,842,Female,Group A,45-54,2025-12-14,,,1,6.5,<1 yr,0,48700.0,0.9655,4,3,High,81.7,5.8,24.1,Onsite,6.5
2062,Jeffrey Garcia,11,6,12,1618,Male,Group E,25-34,2023-08-03,,,1,34.9,2-4 yr,2,34100.0,0.9965,2,2,Medium,49.1,2.5,5.1,Hybrid,4.7
2063,Dalton Pacheco,5,7,11,2555,Male,Group D,55+,2019-05-28,,,1,85.1,6+ yr,4,69000.0,1.0563,4,2,Medium,74.4,4.6,9.5,Hybrid,9.0
2064,Christy Manning,12,5,5,1549,Male,Group B,55+,2023-10-05,,,1,32.8,2-4 yr,2,91000.0,0.9475,3,3,High,58.6,9.5,0.0,Remote,2.2
2065,Timothy Green,2,3,11,2358,Male,Group A,45-54,2022-08-04,,,1,46.8,2-4 yr,2,39700.0,1.0525,3,3,High,67.5,12.1,10.0,Hybrid,6.3
2066,Tyler Johnson,2,6,1,2279,Male,Group E,35-44,2024-05-29,,,1,25.0,2-4 yr,2,135200.0,1.1458,2,2,Medium,69.4,3.8,23.0,Onsite,22.1
2067,Chelsea Neal,4,1,1,1818,Male,Group B,35-44,2025-11-18,,,1,7.4,<1 yr,0,53900.0,1.0365,5,2,Medium,88.4,3.4,0.0,Remote,7.4
2068,Brittany Garcia,2,5,12,14,Male,Group D,25-34,2026-01-08,,,1,5.7,<1 yr,0,30400.0,1.0697,3,2,Medium,81.8,19.9,0.0,Remote,5.7
2069,Cassandra Orr,2,2,11,116,Male,Group B,<25,2025-11-13,,,1,7.5,<1 yr,0,30700.0,1.0112,4,3,High,48.8,7.8,9.9,Onsite,7.5
2070,Rebecca Tapia,11,2,11,1742,Female,Group E,55+,2025-08-05,2026-05-24,Involuntary,0,9.6,<1 yr,0,30800.0,1.0145,2,3,High,71.3,26.0,0.0,Remote,10.8
2071,Emily Anderson DDS,7,9,7,,Female,Group B,<25,2018-11-13,,,1,91.5,6+ yr,4,280600.0,1.0776,1,1,Low,61.4,8.9,4.2,Hybrid,11.6
2072,Jill Wallace,2,2,14,14,Female,Group E,35-44,2025-04-17,,,1,14.4,1-2 yr,1,61200.0,0.956,2,1,Low,64.6,0.1,0.0,Remote,14.4
2073,Bianca Campbell,11,2,12,1603,Female,Group A,55+,2023-11-26,2025-08-21,Voluntary,0,20.8,1-2 yr,1,20900.0,1.092,4,2,Medium,67.8,11.0,12.9,Onsite,23.1
2074,Maurice Lucas Jr.,5,5,3,385,Female,Group B,35-44,2024-04-23,,,1,26.2,2-4 yr,2,99800.0,0.9607,4,3,High,40.8,16.3,2.6,Hybrid,26.2
2075,Benjamin Short,11,3,4,625,Male,Group B,35-44,2023-03-15,,,1,39.5,2-4 yr,2,66000.0,0.8749,3,3,High,23.9,6.6,6.7,Hybrid,9.5
2076,Elizabeth Simon,1,2,8,284,Female,Group B,35-44,2025-07-25,,,1,11.2,<1 yr,0,25700.0,0.9497,4,3,High,61.9,4.8,0.0,Remote,11.2
2077,Samantha Kirk,4,1,12,1135,Female,Group A,35-44,2026-05-28,2026-06-08,Voluntary,0,0.4,<1 yr,0,13600.0,0.9019,4,1,Low,57.7,4.7,4.7,Onsite,1.1
2078,Jerry Tyler,9,2,5,1996,Female,Group E,35-44,2024-12-16,,,1,18.4,1-2 yr,1,62100.0,0.9601,1,2,Medium,81.3,35.1,0.0,Remote,4.5
2079,Jessica Harrison,4,3,9,2666,Male,Group E,<25,2023-08-04,,,1,34.9,2-4 yr,2,105200.0,1.0872,3,2,Medium,75.6,18.1,0.0,Remote,26.5
2080,Kathleen Chaney,7,6,5,2173,Female,Group D,35-44,2020-08-12,,,1,70.6,4-6 yr,3,109300.0,0.9452,2,1,Low,87.3,16.9,0.0,Remote,14.5
2081,Misty Rodriguez,9,5,8,2325,Female,Group B,25-34,2025-12-20,,,1,6.3,<1 yr,0,38400.0,0.9557,2,1,Low,75.4,5.1,4.1,Hybrid,1.8
2082,Carol Jordan,8,4,6,2624,Female,Group A,45-54,2025-01-07,,,1,17.7,1-2 yr,1,103200.0,0.8863,4,3,High,85.2,11.4,3.0,Onsite,14.0
2083,Michele Morrison,10,2,3,399,Male,Group B,35-44,2025-09-07,,,1,9.7,<1 yr,0,63400.0,0.9062,4,2,Medium,81.3,2.1,0.0,Remote,9.7
2084,Michael Hamilton,8,9,11,,Female,Group A,55+,2025-08-22,2026-06-15,Voluntary,0,9.8,<1 yr,0,104000.0,1.0766,3,3,High,50.8,11.5,18.6,Onsite,8.9
2085,Stephanie Sherman,6,2,6,932,Male,Group E,25-34,2024-03-23,,,1,27.2,2-4 yr,2,89900.0,0.9592,3,1,Low,96.0,8.5,8.2,Hybrid,8.0
2086,Holly Ellis,6,3,4,137,Male,Group E,35-44,2025-08-14,,,1,10.5,<1 yr,0,76900.0,1.0194,3,3,High,53.7,5.1,25.2,Onsite,10.5
2087,Patrick Smith,3,1,9,2650,Male,Group B,25-34,2026-01-15,,,1,5.5,<1 yr,0,65700.0,1.0707,3,1,Low,59.3,3.3,8.5,Onsite,1.0
2088,Dr. Wendy Rogers MD,5,4,13,1194,Female,Group A,35-44,2022-08-24,,,1,46.2,2-4 yr,2,22900.0,1.0343,4,2,Medium,57.8,3.9,9.4,Hybrid,6.6
2089,Steven Bowen,4,3,11,2693,Female,Group B,45-54,2024-10-11,,,1,20.6,1-2 yr,1,37800.0,1.0021,3,3,High,50.2,15.5,13.0,Onsite,15.4
2090,Sharon Jimenez,7,8,12,1384,Female,Group B,25-34,2023-04-18,,,1,38.4,2-4 yr,2,48800.0,0.9783,3,2,Medium,71.8,13.6,0.0,Remote,13.1
2091,Daniel Parker,9,4,13,954,Male,Group D,<25,2025-06-13,2026-04-03,Involuntary,0,9.7,<1 yr,0,22300.0,1.0072,2,2,Medium,65.9,13.8,0.0,Remote,12.5
2092,Charles Hanson,9,3,7,2134,Male,Group C,25-34,2022-07-04,,,1,47.9,2-4 yr,2,97800.0,0.9618,3,3,High,61.7,11.6,1.5,Hybrid,3.8
2093,Robert Martinez,3,6,9,2308,Female,Group E,25-34,2023-01-03,,,1,41.9,2-4 yr,2,136900.0,0.9832,2,2,Medium,78.4,2.3,6.5,Onsite,27.6
2094,Hannah Alvarez,9,5,12,954,Male,Group B,35-44,2025-01-14,,,1,17.5,1-2 yr,1,29800.0,1.0486,4,3,High,82.4,11.7,16.5,Onsite,12.5
2095,Sarah Byrd,8,7,9,1987,Male,Group B,<25,2022-08-13,,,1,46.6,2-4 yr,2,173200.0,1.0337,2,2,Medium,87.7,9.9,4.2,Hybrid,31.9
2096,Keith Johnson,7,1,13,2517,Male,Group B,35-44,2026-04-21,,,1,2.3,<1 yr,0,15500.0,1.104,4,1,Low,75.4,6.1,17.4,Onsite,2.3
2097,Hannah Long,6,2,12,1958,Female,Group B,<25,2023-09-12,,,1,33.6,2-4 yr,2,20500.0,1.0711,5,3,High,86.8,8.0,5.5,Hybrid,20.0
2098,Ricardo Wilson,10,4,10,470,Male,Group A,45-54,2024-07-15,,,1,23.5,1-2 yr,1,87200.0,1.0426,3,3,High,83.5,2.3,10.4,Hybrid,9.6
2099,Michael Contreras,10,7,12,1203,Male,Group E,<25,2025-12-12,2026-02-05,Voluntary,0,1.8,<1 yr,0,49600.0,1.2045,5,3,High,80.4,7.1,0.3,Hybrid,6.6
2100,Thomas Adams,1,9,13,,Female,Group B,25-34,2021-05-13,,,1,61.6,4-6 yr,3,51600.0,0.9101,2,1,Low,96.1,15.6,6.7,Hybrid,24.5
2101,Tony Singh,8,5,5,2546,Male,Group A,25-34,2021-11-27,,,1,55.1,4-6 yr,3,98500.0,1.0256,3,3,High,64.0,1.6,0.0,Remote,7.0
2102,Victor James,10,2,4,694,Male,Group B,45-54,2023-12-16,,,1,30.5,2-4 yr,2,51000.0,0.8399,3,3,High,65.4,3.0,10.2,Hybrid,18.8
2103,Karen Morris,12,2,8,1639,Female,Group D,45-54,2023-09-25,2024-09-13,Voluntary,0,11.6,<1 yr,0,28100.0,1.0384,4,3,High,57.2,9.1,18.1,Onsite,33.1
2104,Lauren Flores,10,3,5,2708,Male,Group A,45-54,2022-10-21,2024-10-09,Involuntary,0,23.6,1-2 yr,1,82600.0,1.0279,3,2,Medium,56.3,5.3,0.0,Remote,17.3
2105,George Sharp,3,8,4,975,Male,Group B,35-44,2021-11-24,,,1,55.2,4-6 yr,3,171900.0,1.0863,4,2,Medium,55.0,4.0,12.1,Onsite,8.7
2106,Kyle Allen,10,2,12,1196,Male,Group C,35-44,2026-04-12,2026-05-04,Voluntary,0,0.7,<1 yr,0,16100.0,0.8412,3,2,Medium,92.8,7.0,51.2,Onsite,1.2
2107,Kevin Smith,6,5,12,1285,Female,Group E,25-34,2022-11-03,2025-04-30,Voluntary,0,29.9,2-4 yr,2,28400.0,0.9993,3,3,High,67.8,24.8,2.7,Hybrid,22.8
2108,Lori French,10,2,12,1196,Male,Group B,25-34,2025-05-20,,,1,13.3,1-2 yr,1,19900.0,1.0397,3,1,Low,73.1,15.1,0.0,Remote,8.6
2109,Adam Kramer,3,2,12,592,Male,Group C,55+,2023-12-05,,,1,30.8,2-4 yr,2,19900.0,1.0397,3,1,Low,64.3,11.2,3.3,Hybrid,9.1
2110,Michael Farley,2,4,12,392,Female,Group D,35-44,2024-12-26,,,1,18.1,1-2 yr,1,25200.0,1.0597,3,1,Low,87.6,4.0,9.9,Onsite,18.1
2111,Angela Campbell,12,2,10,240,Female,Group A,55+,2026-02-20,,,1,4.3,<1 yr,0,68300.0,1.0146,5,3,High,69.0,10.0,12.3,Onsite,4.3
2112,Christopher Stevens,7,3,4,1930,Male,Group A,35-44,2024-02-02,,,1,28.9,2-4 yr,2,74100.0,0.9822,5,3,High,74.2,22.7,1.5,Hybrid,24.3
2113,Matthew Simpson,1,4,4,284,Male,Group C,35-44,2026-04-05,2026-06-23,Voluntary,0,2.6,<1 yr,0,65900.0,0.8735,3,3,High,65.8,9.0,2.5,Hybrid,2.8
2114,Vanessa Perry,9,3,3,2134,Male,Group C,45-54,2025-08-10,,,1,10.6,<1 yr,0,85700.0,0.986,4,2,Medium,50.6,0.9,0.0,Remote,9.1
2115,Alexis Wilson,5,4,7,556,Male,Group D,45-54,2025-02-19,,,1,16.3,1-2 yr,1,96000.0,0.9441,3,2,Medium,59.8,4.4,19.6,Hybrid,14.2
2116,Christina Owens,2,5,7,1429,Female,Group A,25-34,2025-07-13,,,1,11.6,<1 yr,0,118900.0,0.9784,3,2,Medium,60.1,20.8,20.1,Onsite,11.6
2117,Crystal Dixon,11,3,10,1364,Male,Group D,25-34,2024-09-06,,,1,21.7,1-2 yr,1,81400.0,0.9732,4,2,Medium,81.3,4.7,2.0,Hybrid,6.9
2118,Marie Diaz,8,3,10,2221,Male,Group A,35-44,2023-02-21,,,1,40.2,2-4 yr,2,90200.0,1.0784,3,1,Low,61.6,2.4,7.2,Onsite,5.6
2119,Joshua Hill,10,6,10,747,Male,Group B,35-44,2023-08-04,,,1,34.9,2-4 yr,2,107400.0,0.8923,4,3,High,96.4,8.7,25.4,Hybrid,2.7
2120,Michael Henderson PhD,2,1,12,1803,Male,Group C,25-34,2025-06-27,2025-09-28,Voluntary,0,3.1,<1 yr,0,16300.0,1.0809,5,2,Medium,61.9,1.7,3.9,Hybrid,12.1
2121,Suzanne Lane,2,3,9,116,Male,Group A,45-54,2022-10-02,,,1,44.9,2-4 yr,2,89300.0,0.9229,4,2,Medium,78.7,3.2,5.1,Hybrid,2.7
2122,Jordan Frey,3,3,8,592,Female,Group A,35-44,2022-12-21,,,1,42.3,2-4 yr,2,31400.0,0.934,3,2,Medium,90.5,19.3,12.0,Onsite,25.6
2123,Ashley Davis,4,1,14,1948,Female,Group C,35-44,2026-03-01,,,1,4.0,<1 yr,0,47300.0,0.9377,4,3,High,66.9,12.6,21.7,Hybrid,4.0
2124,Dr. Matthew Hall,7,1,6,1904,Non-binary,Group D,25-34,2026-04-23,,,1,2.2,<1 yr,0,66600.0,0.902,3,2,Medium,95.3,16.4,12.6,Onsite,2.2
2125,Latasha Powell,2,3,12,14,Female,Group B,25-34,2024-09-05,,,1,21.8,1-2 yr,1,22300.0,0.9378,5,3,High,59.5,2.9,25.0,Hybrid,17.2
2126,Brittany Lee,9,4,13,954,Female,Group A,25-34,2023-08-22,,,1,34.3,2-4 yr,2,22600.0,1.0208,3,2,Medium,71.9,9.4,0.0,Remote,6.9
2127,Amber Hart,4,4,12,1260,Female,Group A,25-34,2024-06-05,,,1,24.8,2-4 yr,2,26200.0,1.1018,3,2,Medium,67.9,7.9,33.8,Onsite,20.4
2128,Christine Sweeney,4,8,5,918,Female,Group B,25-34,2022-10-13,,,1,44.5,2-4 yr,2,157500.0,0.9344,4,3,High,50.8,17.2,0.0,Remote,10.9
2129,Jeremy Black,8,3,1,2624,Male,Group A,45-54,2025-06-29,,,1,12.0,<1 yr,0,79500.0,0.9695,3,1,Low,75.6,10.0,3.4,Onsite,12.0
2130,Lindsay Lawrence,12,4,12,1510,Male,Group B,55+,2024-06-18,,,1,24.4,2-4 yr,2,25900.0,1.0892,3,3,High,69.1,4.5,0.0,Remote,19.0
2131,Mikayla Morales,1,3,3,284,Male,Group C,35-44,2022-12-12,,,1,42.6,2-4 yr,2,84500.0,0.9722,3,3,High,79.7,4.2,7.0,Hybrid,5.2
2132,Crystal Long,3,3,6,2213,Male,Group D,25-34,2023-05-27,2024-11-02,Voluntary,0,17.2,1-2 yr,1,123700.0,1.0623,3,3,High,69.9,12.2,8.4,Onsite,1.4
2133,Amanda Lewis,4,8,5,918,Male,Group E,35-44,2026-06-05,,,1,0.8,<1 yr,0,156000.0,0.9255,3,2,Medium,45.3,5.5,0.0,Remote,0.8
2134,Michelle Wallace,9,7,5,1175,Male,Group A,45-54,2025-10-19,,,1,8.3,<1 yr,0,131200.0,0.9428,2,3,High,83.3,4.2,0.0,Remote,4.0
2135,Katie Jenkins,1,2,11,1447,Male,Group A,45-54,2024-12-19,,,1,18.3,1-2 yr,1,29300.0,0.9651,3,2,Medium,76.8,3.0,11.2,Hybrid,7.7
2136,Brianna Moreno,12,1,12,2632,Female,Group B,45-54,2025-01-11,,,1,17.6,1-2 yr,1,15100.0,1.0013,3,2,Medium,63.0,12.5,48.5,Onsite,14.7
2137,Veronica Carrillo,4,4,14,488,Male,Group A,25-34,2022-08-09,,,1,46.7,2-4 yr,2,78000.0,0.9806,2,1,Low,97.9,7.1,8.8,Hybrid,43.7
2138,Kelly Hernandez,1,1,11,1447,Female,Group E,45-54,2025-11-25,,,1,7.1,<1 yr,0,22600.0,0.9448,2,1,Low,87.7,24.1,20.3,Hybrid,7.1
2139,Richard Miller,11,8,5,2782,Female,Group A,25-34,2024-03-05,,,1,27.8,2-4 yr,2,177500.0,1.053,3,2,Medium,76.9,5.8,0.0,Remote,20.1
2140,Steven Farrell,12,1,6,2729,Female,Group C,35-44,2024-08-21,,,1,22.3,1-2 yr,1,60700.0,0.822,3,3,High,100.0,16.2,5.0,Hybrid,17.1
2141,Brandon Cameron,7,8,1,702,Male,Group A,25-34,2019-09-01,,,1,81.9,6+ yr,4,179300.0,1.0424,4,2,Medium,86.4,9.2,26.3,Hybrid,7.5
2142,Elizabeth Parker MD,5,9,1,,Female,Group C,35-44,2019-02-16,,,1,88.4,6+ yr,4,194500.0,0.9262,3,1,Low,70.0,14.7,0.0,Remote,11.4
2143,Stephanie Phillips,12,5,3,2729,Female,Group D,25-34,2023-01-02,,,1,41.9,2-4 yr,2,105900.0,1.0194,2,2,Medium,91.8,1.9,6.0,Onsite,16.6
2144,Taylor Hoover,9,9,8,,Male,Group C,25-34,2021-11-16,,,1,55.4,4-6 yr,3,94900.0,1.1022,1,1,Low,67.7,4.9,4.1,Hybrid,12.3
2145,Ashley Martinez,8,3,12,865,Male,Group A,<25,2025-09-16,,,1,9.4,<1 yr,0,26900.0,1.1312,2,1,Low,70.8,9.0,12.9,Hybrid,9.4
2146,Daniel Hunter,5,3,12,599,Female,Group C,35-44,2025-06-24,,,1,12.2,1-2 yr,1,21100.0,0.8873,2,2,Medium,61.4,5.0,0.0,Remote,12.2
2147,Kelly Lee,11,8,12,515,Female,Group A,25-34,2021-02-19,,,1,64.3,4-6 yr,3,47900.0,0.9603,3,2,Medium,78.0,2.1,12.1,Onsite,29.1
2148,Kenneth Miller,5,2,2,556,Female,Group A,35-44,2024-03-12,,,1,27.6,2-4 yr,2,60000.0,0.9671,5,3,High,87.7,12.1,17.1,Onsite,23.1
2149,Daniel Fisher,11,7,8,884,Male,Group A,55+,2021-01-06,,,1,65.7,4-6 yr,3,61600.0,1.0581,4,3,High,60.7,13.5,5.8,Hybrid,6.7
2150,Kenneth Hawkins,11,6,3,1081,Male,Group A,25-34,2024-09-18,,,1,21.4,1-2 yr,1,125300.0,1.0018,4,2,Medium,43.3,4.2,36.7,Hybrid,8.1
2151,William Davis,7,2,3,1163,Female,Group B,25-34,2025-06-29,,,1,12.0,<1 yr,0,71400.0,1.0206,2,3,High,81.3,4.3,0.0,Remote,10.0
2152,Jason Hendrix,9,5,3,402,Female,Group B,25-34,2021-08-27,,,1,58.1,4-6 yr,3,105800.0,1.0185,3,3,High,74.7,9.1,8.9,Hybrid,4.1
2153,Christina Schmidt,10,4,9,470,Male,Group D,35-44,2023-08-11,2025-05-31,Voluntary,0,21.6,1-2 yr,1,101400.0,1.048,4,3,High,87.8,6.8,0.0,Remote,33.3
2154,Seth Craig,5,3,5,556,Male,Group D,45-54,2022-10-23,,,1,44.2,2-4 yr,2,75100.0,0.9345,2,1,Low,78.7,1.2,0.0,Remote,44.2
2155,Stacey Santos,4,2,11,2666,Female,Group A,25-34,2024-03-13,,,1,27.6,2-4 yr,2,25300.0,0.8333,2,2,Medium,74.9,12.0,4.8,Hybrid,7.6
2156,Anna Duncan,6,3,9,2158,Female,Group B,55+,2024-07-20,,,1,23.3,1-2 yr,1,94600.0,0.9777,2,2,Medium,39.0,5.8,14.8,Onsite,23.3
2157,Michael Hoffman,8,1,4,201,Female,Group C,25-34,2025-11-01,,,1,7.9,<1 yr,0,46900.0,0.9804,2,2,Medium,82.9,20.4,14.5,Hybrid,7.9
2158,Matthew Watson,6,7,9,305,Male,Group C,25-34,2021-10-02,,,1,56.9,4-6 yr,3,159100.0,0.9495,3,1,Low,53.9,3.1,0.0,Remote,11.8
2159,Hector Mata,12,9,1,,Female,Group A,35-44,2018-06-17,,,1,96.4,6+ yr,4,199600.0,0.9505,3,2,Medium,73.1,3.2,18.8,Onsite,9.6
2160,Stephanie Brady,2,4,12,14,Male,Group A,<25,2025-09-23,2026-05-06,Voluntary,0,7.4,<1 yr,0,22500.0,0.9462,4,2,Medium,72.3,8.6,5.9,Hybrid,9.2
2161,Robert Stewart,4,4,1,2770,Male,Group B,25-34,2023-11-11,,,1,31.6,2-4 yr,2,83000.0,1.0122,2,1,Low,45.4,0.7,0.0,Remote,22.9
2162,Vincent Becker,11,6,4,440,Male,Group E,45-54,2023-04-15,,,1,38.5,2-4 yr,2,121900.0,1.1229,3,1,Low,61.5,10.6,6.6,Hybrid,38.5
2163,Joshua Russell,7,5,6,1391,Male,Group A,35-44,2023-07-04,,,1,35.9,2-4 yr,2,123900.0,0.8903,3,3,High,58.3,3.5,0.0,Remote,17.0
2164,Patricia Jones,6,1,9,886,Male,Group E,35-44,2026-05-20,2026-06-21,Involuntary,0,1.1,<1 yr,0,56000.0,0.9126,1,2,Medium,36.9,10.0,33.3,Onsite,1.3
2165,Theresa Lopez,8,5,11,2405,Female,Group A,25-34,2022-08-12,,,1,46.6,2-4 yr,2,42800.0,0.9494,4,2,Medium,84.6,15.5,15.3,Hybrid,10.3
2166,Brittany Watson,6,4,11,886,Male,Group A,25-34,2023-09-18,,,1,33.4,2-4 yr,2,41600.0,1.1029,3,3,High,80.3,3.9,21.8,Onsite,5.0
2167,Stephanie Martin,8,4,9,2405,Male,Group A,25-34,2026-03-08,,,1,3.7,<1 yr,0,103300.0,1.0676,3,2,Medium,75.2,3.7,17.3,Onsite,3.7
2168,Elizabeth Berry,11,5,1,1551,Female,Group D,35-44,2024-03-03,,,1,27.9,2-4 yr,2,98100.0,1.001,5,3,High,73.0,9.0,4.8,Hybrid,22.2
2169,Robert Hodges,6,4,2,191,Male,Group C,35-44,2022-10-21,2025-12-27,Involuntary,0,38.2,2-4 yr,2,70300.0,0.912,2,1,Low,72.8,8.0,5.9,Hybrid,2.6
2170,Robert Harper,10,4,2,2708,Female,Group A,25-34,2022-08-21,2025-01-24,Voluntary,0,29.1,2-4 yr,2,75700.0,0.9821,3,1,Low,82.3,16.7,0.0,Remote,1.8
2171,Todd Davis,6,3,13,1958,Female,Group A,35-44,2023-06-18,,,1,36.4,2-4 yr,2,20100.0,0.9079,3,2,Medium,55.1,12.4,2.8,Hybrid,29.4
2172,Denise Wheeler,5,5,11,2374,Female,Group C,55+,2022-02-19,,,1,52.3,4-6 yr,3,42600.0,0.945,4,2,Medium,54.9,15.2,16.1,Onsite,8.7
2173,Denise Underwood,7,7,7,1703,Female,Group D,25-34,2024-02-12,,,1,28.5,2-4 yr,2,163600.0,0.9291,3,3,High,64.0,5.7,16.7,Hybrid,11.4
2174,Curtis Scott,8,4,2,725,Female,Group A,35-44,2022-08-27,,,1,46.1,2-4 yr,2,75800.0,0.9834,2,1,Low,62.0,9.0,3.8,Onsite,9.4
2175,Bruce Hall,10,4,3,2708,Male,Group E,35-44,2026-01-24,2026-03-10,Voluntary,0,1.5,<1 yr,0,100400.0,1.1551,5,3,High,51.9,10.4,0.6,Hybrid,5.2
2176,Chad Duarte,2,8,12,2551,Male,Group C,55+,2024-11-30,,,1,19.0,1-2 yr,1,54500.0,1.0926,2,3,High,51.7,6.2,8.8,Hybrid,19.0
2177,Kristina Griffin,5,6,5,385,Female,Group A,35-44,2026-04-17,,,1,2.4,<1 yr,0,106200.0,0.9184,3,2,Medium,51.7,9.1,0.0,Remote,2.4
2178,Christopher Flores,12,2,4,917,Male,Group A,45-54,2026-03-21,,,1,3.3,<1 yr,0,66800.0,1.1001,5,3,High,70.8,19.2,72.7,Onsite,3.3
2179,Jessica Pena,10,3,4,2708,Female,Group C,35-44,2024-09-01,,,1,21.9,1-2 yr,1,67800.0,0.8987,5,3,High,41.2,4.1,12.2,Onsite,3.9
2180,John Davis,11,3,6,1551,Male,Group B,35-44,2026-02-15,,,1,4.4,<1 yr,0,116400.0,0.9997,1,1,Low,57.0,4.2,15.8,Onsite,4.4
2181,Kristen Allen,7,4,2,1391,Male,Group A,45-54,2025-03-24,2025-07-24,Involuntary,0,4.0,<1 yr,0,75100.0,0.9743,2,2,Medium,69.8,2.8,17.4,Hybrid,11.6
2182,Teresa Blackwell,11,2,10,1123,Male,Group D,25-34,2025-06-03,,,1,12.9,1-2 yr,1,64300.0,0.9551,5,2,Medium,65.3,25.4,4.6,Hybrid,5.6
2183,Natalie Davis,5,2,7,2305,Female,Group A,35-44,2024-12-16,,,1,18.4,1-2 yr,1,88500.0,1.0814,4,2,Medium,80.2,1.9,16.8,Hybrid,7.4
2184,Andrew Beard,11,1,5,625,Female,Group D,55+,2025-09-21,,,1,9.3,<1 yr,0,46300.0,0.9086,2,3,High,90.8,12.2,0.0,Remote,6.1
2185,Kyle Frey,8,3,9,2221,Male,Group D,25-34,2022-05-19,,,1,49.4,4-6 yr,3,97900.0,1.0118,4,2,Medium,53.9,6.4,3.3,Hybrid,12.9
2186,James Barron,3,1,1,2607,Male,Group C,25-34,2025-09-03,,,1,9.9,<1 yr,0,54600.0,1.05,3,2,Medium,75.4,3.3,5.3,Hybrid,9.0
2187,Karen Castillo,6,1,4,137,Female,Group E,35-44,2025-04-11,,,1,14.6,1-2 yr,1,53000.0,1.1079,2,2,Medium,51.7,13.7,11.8,Hybrid,4.6
2188,Jessica Nguyen,2,3,3,2279,Female,Group A,25-34,2022-10-07,,,1,44.7,2-4 yr,2,87400.0,1.0055,2,2,Medium,100.0,9.4,9.6,Hybrid,24.3
2189,Vicki Cook,8,2,1,725,Female,Group C,<25,2023-06-06,,,1,36.8,2-4 yr,2,57200.0,0.8667,3,1,Low,51.8,6.9,16.7,Hybrid,2.2
2190,Martha Rodriguez,2,6,4,1429,Male,Group B,45-54,2021-10-21,,,1,56.3,4-6 yr,3,103200.0,0.9506,3,3,High,56.8,9.1,13.7,Onsite,14.4
2191,Julie Ingram,7,4,11,1486,Male,Group D,35-44,2022-06-28,2025-09-12,Voluntary,0,38.5,2-4 yr,2,38200.0,1.0127,3,2,Medium,86.5,7.3,13.1,Hybrid,17.0
2192,Rebekah Campbell,6,3,2,932,Male,Group D,45-54,2023-02-20,,,1,40.3,2-4 yr,2,77200.0,1.0016,2,3,High,75.0,10.7,3.9,Onsite,32.6
2193,James Price,3,2,12,592,Female,Group B,25-34,2023-12-15,,,1,30.5,2-4 yr,2,17500.0,0.9143,4,3,High,90.1,10.5,13.5,Hybrid,16.5
2194,Edwin Clark,11,5,10,1364,Male,Group B,35-44,2021-09-17,,,1,57.4,4-6 yr,3,109900.0,1.0994,4,2,Medium,67.6,3.6,0.0,Remote,13.1
2195,Timothy Pierce,2,8,13,1686,Male,Group A,25-34,2019-09-12,,,1,81.6,6+ yr,4,43600.0,0.9388,4,3,High,66.2,4.3,6.1,Hybrid,10.2
2196,Ms. Chelsea Thornton,7,6,14,1314,Female,Group C,25-34,2024-12-18,,,1,18.4,1-2 yr,1,112300.0,0.9811,3,3,High,59.1,10.2,18.9,Hybrid,18.4
2197,Stephen Campbell,1,6,11,2455,Male,Group A,25-34,2023-01-25,2025-01-01,Involuntary,0,23.2,1-2 yr,1,57000.0,1.0501,2,1,Low,63.0,4.4,15.7,Hybrid,3.1
2198,Sara Diaz,1,3,5,107,Male,Group A,25-34,2025-05-15,,,1,13.5,1-2 yr,1,87600.0,1.0901,3,1,Low,56.9,7.5,0.0,Remote,6.1
2199,Eric Harper,7,1,5,1904,Male,Group A,35-44,2024-06-28,,,1,24.0,1-2 yr,1,49700.0,0.9753,2,3,High,64.8,4.2,0.0,Remote,3.1
2200,Virginia Wallace,9,8,12,453,Female,Group B,35-44,2025-06-13,2025-11-04,Voluntary,0,4.7,<1 yr,0,55300.0,1.1087,4,2,Medium,59.6,25.5,3.1,Hybrid,10.6
2201,Kenneth Young,11,6,12,1881,Male,Group D,35-44,2020-10-15,2022-06-02,Voluntary,0,19.5,1-2 yr,1,33400.0,0.976,3,1,Low,68.3,12.8,30.4,Onsite,32.8
2202,Richard Bishop,10,2,7,694,Male,Group D,35-44,2026-01-11,2026-05-25,Voluntary,0,4.4,<1 yr,0,78700.0,0.9616,3,2,Medium,60.2,4.0,31.7,Onsite,5.6
2203,Robin Cabrera,1,1,4,1670,Female,Group A,25-34,2024-09-29,,,1,21.0,1-2 yr,1,52400.0,1.0953,4,2,Medium,81.7,2.8,0.0,Remote,20.2
2204,Amy Kirby,4,2,12,216,Male,Group B,25-34,2024-02-15,,,1,28.4,2-4 yr,2,22000.0,1.1494,3,3,High,49.9,5.3,8.1,Onsite,28.4
2205,Leonard Bernard,7,6,1,1163,Female,Group A,25-34,2022-07-20,,,1,47.3,2-4 yr,2,97800.0,0.8288,5,1,Low,100.0,3.8,0.0,Remote,13.4
2206,Barbara Barker,6,1,2,191,Male,Group C,35-44,2025-12-09,,,1,6.7,<1 yr,0,49100.0,1.0045,3,2,Medium,38.4,9.4,1.0,Hybrid,6.7
2207,Christina Patrick,9,4,1,1482,Female,Group D,45-54,2022-06-25,,,1,48.2,4-6 yr,3,83700.0,1.0207,2,2,Medium,87.6,6.0,16.9,Hybrid,20.1
2208,April White,1,8,1,2692,Male,Group A,55+,2022-06-16,,,1,48.5,4-6 yr,3,182400.0,1.0605,4,3,High,75.7,18.3,5.4,Hybrid,17.5
2209,Luke Gallagher,3,6,3,1040,Male,Group A,25-34,2020-05-30,,,1,73.0,6+ yr,4,128800.0,1.0297,4,3,High,68.4,6.9,13.4,Hybrid,17.7
2210,Taylor Martinez,3,2,7,282,Female,Group B,25-34,2024-10-30,,,1,20.0,1-2 yr,1,89100.0,1.0887,5,3,High,78.2,4.0,19.8,Hybrid,7.4
2211,Mary Vincent,11,2,14,1569,Male,Group E,25-34,2024-05-30,,,1,25.0,2-4 yr,2,66200.0,1.0341,2,1,Low,78.9,24.0,6.1,Hybrid,4.2
2212,Teresa Hansen,9,3,10,1746,Female,Group C,25-34,2024-05-12,,,1,25.6,2-4 yr,2,81400.0,0.9732,2,2,Medium,84.2,13.9,11.7,Hybrid,25.6
2213,Jennifer Dalton,3,7,4,1008,Male,Group A,25-34,2024-09-17,2026-04-06,Voluntary,0,18.6,1-2 yr,1,126800.0,0.9706,5,2,Medium,53.7,11.7,8.0,Hybrid,3.5
2214,Sherry Henderson MD,4,3,1,1818,Female,Group A,45-54,2023-06-28,,,1,36.1,2-4 yr,2,80400.0,0.9805,2,2,Medium,67.3,5.7,7.1,Hybrid,10.4
2215,Jeffrey Curtis,4,2,12,419,Female,Group B,35-44,2025-04-26,,,1,14.1,1-2 yr,1,18200.0,0.9509,3,2,Medium,82.7,1.8,6.5,Onsite,14.1
2216,Jacqueline Gibson,3,1,14,1112,Female,Group A,55+,2024-09-21,2025-07-12,Involuntary,0,9.7,<1 yr,0,48900.0,0.9695,2,3,High,74.5,10.8,6.6,Hybrid,9.6
2217,John Doyle,11,4,5,440,Female,Group B,45-54,2025-03-06,,,1,15.8,1-2 yr,1,78100.0,0.9719,3,3,High,100.0,2.7,0.0,Remote,6.2
2218,Lisa Adams,4,5,3,1971,Male,Group D,35-44,2021-08-31,,,1,58.0,4-6 yr,3,106300.0,1.0233,2,2,Medium,83.8,4.6,0.0,Remote,42.9
2219,John Gomez,1,4,6,107,Male,Group B,45-54,2024-04-28,,,1,26.1,2-4 yr,2,136400.0,1.1714,4,3,High,72.6,4.8,0.0,Remote,21.4
2220,Jessica Griffith,2,1,2,2368,Male,Group A,45-54,2025-07-29,,,1,11.0,<1 yr,0,46100.0,0.9431,4,1,Low,60.2,2.0,11.9,Onsite,11.0
2221,Richard Carter,8,7,10,1987,Female,Group A,45-54,2023-11-27,,,1,31.1,2-4 yr,2,138800.0,0.9583,4,2,Medium,46.8,13.0,10.7,Hybrid,13.2
2222,Jose Holt,9,4,14,981,Male,Group B,25-34,2023-05-18,2025-09-11,Voluntary,0,27.8,2-4 yr,2,72400.0,0.9102,4,2,Medium,75.5,12.9,9.5,Hybrid,3.7
2223,Kayla Russell,9,4,12,981,Female,Group A,<25,2024-01-21,,,1,29.3,2-4 yr,2,25400.0,1.0681,2,1,Low,75.2,1.4,24.4,Onsite,5.1
2224,Carrie Glass,4,1,12,1948,Non-binary,Group A,45-54,2024-12-06,,,1,18.8,1-2 yr,1,16600.0,1.1008,2,2,Medium,81.7,5.8,7.8,Hybrid,18.8
2225,Stephanie Morales,9,1,6,2134,Male,Group B,35-44,2024-10-30,2025-07-09,Voluntary,0,8.3,<1 yr,0,73700.0,0.9981,4,2,Medium,71.3,8.1,8.2,Hybrid,11.2
2226,Erik Smith,9,6,8,661,Male,Group A,55+,2023-10-28,,,1,32.1,2-4 yr,2,46800.0,0.9673,2,2,Medium,70.2,9.0,4.6,Hybrid,24.4
2227,Justin Cox,12,8,1,1934,Male,Group C,25-34,2024-01-26,2025-06-11,Involuntary,0,16.5,1-2 yr,1,178200.0,1.036,1,1,Low,65.6,2.4,6.7,Hybrid,7.2
2228,Philip Duarte,3,6,12,1893,Male,Group C,25-34,2024-04-03,,,1,26.9,2-4 yr,2,34800.0,1.0169,4,3,High,69.3,10.9,3.7,Hybrid,12.7
2229,David Mcmillan,11,1,7,1081,Female,Group B,35-44,2026-03-22,,,1,3.3,<1 yr,0,69300.0,1.0748,3,2,Medium,49.4,5.3,12.0,Hybrid,3.3
2230,Andrew Guerrero,11,2,12,1836,Female,Group A,35-44,2025-06-28,,,1,12.1,1-2 yr,1,20000.0,1.0449,5,2,Medium,74.9,4.2,19.7,Onsite,6.8
2231,Valerie Harper,10,6,10,747,Female,Group D,<25,2023-04-18,,,1,38.4,2-4 yr,2,105600.0,0.8774,4,1,Low,74.5,9.0,5.8,Hybrid,21.1
2232,Latoya Rose,1,6,8,596,Female,Group C,35-44,2023-12-17,,,1,30.4,2-4 yr,2,40800.0,0.8433,3,2,Medium,87.6,4.0,32.8,Onsite,5.9
2233,Jordan Pitts,1,8,5,2692,Male,Group A,25-34,2022-01-05,,,1,53.8,4-6 yr,3,158300.0,0.9391,5,2,Medium,91.1,5.7,0.0,Remote,11.3
2234,Carla Miller,4,1,5,2770,Male,Group E,35-44,2024-08-14,,,1,22.5,1-2 yr,1,55000.0,1.0793,3,2,Medium,64.9,4.0,0.0,Remote,9.1
2235,Christopher Hurst,7,1,4,2060,Male,Group E,25-34,2025-09-07,,,1,9.7,<1 yr,0,47200.0,0.9866,4,3,High,94.5,10.0,20.9,Hybrid,9.7
2236,Gary Jones,10,5,12,378,Male,Group B,55+,2023-08-10,,,1,34.7,2-4 yr,2,26100.0,0.9184,3,2,Medium,85.5,7.4,21.1,Hybrid,21.0
2237,Sierra Wilson,7,1,3,2173,Male,Group A,35-44,2025-08-06,,,1,10.8,<1 yr,0,61500.0,1.1157,2,2,Medium,71.6,19.1,6.2,Hybrid,10.8
2238,Jason Jacobson,2,6,1,2534,Male,Group B,25-34,2022-02-06,,,1,52.7,4-6 yr,3,126700.0,1.0737,3,2,Medium,64.6,1.8,10.5,Hybrid,26.0
2239,Rhonda Rivera,4,2,6,2770,Male,Group A,35-44,2025-08-05,,,1,10.8,<1 yr,0,85500.0,0.9123,3,3,High,65.8,8.0,0.0,Remote,10.8
2240,Amy Owens,7,4,12,1933,Male,Group A,35-44,2025-05-24,2025-08-12,Voluntary,0,2.6,<1 yr,0,23900.0,1.005,3,2,Medium,80.7,6.5,5.4,Hybrid,1.9
2241,William Higgins,7,3,1,553,Male,Group C,55+,2025-10-11,,,1,8.6,<1 yr,0,74900.0,0.9134,5,3,High,60.7,26.6,0.0,Remote,6.5
2242,Nicole Sanford,5,4,1,1091,Male,Group C,35-44,2023-08-03,,,1,34.9,2-4 yr,2,87200.0,1.0634,2,2,Medium,51.4,9.7,19.9,Hybrid,12.8
2243,Alicia Gutierrez,10,2,13,153,Female,Group C,25-34,2024-04-25,,,1,26.1,2-4 yr,2,17400.0,0.9764,3,1,Low,63.2,13.8,12.2,Hybrid,8.2
2244,Kevin Williams,12,2,5,2729,Male,Group B,25-34,2023-08-29,,,1,34.0,2-4 yr,2,67000.0,1.0359,3,2,Medium,60.8,5.6,0.0,Remote,9.7
2245,Dustin Lee,4,4,6,1971,Female,Group D,45-54,2023-01-22,2026-02-24,Voluntary,0,37.1,2-4 yr,2,114700.0,0.9851,4,2,Medium,49.9,7.0,0.0,Remote,27.3
2246,Jennifer Williamson,11,3,4,1551,Male,Group A,35-44,2025-12-31,,,1,5.9,<1 yr,0,73300.0,0.9716,3,3,High,55.2,19.0,2.0,Hybrid,5.9
2247,Cindy Smith,4,2,13,1135,Female,Group D,35-44,2024-09-02,,,1,21.9,1-2 yr,1,15800.0,0.8866,2,2,Medium,91.7,8.2,4.9,Hybrid,16.9
2248,Jason Mcclure,8,4,12,865,Male,Group D,55+,2024-04-26,,,1,26.1,2-4 yr,2,25900.0,1.0892,3,3,High,84.4,5.7,7.0,Hybrid,24.2
2249,Megan Wright,1,6,1,557,Male,Group D,55+,2025-06-16,2026-01-19,Involuntary,0,7.1,<1 yr,0,110000.0,0.9322,3,2,Medium,62.7,3.9,18.1,Onsite,12.5
2250,Daniel Gates,9,1,9,1746,Female,Group B,45-54,2024-12-17,2026-03-30,Involuntary,0,15.4,1-2 yr,1,57000.0,0.9289,1,1,Low,87.7,11.2,5.8,Hybrid,17.2
2251,Jennifer Santos,12,1,14,2450,Non-binary,Group D,25-34,2025-04-15,2026-05-28,Involuntary,0,13.4,1-2 yr,1,49900.0,0.9893,2,2,Medium,86.9,1.6,35.5,Hybrid,14.5
2252,Megan Schmidt,6,2,3,2778,Male,Group A,35-44,2024-06-29,,,1,24.0,1-2 yr,1,77800.0,1.1121,3,2,Medium,56.4,4.7,13.8,Onsite,11.2
2253,Crystal Glass,5,3,13,1781,Female,Group B,35-44,2024-10-11,,,1,20.6,1-2 yr,1,19800.0,0.8943,4,3,High,42.3,2.0,5.9,Hybrid,0.9
2254,Brandy Williams,4,1,11,2693,Male,Group C,<25,2025-09-03,,,1,9.9,<1 yr,0,23500.0,0.9824,3,2,Medium,100.0,4.5,16.4,Hybrid,5.1
2255,Tara Sanchez,9,2,12,954,Male,Group A,45-54,2024-06-26,,,1,24.1,2-4 yr,2,19500.0,1.0188,3,3,High,93.5,20.2,10.9,Onsite,16.7
2256,Anthony Dunlap,1,2,12,842,Female,Group E,25-34,2025-08-07,,,1,10.7,<1 yr,0,16700.0,0.8725,3,3,High,32.7,1.9,4.6,Hybrid,10.7
2257,Elizabeth Smith,12,4,4,1483,Male,Group A,35-44,2025-07-08,,,1,11.7,<1 yr,0,74600.0,0.9889,3,2,Medium,74.0,9.9,24.4,Hybrid,8.0
2258,Christine White,9,6,13,981,Female,Group D,35-44,2025-06-15,,,1,12.5,1-2 yr,1,30900.0,0.9699,5,3,High,89.3,3.0,20.6,Onsite,12.5
2259,Sheri Peterson,10,5,4,1217,Female,Group C,35-44,2023-09-21,,,1,33.3,2-4 yr,2,92400.0,1.0248,4,2,Medium,39.4,2.1,1.9,Hybrid,4.2
2260,Justin Brown,1,6,1,204,Female,Group C,25-34,2026-01-31,,,1,4.9,<1 yr,0,120600.0,1.022,3,3,High,74.6,7.1,9.9,Hybrid,4.9
2261,Justin Riley,12,2,11,1777,Male,Group C,35-44,2024-10-23,,,1,20.2,1-2 yr,1,28300.0,0.9321,4,2,Medium,76.7,4.4,29.8,Onsite,4.5
2262,Terry Case,8,2,7,2546,Female,Group B,<25,2025-01-06,,,1,17.7,1-2 yr,1,67800.0,0.8284,3,2,Medium,81.7,29.0,7.8,Onsite,14.9
2263,Michelle Richardson,10,5,12,153,Male,Group D,25-34,2021-06-15,,,1,60.5,4-6 yr,3,30300.0,1.0662,3,2,Medium,64.4,5.6,0.0,Remote,3.2
2264,Kelly Porter,4,2,3,607,Male,Group A,55+,2026-03-18,,,1,3.4,<1 yr,0,70900.0,1.0134,1,1,Low,100.0,10.0,0.0,Remote,3.4
2265,Dennis Koch,6,5,5,2751,Female,Group C,45-54,2022-07-03,,,1,47.9,2-4 yr,2,92700.0,0.9652,5,3,High,79.8,6.5,0.0,Remote,47.9
2266,William Woods,5,5,2,1091,Male,Group B,45-54,2026-02-23,,,1,4.2,<1 yr,0,93400.0,1.0139,5,3,High,100.0,6.5,6.7,Hybrid,4.2
2267,Debbie Smith,5,1,12,387,Female,Group C,25-34,2024-09-19,,,1,21.3,1-2 yr,1,14900.0,0.9881,3,3,High,85.1,2.1,16.9,Onsite,10.8
2268,Jason Smith,1,6,7,2324,Female,Group A,25-34,2020-09-26,,,1,69.1,4-6 yr,3,147800.0,1.0101,4,3,High,63.6,5.1,14.1,Onsite,4.7
2269,Aimee Burke,9,6,1,2667,Male,Group D,35-44,2022-01-25,,,1,53.1,4-6 yr,3,133200.0,1.1288,3,2,Medium,76.3,8.2,8.6,Hybrid,1.6
2270,Daniel Smith,1,2,2,2324,Male,Group E,45-54,2023-10-08,,,1,32.7,2-4 yr,2,63100.0,1.0171,1,2,Medium,61.2,10.2,12.7,Hybrid,32.7
2271,Sarah Weber,7,8,13,1384,Male,Group C,35-44,2019-03-09,,,1,87.7,6+ yr,4,49000.0,1.0551,4,3,High,69.1,5.0,9.2,Hybrid,6.7
2272,Michael Simon,11,1,3,625,Female,Group B,45-54,2024-12-04,,,1,18.8,1-2 yr,1,47800.0,0.8672,3,2,Medium,53.2,2.7,8.5,Hybrid,18.8
2273,April Brandt,6,9,12,,Female,Group A,<25,2019-04-16,2026-04-23,Voluntary,0,84.2,6+ yr,4,58200.0,0.9557,3,3,High,51.3,4.2,0.0,Remote,19.6
2274,Renee Singleton,2,5,12,1803,Female,Group B,45-54,2024-04-01,2025-11-12,Involuntary,0,19.4,1-2 yr,1,28800.0,1.0134,3,3,High,70.7,8.4,4.4,Hybrid,8.1
2275,Lori Blake,6,2,7,932,Female,Group A,35-44,2024-01-25,,,1,29.1,2-4 yr,2,77200.0,0.9433,3,3,High,68.8,8.8,6.8,Onsite,18.3
2276,Linda Whitehead,4,1,11,2750,Female,Group A,<25,2026-06-02,,,1,0.9,<1 yr,0,24400.0,1.0201,5,3,High,59.8,7.2,10.9,Hybrid,0.9
2277,Carla Dougherty,1,2,6,284,Female,Group B,25-34,2024-10-24,,,1,20.2,1-2 yr,1,88500.0,0.9443,3,3,High,81.4,1.9,20.0,Hybrid,9.5
2278,Tammy Page,6,1,7,1899,Male,Group B,25-34,2025-10-11,,,1,8.6,<1 yr,0,59400.0,0.9212,2,3,High,100.0,4.8,0.0,Remote,4.4
2279,Jonathan Hughes,2,7,3,996,Female,Group D,25-34,2026-02-20,,,1,4.3,<1 yr,0,166800.0,1.1082,3,3,High,70.4,6.8,7.8,Hybrid,4.3
2280,Mark Green,8,1,12,865,Female,Group D,35-44,2026-01-14,,,1,5.5,<1 yr,0,13500.0,0.8952,3,3,High,84.9,15.6,33.0,Hybrid,5.5
2281,Deborah Schwartz,2,2,12,14,Female,Group A,55+,2023-12-23,2024-06-07,Involuntary,0,5.5,<1 yr,0,18700.0,0.977,3,1,Low,63.6,7.0,15.2,Hybrid,24.1
2282,Lisa Clark,8,8,13,2084,Male,Group B,35-44,2025-02-12,,,1,16.5,1-2 yr,1,45100.0,0.9711,4,3,High,91.4,2.7,29.4,Onsite,6.0
2283,Kenneth Benson,10,6,3,298,Male,Group B,35-44,2021-09-02,,,1,57.9,4-6 yr,3,113500.0,0.9074,4,3,High,64.2,11.5,0.0,Remote,2.3
2284,Christine Shannon,3,1,12,1235,Non-binary,Group A,55+,2024-12-10,,,1,18.6,1-2 yr,1,13100.0,0.8687,4,2,Medium,90.7,2.1,11.2,Hybrid,12.2
2285,Pamela Beasley,8,4,6,1718,Female,Group D,45-54,2023-10-03,2024-10-03,Voluntary,0,12.0,<1 yr,0,106400.0,0.9138,4,2,Medium,44.5,29.9,23.9,Onsite,15.2
2286,Carol Adams,9,4,8,661,Male,Group B,45-54,2025-09-26,,,1,9.1,<1 yr,0,34100.0,1.0143,3,2,Medium,83.1,6.6,25.9,Onsite,5.6
2287,Natalie Gilbert,8,2,13,865,Male,Group E,45-54,2025-02-05,,,1,16.8,1-2 yr,1,20100.0,1.1279,4,3,High,53.2,7.3,11.0,Hybrid,16.8
2288,Dennis Fleming,10,1,2,1217,Male,Group C,25-34,2025-11-16,,,1,7.4,<1 yr,0,51100.0,1.0454,3,2,Medium,64.2,8.2,6.2,Hybrid,6.5
2289,Michelle Lopez,5,5,1,417,Female,Group C,55+,2022-07-15,,,1,47.5,2-4 yr,2,101300.0,1.0337,4,3,High,100.0,14.4,4.0,Hybrid,10.6
2290,Antonio Ross,2,2,11,116,Female,Group D,35-44,2023-11-14,,,1,31.5,2-4 yr,2,30700.0,1.0112,2,3,High,57.8,5.2,17.4,Hybrid,8.6
2291,Joseph Manning,2,5,3,2596,Male,Group A,35-44,2023-12-27,,,1,30.1,2-4 yr,2,122500.0,1.1792,3,3,High,73.1,1.8,7.0,Onsite,25.9
2292,Jason Browning,3,6,14,1112,Female,Group D,25-34,2022-01-29,,,1,53.0,4-6 yr,3,105400.0,0.9208,3,2,Medium,52.5,3.9,5.1,Onsite,24.5
2293,Shannon Nelson,10,4,5,694,Female,Group A,45-54,2023-09-30,2025-07-18,Involuntary,0,21.6,1-2 yr,1,72300.0,0.8997,2,3,High,71.6,2.9,0.0,Remote,33.0
2294,Terri Knight,10,4,11,747,Male,Group D,35-44,2023-03-22,,,1,39.3,2-4 yr,2,35400.0,0.9385,4,3,High,85.8,5.5,4.6,Hybrid,39.1
2295,Karen Pearson,12,3,12,2450,Male,Group A,35-44,2025-09-01,2025-11-06,Voluntary,0,2.2,<1 yr,0,23900.0,1.005,3,3,High,57.9,9.8,0.0,Remote,0.6
2296,Brian Moss,9,6,13,954,Male,Group A,25-34,2022-10-21,,,1,44.3,2-4 yr,2,31600.0,0.9918,4,1,Low,70.9,1.7,17.7,Hybrid,5.9
2297,Cody Anderson,4,3,1,2770,Male,Group A,25-34,2022-10-06,,,1,44.8,2-4 yr,2,93000.0,1.1341,2,2,Medium,49.3,9.3,16.9,Onsite,17.8
2298,David Blake,1,8,4,2692,Male,Group B,35-44,2020-01-10,,,1,77.6,6+ yr,4,151800.0,0.9593,3,2,Medium,67.9,5.9,31.9,Hybrid,12.8
2299,Mr. Nicholas Diaz,8,5,7,2546,Female,Group C,25-34,2024-04-08,,,1,26.7,2-4 yr,2,127500.0,1.0492,3,3,High,87.1,6.5,17.7,Onsite,20.4
2300,Tabitha Hudson,5,1,9,559,Male,Group C,35-44,2025-04-28,2026-03-07,Voluntary,0,10.3,<1 yr,0,66500.0,1.0838,3,2,Medium,54.8,3.1,19.4,Hybrid,14.1
2301,Aimee Campbell,10,3,5,298,Male,Group C,55+,2023-07-23,2025-10-12,Voluntary,0,26.7,2-4 yr,2,80700.0,1.0042,3,1,Low,47.6,4.7,0.0,Remote,20.4
2302,Jennifer Holmes,7,2,3,2173,Male,Group E,25-34,2024-01-05,,,1,29.8,2-4 yr,2,61300.0,0.8762,4,2,Medium,97.7,9.1,15.5,Onsite,8.1
2303,Jasmine Ramos,12,6,1,1483,Female,Group E,55+,2021-10-07,,,1,56.7,4-6 yr,3,132300.0,1.1212,4,1,Low,71.7,5.2,11.8,Onsite,9.8
2304,Lisa Russo,3,2,12,1893,Male,Group A,25-34,2024-08-03,,,1,22.9,1-2 yr,1,20600.0,1.0763,5,3,High,55.6,3.1,0.0,Remote,12.8
2305,Jessica Blanchard,5,7,1,324,Female,Group D,25-34,2020-01-26,,,1,77.1,6+ yr,4,156200.0,1.1,3,2,Medium,75.5,11.5,0.0,Remote,14.0
2306,Jaime Perkins,7,1,9,1486,Male,Group D,25-34,2025-01-11,,,1,17.6,1-2 yr,1,62800.0,1.0235,3,3,High,78.9,2.1,12.4,Onsite,4.5
2307,Bonnie Crawford,12,1,12,1510,Male,Group D,25-34,2024-12-14,2025-09-20,Voluntary,0,9.2,<1 yr,0,17200.0,1.1406,3,2,Medium,66.2,0.6,0.0,Remote,18.5
2308,Jocelyn Parks,3,7,10,1771,Male,Group B,55+,2020-10-28,,,1,68.0,4-6 yr,3,157800.0,1.0895,2,2,Medium,66.6,16.1,0.0,Remote,24.6
2309,Alexandra Jefferson,4,3,5,1818,Male,Group B,25-34,2025-05-08,,,1,13.7,1-2 yr,1,74200.0,0.9233,2,1,Low,71.7,8.7,0.0,Remote,6.8
2310,Tyler Odonnell,12,9,13,,Female,Group C,55+,2023-02-05,,,1,40.8,2-4 yr,2,62400.0,1.1005,5,2,Medium,69.4,11.0,0.0,Remote,6.7
2311,Corey Perry,4,2,4,288,Male,Group E,35-44,2025-09-26,,,1,9.1,<1 yr,0,65000.0,1.0705,2,2,Medium,75.2,1.2,12.5,Onsite,9.1
2312,Mr. Steven Martinez PhD,7,4,3,2173,Male,Group E,25-34,2023-08-09,,,1,34.7,2-4 yr,2,88600.0,1.0193,4,2,Medium,60.9,1.8,10.6,Onsite,27.0
2313,Emily Bruce,5,2,10,2374,Male,Group B,35-44,2023-12-15,,,1,30.5,2-4 yr,2,65800.0,0.9774,4,3,High,72.7,16.9,17.0,Hybrid,8.2
2314,Michelle Lowery,10,2,12,1821,Non-binary,Group C,35-44,2026-04-11,,,1,2.6,<1 yr,0,19500.0,1.0188,2,1,Low,88.2,14.4,0.0,Remote,2.6
2315,Adam Carlson,2,1,3,1432,Male,Group A,35-44,2025-09-11,2026-04-07,Voluntary,0,6.8,<1 yr,0,57000.0,1.0341,4,3,High,73.3,6.5,0.0,Remote,9.6
2316,Connor Hicks,2,1,3,439,Male,Group A,35-44,2025-04-11,2026-04-25,Involuntary,0,12.5,1-2 yr,1,51900.0,0.9416,3,3,High,62.7,2.9,31.9,Onsite,14.6
2317,Jessica Johnston,2,1,1,2534,Female,Group A,55+,2024-09-06,2025-07-12,Voluntary,0,10.2,<1 yr,0,45700.0,0.8788,4,2,Medium,64.4,2.4,4.6,Hybrid,9.5
2318,Timothy Brown,10,2,13,1821,Male,Group A,25-34,2024-10-30,,,1,20.0,1-2 yr,1,16500.0,0.9259,4,2,Medium,54.9,11.9,2.4,Onsite,20.0
2319,Kaylee Wallace DVM,11,5,12,1881,Male,Group D,25-34,2021-12-25,,,1,54.1,4-6 yr,3,30300.0,1.0662,3,3,High,87.8,4.1,14.4,Onsite,9.8
2320,Tiffany Baker,2,1,12,14,Female,Group A,55+,2026-03-19,2026-06-18,Voluntary,0,3.0,<1 yr,0,14700.0,0.9748,2,2,Medium,50.1,12.5,14.6,Onsite,3.4
2321,Anthony Taylor,3,5,14,1112,Female,Group C,35-44,2022-09-20,,,1,45.3,2-4 yr,2,98000.0,1.0309,2,1,Low,80.4,14.3,15.2,Hybrid,16.8
2322,Lori Little,8,2,10,2095,Female,Group E,35-44,2025-07-31,,,1,11.0,<1 yr,0,68100.0,1.0116,4,3,High,97.6,12.1,10.9,Hybrid,11.0
2323,Amber Price,4,6,6,1692,Male,Group C,25-34,2024-03-08,,,1,27.7,2-4 yr,2,151300.0,0.903,3,2,Medium,85.9,15.5,13.0,Hybrid,18.1
2324,Jeremiah Warren,1,7,2,2233,Male,Group E,35-44,2021-11-11,2025-06-18,Voluntary,0,43.2,2-4 yr,2,120900.0,0.9058,2,1,Low,67.7,5.7,0.0,Remote,3.2
2325,Tina Rivera,9,7,8,108,Female,Group D,45-54,2020-03-28,,,1,75.1,6+ yr,4,58000.0,0.9962,4,3,High,76.6,5.0,17.6,Hybrid,13.7
2326,Joshua Mercado,12,4,3,749,Male,Group B,25-34,2023-04-08,,,1,38.7,2-4 yr,2,84200.0,0.9687,2,2,Medium,76.0,3.7,0.0,Remote,6.8
2327,Justin Young,5,6,11,2063,Female,Group E,25-34,2021-06-05,,,1,60.8,4-6 yr,3,51500.0,0.9488,1,2,Medium,87.8,4.0,7.1,Hybrid,15.3
2328,Monica Mclean,8,2,1,1718,Female,Group E,35-44,2026-05-23,2026-06-09,Voluntary,0,0.6,<1 yr,0,64400.0,0.9758,3,3,High,100.0,2.0,11.8,Onsite,1.2
2329,Shannon Stone,11,5,3,1081,Female,Group E,25-34,2024-02-25,,,1,28.1,2-4 yr,2,90200.0,0.8683,4,2,Medium,69.4,4.4,43.7,Onsite,8.6
2330,Elizabeth Weaver,8,3,13,1750,Female,Group B,<25,2023-04-17,,,1,38.4,2-4 yr,2,19800.0,0.8943,3,2,Medium,83.2,13.2,9.3,Onsite,23.6
2331,Brittany Richardson,6,2,12,1285,Male,Group E,45-54,2023-07-12,,,1,35.6,2-4 yr,2,15400.0,0.8046,3,3,High,94.1,6.9,5.4,Onsite,19.7
2332,Sarah Wells,4,4,12,216,Male,Group C,<25,2023-08-11,,,1,34.6,2-4 yr,2,24400.0,1.0261,3,2,Medium,73.6,2.9,19.5,Onsite,15.6
2333,Melissa Quinn,1,4,1,1670,Female,Group A,35-44,2024-06-01,,,1,24.9,2-4 yr,2,73400.0,0.8951,3,3,High,61.3,4.5,16.8,Onsite,23.8
2334,Tiffany Vincent,10,1,12,1821,Male,Group A,35-44,2025-05-07,2025-08-11,Voluntary,0,3.2,<1 yr,0,14200.0,0.9416,4,3,High,85.3,14.5,13.1,Hybrid,8.6
2335,Mrs. Kelly Baker,12,1,1,1483,Male,Group D,25-34,2025-10-29,,,1,8.0,<1 yr,0,49000.0,0.9423,4,2,Medium,74.0,18.8,2.8,Hybrid,8.0
2336,Christopher Rogers,3,5,6,2712,Female,Group C,45-54,2022-01-23,,,1,53.2,4-6 yr,3,134500.0,0.9665,2,1,Low,70.8,3.6,13.9,Onsite,15.4
2337,Thomas Anderson,11,3,3,928,Female,Group D,25-34,2025-12-31,,,1,5.9,<1 yr,0,77100.0,0.887,1,2,Medium,87.3,9.6,10.2,Hybrid,5.9
2338,Bill Foster,7,5,10,1486,Male,Group C,35-44,2025-09-05,2026-05-26,Voluntary,0,8.6,<1 yr,0,113800.0,1.1385,3,2,Medium,72.1,7.9,9.3,Onsite,9.8
2339,Jessica Miller,8,5,10,2405,Female,Group B,35-44,2022-09-11,,,1,45.6,2-4 yr,2,94900.0,0.9494,2,2,Medium,62.6,8.9,14.3,Hybrid,3.1
2340,Heather Jones,12,2,9,1777,Male,Group D,25-34,2024-11-02,,,1,19.9,1-2 yr,1,81600.0,1.0478,3,3,High,43.7,1.0,8.2,Onsite,12.8
2341,Brendan Shields,7,3,14,267,Male,Group C,35-44,2025-12-20,2026-02-18,Voluntary,0,2.0,<1 yr,0,85000.0,1.0686,3,2,Medium,43.7,17.4,8.2,Onsite,6.3
2342,William Cole,12,2,12,2632,Female,Group E,35-44,2024-03-18,,,1,27.4,2-4 yr,2,19600.0,1.024,3,3,High,59.0,9.8,0.0,Remote,25.9
2343,Christopher Gentry,10,8,13,1480,Female,Group A,<25,2022-02-26,,,1,52.1,4-6 yr,3,46600.0,1.0034,2,3,High,62.8,8.2,30.6,Onsite,16.6
2344,Joyce Sanchez,11,8,3,2782,Female,Group B,25-34,2018-09-04,,,1,93.8,6+ yr,4,172500.0,0.9461,1,2,Medium,73.6,8.0,2.7,Hybrid,10.2
2345,Mr. Aaron Graham DVM,11,8,1,2782,Male,Group B,25-34,2023-01-06,,,1,41.8,2-4 yr,2,162400.0,0.9442,1,2,Medium,57.2,6.7,0.0,Remote,38.4
2346,Gary Alvarado,12,5,13,2632,Male,Group B,45-54,2022-04-19,,,1,50.4,4-6 yr,3,29100.0,1.0998,3,3,High,70.2,1.4,11.0,Hybrid,7.3
2347,Michael Miller,3,3,3,1040,Female,Group C,25-34,2025-07-20,,,1,11.3,<1 yr,0,86100.0,0.9906,3,2,Medium,76.9,2.2,0.0,Remote,11.3
2348,Sandra Cowan,2,2,12,392,Female,Group A,<25,2025-07-26,,,1,11.1,<1 yr,0,18400.0,0.9613,2,2,Medium,95.3,6.3,0.0,Remote,11.1
2349,Jennifer Long,11,2,7,440,Male,Group D,35-44,2023-10-14,2024-07-22,Voluntary,0,9.3,<1 yr,0,66600.0,0.8138,2,1,Low,33.6,8.3,2.0,Hybrid,5.1
2350,Mckenzie Santana,3,4,2,282,Male,Group B,25-34,2025-09-08,,,1,9.7,<1 yr,0,75600.0,0.9808,4,2,Medium,64.2,13.0,0.0,Remote,9.7
2351,Mary Anderson,10,6,10,470,Male,Group A,<25,2024-07-03,2026-03-20,Involuntary,0,20.5,1-2 yr,1,117900.0,0.9796,1,2,Medium,84.3,3.4,39.8,Onsite,19.9
2352,Alicia Short,12,1,13,1510,Male,Group B,<25,2024-08-06,,,1,22.8,1-2 yr,1,13800.0,0.9829,3,2,Medium,82.2,10.6,14.1,Hybrid,16.2
2353,Benjamin Cummings,4,3,4,723,Male,Group A,25-34,2025-08-28,2026-04-10,Involuntary,0,7.4,<1 yr,0,75000.0,0.9942,2,2,Medium,55.1,22.9,9.8,Hybrid,10.1
2354,Ethan Jones,9,5,12,954,Male,Group A,45-54,2024-08-15,,,1,22.5,1-2 yr,1,25700.0,0.9043,3,2,Medium,74.3,0.5,7.8,Hybrid,5.7
2355,Adam Kim,2,2,10,443,Female,Group A,45-54,2023-10-03,,,1,32.9,2-4 yr,2,66400.0,0.9863,4,2,Medium,61.3,13.1,11.1,Hybrid,25.9
2356,Christopher Davis,8,6,1,1718,Male,Group A,25-34,2021-10-02,,,1,56.9,4-6 yr,3,133000.0,1.1271,3,2,Medium,88.4,16.5,17.2,Onsite,5.5
2357,Jessica Watson,7,2,12,1314,Female,Group A,25-34,2023-05-29,2026-04-30,Voluntary,0,35.1,2-4 yr,2,20600.0,1.0763,3,1,Low,66.9,1.2,4.7,Onsite,19.4
2358,Tonya Hinton,2,7,11,2694,Non-binary,Group A,35-44,2025-12-08,,,1,6.7,<1 yr,0,66500.0,1.0181,3,2,Medium,77.3,8.9,20.6,Onsite,6.7
2359,Angela Butler,5,1,2,1990,Female,Group B,35-44,2025-03-13,,,1,15.6,1-2 yr,1,44600.0,0.9124,4,3,High,71.0,4.8,0.0,Remote,4.1
2360,Denise Garcia,10,2,1,399,Male,Group C,25-34,2026-03-08,,,1,3.7,<1 yr,0,69800.0,1.0576,4,3,High,95.6,2.7,5.9,Hybrid,3.7
2361,Samuel Ortiz,8,2,9,2095,Female,Group B,45-54,2023-12-18,2025-04-28,Involuntary,0,16.3,1-2 yr,1,75200.0,0.9656,3,2,Medium,40.7,3.3,14.0,Onsite,5.6
2362,Jeffrey Wise,1,2,4,2324,Male,Group A,<25,2025-02-11,,,1,16.6,1-2 yr,1,60100.0,0.9898,3,3,High,72.8,5.1,19.4,Hybrid,16.6
2363,Emma Gordon,3,8,6,975,Female,Group E,25-34,2025-09-07,,,1,9.7,<1 yr,0,227000.0,0.9294,3,2,Medium,96.0,6.9,7.0,Hybrid,9.6
2364,Dominique Murphy,5,3,6,805,Female,Group A,25-34,2023-08-06,,,1,34.8,2-4 yr,2,113100.0,0.9713,3,3,High,66.8,6.6,19.2,Onsite,2.7
2365,Carol Beck,4,3,8,1506,Female,Group D,35-44,2023-01-22,2024-08-12,Voluntary,0,18.7,1-2 yr,1,33500.0,0.9964,1,2,Medium,70.1,22.6,6.4,Hybrid,29.7
2366,Kyle Freeman,6,4,9,2158,Non-binary,Group A,55+,2023-08-30,2024-10-13,Voluntary,0,13.5,1-2 yr,1,94600.0,0.9777,3,3,High,63.2,15.0,3.8,Hybrid,30.2
2367,Maria Williams,11,4,8,2565,Male,Group A,25-34,2023-05-09,2024-02-14,Voluntary,0,9.2,<1 yr,0,32000.0,0.9518,4,2,Medium,57.0,7.8,13.6,Onsite,11.5
2368,Matthew Martinez,2,7,5,996,Female,Group D,45-54,2024-09-13,,,1,21.5,1-2 yr,1,162600.0,1.1684,2,2,Medium,90.6,4.7,0.0,Remote,8.6
2369,Marco Allen,8,3,9,2405,Female,Group B,25-34,2023-01-19,,,1,41.3,2-4 yr,2,99100.0,1.0242,3,3,High,68.9,2.5,43.9,Onsite,11.6
2370,Terry Morales,4,3,13,419,Male,Group E,25-34,2025-03-02,2026-03-13,Voluntary,0,12.4,1-2 yr,1,21500.0,0.9711,2,3,High,98.0,3.4,12.0,Hybrid,14.9
2371,David Rivera,10,3,4,1605,Male,Group C,25-34,2024-11-29,,,1,19.0,1-2 yr,1,73700.0,0.9769,3,2,Medium,53.0,1.6,4.6,Hybrid,14.1
2372,Stephanie Valdez,10,6,1,1605,Female,Group D,<25,2022-08-12,2023-06-06,Voluntary,0,9.8,<1 yr,0,114400.0,0.9695,5,3,High,75.2,5.8,0.0,Remote,11.1
2373,Vincent Miranda,10,3,4,1605,Male,Group C,35-44,2024-06-12,,,1,24.6,2-4 yr,2,67300.0,0.8921,2,1,Low,76.9,8.1,22.8,Hybrid,17.0
2374,Mary Lynch,5,7,9,2555,Female,Group E,45-54,2024-12-01,,,1,18.9,1-2 yr,1,183000.0,1.0921,3,3,High,87.6,4.3,6.5,Onsite,18.9
2375,Jesus Parker,7,2,12,937,Male,Group D,25-34,2024-12-27,,,1,18.1,1-2 yr,1,19300.0,1.0084,3,3,High,70.4,3.3,0.0,Remote,18.1
2376,Deborah Bowen,5,4,5,417,Female,Group B,55+,2024-01-18,,,1,29.4,2-4 yr,2,83700.0,1.0416,5,3,High,46.3,2.3,0.0,Remote,2.4
2377,Rebecca Perry,6,2,13,2695,Female,Group D,25-34,2025-07-26,,,1,11.1,<1 yr,0,18300.0,1.0269,3,2,Medium,68.4,15.6,2.4,Onsite,11.1
2378,Tammy Rodriguez,9,5,2,834,Male,Group B,35-44,2021-11-21,,,1,55.3,4-6 yr,3,82300.0,0.8934,4,3,High,43.8,34.0,19.6,Onsite,25.1
2379,Rebecca Andrews,11,2,10,1364,Male,Group B,35-44,2023-09-08,,,1,33.7,2-4 yr,2,76100.0,1.1304,4,3,High,72.4,4.7,6.0,Hybrid,7.4
2380,Oscar Wheeler,1,3,2,284,Male,Group A,25-34,2024-05-12,2025-05-31,Voluntary,0,12.6,1-2 yr,1,69800.0,0.9056,3,2,Medium,52.9,8.0,21.7,Hybrid,5.3
2381,Robert Camacho,6,1,6,1899,Female,Group B,35-44,2026-04-04,,,1,2.9,<1 yr,0,77200.0,1.0455,3,2,Medium,57.3,12.5,20.9,Onsite,2.9
2382,Sandra Wagner,7,5,11,1486,Male,Group A,25-34,2024-08-31,,,1,21.9,1-2 yr,1,50400.0,1.118,4,2,Medium,87.9,5.1,10.2,Onsite,11.1
2383,James Berry,12,3,12,2450,Non-binary,Group D,<25,2024-09-26,,,1,21.1,1-2 yr,1,21500.0,0.9041,2,2,Medium,92.8,8.0,4.3,Hybrid,17.6
2384,Melissa Mann,7,2,13,267,Male,Group B,35-44,2024-09-12,2025-08-28,Voluntary,0,11.5,<1 yr,0,15900.0,0.8923,3,2,Medium,67.0,8.4,6.4,Hybrid,21.6
2385,Brian Anderson,4,6,3,607,Male,Group B,35-44,2020-05-07,2023-07-20,Involuntary,0,38.4,2-4 yr,2,146000.0,1.1673,2,2,Medium,72.9,12.9,10.7,Hybrid,6.9
2386,David Oneill,6,1,11,886,Male,Group D,35-44,2024-12-30,2026-03-24,Voluntary,0,14.8,1-2 yr,1,26500.0,1.1079,2,1,Low,63.5,6.6,10.1,Hybrid,7.0
2387,John Walker,9,4,3,963,Female,Group A,35-44,2025-01-31,,,1,16.9,1-2 yr,1,84100.0,0.9676,2,3,High,61.5,6.5,7.2,Hybrid,1.1
2388,Timothy Woods,7,3,6,2173,Female,Group C,25-34,2022-11-15,,,1,43.5,2-4 yr,2,107100.0,0.9198,4,3,High,63.3,21.7,13.2,Hybrid,30.6
2389,Robert Mcdonald,2,1,1,2534,Female,Group E,25-34,2024-07-25,2025-08-04,Involuntary,0,12.3,1-2 yr,1,47000.0,0.9038,4,3,High,70.2,4.1,29.0,Hybrid,4.2
2390,Richard Barr,10,1,1,1605,Female,Group A,35-44,2025-12-22,2026-06-16,Voluntary,0,5.8,<1 yr,0,47600.0,0.9154,5,3,High,55.8,1.4,14.7,Hybrid,6.2
2391,Monique Tran,10,6,1,694,Male,Group A,35-44,2025-02-04,,,1,16.8,1-2 yr,1,116700.0,0.989,4,2,Medium,96.9,7.1,18.4,Hybrid,8.1
2392,Dennis Lawrence,9,2,6,834,Female,Group D,35-44,2023-12-23,,,1,30.2,2-4 yr,2,88500.0,0.9443,3,3,High,60.5,14.8,0.0,Remote,7.9
2393,Christian Ellis,8,4,3,201,Female,Group B,55+,2026-03-08,,,1,3.7,<1 yr,0,88200.0,1.0147,4,1,Low,36.2,7.9,5.6,Onsite,3.7
2394,Tyler Barrera,8,2,2,656,Male,Group A,25-34,2024-07-17,,,1,23.4,1-2 yr,1,65400.0,1.0542,3,1,Low,74.5,6.9,42.9,Onsite,4.9
2395,Derek Jones,4,3,12,115,Male,Group D,35-44,2023-04-25,,,1,38.2,2-4 yr,2,25100.0,1.0555,3,2,Medium,89.7,25.4,3.0,Onsite,7.2
2396,Tammy Williams,5,6,5,417,Female,Group B,35-44,2021-03-05,,,1,63.8,4-6 yr,3,125900.0,1.0887,4,3,High,81.1,5.9,0.0,Remote,5.7
2397,Jacob Page,3,1,12,550,Female,Group B,25-34,2025-06-03,2026-05-05,Voluntary,0,11.0,<1 yr,0,12800.0,0.8488,3,1,Low,82.8,8.5,6.1,Hybrid,6.5
2398,Kyle Chen,1,2,1,204,Female,Group A,35-44,2025-12-07,,,1,6.7,<1 yr,0,61900.0,0.9379,3,2,Medium,61.1,13.9,0.0,Remote,6.7
2399,Jasmine Kim,11,6,6,1081,Male,Group B,25-34,2026-03-05,,,1,3.8,<1 yr,0,163100.0,0.9734,4,3,High,68.5,8.9,11.2,Hybrid,3.8
2400,Anthony Barton,5,6,7,417,Female,Group B,35-44,2022-01-18,2024-11-14,Voluntary,0,33.9,2-4 yr,2,137700.0,0.9411,3,1,Low,63.8,7.0,0.0,Remote,18.4
2401,Christopher Lee,6,4,5,2778,Female,Group B,25-34,2025-04-01,,,1,14.9,1-2 yr,1,70200.0,0.8736,4,2,Medium,69.0,4.1,0.0,Remote,14.9
2402,Denise Hernandez,8,6,2,2624,Female,Group A,25-34,2024-11-04,,,1,19.8,1-2 yr,1,101000.0,0.9106,4,3,High,68.2,12.1,13.4,Onsite,19.8
2403,Jeremy Garcia,12,3,3,749,Male,Group A,35-44,2024-01-06,,,1,29.8,2-4 yr,2,69100.0,0.795,3,2,Medium,36.3,2.8,9.8,Onsite,12.2
2404,Jason Stewart,1,2,6,2324,Female,Group E,45-54,2024-09-30,,,1,21.0,1-2 yr,1,99800.0,1.0649,3,2,Medium,88.2,3.9,0.0,Remote,2.7
2405,Mary Scott,8,7,9,1987,Male,Group D,35-44,2024-03-19,,,1,27.4,2-4 yr,2,150600.0,0.8988,3,1,Low,73.9,2.7,3.6,Hybrid,11.3
2406,Omar Oconnell,11,6,12,1881,Male,Group C,45-54,2022-04-07,,,1,50.8,4-6 yr,3,32700.0,0.9556,4,3,High,71.1,6.8,12.4,Hybrid,6.4
2407,Megan Garcia,9,4,13,981,Female,Group B,55+,2025-05-03,,,1,13.9,1-2 yr,1,21900.0,0.9892,5,3,High,60.4,5.7,2.6,Onsite,7.5
2408,Kelsey Richardson,6,5,13,2695,Male,Group D,45-54,2021-10-13,2025-11-12,Voluntary,0,49.0,4-6 yr,3,27000.0,1.0204,4,2,Medium,57.8,4.4,0.0,Remote,3.6
2409,Jon Haynes,1,1,9,2455,Male,Group A,45-54,2025-10-28,2026-02-14,Voluntary,0,3.6,<1 yr,0,61500.0,1.0023,4,2,Medium,66.8,22.2,6.3,Onsite,8.0
2410,Jennifer Davis,6,5,9,272,Female,Group A,25-34,2024-06-08,,,1,24.7,2-4 yr,2,124800.0,1.0792,3,2,Medium,68.6,4.2,0.0,Remote,14.1
2411,Jennifer Fox,9,1,8,2325,Female,Group D,<25,2026-02-25,,,1,4.1,<1 yr,0,20700.0,0.9709,3,3,High,52.2,12.3,0.0,Remote,4.1
2412,Dr. Hannah Perry,5,7,13,2457,Female,Group A,35-44,2025-09-03,2026-02-24,Involuntary,0,5.7,<1 yr,0,40800.0,1.0642,2,2,Medium,75.0,17.7,2.5,Hybrid,2.1
2413,Leslie Cooley,9,2,1,1675,Male,Group D,25-34,2024-09-13,,,1,21.5,1-2 yr,1,72300.0,1.0955,5,2,Medium,56.3,0.9,4.7,Hybrid,2.4
2414,Ryan Morgan,11,4,3,157,Male,Group A,45-54,2023-07-01,,,1,36.0,2-4 yr,2,98100.0,1.1286,5,2,Medium,76.0,8.0,8.0,Hybrid,5.3
2415,Katherine Quinn,7,3,6,1904,Female,Group A,45-54,2022-11-26,,,1,43.1,2-4 yr,2,107100.0,0.9198,3,1,Low,74.6,2.6,26.4,Hybrid,30.2
2416,Robin Walker,6,5,9,272,Female,Group C,25-34,2025-09-15,,,1,9.5,<1 yr,0,115600.0,0.9997,4,2,Medium,58.5,1.6,0.9,Hybrid,2.4
2417,Judy Lloyd,2,3,12,1803,Male,Group B,35-44,2024-11-22,,,1,19.2,1-2 yr,1,24700.0,1.0387,3,1,Low,57.7,2.8,8.3,Hybrid,2.1
2418,Maria Taylor,4,4,3,2606,Female,Group A,25-34,2026-05-18,,,1,1.4,<1 yr,0,81400.0,0.9365,3,1,Low,67.0,7.8,0.0,Remote,1.4
2419,Jacqueline Edwards MD,6,2,11,886,Male,Group A,25-34,2024-03-04,,,1,27.9,2-4 yr,2,30300.0,0.998,4,1,Low,78.9,12.9,0.0,Remote,1.1
2420,Ryan Wilson,11,1,12,1603,Non-binary,Group B,25-34,2025-07-19,2026-05-15,Voluntary,0,9.9,<1 yr,0,13900.0,0.9218,3,3,High,80.4,8.6,7.2,Onsite,11.4
2421,Lucas Gonzalez,10,1,3,1605,Female,Group B,25-34,2024-12-15,,,1,18.5,1-2 yr,1,56800.0,1.0305,3,1,Low,49.3,5.3,24.4,Onsite,6.4
2422,John Arnold,10,3,8,1196,Male,Group C,35-44,2023-12-21,2024-05-31,Voluntary,0,5.3,<1 yr,0,38700.0,1.1511,4,2,Medium,32.4,9.0,20.0,Hybrid,22.9
2423,Julie Fuller,12,2,14,2632,Female,Group D,35-44,2024-03-06,,,1,27.8,2-4 yr,2,59300.0,0.9263,2,2,Medium,76.1,0.6,9.9,Hybrid,5.4
2424,Paul Wallace,11,4,1,1551,Male,Group A,25-34,2024-10-29,,,1,20.0,1-2 yr,1,73100.0,0.8915,5,3,High,85.0,7.6,0.0,Remote,3.1
2425,Shawn Garcia,4,1,13,419,Male,Group A,55+,2024-11-20,2025-10-31,Voluntary,0,11.3,<1 yr,0,13700.0,0.9758,5,2,Medium,56.0,10.4,6.9,Hybrid,13.3
2426,Sandra Jensen,5,3,13,1781,Male,Group A,<25,2025-12-01,2026-06-10,Voluntary,0,6.3,<1 yr,0,22800.0,1.0298,3,2,Medium,39.2,13.7,2.3,Hybrid,5.1
2427,Debra Patel,3,8,1,350,Male,Group B,35-44,2022-02-12,,,1,52.5,4-6 yr,3,186100.0,1.082,4,1,Low,100.0,1.5,5.7,Hybrid,7.7
2428,Jesse Berry,2,3,6,2368,Male,Group B,25-34,2022-07-16,,,1,47.5,2-4 yr,2,124400.0,1.0684,5,3,High,83.1,7.3,20.2,Onsite,12.4
2429,Jennifer Lewis,7,6,14,2517,Male,Group B,35-44,2025-02-07,,,1,16.7,1-2 yr,1,117800.0,1.0292,3,2,Medium,59.0,5.2,4.3,Hybrid,16.7
2430,Kevin Duran,9,6,2,2667,Female,Group E,45-54,2021-03-05,2021-12-24,Involuntary,0,9.7,<1 yr,0,109800.0,0.9899,2,1,Low,58.7,10.2,19.7,Onsite,21.8
2431,Steven Castillo,6,2,13,2695,Female,Group E,35-44,2026-03-12,,,1,3.6,<1 yr,0,16000.0,0.8979,1,1,Low,71.7,5.7,1.9,Onsite,3.6
2432,Kevin Acosta,6,6,1,137,Male,Group A,45-54,2021-12-19,,,1,54.3,4-6 yr,3,119900.0,1.0161,4,2,Medium,82.0,11.4,6.7,Onsite,26.0
2433,Shirley Banks,7,6,12,1933,Male,Group B,45-54,2025-02-22,,,1,16.2,1-2 yr,1,33800.0,0.9877,5,3,High,99.5,0.6,4.6,Onsite,8.2
2434,Linda Smith,3,2,11,2650,Male,Group B,35-44,2025-11-19,,,1,7.3,<1 yr,0,29900.0,0.9848,4,3,High,79.8,0.5,5.2,Hybrid,4.5
2435,Connie Smith,2,1,12,14,Female,Group A,25-34,2026-03-07,,,1,3.8,<1 yr,0,15500.0,1.0279,4,2,Medium,91.1,1.8,2.6,Hybrid,0.7
2436,Dennis Jones,6,2,6,2447,Female,Group E,25-34,2024-04-27,2025-12-29,Voluntary,0,20.1,1-2 yr,1,96500.0,1.0297,3,1,Low,79.8,16.9,0.0,Remote,3.9
2437,Eric Thompson,6,8,12,737,Non-binary,Group D,25-34,2025-09-10,,,1,9.6,<1 yr,0,50600.0,1.0144,3,2,Medium,55.8,9.3,13.1,Onsite,9.6
2438,Breanna Williams,7,9,11,,Male,Group B,35-44,2019-09-25,,,1,81.1,6+ yr,4,98400.0,1.0186,1,1,Low,45.6,10.0,17.7,Hybrid,30.3
2439,Mr. Kevin Hill,11,6,10,1123,Female,Group D,45-54,2023-03-06,,,1,39.8,2-4 yr,2,109000.0,0.9056,3,1,Low,79.3,12.6,9.7,Hybrid,14.4
2440,Brenda Russell,1,1,1,107,Female,Group A,35-44,2025-07-16,,,1,11.5,<1 yr,0,50600.0,0.9731,4,2,Medium,84.9,1.6,0.0,Remote,11.5
2441,Samantha Andrews,8,2,6,201,Female,Group A,45-54,2023-08-27,,,1,34.1,2-4 yr,2,83300.0,0.8888,3,3,High,76.1,10.5,9.6,Hybrid,17.7
2442,Allen Ballard,12,1,12,2450,Female,Group A,25-34,2025-07-12,,,1,11.6,<1 yr,0,16100.0,1.0676,2,1,Low,64.9,6.5,2.2,Hybrid,11.6
2443,Carlos Tran,7,1,12,267,Male,Group A,25-34,2026-03-31,,,1,3.0,<1 yr,0,15600.0,1.0345,3,3,High,60.8,1.6,6.8,Hybrid,3.0
2444,Eric Smith,11,2,4,625,Female,Group B,35-44,2023-10-07,,,1,32.8,2-4 yr,2,64000.0,1.054,4,3,High,87.9,13.7,6.6,Onsite,16.5
2445,Thomas Thomas,6,3,9,2158,Female,Group B,55+,2023-03-04,,,1,39.9,2-4 yr,2,90200.0,0.9322,3,3,High,59.0,2.2,25.3,Hybrid,3.7
2446,Steven Brooks,12,2,3,1019,Female,Group D,35-44,2025-08-25,,,1,10.2,<1 yr,0,74200.0,1.0606,4,3,High,27.7,4.2,9.7,Hybrid,10.2
2447,Shawn Brown,6,7,6,784,Male,Group A,35-44,2025-11-02,,,1,7.9,<1 yr,0,192100.0,0.9527,4,3,High,42.5,12.2,12.9,Onsite,2.5
2448,Christopher Brock,2,1,8,935,Male,Group A,35-44,2025-06-25,,,1,12.2,1-2 yr,1,22200.0,1.0413,5,3,High,71.4,18.2,17.4,Hybrid,6.2
2449,Connor Myers,3,8,3,350,Female,Group B,45-54,2024-08-26,2025-09-25,Voluntary,0,13.0,1-2 yr,1,170200.0,0.9335,3,2,Medium,68.2,8.9,6.0,Onsite,8.4
2450,Michael Farmer,12,7,12,2684,Male,Group B,45-54,2023-04-26,,,1,38.1,2-4 yr,2,40000.0,0.9713,5,2,Medium,51.5,5.8,38.0,Onsite,17.5
2451,Melissa Alvarado,8,4,12,1750,Male,Group C,25-34,2023-10-02,2024-04-08,Voluntary,0,6.2,<1 yr,0,27800.0,1.169,3,1,Low,49.5,8.2,20.1,Onsite,3.2
2452,Maria Harris,2,3,4,2368,Female,Group B,45-54,2025-04-07,2025-07-02,Voluntary,0,2.8,<1 yr,0,85900.0,1.1387,5,3,High,62.3,5.1,2.7,Hybrid,14.8
2453,Amber Glenn,7,2,7,553,Male,Group B,45-54,2025-07-14,2026-06-08,Involuntary,0,10.8,<1 yr,0,86000.0,1.0508,1,2,Medium,64.3,2.9,4.0,Hybrid,11.5
2454,Michael Parker,12,2,1,2729,Female,Group C,25-34,2026-02-13,2026-03-25,Voluntary,0,1.3,<1 yr,0,68800.0,1.0424,3,3,High,55.4,20.7,7.5,Hybrid,4.5
2455,Mary Hunt,1,7,11,708,Female,Group B,25-34,2020-11-09,2024-10-24,Voluntary,0,47.5,2-4 yr,2,63600.0,0.9737,3,2,Medium,69.2,3.5,0.0,Remote,17.6
2456,Mr. Paul Wallace,2,3,1,269,Female,Group C,<25,2023-02-06,2025-03-26,Involuntary,0,25.6,2-4 yr,2,71000.0,0.8659,1,1,Low,49.3,4.1,0.0,Remote,10.1
2457,Jason Collins,5,8,11,236,Female,Group A,<25,2019-12-10,2025-07-21,Voluntary,0,67.3,4-6 yr,3,71700.0,0.9062,4,3,High,54.9,6.7,8.0,Onsite,8.6
2458,Charles Terrell,10,5,12,378,Male,Group D,25-34,2023-01-10,,,1,41.6,2-4 yr,2,27500.0,0.9676,3,3,High,80.5,7.0,0.0,Remote,13.5
2459,Gabriel Cole,7,2,11,1486,Female,Group A,<25,2026-02-15,,,1,4.4,<1 yr,0,31900.0,1.0507,4,3,High,70.8,29.1,3.7,Hybrid,4.4
2460,Raymond Parker,5,1,11,1370,Male,Group B,25-34,2025-07-22,,,1,11.3,<1 yr,0,22400.0,0.9365,4,3,High,57.7,14.5,0.0,Remote,3.4
2461,Melissa Mendoza,5,3,3,1990,Male,Group C,25-34,2026-03-06,,,1,3.8,<1 yr,0,86500.0,0.9952,3,3,High,57.0,4.2,7.6,Hybrid,3.8
2462,Bryan Carpenter,6,7,13,2437,Male,Group D,35-44,2026-04-09,,,1,2.7,<1 yr,0,40800.0,1.0642,4,1,Low,68.8,1.2,12.7,Hybrid,2.7
2463,Christopher Moreno,1,2,7,557,Female,Group A,25-34,2025-11-22,,,1,7.2,<1 yr,0,62800.0,0.7674,5,3,High,80.3,8.2,36.6,Onsite,7.2
2464,Jason Rivas,7,3,12,1933,Male,Group B,35-44,2026-04-15,2026-05-26,Voluntary,0,1.3,<1 yr,0,26600.0,1.1186,3,3,High,76.1,16.6,5.8,Hybrid,2.5
2465,Matthew Abbott,1,5,1,107,Male,Group D,35-44,2025-05-22,,,1,13.3,1-2 yr,1,102700.0,1.048,4,3,High,45.6,4.8,3.1,Hybrid,13.3
2466,Teresa Clark,10,2,8,694,Male,Group C,<25,2023-06-22,,,1,36.3,2-4 yr,2,29200.0,1.0791,2,2,Medium,44.7,8.6,12.8,Hybrid,8.5
2467,James Castaneda,1,2,8,107,Male,Group E,25-34,2026-04-01,,,1,3.0,<1 yr,0,28900.0,1.068,2,2,Medium,100.0,3.9,0.0,Remote,3.0
2468,Susan Banks,10,6,12,153,Female,Group A,35-44,2022-01-12,2025-10-29,Voluntary,0,45.5,2-4 yr,2,29400.0,0.8591,3,2,Medium,61.4,2.7,0.0,Remote,5.4
2469,Daniel Green,5,5,5,508,Male,Group A,25-34,2023-10-10,,,1,32.7,2-4 yr,2,94800.0,0.9871,5,3,High,81.7,7.5,0.0,Remote,11.1
2470,Brenda Sawyer,7,5,13,2517,Female,Group A,35-44,2026-03-16,,,1,3.5,<1 yr,0,26300.0,0.994,2,1,Low,51.5,2.0,1.5,Hybrid,3.5
2471,Cody Gay,8,3,7,15,Female,Group A,35-44,2026-04-09,2026-06-02,Involuntary,0,1.8,<1 yr,0,101000.0,0.9933,2,3,High,71.0,12.5,6.8,Hybrid,2.7
2472,Michelle Parker,3,4,1,1338,Female,Group B,35-44,2023-12-25,,,1,30.2,2-4 yr,2,81400.0,0.9927,4,1,Low,50.1,3.5,30.8,Onsite,9.2
2473,Christy Ponce,3,5,6,2712,Male,Group E,25-34,2021-05-04,,,1,61.9,4-6 yr,3,138600.0,0.996,3,2,Medium,65.5,10.3,14.1,Onsite,6.3
2474,Wendy Warren,2,5,11,116,Male,Group B,55+,2022-03-16,,,1,51.5,4-6 yr,3,45200.0,1.0027,1,1,Low,47.9,7.6,0.0,Remote,8.1
2475,Shawn Williams,12,6,8,1639,Male,Group B,35-44,2023-11-20,,,1,31.3,2-4 yr,2,54000.0,1.1162,3,3,High,63.5,2.6,7.6,Onsite,12.1
2476,Andrew Stuart,10,3,14,1196,Female,Group B,<25,2026-03-01,2026-04-21,Voluntary,0,1.7,<1 yr,0,69000.0,0.8675,4,3,High,82.8,7.3,11.6,Onsite,4.0
2477,Brian Fisher,10,6,13,378,Male,Group A,35-44,2026-06-06,,,1,0.8,<1 yr,0,30600.0,0.9605,2,2,Medium,73.1,6.1,0.0,Remote,0.8
2478,Scott Hill,2,5,1,2279,Male,Group D,45-54,2025-08-07,2026-06-17,Voluntary,0,10.3,<1 yr,0,95800.0,0.9776,4,3,High,55.6,2.6,0.0,Remote,5.4
2479,Adam Reyes,5,1,8,1069,Male,Group C,45-54,2025-11-01,,,1,7.9,<1 yr,0,20200.0,0.9475,1,3,High,81.4,2.9,0.0,Remote,7.9
2480,Christopher Gilbert,11,4,5,1551,Female,Group A,35-44,2026-03-07,2026-04-10,Voluntary,0,1.1,<1 yr,0,79100.0,0.9843,3,2,Medium,46.3,16.7,0.0,Remote,3.8
2481,Lauren Gonzalez,9,2,13,954,Male,Group B,45-54,2024-05-23,,,1,25.2,2-4 yr,2,17300.0,0.9708,4,3,High,97.4,9.4,5.2,Hybrid,25.2
2482,Jared Montgomery,10,6,9,470,Female,Group C,35-44,2025-10-11,2026-01-23,Voluntary,0,3.4,<1 yr,0,116400.0,0.836,3,3,High,76.7,12.4,0.7,Hybrid,8.6
2483,Mathew Mitchell,7,8,12,1384,Female,Group C,45-54,2022-12-12,,,1,42.6,2-4 yr,2,48500.0,0.9723,3,2,Medium,79.6,4.9,0.0,Remote,7.9
2484,Kristen Munoz,2,5,4,1429,Female,Group E,35-44,2022-11-19,,,1,43.3,2-4 yr,2,86300.0,0.9572,2,2,Medium,68.1,5.5,3.4,Hybrid,8.1
2485,Jason Bell,5,6,2,417,Male,Group C,25-34,2025-06-01,,,1,12.9,1-2 yr,1,101900.0,0.9187,3,3,High,100.0,14.5,19.2,Onsite,12.9
2486,Eric Martinez,4,6,3,1818,Male,Group D,45-54,2025-06-22,2026-03-29,Voluntary,0,9.2,<1 yr,0,126500.0,1.0114,2,2,Medium,60.6,3.1,0.0,Remote,12.3
2487,Michael Wilson,8,2,3,2624,Female,Group A,35-44,2023-09-07,,,1,33.7,2-4 yr,2,75000.0,1.072,3,2,Medium,60.6,12.3,8.8,Onsite,27.5
2488,Barbara Cross,1,7,12,2583,Male,Group A,45-54,2025-08-23,2026-02-27,Voluntary,0,6.2,<1 yr,0,38300.0,0.9301,5,3,High,65.4,10.9,37.0,Onsite,10.2
2489,Susan Stevenson,11,8,14,1155,Non-binary,Group C,45-54,2021-09-20,,,1,57.3,4-6 yr,3,157200.0,0.9422,3,2,Medium,85.2,5.7,32.7,Onsite,13.1
2490,Sherri Wallace,11,4,2,1551,Female,Group B,35-44,2022-11-09,,,1,43.7,2-4 yr,2,83700.0,1.0859,3,3,High,77.7,4.7,3.7,Onsite,2.2
2491,Robert Rich,2,6,5,359,Male,Group B,35-44,2024-04-29,,,1,26.0,2-4 yr,2,115100.0,0.9953,4,3,High,64.9,8.1,0.0,Remote,26.0
2492,Russell Wagner,4,7,2,2133,Female,Group C,25-34,2022-12-25,,,1,42.1,2-4 yr,2,126000.0,0.944,3,2,Medium,83.0,3.9,17.8,Hybrid,12.0
2493,Laura Fitzgerald,12,5,12,2450,Male,Group C,<25,2025-01-17,,,1,17.4,1-2 yr,1,27400.0,0.9641,4,2,Medium,32.5,15.4,6.3,Hybrid,9.8
2494,Kevin Nichols,2,3,1,2534,Female,Group A,45-54,2025-11-20,2026-03-07,Voluntary,0,3.5,<1 yr,0,75300.0,0.9183,3,2,Medium,69.4,8.6,6.1,Hybrid,7.3
2495,Scott Robinson,8,5,12,533,Male,Group C,35-44,2022-10-22,,,1,44.3,2-4 yr,2,27800.0,0.9782,3,1,Low,97.8,5.7,2.9,Hybrid,4.5
2496,Katie Wade,7,8,1,791,Male,Group A,45-54,2023-04-20,2025-11-16,Voluntary,0,30.9,2-4 yr,2,170900.0,0.9936,3,3,High,84.4,1.2,3.4,Hybrid,17.5
2497,Melanie Montoya,12,5,8,1639,Male,Group A,25-34,2023-02-19,,,1,40.3,2-4 yr,2,42200.0,1.0503,3,2,Medium,68.9,1.1,4.4,Hybrid,2.4
2498,Daniel Webb,6,4,12,2462,Male,Group A,35-44,2025-06-08,,,1,12.7,1-2 yr,1,21600.0,0.9083,5,3,High,59.4,8.5,13.2,Hybrid,10.9
2499,David Sutton,7,3,5,2060,Female,Group A,35-44,2022-09-29,,,1,45.0,2-4 yr,2,75800.0,0.9433,5,2,Medium,87.7,8.0,0.0,Remote,10.2
2500,Jose Diaz,5,5,3,1990,Male,Group E,35-44,2022-08-21,,,1,46.3,2-4 yr,2,103700.0,0.9983,2,3,High,75.1,12.8,10.1,Hybrid,5.2
2501,Jeremy Morgan,3,4,3,2607,Male,Group D,25-34,2022-05-28,,,1,49.1,4-6 yr,3,97100.0,1.1171,5,3,High,66.0,8.1,2.5,Hybrid,11.9
2502,Elizabeth Brown,12,2,3,917,Female,Group C,35-44,2026-04-29,,,1,2.0,<1 yr,0,60100.0,0.8591,2,3,High,73.1,3.6,0.0,Remote,2.0
2503,Jennifer Gibson,6,6,1,166,Male,Group E,35-44,2023-03-04,,,1,39.9,2-4 yr,2,134800.0,1.1424,3,1,Low,81.5,7.2,0.0,Remote,21.0
2504,Chad Anderson,2,5,1,2368,Female,Group B,35-44,2025-05-04,,,1,13.9,1-2 yr,1,82800.0,0.8449,3,3,High,79.9,15.1,20.6,Onsite,13.9
2505,Kimberly Duarte,12,1,13,2450,Non-binary,Group C,45-54,2025-12-06,,,1,6.8,<1 yr,0,13900.0,0.99,4,2,Medium,83.6,4.2,0.0,Remote,6.8
2506,Jordan Brown,10,2,3,694,Female,Group C,35-44,2024-02-13,,,1,28.5,2-4 yr,2,59400.0,0.8491,5,3,High,76.2,4.0,13.8,Onsite,13.1
2507,Ryan Jones,11,6,13,1618,Male,Group B,35-44,2021-12-13,2025-05-19,Voluntary,0,41.2,2-4 yr,2,31500.0,0.9887,3,3,High,61.6,1.5,12.1,Onsite,11.5
2508,Debbie Rojas,4,3,4,1692,Male,Group B,45-54,2024-04-17,,,1,26.4,2-4 yr,2,68600.0,0.9093,4,2,Medium,76.6,5.1,3.9,Hybrid,24.8
2509,Denise Taylor,12,4,12,1510,Female,Group B,25-34,2024-09-20,2025-03-29,Voluntary,0,6.2,<1 yr,0,23700.0,0.9966,3,2,Medium,60.1,6.1,11.6,Hybrid,21.3
2510,Kim Trujillo,1,1,12,842,Female,Group D,55+,2024-07-14,2025-11-30,Voluntary,0,16.6,1-2 yr,1,14400.0,0.9549,3,3,High,55.8,10.2,8.4,Onsite,16.4
2511,Nicholas Taylor DVM,7,5,14,267,Non-binary,Group B,55+,2022-11-11,,,1,43.6,2-4 yr,2,90500.0,0.952,2,2,Medium,48.3,9.0,17.7,Onsite,31.6
2512,Jon Pearson,12,1,12,2450,Female,Group B,25-34,2024-12-30,,,1,18.0,1-2 yr,1,14200.0,0.9416,4,2,Medium,63.6,10.2,32.1,Hybrid,13.3
2513,Philip Bryant,12,6,9,1363,Female,Group B,35-44,2026-04-14,,,1,2.5,<1 yr,0,125600.0,0.902,5,2,Medium,55.3,1.6,12.4,Onsite,2.5
2514,Matthew Black,10,4,5,399,Male,Group C,45-54,2025-02-20,,,1,16.3,1-2 yr,1,71200.0,0.886,4,3,High,77.1,14.9,0.0,Remote,11.0
2515,Amanda Anderson,10,4,7,2708,Female,Group E,45-54,2024-05-13,,,1,25.6,2-4 yr,2,93700.0,0.9215,1,1,Low,77.5,9.1,0.0,Remote,25.6
2516,Michael Rojas,10,4,13,1196,Female,Group A,35-44,2023-03-24,,,1,39.2,2-4 yr,2,23300.0,1.0524,2,2,Medium,54.6,4.2,6.6,Hybrid,9.0
2517,Julie Flynn,7,7,12,2090,Female,Group B,35-44,2023-02-20,2025-01-16,Voluntary,0,22.9,1-2 yr,1,35200.0,0.8548,4,3,High,59.9,6.1,1.2,Hybrid,8.0
2518,Xavier Roberts,10,1,6,2708,Female,Group A,35-44,2026-04-01,,,1,3.0,<1 yr,0,64700.0,0.8762,3,2,Medium,79.7,15.8,4.2,Hybrid,3.0
2519,Barbara King,1,3,3,204,Male,Group C,25-34,2023-06-23,2025-07-22,Voluntary,0,25.0,2-4 yr,2,94300.0,1.0849,3,2,Medium,50.7,3.9,0.0,Remote,26.2
2520,Kaitlin Rodriguez,1,3,5,284,Male,Group E,55+,2023-12-01,,,1,30.9,2-4 yr,2,79800.0,0.993,3,2,Medium,55.1,1.6,0.0,Remote,4.0
2521,Ryan Porter,11,3,5,1081,Male,Group A,45-54,2025-01-04,,,1,17.8,1-2 yr,1,85300.0,1.0615,3,2,Medium,90.6,7.9,0.0,Remote,3.3
2522,Andrew Chaney,12,4,10,1363,Male,Group E,25-34,2024-05-07,,,1,25.8,2-4 yr,2,95900.0,1.1466,3,3,High,65.1,3.6,0.0,Remote,11.5
2523,David Banks,4,2,11,2666,Male,Group A,25-34,2024-08-31,2025-01-09,Involuntary,0,4.3,<1 yr,0,31400.0,1.0343,2,2,Medium,49.0,6.4,2.7,Onsite,10.8
2524,Cynthia James,8,6,13,865,Female,Group B,35-44,2022-01-10,,,1,53.6,4-6 yr,3,34600.0,1.086,4,3,High,66.2,9.1,3.2,Hybrid,12.2
2525,Barbara Bailey,12,4,10,1363,Female,Group E,45-54,2026-03-31,,,1,3.0,<1 yr,0,88200.0,1.0545,3,3,High,70.6,8.8,4.4,Hybrid,2.9
2526,Nicholas Farley,6,5,12,2695,Male,Group C,35-44,2024-09-13,,,1,21.5,1-2 yr,1,28900.0,1.0169,4,3,High,38.8,6.8,8.4,Onsite,3.9
2527,William Cannon,11,7,11,2677,Male,Group E,35-44,2020-02-16,,,1,76.4,6+ yr,4,63700.0,0.9752,4,3,High,61.0,6.2,0.0,Remote,14.7
2528,Daniel Molina,12,5,4,749,Female,Group C,35-44,2024-04-29,,,1,26.0,2-4 yr,2,88300.0,0.9794,4,3,High,68.5,3.7,13.8,Onsite,4.5
2529,Angie Sanchez,11,3,2,440,Female,Group A,<25,2025-08-18,,,1,10.4,<1 yr,0,76800.0,0.9964,2,3,High,76.1,28.0,11.1,Hybrid,10.4
2530,Charles Manning,1,2,4,284,Female,Group B,25-34,2026-04-24,,,1,2.2,<1 yr,0,59300.0,0.9766,4,3,High,47.2,10.3,10.0,Hybrid,2.2
2531,Rachel Alvarez,3,6,4,282,Male,Group A,35-44,2021-11-18,,,1,55.4,4-6 yr,3,104800.0,0.9654,4,2,Medium,90.6,9.4,12.2,Onsite,20.7
2532,Nathaniel Reid,11,5,8,2149,Male,Group B,35-44,2024-08-04,2026-02-21,Voluntary,0,18.6,1-2 yr,1,38100.0,0.9482,2,2,Medium,77.5,18.7,8.7,Hybrid,22.8
2533,Katherine Ramirez,11,1,3,440,Female,Group A,25-34,2024-09-14,,,1,21.5,1-2 yr,1,53700.0,0.9742,3,2,Medium,62.3,16.7,3.4,Hybrid,9.4
2534,Andrew Rhodes,2,7,3,1460,Male,Group D,25-34,2019-07-25,,,1,83.2,6+ yr,4,150300.0,0.9985,3,3,High,62.0,3.3,30.1,Onsite,9.1
2535,Melissa Donaldson,1,2,4,284,Male,Group C,55+,2025-10-29,,,1,8.0,<1 yr,0,56600.0,0.9321,3,2,Medium,73.5,5.6,22.9,Onsite,8.0
2536,Jillian Nash,9,6,13,981,Male,Group A,25-34,2020-08-06,2024-02-15,Voluntary,0,42.3,2-4 yr,2,33900.0,1.064,2,3,High,93.4,2.1,0.0,Remote,14.3
2537,Christopher Fuentes,7,6,5,2173,Female,Group A,25-34,2024-06-29,,,1,24.0,1-2 yr,1,120200.0,1.0394,3,2,Medium,88.0,13.2,0.0,Remote,16.0
2538,Valerie Moore,3,5,12,592,Female,Group A,55+,2022-10-03,2023-11-15,Voluntary,0,13.4,1-2 yr,1,27900.0,0.9817,3,1,Low,80.2,4.1,8.4,Hybrid,7.6
2539,Dr. Brenda Long,3,5,9,2650,Female,Group D,<25,2024-07-27,,,1,23.1,1-2 yr,1,114600.0,0.991,3,2,Medium,92.0,11.7,0.0,Remote,14.5
2540,Ashley Raymond,2,5,3,269,Male,Group A,25-34,2022-09-15,,,1,45.5,2-4 yr,2,112200.0,1.0801,3,3,High,43.0,6.2,0.0,Remote,13.5
2541,Robin Jackson,6,2,12,2695,Female,Group D,55+,2024-11-07,,,1,19.7,1-2 yr,1,16900.0,0.883,3,2,Medium,79.9,23.3,7.8,Onsite,6.2
2542,Dennis Norris,6,3,9,2158,Female,Group E,<25,2022-06-21,,,1,48.3,4-6 yr,3,94500.0,0.9766,3,2,Medium,82.4,10.0,9.2,Onsite,15.2
2543,Mark Johnson,10,2,1,399,Male,Group B,55+,2025-05-21,,,1,13.3,1-2 yr,1,63300.0,0.9591,2,3,High,63.9,17.2,27.9,Onsite,13.3
2544,Derek Johnson,7,1,3,2060,Male,Group A,25-34,2025-07-26,,,1,11.1,<1 yr,0,49000.0,0.889,3,3,High,76.0,0.5,15.1,Hybrid,5.0
2545,Anita Gomez,11,3,9,2527,Female,Group C,45-54,2022-09-22,,,1,45.2,2-4 yr,2,93700.0,0.9684,3,3,High,80.3,8.5,0.0,Remote,22.9
2546,Katherine Johnson,8,7,4,901,Male,Group C,25-34,2023-08-22,,,1,34.3,2-4 yr,2,130500.0,0.9989,3,2,Medium,90.3,7.8,8.0,Hybrid,15.8
2547,Noah Smith,12,3,3,1755,Male,Group A,<25,2023-05-16,2025-06-30,Voluntary,0,25.5,2-4 yr,2,81800.0,0.9411,4,3,High,83.5,11.2,15.9,Onsite,33.0
2548,Kelsey Butler,3,1,1,2213,Female,Group A,35-44,2024-09-08,,,1,21.7,1-2 yr,1,55800.0,1.0731,4,2,Medium,65.1,10.0,0.0,Remote,7.9
2549,Christian Hale,10,3,6,399,Male,Group D,35-44,2022-10-11,,,1,44.6,2-4 yr,2,123400.0,1.0598,3,3,High,51.1,7.5,30.1,Onsite,14.5
2550,Beth Carter,4,6,13,115,Female,Group B,35-44,2021-06-17,,,1,60.4,4-6 yr,3,32300.0,1.0138,4,3,High,88.7,5.9,42.5,Onsite,31.0
2551,Sandra Stout,2,9,12,,Female,Group A,35-44,2023-02-10,,,1,40.6,2-4 yr,2,62000.0,1.0181,1,2,Medium,68.0,17.7,6.7,Hybrid,12.4
2552,Thomas Estrada,12,3,13,2450,Female,Group D,35-44,2022-11-11,2025-11-19,Involuntary,0,36.3,2-4 yr,2,23000.0,1.0388,3,2,Medium,74.9,11.9,4.3,Hybrid,5.7
2553,Mr. George Brown,5,4,6,556,Female,Group A,35-44,2026-04-25,,,1,2.2,<1 yr,0,119800.0,1.0289,3,3,High,76.4,3.0,0.0,Remote,2.2
2554,Richard Montgomery,3,1,5,282,Male,Group A,25-34,2025-12-13,,,1,6.5,<1 yr,0,54400.0,1.0675,3,3,High,88.4,1.3,0.0,Remote,6.3
2555,Terry Rangel,5,8,11,2142,Male,Group C,35-44,2018-08-31,2020-03-22,Involuntary,0,18.7,1-2 yr,1,74500.0,0.9416,2,2,Medium,71.9,6.5,0.0,Remote,4.3
2556,Lisa Brooks,12,2,1,1483,Male,Group C,55+,2025-06-17,,,1,12.4,1-2 yr,1,56700.0,0.8591,3,3,High,74.7,4.7,0.0,Remote,5.2
2557,Melissa Turner,9,2,8,661,Male,Group C,<25,2025-01-31,,,1,16.9,1-2 yr,1,26200.0,0.9682,1,2,Medium,57.6,11.6,23.8,Onsite,16.4
2558,Dean Roberson,7,8,10,2438,Male,Group C,35-44,2026-01-06,,,1,5.7,<1 yr,0,182900.0,1.0425,3,2,Medium,79.6,4.0,0.0,Remote,5.7
2559,Michael Malone,7,4,7,2060,Male,Group A,45-54,2025-02-22,,,1,16.2,1-2 yr,1,107300.0,1.0553,3,3,High,71.6,5.4,6.0,Hybrid,12.1
2560,Robert Adkins,4,1,11,2666,Non-binary,Group B,45-54,2024-10-15,,,1,20.5,1-2 yr,1,24200.0,1.0117,3,2,Medium,33.8,9.0,12.9,Onsite,16.5
2561,Mrs. Amy Harrison,11,7,12,2489,Male,Group D,45-54,2021-05-28,,,1,61.1,4-6 yr,3,43000.0,1.0442,5,3,High,80.3,13.1,12.7,Hybrid,10.5
2562,Joseph Johnson,4,4,13,1135,Female,Group B,45-54,2023-03-07,,,1,39.8,2-4 yr,2,19100.0,0.8627,4,2,Medium,100.0,2.9,12.4,Onsite,7.7
2563,Laura Mcdaniel,1,6,1,1670,Female,Group C,55+,2024-10-02,2026-04-28,Voluntary,0,18.8,1-2 yr,1,101700.0,0.8619,4,2,Medium,23.6,15.4,0.0,Remote,8.2
2564,Christopher Weaver,1,3,13,596,Male,Group E,25-34,2023-05-30,,,1,37.0,2-4 yr,2,19200.0,0.8672,3,2,Medium,59.4,19.4,9.7,Hybrid,15.0
2565,Renee Gonzalez,11,7,8,884,Non-binary,Group B,35-44,2019-05-25,,,1,85.2,6+ yr,4,51100.0,0.8777,4,2,Medium,81.4,2.1,28.2,Onsite,14.5
2566,Benjamin Barton,1,1,5,106,Male,Group D,<25,2025-03-12,,,1,15.6,1-2 yr,1,49800.0,0.9772,3,3,High,81.2,6.2,0.0,Remote,9.5
2567,Kayla Burton,4,6,14,1260,Female,Group B,35-44,2024-12-18,2026-01-17,Involuntary,0,13.0,1-2 yr,1,93600.0,0.8178,2,2,Medium,59.7,3.0,0.0,Remote,7.0
2568,Colin Johnson,3,3,5,282,Non-binary,Group D,35-44,2023-12-03,2024-12-03,Voluntary,0,12.0,<1 yr,0,84100.0,1.0465,3,3,High,53.7,11.2,0.0,Remote,16.3
2569,Zachary Chan,11,5,1,625,Male,Group E,35-44,2024-07-28,,,1,23.1,1-2 yr,1,98900.0,1.0092,4,2,Medium,61.4,4.3,0.0,Remote,12.1
2570,Kimberly Bridges,12,4,4,1755,Non-binary,Group B,35-44,2022-09-16,,,1,45.4,2-4 yr,2,71700.0,0.9504,4,3,High,37.6,8.9,0.0,Remote,34.0
2571,Ashley Love,10,1,8,470,Male,Group E,25-34,2025-06-03,,,1,12.9,1-2 yr,1,20400.0,0.9568,2,2,Medium,51.5,12.7,8.4,Onsite,8.8
2572,Bradley Phillips,8,1,9,2405,Male,Group A,25-34,2025-01-27,,,1,17.0,1-2 yr,1,51900.0,0.8458,4,2,Medium,77.6,8.9,28.6,Onsite,17.0
2573,Corey Sloan,3,4,13,592,Male,Group B,55+,2025-07-09,,,1,11.7,<1 yr,0,23900.0,1.0795,4,3,High,92.2,6.2,0.0,Remote,10.6
2574,Heather Collins,7,6,1,1904,Male,Group B,55+,2023-06-05,,,1,36.8,2-4 yr,2,109800.0,0.9305,1,3,High,71.4,6.5,22.7,Onsite,16.8
2575,Dr. Matthew Wilson,8,1,11,2405,Male,Group E,25-34,2025-03-16,,,1,15.5,1-2 yr,1,23000.0,0.9615,3,3,High,63.6,3.0,11.4,Onsite,15.5
2576,Sierra Martin,1,5,11,2455,Female,Group A,25-34,2022-12-15,,,1,42.5,2-4 yr,2,43700.0,0.9694,5,3,High,64.3,7.0,5.9,Onsite,1.5
2577,Nicole Carter,3,6,12,1893,Female,Group C,55+,2020-03-31,,,1,75.0,6+ yr,4,32600.0,0.9527,4,3,High,86.1,5.0,0.0,Remote,6.1
2578,Tara Gomez,2,7,11,2694,Male,Group C,25-34,2019-07-13,,,1,83.6,6+ yr,4,70900.0,1.0854,2,1,Low,66.0,1.5,2.9,Hybrid,9.0
2579,Jason Day,5,9,5,,Male,Group A,45-54,2020-02-22,,,1,76.2,6+ yr,4,196200.0,0.9534,4,2,Medium,100.0,23.4,0.0,Remote,47.4
2580,Robert Meza,11,3,2,625,Female,Group E,35-44,2023-12-18,,,1,30.4,2-4 yr,2,88800.0,1.152,3,3,High,42.3,7.6,19.6,Onsite,30.4
2581,Mary Escobar MD,12,6,5,2729,Non-binary,Group C,45-54,2023-03-03,,,1,39.9,2-4 yr,2,110900.0,0.959,4,2,Medium,67.2,6.6,0.0,Remote,34.5
2582,James Jones,1,3,5,284,Male,Group E,25-34,2025-01-05,,,1,17.8,1-2 yr,1,76100.0,0.947,3,1,Low,81.5,2.4,0.0,Remote,17.8
2583,Lance Kramer,1,8,14,2100,Male,Group C,25-34,2022-12-11,,,1,42.6,2-4 yr,2,154800.0,0.9278,3,3,High,75.6,14.9,5.2,Hybrid,8.1
2584,Sydney Torres,9,4,6,2134,Male,Group B,35-44,2022-07-14,,,1,47.5,2-4 yr,2,103700.0,0.8906,3,2,Medium,72.8,3.9,2.8,Hybrid,26.5
2585,Keith Lewis,8,5,4,15,Male,Group B,25-34,2025-07-26,2025-10-12,Voluntary,0,2.6,<1 yr,0,90900.0,1.0082,3,3,High,62.7,7.5,32.2,Onsite,5.9
2586,Stephanie Dunn,9,3,8,661,Female,Group B,45-54,2025-09-22,,,1,9.2,<1 yr,0,34700.0,1.0321,5,3,High,89.6,6.0,8.1,Hybrid,9.2
2587,Jeff Molina,5,4,13,1194,Male,Group B,25-34,2024-01-01,,,1,29.9,2-4 yr,2,20600.0,0.9304,2,2,Medium,66.1,6.6,0.7,Hybrid,2.2
2588,John Hill,1,3,1,106,Male,Group C,45-54,2026-04-08,,,1,2.7,<1 yr,0,88900.0,1.0841,3,2,Medium,47.3,13.4,13.5,Onsite,2.7
2589,Karen Sharp,3,6,10,279,Female,Group A,35-44,2021-01-24,,,1,65.1,4-6 yr,3,102000.0,0.8475,3,2,Medium,53.1,1.3,9.4,Hybrid,15.5
2590,Michael Roberson,3,3,12,1893,Female,Group A,25-34,2023-02-22,,,1,40.2,2-4 yr,2,22100.0,0.9294,4,3,High,68.6,4.5,35.6,Hybrid,14.9
2591,Carl Moody,6,2,11,272,Female,Group B,35-44,2024-07-09,,,1,23.7,1-2 yr,1,28800.0,0.9486,4,1,Low,71.7,10.1,22.3,Onsite,10.0
2592,Barbara Vasquez,9,6,3,1996,Male,Group A,35-44,2022-02-15,,,1,52.4,4-6 yr,3,115000.0,0.9194,2,1,Low,52.5,4.8,0.0,Remote,8.2
2593,Thomas Bell,11,7,10,1402,Female,Group B,25-34,2025-08-29,,,1,10.0,<1 yr,0,144400.0,0.997,3,1,Low,66.6,5.4,5.4,Onsite,2.1
2594,Ann Young,7,4,4,1163,Male,Group B,35-44,2025-09-22,,,1,9.2,<1 yr,0,77600.0,1.0286,4,3,High,87.0,10.8,19.7,Hybrid,9.2
2595,John Bennett MD,5,3,9,2374,Male,Group C,35-44,2023-01-22,2024-05-15,Voluntary,0,15.7,1-2 yr,1,101200.0,1.0459,4,3,High,75.4,9.6,0.0,Remote,9.9
2596,David Potter,2,7,1,2694,Male,Group B,45-54,2024-08-21,,,1,22.3,1-2 yr,1,140800.0,0.9915,4,2,Medium,71.5,8.5,3.0,Hybrid,6.5
2597,Logan Torres,12,1,13,1510,Male,Group D,25-34,2024-11-24,,,1,19.2,1-2 yr,1,12600.0,0.8974,3,2,Medium,88.2,10.1,0.0,Remote,8.6
2598,Matthew Griffin Jr.,9,3,11,1746,Male,Group E,35-44,2022-10-05,,,1,44.8,2-4 yr,2,37200.0,0.9862,2,2,Medium,67.1,14.8,0.0,Remote,7.2
2599,Derek Anderson,9,3,14,954,Male,Group A,45-54,2025-08-24,,,1,10.2,<1 yr,0,83800.0,1.0536,3,3,High,68.4,2.1,10.4,Hybrid,10.2
2600,Jennifer Walsh,2,1,3,1432,Non-binary,Group B,35-44,2025-12-26,,,1,6.1,<1 yr,0,52300.0,0.9488,3,2,Medium,92.1,4.2,25.2,Hybrid,6.1
2601,April Morrow,1,2,4,106,Male,Group E,25-34,2024-11-18,2025-05-24,Voluntary,0,6.1,<1 yr,0,64600.0,1.0639,4,2,Medium,45.6,12.6,4.8,Hybrid,19.3
2602,Joshua Pruitt,4,5,11,2693,Female,Group A,25-34,2024-05-31,,,1,25.0,2-4 yr,2,46300.0,1.0271,3,2,Medium,71.7,4.0,17.9,Hybrid,25.0
2603,Barry Carson,10,2,6,1605,Male,Group A,45-54,2024-05-19,,,1,25.4,2-4 yr,2,91600.0,0.9774,4,2,Medium,51.2,10.8,7.3,Onsite,25.4
2604,Amy Mueller,6,3,14,2462,Male,Group C,35-44,2026-04-23,2026-05-17,Voluntary,0,0.8,<1 yr,0,89500.0,1.1252,2,2,Medium,65.5,10.3,8.9,Hybrid,2.2
2605,Heather Mendez,10,3,12,1196,Female,Group E,35-44,2025-03-18,,,1,15.4,1-2 yr,1,24500.0,1.0303,4,1,Low,68.5,7.6,7.1,Hybrid,15.4
2606,Daniel Love,4,7,7,1713,Female,Group A,35-44,2025-11-20,,,1,7.3,<1 yr,0,178500.0,1.0137,3,2,Medium,83.6,18.5,6.2,Hybrid,4.3
2607,Elizabeth Evans,3,7,3,2105,Female,Group A,25-34,2021-12-04,,,1,54.8,4-6 yr,3,142100.0,0.9441,3,2,Medium,85.8,1.6,0.0,Remote,24.8
2608,Christopher Mitchell,9,2,12,954,Female,Group A,45-54,2024-05-28,,,1,25.1,2-4 yr,2,19100.0,0.9979,3,2,Medium,89.7,3.5,13.6,Hybrid,25.1
2609,Johnathan Goodwin,12,2,7,1019,Male,Group C,35-44,2023-12-10,2026-01-08,Voluntary,0,25.0,2-4 yr,2,89800.0,1.0973,2,1,Low,87.8,12.4,28.5,Onsite,18.7
2610,Ms. Mary Landry,10,2,10,747,Female,Group D,25-34,2026-02-08,2026-04-29,Voluntary,0,2.6,<1 yr,0,78400.0,1.1646,3,2,Medium,13.0,10.4,17.1,Hybrid,4.7
2611,Elizabeth Lucas,9,3,10,1746,Male,Group E,35-44,2024-10-30,,,1,20.0,1-2 yr,1,87700.0,1.0485,4,3,High,47.4,2.3,22.7,Onsite,20.0
2612,James Wilkins,2,4,12,798,Male,Group B,25-34,2024-08-16,,,1,22.4,1-2 yr,1,24100.0,1.0135,2,2,Medium,71.5,11.4,7.1,Onsite,1.1
2613,Gary Rodriguez,5,5,14,1061,Female,Group A,<25,2022-05-31,2025-01-29,Voluntary,0,32.0,2-4 yr,2,96400.0,1.0141,4,3,High,90.2,7.6,3.2,Hybrid,11.6
2614,Gina Wilson,3,2,3,282,Male,Group B,35-44,2024-11-04,2026-02-08,Voluntary,0,15.1,1-2 yr,1,68300.0,0.9763,4,2,Medium,55.1,7.8,6.7,Hybrid,5.2
2615,Deanna Long,1,6,3,204,Male,Group B,25-34,2023-08-28,,,1,34.1,2-4 yr,2,112600.0,0.9002,3,2,Medium,85.7,5.9,20.8,Onsite,11.8
2616,Michael Hicks,3,3,8,59,Male,Group E,25-34,2023-10-01,,,1,33.0,2-4 yr,2,33200.0,0.9875,4,3,High,59.2,4.1,8.9,Onsite,20.8
2617,Lisa Thomas,12,3,12,2450,Female,Group C,25-34,2025-08-28,2025-11-26,Voluntary,0,3.0,<1 yr,0,22500.0,0.9462,3,3,High,61.6,6.4,0.8,Onsite,10.1
2618,Colleen Harris MD,11,8,6,2782,Non-binary,Group B,25-34,2025-12-28,,,1,6.0,<1 yr,0,242700.0,0.9937,2,2,Medium,89.7,9.8,30.9,Hybrid,6.0
2619,Morgan Matthews,5,1,5,508,Female,Group B,35-44,2025-03-03,2026-01-25,Voluntary,0,10.8,<1 yr,0,52400.0,1.0283,2,3,High,69.5,13.8,0.0,Remote,14.0
2620,Justin Thompson,3,3,13,1893,Male,Group A,35-44,2023-03-14,,,1,39.6,2-4 yr,2,21500.0,0.9711,3,2,Medium,73.7,3.2,0.0,Remote,10.2
2621,Courtney Ponce,9,3,12,954,Male,Group C,35-44,2023-03-02,,,1,39.9,2-4 yr,2,22500.0,0.9462,3,3,High,53.2,7.3,24.1,Onsite,20.5
2622,Andrew Vega PhD,7,3,13,937,Female,Group B,35-44,2025-11-24,,,1,7.2,<1 yr,0,21400.0,0.9666,2,2,Medium,95.6,7.6,12.4,Onsite,5.2
2623,Emily Hunter,4,3,5,607,Female,Group A,25-34,2025-02-07,2026-05-31,Voluntary,0,15.7,1-2 yr,1,74500.0,0.9271,3,3,High,76.5,0.4,0.0,Remote,7.0
2624,Jacqueline Ryan,8,7,1,1390,Female,Group A,<25,2022-12-08,2023-07-15,Voluntary,0,7.2,<1 yr,0,158700.0,1.1176,4,3,High,61.1,8.8,1.1,Hybrid,11.9
2625,David Wells,10,6,2,2708,Male,Group C,<25,2026-01-19,,,1,5.3,<1 yr,0,114800.0,1.035,2,3,High,98.3,2.6,13.3,Hybrid,5.3
2626,Renee Pace,11,3,3,1081,Male,Group E,45-54,2024-11-24,,,1,19.2,1-2 yr,1,83500.0,0.9607,4,3,High,66.1,6.1,16.2,Hybrid,19.2
2627,Frederick King,1,5,7,2324,Female,Group B,35-44,2023-04-03,,,1,38.9,2-4 yr,2,131800.0,1.0846,5,3,High,73.0,6.8,24.2,Onsite,13.3
2628,Mr. Carlos Graham Jr.,12,3,9,240,Male,Group C,45-54,2024-09-13,,,1,21.5,1-2 yr,1,115300.0,1.1916,4,3,High,59.6,7.3,3.2,Onsite,10.1
2629,Susan Benton,9,8,11,231,Male,Group A,35-44,2024-03-02,2025-12-01,Involuntary,0,21.0,1-2 yr,1,84300.0,1.0655,2,2,Medium,71.6,9.7,0.0,Remote,18.3
2630,Jacob Delacruz,11,2,10,1364,Male,Group A,55+,2024-12-24,,,1,18.2,1-2 yr,1,69200.0,1.0279,1,2,Medium,65.9,8.2,17.7,Onsite,5.1
2631,Jennifer Rodriguez,4,1,6,2492,Female,Group A,45-54,2024-09-30,,,1,21.0,1-2 yr,1,62600.0,0.8478,3,3,High,51.2,9.2,3.0,Hybrid,15.4
2632,Stephanie Dunn,12,7,13,2684,Male,Group A,25-34,2019-06-02,,,1,84.9,6+ yr,4,36200.0,0.9442,2,2,Medium,70.6,14.6,38.1,Onsite,11.7
2633,Kenneth Brown,3,2,1,59,Male,Group A,35-44,2024-07-03,2025-10-29,Voluntary,0,15.9,1-2 yr,1,64100.0,0.9712,3,2,Medium,62.6,4.8,10.6,Hybrid,23.9
2634,Janet Massey,7,1,3,2060,Female,Group D,25-34,2026-05-24,,,1,1.2,<1 yr,0,57600.0,1.045,3,2,Medium,41.6,6.8,9.2,Onsite,1.2
2635,Oscar Smith,12,6,3,1483,Female,Group A,25-34,2026-01-03,,,1,5.8,<1 yr,0,122000.0,0.9754,3,3,High,57.1,16.7,8.3,Hybrid,0.9
2636,Breanna King,4,2,6,2492,Non-binary,Group A,35-44,2023-10-11,,,1,32.6,2-4 yr,2,102400.0,1.0926,1,2,Medium,74.9,5.0,0.0,Remote,25.9
2637,Karen Shelton,6,1,3,2447,Male,Group B,35-44,2025-07-04,,,1,11.9,<1 yr,0,60100.0,1.0903,4,3,High,50.0,9.7,2.3,Hybrid,11.9
2638,Brenda Washington,9,2,10,1746,Male,Group B,25-34,2024-08-06,,,1,22.8,1-2 yr,1,73400.0,1.0903,3,2,Medium,86.2,7.6,2.4,Hybrid,6.6
2639,Richard Thompson,4,5,12,488,Female,Group D,35-44,2024-10-30,,,1,20.0,1-2 yr,1,28000.0,0.9852,3,3,High,70.0,10.1,32.4,Onsite,20.0
2640,Jamie Jones,6,2,3,932,Female,Group B,35-44,2024-11-12,,,1,19.5,1-2 yr,1,68700.0,0.982,4,2,Medium,100.0,12.7,0.0,Remote,2.5
2641,Tracy Rios,10,5,12,1196,Female,Group B,<25,2023-01-19,,,1,41.3,2-4 yr,2,30400.0,1.0697,4,3,High,68.2,18.6,18.7,Onsite,12.0
2642,Jessica Porter,4,3,1,1734,Male,Group A,25-34,2023-09-17,2024-08-26,Voluntary,0,11.3,<1 yr,0,86500.0,1.0549,3,2,Medium,53.2,3.4,2.1,Hybrid,5.9
2643,James Wiggins,11,1,12,1569,Male,Group B,<25,2024-07-02,2026-05-26,Voluntary,0,22.8,1-2 yr,1,16000.0,1.061,4,2,Medium,66.6,4.0,2.8,Onsite,13.3
2644,Beth Nelson,4,6,6,288,Male,Group D,<25,2024-09-06,,,1,21.7,1-2 yr,1,186600.0,1.1136,2,3,High,83.8,5.2,18.6,Hybrid,21.7
2645,Mr. Nicholas Johnson,9,2,13,981,Male,Group D,25-34,2025-09-17,2026-01-17,Voluntary,0,4.0,<1 yr,0,17100.0,0.9596,4,3,High,56.4,17.2,3.5,Hybrid,9.4
2646,Jeremiah Walker,4,2,3,1734,Male,Group E,35-44,2023-10-01,2024-03-08,Involuntary,0,5.2,<1 yr,0,80000.0,1.1435,4,2,Medium,51.3,8.7,3.2,Onsite,16.0
2647,John Edwards,10,4,14,378,Male,Group C,45-54,2024-06-22,,,1,24.2,2-4 yr,2,76900.0,0.9668,5,3,High,70.4,8.6,11.3,Onsite,6.8
2648,Christopher Peterson,6,3,5,538,Male,Group A,<25,2023-11-21,2025-08-31,Involuntary,0,21.3,1-2 yr,1,67700.0,0.8425,3,2,Medium,74.2,5.5,0.0,Remote,11.0
2649,Diana Wagner,11,4,12,1569,Male,Group D,25-34,2023-04-29,2026-03-16,Voluntary,0,34.6,2-4 yr,2,23600.0,0.9924,4,3,High,62.3,27.7,0.0,Remote,11.1
2650,Jennifer Mccormick,3,7,9,1771,Male,Group B,35-44,2026-05-12,,,1,1.6,<1 yr,0,188200.0,1.1232,3,3,High,61.0,9.1,5.5,Hybrid,1.6
2651,James Cisneros,12,3,10,1363,Female,Group D,55+,2025-07-06,2025-10-08,Voluntary,0,3.1,<1 yr,0,79200.0,0.9469,3,3,High,91.1,5.6,11.6,Hybrid,11.8
2652,Virginia Randall,12,3,3,1483,Female,Group C,25-34,2023-02-11,2025-01-07,Involuntary,0,22.9,1-2 yr,1,78300.0,0.9008,2,3,High,66.5,1.5,24.2,Onsite,12.8
2653,Sarah Roth,4,9,12,,Female,Group B,35-44,2025-05-27,,,1,13.1,1-2 yr,1,60900.0,1.0,4,3,High,87.7,1.7,0.0,Remote,13.1
2654,James Miles,3,6,11,2650,Male,Group A,25-34,2023-02-18,2024-03-04,Involuntary,0,12.5,1-2 yr,1,59300.0,1.0925,3,2,Medium,50.9,4.6,5.8,Onsite,13.4
2655,Tristan Miller,10,1,12,2099,Female,Group D,25-34,2026-03-13,,,1,3.6,<1 yr,0,13000.0,0.8621,4,2,Medium,95.6,5.4,9.7,Hybrid,3.6
2656,Mrs. Karen Morales,10,2,11,470,Female,Group D,25-34,2025-02-08,2026-06-03,Voluntary,0,15.8,1-2 yr,1,24500.0,0.807,3,2,Medium,58.1,3.6,5.1,Onsite,16.7
2657,Lucas Strong,5,4,12,1194,Non-binary,Group A,<25,2023-04-17,,,1,38.4,2-4 yr,2,23900.0,1.005,4,2,Medium,83.6,14.6,13.2,Hybrid,16.2
2658,Logan Booker,9,1,14,981,Male,Group B,25-34,2026-04-16,,,1,2.5,<1 yr,0,50200.0,0.9952,3,3,High,77.3,6.5,10.7,Onsite,2.5
2659,Damon Watkins,4,1,1,288,Female,Group A,25-34,2025-06-09,,,1,12.7,1-2 yr,1,50800.0,0.9769,4,2,Medium,44.2,6.7,12.3,Onsite,6.3
2660,Justin Cole,7,4,5,1391,Male,Group A,<25,2022-07-09,,,1,47.7,2-4 yr,2,90100.0,1.1212,4,2,Medium,62.2,11.5,0.0,Remote,21.2
2661,Donna Horton,9,2,3,402,Male,Group D,25-34,2025-05-23,2026-06-08,Voluntary,0,12.5,1-2 yr,1,62800.0,0.8977,3,3,High,61.1,14.2,11.5,Hybrid,6.2
2662,Alisha Hendrix,6,3,12,1285,Female,Group B,35-44,2024-02-22,,,1,28.2,2-4 yr,2,23900.0,1.005,5,3,High,92.0,6.4,0.0,Remote,9.9
2663,Aaron Ponce,9,5,12,954,Male,Group E,25-34,2024-09-07,,,1,21.7,1-2 yr,1,28400.0,0.9993,4,2,Medium,79.1,10.8,12.3,Hybrid,4.4
2664,Kim Moyer,2,1,1,269,Female,Group D,45-54,2025-08-19,,,1,10.3,<1 yr,0,55200.0,1.0615,4,3,High,63.4,9.6,10.8,Hybrid,10.3
2665,Nicole Campbell,11,6,7,625,Female,Group B,55+,2022-07-06,,,1,47.8,2-4 yr,2,144700.0,0.9889,2,1,Low,77.7,5.5,8.3,Onsite,1.3
2666,Gina Mendez,4,7,11,382,Female,Group A,35-44,2020-11-10,,,1,67.6,4-6 yr,3,65800.0,1.0073,4,2,Medium,78.1,4.3,16.9,Hybrid,11.9
2667,Paul Brown,9,7,4,108,Male,Group D,25-34,2024-11-04,,,1,19.8,1-2 yr,1,134200.0,1.0273,3,3,High,67.1,8.2,10.9,Hybrid,8.6
2668,Joseph Marshall,12,3,3,1755,Male,Group A,35-44,2023-12-03,,,1,30.9,2-4 yr,2,83800.0,0.9641,4,3,High,90.2,0.2,0.0,Remote,6.2
2669,Jerome Short,4,6,8,1506,Male,Group B,25-34,2023-02-02,2024-08-01,Involuntary,0,17.9,1-2 yr,1,48500.0,1.0025,2,3,High,59.2,10.3,9.1,Hybrid,37.9
2670,Gail Patrick,2,5,8,935,Female,Group A,25-34,2025-09-23,,,1,9.2,<1 yr,0,41100.0,1.0229,2,2,Medium,63.7,16.0,11.5,Onsite,4.8
2671,Brandon Taylor,10,3,8,1605,Female,Group A,<25,2023-10-04,,,1,32.9,2-4 yr,2,30800.0,0.9161,4,3,High,63.4,14.5,6.3,Hybrid,15.7
2672,Brittany Jones,7,4,7,1391,Male,Group A,25-34,2023-10-09,2024-05-22,Voluntary,0,7.4,<1 yr,0,99300.0,0.9766,3,3,High,74.4,2.6,3.0,Hybrid,31.5
2673,Candice Moore,11,1,9,1364,Male,Group A,25-34,2026-01-07,,,1,5.7,<1 yr,0,64100.0,1.0447,2,2,Medium,76.1,9.1,14.8,Onsite,4.8
2674,Alice Herrera,11,4,4,2714,Female,Group A,55+,2022-10-17,,,1,44.4,2-4 yr,2,72400.0,0.9597,1,1,Low,51.2,7.4,2.5,Hybrid,13.0
2675,Cheryl Haley,1,1,10,589,Female,Group B,35-44,2024-10-09,,,1,20.7,1-2 yr,1,55100.0,1.0388,3,2,Medium,86.6,6.6,11.0,Hybrid,20.7
2676,Alisha Riley,10,1,8,378,Male,Group A,25-34,2026-01-13,,,1,5.5,<1 yr,0,21100.0,0.9897,4,3,High,53.8,3.4,9.3,Hybrid,5.5
2677,Stacey Harris,11,8,10,1762,Male,Group B,35-44,2023-11-06,2024-11-15,Voluntary,0,12.3,1-2 yr,1,165900.0,0.9456,4,3,High,84.5,0.5,0.0,Remote,4.1
2678,Casey Rodriguez,3,1,12,1112,Male,Group C,35-44,2025-09-19,2026-01-18,Involuntary,0,4.0,<1 yr,0,15800.0,1.0477,2,3,High,84.1,2.7,4.0,Hybrid,5.8
2679,Mrs. Jessica Rice,8,2,7,2624,Female,Group A,25-34,2025-12-05,,,1,6.8,<1 yr,0,77400.0,0.9457,3,2,Medium,59.9,7.7,29.6,Hybrid,4.6
2680,Craig Hicks,7,3,4,1930,Male,Group A,45-54,2024-02-25,,,1,28.1,2-4 yr,2,74200.0,0.9836,1,2,Medium,67.4,12.9,13.6,Hybrid,3.9
2681,Kathryn Crosby,10,8,8,1480,Male,Group A,35-44,2024-07-06,,,1,23.8,1-2 yr,1,67100.0,0.9515,2,2,Medium,50.8,7.9,6.4,Hybrid,23.8
2682,Michael Pierce,4,3,12,115,Male,Group A,35-44,2025-03-09,,,1,15.7,1-2 yr,1,20800.0,0.8747,5,3,High,76.7,11.4,15.0,Hybrid,15.7
2683,Deborah Mcintosh,2,3,12,798,Female,Group A,45-54,2023-05-27,,,1,37.1,2-4 yr,2,25200.0,1.0597,5,2,Medium,54.4,16.1,5.8,Onsite,24.6
2684,Belinda Taylor,12,8,13,2310,Male,Group C,45-54,2020-03-17,,,1,75.4,6+ yr,4,46200.0,0.9948,1,2,Medium,74.0,9.7,12.4,Hybrid,28.2
2685,Nicole Medina,12,1,6,1755,Female,Group D,<25,2025-06-10,,,1,12.6,1-2 yr,1,69200.0,0.9372,3,2,Medium,85.3,2.6,33.3,Onsite,12.6
2686,Leslie Harris,1,3,13,2488,Female,Group A,<25,2022-11-27,,,1,43.1,2-4 yr,2,22400.0,1.0117,4,3,High,87.2,4.5,13.4,Onsite,27.7
2687,Richard Beck,10,4,11,747,Female,Group A,45-54,2023-08-10,,,1,34.7,2-4 yr,2,35100.0,0.9305,2,2,Medium,72.3,6.9,9.0,Onsite,10.6
2688,Samuel Anderson,8,4,11,2405,Non-binary,Group A,25-34,2023-12-15,,,1,30.5,2-4 yr,2,36500.0,0.9677,3,3,High,99.6,21.6,17.2,Onsite,30.5
2689,Michael Clark,7,4,14,937,Female,Group C,35-44,2024-05-02,,,1,25.9,2-4 yr,2,77400.0,0.9731,2,1,Low,57.4,6.2,0.0,Remote,5.1
2690,Randy Brandt,4,2,13,1135,Male,Group A,35-44,2025-02-28,2025-12-24,Voluntary,0,9.8,<1 yr,0,17500.0,0.982,2,2,Medium,45.5,15.4,12.0,Hybrid,10.9
2691,Devin Wright,9,2,1,2134,Female,Group B,35-44,2023-11-09,,,1,31.7,2-4 yr,2,63800.0,0.9667,3,3,High,71.8,2.4,9.2,Hybrid,31.7
2692,Melissa Parrish,1,9,4,,Male,Group E,55+,2018-12-29,2025-12-29,Involuntary,0,84.0,6+ yr,4,200500.0,1.0378,2,2,Medium,97.5,11.0,8.9,Hybrid,38.2
2693,Vanessa Lucero,4,7,11,382,Male,Group E,25-34,2020-04-09,,,1,74.7,6+ yr,4,59000.0,0.9032,4,3,High,46.3,10.6,11.8,Onsite,7.4
2694,Nicholas Campbell,2,8,6,1243,Male,Group B,25-34,2020-12-14,,,1,66.5,4-6 yr,3,240500.0,0.9847,4,3,High,88.1,6.1,8.1,Hybrid,3.8
2695,Sara Gray,6,7,12,1733,Male,Group A,<25,2022-07-02,,,1,47.9,2-4 yr,2,37300.0,0.9058,3,2,Medium,77.7,4.6,6.7,Hybrid,3.6
2696,James Munoz MD,8,8,3,1449,Male,Group C,45-54,2022-02-17,,,1,52.4,4-6 yr,3,191100.0,1.0482,3,3,High,68.3,0.1,6.8,Hybrid,4.7
2697,Jack Jimenez DVM,8,3,12,533,Male,Group A,35-44,2024-06-16,,,1,24.4,2-4 yr,2,23000.0,0.9672,4,3,High,72.1,14.2,1.7,Hybrid,5.2
2698,Robert Rubio,6,3,5,166,Female,Group B,35-44,2026-05-25,,,1,1.2,<1 yr,0,77400.0,0.9632,4,3,High,59.9,11.6,0.0,Remote,1.2
2699,Kristin Little DVM,4,3,14,216,Female,Group B,25-34,2024-04-27,,,1,26.1,2-4 yr,2,81200.0,1.0209,2,2,Medium,81.5,2.9,0.0,Remote,8.5
2700,Adrienne Johnson,8,4,12,1807,Female,Group B,25-34,2024-01-21,,,1,29.3,2-4 yr,2,22300.0,0.9378,3,3,High,73.4,4.5,14.5,Hybrid,11.4
2701,Jon Lambert,9,4,12,981,Male,Group E,25-34,2023-05-17,,,1,37.5,2-4 yr,2,24000.0,1.0093,3,3,High,54.9,10.0,0.0,Remote,9.4
2702,Nathan Arnold,7,2,6,553,Female,Group E,35-44,2024-04-08,,,1,26.7,2-4 yr,2,112300.0,1.1983,2,3,High,77.2,9.4,2.9,Hybrid,14.9
2703,Kimberly Rollins,2,5,12,14,Female,Group A,25-34,2025-02-04,2026-03-05,Voluntary,0,12.9,1-2 yr,1,28100.0,0.9887,3,1,Low,31.4,7.4,0.9,Hybrid,15.4
2704,Nicholas Adams,9,3,8,661,Female,Group B,<25,2023-12-06,2025-09-16,Voluntary,0,21.4,1-2 yr,1,30000.0,0.8923,2,2,Medium,90.2,8.2,19.4,Onsite,9.4
2705,Michael Thompson,7,4,14,267,Male,Group A,25-34,2025-08-06,,,1,10.8,<1 yr,0,78100.0,0.9819,3,1,Low,100.0,4.8,0.0,Remote,10.8
2706,Monica Barnes,6,2,5,137,Male,Group D,45-54,2024-05-14,,,1,25.5,2-4 yr,2,68500.0,1.0591,3,2,Medium,84.6,8.9,0.0,Remote,11.0
2707,Wendy Miles,6,2,3,2778,Female,Group B,35-44,2025-07-04,,,1,11.9,<1 yr,0,59600.0,0.8519,2,2,Medium,78.7,3.6,2.0,Hybrid,11.9
2708,Justin Perkins,10,7,1,143,Female,Group D,25-34,2025-09-05,,,1,9.8,<1 yr,0,141800.0,0.9986,3,2,Medium,79.2,13.0,9.2,Onsite,9.8
2709,Paul Sharp,7,5,11,1486,Female,Group D,35-44,2023-04-26,2025-07-10,Voluntary,0,26.5,2-4 yr,2,47100.0,1.0448,4,1,Low,50.3,7.1,25.0,Onsite,19.3
2710,Kimberly Griffin,5,1,5,417,Male,Group C,25-34,2026-04-07,,,1,2.8,<1 yr,0,47800.0,0.938,5,3,High,56.5,7.7,0.0,Remote,2.8
2711,Destiny Joseph,5,4,12,599,Female,Group A,45-54,2024-12-29,,,1,18.0,1-2 yr,1,21900.0,0.9209,3,2,Medium,100.0,1.0,0.3,Hybrid,14.6
2712,Danielle Brewer,3,7,6,2449,Male,Group E,<25,2024-06-12,,,1,24.6,2-4 yr,2,204400.0,1.0137,3,3,High,56.7,4.6,7.9,Hybrid,4.6
2713,Dylan Welch,2,5,12,392,Male,Group C,<25,2023-03-03,,,1,39.9,2-4 yr,2,29700.0,1.045,3,2,Medium,53.9,7.7,26.5,Onsite,10.4
2714,David Stewart,11,7,1,2344,Female,Group A,25-34,2019-04-23,,,1,86.2,6+ yr,4,139600.0,0.9831,3,2,Medium,43.5,8.0,3.2,Hybrid,4.1
2715,Howard Martinez,4,5,1,607,Female,Group B,<25,2025-01-20,,,1,17.3,1-2 yr,1,100700.0,1.0276,3,3,High,62.2,3.0,13.8,Hybrid,17.3
2716,Carrie Roberts,8,2,12,1750,Male,Group A,35-44,2024-07-27,,,1,23.1,1-2 yr,1,20300.0,1.0606,3,2,Medium,70.8,17.4,11.2,Hybrid,23.1
2717,Daniel Hughes MD,4,5,2,2770,Female,Group A,35-44,2024-12-06,2026-05-01,Involuntary,0,16.8,1-2 yr,1,81300.0,0.8825,2,3,High,56.6,13.7,3.2,Hybrid,18.8
2718,Jonathan Ramirez MD,1,1,13,842,Male,Group A,55+,2025-06-17,,,1,12.4,1-2 yr,1,13400.0,0.9544,4,3,High,84.8,1.2,2.6,Onsite,12.2
2719,Melissa Johnson,4,5,1,1818,Male,Group D,35-44,2024-10-01,,,1,20.9,1-2 yr,1,102600.0,1.0469,5,1,Low,96.1,7.3,0.0,Remote,11.9
2720,Jordan Walker,11,2,5,2714,Male,Group A,35-44,2024-06-04,,,1,24.8,2-4 yr,2,70600.0,1.0915,3,2,Medium,66.2,1.7,0.0,Remote,11.2
2721,Perry Murphy,6,3,9,2158,Non-binary,Group A,25-34,2025-01-18,,,1,17.3,1-2 yr,1,94200.0,0.9735,4,3,High,58.4,8.1,6.9,Hybrid,17.3
2722,Kristen Thompson,1,2,13,842,Male,Group A,35-44,2024-05-28,,,1,25.1,2-4 yr,2,19800.0,1.1111,5,3,High,65.1,9.3,0.0,Remote,9.3
2723,Diana Avila,5,3,14,1194,Female,Group B,<25,2025-09-11,,,1,9.6,<1 yr,0,81000.0,1.0184,3,1,Low,77.3,7.2,10.0,Hybrid,9.6
2724,Julie Barnes,1,4,7,284,Male,Group B,35-44,2023-04-21,,,1,38.3,2-4 yr,2,107700.0,1.0592,2,2,Medium,82.5,7.1,4.1,Hybrid,20.7
2725,Nicole Thompson,1,2,1,284,Female,Group C,35-44,2026-02-10,,,1,4.6,<1 yr,0,65700.0,0.9955,4,3,High,84.1,21.8,6.2,Hybrid,4.6
2726,Samuel Lopez,10,2,1,298,Non-binary,Group E,35-44,2025-08-16,,,1,10.4,<1 yr,0,72200.0,1.0939,3,3,High,56.8,10.3,21.1,Onsite,9.1
2727,Theresa Johnson,10,6,9,470,Female,Group A,25-34,2026-01-16,,,1,5.4,<1 yr,0,144000.0,1.0342,3,2,Medium,48.0,6.5,0.0,Remote,5.4
2728,Ann Perry,12,7,8,2227,Female,Group B,25-34,2025-03-04,,,1,15.9,1-2 yr,1,53300.0,0.9155,3,2,Medium,91.9,9.4,1.0,Hybrid,15.9
2729,Rachel Dixon,12,7,7,1337,Male,Group A,45-54,2020-04-30,,,1,74.0,6+ yr,4,164600.0,0.9348,4,2,Medium,54.9,23.8,10.2,Onsite,20.5
2730,Dustin Williams,12,5,12,1510,Female,Group C,55+,2022-03-08,2025-12-20,Voluntary,0,45.4,2-4 yr,2,28500.0,1.0028,4,3,High,98.1,7.7,7.7,Hybrid,41.9
2731,Krystal Anthony,1,2,1,557,Male,Group C,25-34,2023-09-02,2025-05-30,Voluntary,0,20.9,1-2 yr,1,68400.0,1.0364,3,2,Medium,62.7,3.3,13.2,Hybrid,17.4
2732,Lisa Morales,6,2,13,1285,Female,Group E,25-34,2023-08-07,,,1,34.8,2-4 yr,2,15600.0,0.8754,3,3,High,74.5,6.9,13.5,Onsite,9.8
2733,Monica Romero,11,2,7,157,Female,Group B,<25,2025-08-29,2026-01-03,Voluntary,0,4.2,<1 yr,0,74100.0,0.9054,3,3,High,86.1,3.6,0.0,Remote,10.0
2734,Jacqueline Ruiz,12,6,3,1225,Female,Group B,45-54,2023-08-26,,,1,34.1,2-4 yr,2,113200.0,0.905,4,3,High,95.5,1.8,0.0,Remote,9.9
2735,Kelly Nielsen,6,2,6,166,Male,Group A,<25,2024-01-31,2025-01-07,Voluntary,0,11.2,<1 yr,0,85500.0,0.9123,3,2,Medium,75.9,2.4,10.0,Onsite,12.5
2736,Stacy Perry,11,7,8,884,Female,Group A,35-44,2024-01-04,,,1,29.8,2-4 yr,2,61300.0,1.0529,3,3,High,40.1,9.5,0.0,Remote,29.8
2737,Juan Weeks,11,4,4,1551,Male,Group E,35-44,2024-11-16,,,1,19.4,1-2 yr,1,73900.0,0.9796,5,3,High,56.5,5.3,4.1,Hybrid,12.4
2738,Jordan Owen,9,2,2,1638,Male,Group D,35-44,2023-08-22,2025-02-15,Voluntary,0,17.8,1-2 yr,1,65200.0,1.0509,2,3,High,75.3,4.0,0.0,Remote,34.3
2739,Brittany Nelson,11,5,3,1081,Male,Group A,35-44,2023-12-20,,,1,30.3,2-4 yr,2,101400.0,0.9761,4,3,High,76.5,1.7,0.0,Remote,10.7
2740,Melinda Meyer,7,1,2,1930,Male,Group B,25-34,2024-10-21,,,1,20.3,1-2 yr,1,48300.0,0.9881,3,2,Medium,73.3,2.9,9.1,Hybrid,13.7
2741,David Montgomery,10,1,6,2708,Male,Group B,35-44,2026-05-21,,,1,1.3,<1 yr,0,74400.0,1.0076,4,3,High,49.5,5.4,0.0,Remote,1.3
2742,Carla White,11,1,7,440,Male,Group D,35-44,2025-11-13,2026-02-12,Voluntary,0,3.0,<1 yr,0,67900.0,1.053,4,1,Low,71.1,1.6,0.0,Remote,7.5
2743,Lawrence Meyer,9,4,4,1,Female,Group A,35-44,2025-10-06,2026-03-06,Voluntary,0,5.0,<1 yr,0,80600.0,1.0684,4,2,Medium,63.3,12.7,29.5,Onsite,8.8
2744,Garrett Martin,5,4,6,508,Female,Group C,55+,2025-02-03,,,1,16.8,1-2 yr,1,124500.0,1.0692,5,2,Medium,44.0,3.8,9.4,Hybrid,13.3
2745,Diane Ferguson,6,6,2,538,Female,Group D,25-34,2023-04-25,,,1,38.2,2-4 yr,2,101200.0,0.9124,3,2,Medium,53.7,9.1,6.4,Onsite,8.5
2746,Michelle Smith,3,4,13,550,Male,Group B,35-44,2025-09-08,,,1,9.7,<1 yr,0,23200.0,1.0479,5,2,Medium,34.4,7.9,9.7,Hybrid,9.7
2747,Mrs. Olivia Mack MD,9,5,12,981,Female,Group A,35-44,2023-06-14,2024-04-10,Voluntary,0,9.9,<1 yr,0,25300.0,0.8902,4,3,High,80.8,9.2,26.1,Hybrid,17.9
2748,Robert Duke,6,1,13,1958,Male,Group C,35-44,2024-07-01,,,1,23.9,1-2 yr,1,13800.0,0.9829,4,3,High,71.1,9.0,0.0,Remote,23.9
2749,Leslie Knight,3,3,9,2308,Female,Group D,25-34,2023-10-08,,,1,32.7,2-4 yr,2,97100.0,1.0035,2,3,High,67.5,2.8,11.4,Onsite,8.2
2750,Sarah Greene,4,7,10,382,Male,Group C,25-34,2019-07-24,,,1,83.2,6+ yr,4,131800.0,0.91,1,2,Medium,78.2,6.7,8.9,Hybrid,36.1
2751,Margaret Kim,6,7,4,1236,Female,Group D,25-34,2019-04-17,,,1,86.4,6+ yr,4,111300.0,0.852,2,2,Medium,94.4,5.5,0.0,Remote,26.3
2752,Cynthia Ruiz,4,3,10,2750,Female,Group D,35-44,2023-09-29,,,1,33.0,2-4 yr,2,81600.0,0.9756,3,2,Medium,69.9,0.6,29.3,Onsite,20.2
2753,Douglas King,7,2,13,937,Female,Group A,<25,2023-11-07,2025-08-06,Involuntary,0,21.0,1-2 yr,1,17300.0,0.9708,2,3,High,66.4,3.1,3.8,Hybrid,18.3
2754,Melody Johnson,1,8,5,2692,Female,Group B,35-44,2024-09-20,,,1,21.3,1-2 yr,1,195200.0,1.158,3,3,High,92.4,8.1,0.0,Remote,7.2
2755,Jason Cuevas,1,5,14,842,Male,Group E,25-34,2023-10-10,,,1,32.7,2-4 yr,2,105500.0,1.1098,4,3,High,68.5,4.5,18.4,Onsite,7.0
2756,Scott Lee,9,3,12,981,Male,Group A,45-54,2025-08-27,2025-12-17,Voluntary,0,3.7,<1 yr,0,25500.0,1.0723,3,2,Medium,69.6,19.7,7.7,Hybrid,9.7
2757,Ashley Sawyer,5,3,5,1990,Male,Group B,35-44,2024-03-26,,,1,27.1,2-4 yr,2,76100.0,0.947,4,2,Medium,92.3,18.1,0.0,Remote,11.4
2758,Tyler Bailey,4,1,13,216,Male,Group B,25-34,2025-11-26,2025-12-29,Involuntary,0,1.1,<1 yr,0,14300.0,1.0185,2,2,Medium,50.3,7.2,2.1,Hybrid,7.1
2759,Kayla Marshall,6,5,1,1899,Female,Group B,<25,2024-03-11,,,1,27.6,2-4 yr,2,101400.0,1.0347,5,3,High,75.2,3.2,8.3,Hybrid,4.4
2760,Jeffery Moore,12,2,7,1755,Female,Group A,25-34,2024-10-17,,,1,20.4,1-2 yr,1,73700.0,0.9005,5,3,High,67.8,14.2,3.8,Hybrid,14.5
2761,Keith Ramirez,5,5,11,1083,Male,Group E,45-54,2026-03-05,,,1,3.8,<1 yr,0,44600.0,0.9894,4,1,Low,84.5,20.5,0.0,Remote,3.8
2762,Christopher Andrews,2,3,9,327,Male,Group D,25-34,2023-08-09,,,1,34.7,2-4 yr,2,94500.0,0.9766,3,2,Medium,70.6,0.7,6.5,Onsite,15.1
2763,Jeremy Santiago,6,6,14,1285,Male,Group A,45-54,2025-03-10,,,1,15.7,1-2 yr,1,111200.0,0.9715,2,1,Low,72.8,0.8,5.0,Onsite,15.2
2764,Hailey Green,2,4,1,359,Female,Group B,25-34,2023-07-31,,,1,35.0,2-4 yr,2,70600.0,0.861,3,3,High,50.5,10.7,7.0,Hybrid,14.6
2765,Brandy Olsen,3,2,14,1893,Male,Group D,25-34,2026-03-20,2026-06-26,Voluntary,0,3.2,<1 yr,0,74400.0,1.1621,3,3,High,77.2,15.0,12.5,Hybrid,3.4
2766,Michael Morris,11,2,7,2714,Male,Group E,35-44,2025-05-01,,,1,14.0,1-2 yr,1,83700.0,1.0227,3,2,Medium,65.0,9.1,7.0,Hybrid,10.5
2767,Daniel Coleman,3,3,12,1893,Male,Group A,35-44,2024-11-26,,,1,19.1,1-2 yr,1,25700.0,1.0807,2,3,High,80.6,2.9,4.4,Hybrid,8.1
2768,Troy Guerrero,7,8,10,2438,Female,Group B,35-44,2022-03-03,2023-04-11,Involuntary,0,13.3,1-2 yr,1,172900.0,0.9855,2,1,Low,45.1,10.5,7.2,Hybrid,11.4
2769,David Hayes,8,4,12,1750,Female,Group C,45-54,2024-03-25,,,1,27.2,2-4 yr,2,23100.0,0.9714,3,1,Low,50.1,1.1,0.0,Remote,13.3
2770,Stacie Vega,4,7,1,1172,Female,Group B,25-34,2025-04-14,,,1,14.5,1-2 yr,1,147400.0,1.038,2,3,High,74.3,4.6,0.0,Remote,14.5
2771,Steven Williams,3,1,5,2607,Male,Group C,35-44,2025-09-07,,,1,9.7,<1 yr,0,53800.0,1.0557,2,2,Medium,67.3,6.5,0.0,Remote,9.7
2772,Thomas Fernandez,10,6,1,298,Male,Group E,45-54,2024-04-18,2024-12-11,Voluntary,0,7.8,<1 yr,0,119000.0,1.0085,2,1,Low,42.4,4.2,3.7,Hybrid,6.2
2773,John Young,9,3,1,402,Male,Group B,25-34,2023-10-09,,,1,32.7,2-4 yr,2,77600.0,0.9463,4,2,Medium,60.5,3.5,0.0,Remote,6.8
2774,Phyllis Sutton,6,2,14,2462,Male,Group B,45-54,2024-06-06,2025-03-03,Voluntary,0,8.9,<1 yr,0,62600.0,0.9778,4,2,Medium,76.0,4.5,10.9,Hybrid,23.3
2775,Lisa Henry,3,1,9,2650,Female,Group E,35-44,2025-08-21,2026-04-06,Involuntary,0,7.5,<1 yr,0,62700.0,1.0218,4,3,High,67.7,22.0,21.7,Onsite,10.3
2776,Tiffany Tran,7,3,1,1904,Female,Group E,25-34,2022-07-01,2023-06-29,Involuntary,0,11.9,<1 yr,0,89100.0,1.0866,4,3,High,61.4,17.9,13.4,Onsite,17.5
2777,Sean Cervantes,1,5,1,557,Female,Group E,25-34,2025-08-18,,,1,10.4,<1 yr,0,95600.0,0.9755,2,2,Medium,85.5,12.3,17.9,Onsite,1.8
2778,Lori Wilson,6,7,3,949,Female,Group A,25-34,2019-07-08,2022-01-26,Voluntary,0,30.7,2-4 yr,2,125300.0,0.8324,2,3,High,59.9,4.1,5.9,Hybrid,4.6
2779,Jessica Moreno,8,6,7,656,Male,Group A,25-34,2021-05-23,2022-09-12,Involuntary,0,15.7,1-2 yr,1,148000.0,1.0115,4,3,High,58.6,15.2,25.0,Onsite,27.9
2780,Sarah Aguirre,5,4,7,613,Male,Group A,25-34,2023-01-08,,,1,41.7,2-4 yr,2,92700.0,0.9117,2,1,Low,61.3,5.4,5.8,Hybrid,15.0
2781,Angela Tran,12,6,14,1510,Male,Group A,45-54,2025-09-23,2026-02-02,Involuntary,0,4.3,<1 yr,0,95700.0,0.8361,4,2,Medium,78.0,11.0,9.4,Hybrid,9.2
2782,Barry Dunn,11,9,6,,Male,Group C,45-54,2025-09-07,2025-11-20,Voluntary,0,2.4,<1 yr,0,292000.0,0.9792,3,3,High,65.2,11.8,4.4,Onsite,9.7
2783,Jordan Moore,3,5,5,2213,Female,Group C,35-44,2026-02-19,2026-03-25,Voluntary,0,1.1,<1 yr,0,99200.0,1.0329,3,2,Medium,51.2,9.4,0.0,Remote,4.3
2784,Kyle Long,7,4,12,1314,Male,Group C,35-44,2022-06-23,,,1,48.2,4-6 yr,3,22000.0,0.9251,2,2,Medium,75.3,26.2,0.8,Hybrid,6.9
2785,Christina Todd,7,1,12,937,Female,Group A,45-54,2024-12-29,,,1,18.0,1-2 yr,1,13400.0,0.8886,3,3,High,63.5,16.4,5.8,Hybrid,2.4
2786,Connor Flores,11,5,9,1826,Male,Group E,35-44,2025-07-17,,,1,11.4,<1 yr,0,92300.0,0.7982,4,3,High,64.9,9.1,0.0,Remote,11.4
2787,Mary Poole,12,3,5,1549,Male,Group D,25-34,2022-10-18,2023-11-15,Voluntary,0,12.9,1-2 yr,1,82100.0,1.0217,2,2,Medium,40.2,5.1,0.0,Remote,28.0
2788,Alyssa Johnson,9,3,4,1482,Male,Group E,35-44,2023-11-14,,,1,31.5,2-4 yr,2,77900.0,1.0326,3,2,Medium,75.3,8.7,6.0,Hybrid,11.6
2789,Wendy Underwood,4,3,12,1948,Male,Group E,25-34,2022-12-01,2024-12-25,Voluntary,0,24.8,2-4 yr,2,25900.0,1.0892,4,2,Medium,70.2,10.5,14.6,Onsite,5.5
2790,Caitlin Nichols,2,3,3,2368,Male,Group A,<25,2023-07-13,,,1,35.6,2-4 yr,2,99800.0,1.1482,3,3,High,76.1,4.1,7.2,Hybrid,11.0
2791,Ricky Sims,2,7,2,1460,Male,Group A,25-34,2020-08-09,2022-01-02,Involuntary,0,16.8,1-2 yr,1,142800.0,1.0698,3,1,Low,50.7,9.2,22.3,Onsite,23.1
2792,David Alexander,2,2,3,439,Male,Group B,35-44,2025-04-29,,,1,14.0,1-2 yr,1,73600.0,1.052,2,2,Medium,52.3,18.2,10.4,Hybrid,8.8
2793,Jaclyn Patterson,7,3,7,1930,Female,Group A,25-34,2023-06-28,,,1,36.1,2-4 yr,2,89800.0,0.8832,3,3,High,69.7,1.1,12.5,Onsite,8.5
2794,Charlotte Mueller,12,5,12,2632,Female,Group C,<25,2022-12-27,,,1,42.1,2-4 yr,2,30400.0,1.0697,4,3,High,75.0,12.8,13.7,Hybrid,27.4
2795,Jeremy Hill,11,1,11,2527,Male,Group B,35-44,2025-12-05,,,1,6.8,<1 yr,0,24600.0,1.0284,2,3,High,86.1,13.6,8.3,Hybrid,6.8
2796,Louis Harris,10,1,12,2099,Male,Group B,35-44,2026-05-19,2026-06-26,Voluntary,0,1.2,<1 yr,0,13100.0,0.8687,3,2,Medium,79.1,6.9,9.4,Onsite,1.4
2797,Mary Cruz,8,4,9,2221,Male,Group A,25-34,2022-09-11,,,1,45.6,2-4 yr,2,91500.0,0.9456,4,2,Medium,62.0,11.4,10.2,Hybrid,43.2
2798,Joseph Levy,10,8,1,1480,Female,Group E,35-44,2024-02-11,,,1,28.6,2-4 yr,2,153700.0,0.8936,5,3,High,76.9,6.6,13.5,Onsite,4.5
2799,Shawn Roberts,3,3,11,279,Male,Group E,25-34,2024-08-19,,,1,22.3,1-2 yr,1,40000.0,1.0604,5,2,Medium,63.6,8.6,0.0,Remote,14.6
2800,Timothy Figueroa,3,1,1,282,Non-binary,Group E,45-54,2025-11-19,,,1,7.3,<1 yr,0,55900.0,1.075,3,3,High,65.9,7.9,18.0,Onsite,5.7
